date,theta,tau,ae_error,regime_label,llm_macro,llm_sentiment,llm_risk,r_event,edge_event_minus_normal,week_return_fused,regret_ema_norm,w_event_0,w_event_1,w_event_2,w_event_3,w_event_4,w_event_5,w_event_6,w_event_7,w_fused_0,w_fused_1,w_fused_2,w_fused_3,w_fused_4,w_fused_5,w_fused_6,w_fused_7
2021-01-01,1.9124584197998047,15.0,11.72562026977539,bull_normal,60.5,64.3,50.75,0.0,0.0,0.0,0.0,0.2422509683243009,0.3334459510707841,0.18168822624322567,0.07823987771565039,0.04798106772382518,0.05234812867699014,0.03434852629720308,0.029697253948020606,0.2422509680820499,0.3334459507373381,0.18168822606153742,0.0782398776374105,0.04798106767584411,0.052348128624642006,0.03434852626285455,0.02969725391832335
2021-01-08,1.9223020672798157,15.0,11.150801658630371,bull_normal,58.5,60.5,47.25,0.030217659272899544,0.030217659272899544,0.030217659242681886,0.0,0.2498124659834079,0.31379428777360985,0.18735934948755592,0.07808943117925476,0.04953241072516077,0.05394671171772577,0.035564707728308664,0.031900635404976396,0.24981246573359542,0.3137942874598155,0.18735934930019654,0.07808943110116533,0.04953241067562836,0.053946711663779054,0.03556470769274395,0.03190063537307576
2021-01-15,1.7415977716445923,15.0,18.64406967163086,event_stress,58.1,59.6,49.599999999999994,0.018969563270717492,0.018969563270717492,0.018969563251747933,0.0,0.2504664557084215,0.4000000007238327,0.1878498417813161,0.06935276346866073,0.026537282697145854,0.027880452328346187,0.019508662055251428,0.018404541237025483,0.25046645545795504,0.40000000032383265,0.18784984159346627,0.06935276339930796,0.026537282670608568,0.027880452300465732,0.019508662035742766,0.01840454121862094
2021-01-22,1.7953883409500122,15.0,17.28256607055664,event_stress,58.220000000000006,58.120000000000005,50.25,-0.019629540390357608,-0.019629540390357608,-0.019629540370728064,0.0,0.24339566554382217,0.4000000004792596,0.18254674915786664,0.0731446755922413,0.029412900957945572,0.02958440955460479,0.02161339738802914,0.02030220132623069,0.24339566530042653,0.4000000000792597,0.18254674897531992,0.07314467551909663,0.029412900928532677,0.029584409525020387,0.021613397366415744,0.020302201305928493
2021-01-29,1.6634811162948608,15.0,20.938508987426758,event_stress,53.5,52.5,47.25,-0.019971095689069223,-0.019971095689069223,-0.019971095669098125,0.0,0.25785242663800095,0.40000000040885203,0.19338931997850065,0.06824597490651636,0.022877302107747296,0.023800596578192564,0.01702869088267361,0.016805688499516462,0.25785242638014855,0.4000000000088521,0.19338931978511134,0.0682459748382704,0.02287730208487,0.02380059655439197,0.017028690865644923,0.016805688482710777
2021-02-05,1.9454589486122131,15.0,9.665470123291016,bull_normal,56.0,52.5,49.75,0.01043424002515924,0.01043424002515924,0.010434240014724998,0.0,0.25354880101511607,0.3049665763928762,0.19016160076133706,0.08052395632513151,0.04834477876881388,0.05320469558498187,0.03557517470376132,0.03367441644798215,0.2535488007615672,0.3049665760879096,0.19016160057117545,0.08052395624460755,0.0483447787204691,0.053204695531777174,0.035575174668186146,0.03367441641430773
2021-02-12,1.9203577637672424,15.0,10.595335960388184,bull_normal,57.5,59.5,39.0,0.026396915482286863,0.026396915482286863,0.026396915455889944,0.0,0.24243366062714708,0.29454756085803374,0.1818252454703603,0.08118631139795597,0.05993836219918732,0.058545931665364204,0.04243757539602331,0.0390853523859282,0.2424336603847134,0.29454756056348613,0.18182524528853505,0.08118631131676965,0.059938362139248955,0.058545931606818265,0.04243757535358573,0.03908535234684285
2021-02-19,1.901309072971344,15.0,12.112592697143555,bull_normal,57.529999999999994,59.470000000000006,41.045,-0.0021835350701648465,-0.0021835350701648465,-0.0021835350679813115,0.0,0.23837642978282605,0.32869590080581734,0.17878232233711952,0.08142196808550851,0.0519289066313054,0.049448521263997985,0.03708639094799849,0.03425956014542682,0.2383764295444496,0.32869590047712144,0.17878232215833717,0.08142196800408653,0.05192890657937649,0.04944852121454946,0.03708639091091209,0.03425956011116726
2021-02-26,1.8532160520553589,15.0,14.848400115966797,bull_normal,55.879999999999995,56.42999999999999,43.125,-0.0447977332563836,-0.0447977332563836,-0.044797733211585866,0.0,0.28591245419418065,0.3162841568102353,0.21443434064563544,0.06596664073250327,0.03217550686609997,0.03945934640257525,0.023420125336572433,0.022347429012197738,0.2859124539082682,0.31628415649395114,0.21443434043120108,0.06596664066653662,0.03217550683392446,0.0394593463631159,0.023420125313152306,0.02234742898985031
2021-03-05,1.9030973315238953,15.0,11.65086555480957,bull_normal,58.0,57.3,40.75,-0.01066327586942019,-0.01066327586942019,-0.010663275858756914,0.0,0.26423680967639973,0.29217859104809596,0.19817760725729977,0.0746815048290331,0.0491111018446543,0.05376789440602068,0.03512515069812338,0.03272134024037308,0.2642368094121629,0.29217859075591734,0.19817760705912216,0.07468150475435159,0.0491111017955432,0.05376789435225278,0.03512515066299823,0.03272134020765174
2021-03-12,1.673138976097107,15.0,19.23153305053711,event_stress,58.3,55.9,44.0,-0.03159178925846159,-0.03159178925846159,-0.031591789226869796,0.0,0.24829047798915901,0.39909039723160106,0.18621785849186925,0.07037274487159172,0.027849991627292278,0.027991554241755357,0.0204652247163333,0.019721750830398045,0.24829047774086851,0.39909039683251063,0.18621785830565138,0.07037274480121897,0.027849991599442285,0.0279915542137638,0.020465224695868072,0.019721750810676293
2021-03-19,1.704276978969574,15.0,18.381820678710938,event_stress,59.3,59.8,43.75,-0.0072674027934707475,-0.0072674027934707475,-0.007267402786203343,0.0,0.2709953336334937,0.361270580170435,0.20324650022512028,0.06556532178686464,0.02773833416644026,0.03183598533458518,0.020228907814038317,0.019119036869022724,0.2709953333624983,0.3612705798091643,0.20324650002187372,0.0655653217212993,0.027738334138701918,0.03183598530274919,0.020228907793809404,0.01911903684990368
2021-03-26,1.6974197030067444,15.0,19.139707565307617,event_stress,57.5,56.0,45.25,0.015966486870975627,0.015966486870975627,0.015966486855009142,0.0,0.2488259420914409,0.4000000006225551,0.18661945656858062,0.07051168914631427,0.027241195597292316,0.027431020392090635,0.02004905977422819,0.019321635807497916,0.248825941842615,0.40000000022255516,0.18661945638196117,0.07051168907580259,0.027241195570051124,0.02743102036465962,0.020049059754179133,0.01932163578817628
2021-04-02,1.952023446559906,15.0,8.678933143615723,bull_normal,53.0,54.0,43.75,0.018327787683244598,0.018327787683244598,0.0183277876649168,0.0,0.2533253417322882,0.2790727415264667,0.18999400629921614,0.08208323148247239,0.05597869264827845,0.05941443756683361,0.04073773044668009,0.03939381829776446,0.25332534147896285,0.27907274124739395,0.18999400610922212,0.08208323140038915,0.055978692592299754,0.05941443750741916,0.040737730405942356,0.03939381825837064
2021-04-09,1.974215030670166,15.0,4.77430534362793,bull_normal,52.0,54.8,40.25,-0.006522872949795629,-0.006522872949795629,-0.006522872943272756,0.0,0.22908313919282713,0.24010524889258614,0.17181235439462034,0.08894342390555135,0.08003683843872568,0.07664031786699231,0.05748023840024422,0.05589843890845291,0.22908313896374397,0.24010524865248087,0.17181235422280797,0.08894342381660791,0.08003683835868884,0.07664031779035199,0.05748023834276398,0.055898438852554466
2021-04-16,1.9769896864891052,15.0,3.9492101669311523,bull_normal,55.7,53.8,47.25,-0.006159352919016789,-0.006159352919016789,-0.006159352912857435,0.0,0.2185535972100058,0.2580305622072375,0.16391519790750433,0.09191529491938505,0.0793827014409788,0.07681819537912749,0.0576136465343456,0.0537708044014154,0.2185535969914522,0.2580305619492069,0.16391519774358912,0.09191529482746974,0.07938270136159609,0.07681819530230928,0.05761364647673195,0.05377080434764459
2021-04-23,1.970031201839447,15.0,5.882108211517334,bull_normal,53.0,51.5,41.75,0.028174605848139148,0.028174605848139148,0.028174605819964525,0.0,0.26169857625737286,0.2305693881506279,0.19627393219302963,0.07987392847654967,0.06491262771967864,0.07301895499473113,0.04713758464034305,0.046515007567667244,0.2616985759956742,0.23056938792005846,0.19627393199675564,0.07987392839667572,0.06491262765476599,0.07301895492171215,0.04713758459320545,0.04651500752115222
2021-04-30,1.9660981893539429,15.0,6.945184230804443,bull_normal,53.5,56.0,46.75,-0.010155680350473921,-0.010155680350473921,-0.01015568034031824,0.0,0.2287939918776585,0.2866774357400212,0.17159549390824388,0.0896845944469677,0.06576863522368513,0.06471128967245222,0.04781409532193608,0.044954463809035346,0.2287939916488645,0.28667743545334373,0.17159549373664837,0.0896845943572831,0.06576863515791649,0.06471128960774093,0.04781409527412198,0.044954463764080875
2021-05-07,1.9504541754722595,15.0,9.664274215698242,bull_normal,53.05,54.55,49.25,0.003254102356399073,0.003254102356399073,0.003254102353144971,0.0,0.23306054365863738,0.32997734804392365,0.174795407743978,0.08737127826920901,0.051104870376590845,0.0501828823331437,0.037637161749857775,0.035870507824659746,0.2330605434255768,0.32997734771394627,0.17479540756918258,0.08737127818183772,0.05110487032548597,0.05018288228296081,0.03763716171222061,0.03587050778878924
2021-05-14,1.9433944821357727,15.0,10.07521915435791,bull_normal,53.5,54.5,45.75,0.0027944425310405274,0.0027944425310405274,0.0027944425282460843,0.0,0.23785669920614338,0.32033657712402686,0.17839252440460754,0.08552630525584654,0.05223720692506785,0.05089003402988612,0.03816752552241459,0.0365931275320071,0.23785669896828668,0.32033657680369026,0.178392524226215,0.08552630517032023,0.052237206872830635,0.05089003397899609,0.03816752548424706,0.03659312749541397
2021-05-21,1.96503084897995,15.0,7.520413875579834,bull_normal,52.5,55.0,48.75,-0.0027498744032146485,-0.0027498744032146485,-0.0027498744004647736,0.0,0.2281545052607,0.3045128473033155,0.17111587894552496,0.09073999029012589,0.06022531437237392,0.058977639903803156,0.04423322992785237,0.042040593996304165,0.22815450503254547,0.30451284699880266,0.17111587877440906,0.09073999019938589,0.0602253143121486,0.058977639844825513,0.044233229883619135,0.042040593954263565
2021-05-28,1.9190405011177063,15.0,11.550996780395508,bull_normal,57.0,55.0,45.25,0.019922764381543747,0.019922764381543747,0.019922764361620982,0.0,0.2405760150423856,0.3318904452169974,0.1804320112817892,0.08195796507737765,0.04876480482370267,0.04769794896966717,0.03539205348276319,0.03328875610531715,0.24057601480180957,0.33189044488510694,0.18043201110135718,0.08195796499541969,0.04876480477493786,0.04769794892196922,0.03539205344737113,0.033288756072028386
2021-06-04,1.976910948753357,15.0,4.906940937042236,bull_normal,50.7,49.8,45.25,-0.0019196442128931689,-0.0019196442128931689,-0.0019196442109735248,0.0,0.26191039828395674,0.23613725148169867,0.1964327987129675,0.08248125641145698,0.061319327236554824,0.07060668846195246,0.04536261183932508,0.04574966757208783,0.2619103980220463,0.2361372512455614,0.1964327985165347,0.08248125632897572,0.06131932717523549,0.07060668839134576,0.04536261179396246,0.04574966752633816
2021-06-11,1.969210147857666,15.0,7.228706359863281,bull_normal,49.769999999999996,48.68,46.849999999999994,0.005846472736673863,0.005846472736673863,0.00584647273082739,0.0,0.2420811116825173,0.2909911070584864,0.18156083376188795,0.08956405577273606,0.05587057657293967,0.05565444205680901,0.04174083154260675,0.04253704155201681,0.24208111144043618,0.2909911067674953,0.1815608335803271,0.089564055683172,0.055870576517069094,0.05565444200115456,0.04174083150086592,0.04253704150947977
2021-06-18,1.9138986468315125,15.0,12.689493179321289,bull_normal,50.5,51.0,38.5,-0.033942502825835906,-0.033942502825835906,-0.03394250279189341,0.0,0.2561960148138211,0.32684675086276455,0.19214701111036578,0.07906110661466087,0.04224075926216969,0.0412430664170884,0.030932299812816293,0.03133299110631329,0.2561960145576251,0.3268467505359178,0.19214701091821876,0.07906110653559975,0.04224075921992893,0.04124306637584533,0.03093229978188399,0.0313329910749803
2021-06-25,1.967618465423584,15.0,7.219579696655273,bull_normal,51.5,50.5,45.25,0.017706343426883382,0.017706343426883382,0.01770634340917704,0.0,0.2427607768643909,0.2805664272711433,0.18207058264829318,0.0877799252709113,0.05949578122080378,0.059662225483539916,0.043898472440608176,0.04376580880030944,0.24276077662163012,0.2805664269905768,0.18207058246622257,0.08777992518313137,0.059495781161308,0.05966222542387768,0.0438984723967097,0.04376580875654363
2021-07-02,1.6978809833526611,15.0,20.258277893066406,event_stress,51.5,48.5,40.25,0.02142661668583059,0.02142661668583059,0.021426616664403975,0.0,0.2552019365569611,0.40000000065995617,0.19140145241772077,0.06935418071139227,0.024121955083824424,0.023902290432729702,0.017926717824547266,0.01809146631286832,0.25520193630175914,0.40000000025995613,0.1914014522263193,0.06935418064203808,0.024121955059702466,0.02390229040882741,0.017926717806620546,0.01809146629477685
2021-07-09,1.9579905271530151,15.0,8.364113807678223,bull_normal,51.3,48.5,40.25,-0.004855087706235355,-0.004855087706235355,-0.004855087701380269,0.0,0.2509242249249771,0.27511142963836555,0.18819316869373284,0.08494568953203306,0.05798830032565497,0.056723155369771364,0.04254236652732852,0.04357166498813666,0.2509242246740529,0.2751114293632541,0.18819316850553966,0.08494568944708736,0.057988300267666666,0.0567231553130482,0.04254236648478615,0.04357166494456499
2021-07-16,1.9595026969909668,15.0,8.105576515197754,bull_normal,52.15,48.9,42.25,0.010189429830813324,0.010189429830813324,0.010189429820623893,0.0,0.24689666943019498,0.2795779250549634,0.18517250207264624,0.08595616157583807,0.058545343180517205,0.057354771750021676,0.04301607881251626,0.043480548123302,0.24689666918329833,0.27957792477538557,0.18517250188747375,0.08595616148988193,0.05854534312197187,0.05735477169266691,0.04301607876950019,0.04348054807982146
2021-07-23,1.9457144141197205,15.0,9.735071182250977,bull_normal,51.5,49.5,38.5,-0.003428062934004592,-0.003428062934004592,-0.003428062930576529,0.0,0.2538816220005032,0.2858386817146099,0.19041121650037737,0.08286952029632784,0.05425402893939235,0.05280331126657783,0.03960248344993337,0.04033913583227802,0.2538816217466216,0.2858386814287713,0.19041121630996619,0.08286952021345834,0.05425402888513833,0.052803311213774524,0.03960248341033089,0.040339135791938895
2021-07-30,1.739717185497284,15.0,18.857484817504883,event_stress,53.6,53.5,42.7,-0.017368229106225187,-0.017368229106225187,-0.017368229088856962,0.0,0.2661884556703749,0.37990116264893736,0.19964134175278117,0.06600247229788841,0.024797337233793123,0.02712583590553137,0.018309701242726246,0.018033693247967327,0.26618845540418645,0.3799011622690362,0.1996413415531398,0.06600247223188593,0.024797337208995785,0.02712583587840553,0.018309701224416542,0.01803369322993363
2021-08-06,1.8754282593727112,15.0,14.318501472473145,bull_normal,52.5,51.5,40.25,0.007989096532362322,0.007989096532362322,0.007989096524373223,0.0,0.2972394739968625,0.2981840193417518,0.2229296054976469,0.06491912939144898,0.031434905808764575,0.03927255950656154,0.02305244677267778,0.022967859684285802,0.297239473699623,0.2981840190435678,0.22292960527471728,0.06491912932652984,0.031434905777329665,0.03927255946728898,0.02305244674962533,0.02296785966131794
2021-08-13,1.9405989050865173,15.0,9.545022964477539,bull_normal,53.2,52.8,39.0,0.006895822326845435,0.006895822326845435,0.0068958223199496104,0.0,0.246670197299425,0.2861978661861114,0.18500264797456872,0.08370299705388712,0.058393799647547616,0.05626871483461226,0.04220153612595919,0.041562240877888804,0.24667019705275478,0.28619786589991353,0.18500264778956607,0.08370299697018412,0.05839379958915381,0.05626871477834354,0.04220153608375765,0.04156224083632656
2021-08-20,1.863997757434845,15.0,14.811031341552734,bull_normal,53.8,50.5,43.75,-0.0237716354247742,-0.0237716354247742,-0.023771635401002564,0.0,0.25000558608341533,0.36727586186636024,0.1875041895625615,0.07609863060681378,0.034514478392533715,0.03394646800570152,0.02545985100427614,0.02519493447833773,0.2500055858334097,0.36727586149908437,0.1875041893750573,0.07609863053071514,0.034514478358019234,0.03394646797175505,0.025459850978816288,0.025194934453142793
2021-08-27,1.9632200002670288,15.0,7.650520324707031,bull_normal,51.5,49.0,45.0,0.004286718543657445,0.004286718543657445,0.004286718539370725,0.0,0.2451874553675297,0.2842599948374497,0.18389059152564727,0.08723014980217766,0.05722392623417052,0.05713363799128918,0.04236002471787098,0.04271421952386503,0.24518745512234222,0.2842599945531897,0.18389059134175667,0.08723014971494751,0.057223926176946584,0.05713363793415553,0.042360024675510956,0.04271421948115081
2021-09-03,1.972151756286621,15.0,6.776712894439697,bull_normal,51.0,48.5,53.75,-0.0008218593994477968,-0.0008218593994477968,-0.0008218593986259374,0.0,0.2320937954808574,0.3151961358641452,0.17407034661064305,0.09268882395345687,0.05279507189091269,0.05335081263441411,0.04001310947581058,0.03979190408976004,0.23209379524876358,0.31519613554894904,0.17407034643657268,0.09268882386076804,0.052795071838117616,0.05335081258106329,0.040013109435797466,0.03979190404996814
2021-09-10,1.923511564731598,15.0,12.47283935546875,bull_normal,49.3,58.0,45.25,0.016823630268753085,0.016823630268753085,0.016823630251929456,0.0,0.24017369734249164,0.3545177616653393,0.1801302730068687,0.08242694359413946,0.041726324056055045,0.04079637377262847,0.030597280329471354,0.02963134623300593,0.24017369710231798,0.35451776131082163,0.18013027282673846,0.08242694351171254,0.04172632401432873,0.040796373731832106,0.03059728029887408,0.029631346203374587
2021-09-17,1.8263869285583496,15.0,17.13650131225586,event_stress,51.8,57.0,45.7,-0.01262775617710377,-0.01262775617710377,-0.012627756164476011,0.0,0.27713024314348084,0.35853618509953944,0.20784768235761059,0.06464861953931128,0.025202119564638255,0.030002439652154742,0.018580799581070197,0.018051911062194715,0.2771302428663506,0.35853618474100324,0.20784768214976287,0.06464861947466266,0.025202119539436133,0.0300024396221523,0.018580799562489397,0.0180519110441428
2021-09-24,1.9672633409500122,15.0,7.267731666564941,bull_normal,51.03,55.92999999999999,47.209999999999994,-0.0055205812034272465,-0.0055205812034272465,-0.005520581197906664,0.0,0.22882895879034235,0.297362348921586,0.17162171909275675,0.0910664532354325,0.061904133696109837,0.06046249188266989,0.0453468689120024,0.04340702546910035,0.22882895856151336,0.2973623486242236,0.171621718921135,0.09106645314436604,0.061904133634205695,0.06046249182220739,0.04534686886665553,0.04340702542569332
2021-10-01,1.9566869735717773,15.0,8.505867958068848,bull_normal,53.0,52.5,43.25,-0.005671487685750627,-0.005671487685750627,-0.005671487680079138,0.0,0.24037117857925425,0.29029038429562976,0.18027838393444065,0.08651477773562773,0.05931844825246038,0.05767366720250868,0.0432552504018815,0.042297909598196994,0.24037117833888305,0.29029038400533935,0.18027838375416225,0.08651477764911294,0.05931844819314193,0.05767366714483501,0.04325525035862625,0.04229790955589908
2021-10-08,1.9597223997116089,15.0,8.629081726074219,bull_normal,51.3,58.1,48.3,-0.002343680242185626,-0.002343680242185626,-0.0023436802398419452,0.0,0.2275763282290454,0.31862385414402294,0.17068224617178404,0.08996243944612088,0.0569057497728832,0.05547883292378158,0.04160912469283618,0.03916142461952586,0.22757632800146904,0.31862385382539904,0.17068224600110177,0.08996243935615844,0.05690574971597744,0.05547883286830274,0.041609124651227056,0.03916142458036443
2021-10-15,1.9269317388534546,15.0,12.838614463806152,bull_normal,50.7,57.4,52.27499999999999,-0.0103167688707396,-0.0103167688707396,-0.01031676886042283,0.0,0.23219256216730688,0.38302587707082436,0.17414442162548016,0.08248867490673042,0.03727321549079123,0.03687680635323109,0.02765760476492331,0.026340837620712633,0.2321925619351143,0.38302587668779847,0.1741444214513357,0.08248867482424174,0.03727321545351801,0.03687680631635428,0.027657604737265706,0.026340837594371794
2021-10-22,1.9440173506736755,15.0,11.219841003417969,bull_normal,52.0,55.3,54.2,0.003179568870088314,0.003179568870088314,0.0031795688669087447,0.0,0.22934773212811038,0.3694375214606827,0.17201079909608277,0.08586631474365569,0.04159390438926739,0.04133427682779324,0.031000707620844926,0.02940874373356295,0.22934773189876262,0.36943752109124517,0.17201079892407195,0.08586631465778936,0.04159390434767348,0.04133427678645896,0.031000707589844217,0.029408743704154205
2021-10-29,1.9584882259368896,15.0,8.675018310546875,bull_normal,53.3,52.2,48.25,-0.007411332575440628,-0.007411332575440628,-0.007411332568029298,0.0,0.2354105267956471,0.3123277825976744,0.1765578950967353,0.08803214270644513,0.05464217559256071,0.053745514652541265,0.04030913598940595,0.03897482656899001,0.23541052656023662,0.3123277822853467,0.17655789492017743,0.088032142618413,0.054642175537918544,0.05374551459879576,0.04030913594909682,0.03897482653001519
2021-11-05,1.9499894976615906,15.0,9.888456344604492,bull_normal,54.0,57.5,51.75,-0.020607123937033383,-0.020607123937033383,-0.020607123916426256,0.0,0.23146983900043316,0.33789289725312704,0.17360237925032487,0.08643889038734905,0.049799136223922645,0.05040579489424586,0.03657162173547511,0.033819441255122186,0.2314698387689633,0.3378928969152341,0.1736023790767225,0.08643889030091015,0.04979913617412351,0.050405794843840064,0.03657162169890348,0.03381944122130274
2021-11-12,1.923033058643341,15.0,12.442238807678223,bull_normal,54.0,55.2,50.0,0.01721064821866383,0.01721064821866383,0.017210648201453176,0.0,0.23579224503001397,0.3655777617037732,0.1768441837725105,0.08220365891492544,0.04081179318068732,0.040114502965294896,0.030085877223971175,0.02856997720882351,0.2357922447942217,0.3655777613381954,0.17684418359566628,0.08220365883272178,0.04081179313987552,0.04011450292518039,0.030085877193885297,0.02856997718025353
2021-11-19,1.9428799152374268,15.0,10.905198097229004,bull_normal,52.8,58.3,51.75,0.007604431494615959,0.007604431494615959,0.0076044314870115275,0.0,0.22758298856888726,0.3580299310138338,0.17068724142666544,0.08652817969754868,0.046206467139724046,0.04532907383057877,0.03399680537293408,0.03163931294982791,0.22758298834130425,0.35802993065580385,0.1706872412559782,0.0865281796110205,0.04620646709351758,0.04532907378524969,0.03399680533893727,0.03163931291818859
2021-11-26,1.9466655850410461,15.0,10.473247528076172,bull_normal,53.0,58.5,51.75,-0.0032416916590987254,-0.0032416916590987254,-0.0032416916558570337,0.0,0.22628766917781717,0.3530411699342304,0.16971575188336288,0.08740517835241975,0.04816540675485887,0.04719042490127991,0.03539281867595993,0.032801580320071015,0.2262876689515295,0.3530411695811892,0.1697157517136471,0.08740517826501457,0.04816540670669346,0.04719042485408948,0.03539281864056711,0.032801580287269434
2021-12-03,1.927721917629242,15.0,11.794157028198242,bull_normal,52.3,54.0,42.25,0.007945414029035687,0.007945414029035687,0.00794541402109027,0.0,0.2463692459450537,0.3295899562741966,0.18477693445879026,0.0817808981520694,0.04608853651272156,0.0448463480221624,0.0336347610166218,0.032913319618384285,0.24636924569868443,0.32958995594460666,0.18477693427401332,0.0817808980702885,0.046088536466633016,0.04484634797731605,0.03363476098298704,0.03291331958547096
2021-12-10,1.9474849700927734,15.0,10.771622657775879,bull_normal,51.0,57.3,52.25,0.017409978032099028,0.017409978032099028,0.017409978014689048,0.0,0.23157149541245411,0.3560462777680211,0.1736786215593406,0.08622814244770916,0.04427478838016758,0.04440549467091295,0.03279309717095833,0.031002082590436065,0.2315714951808826,0.3560462774119748,0.17367862138566198,0.086228142361481,0.04427478833589279,0.04440549462650745,0.03279309713816523,0.03100208255943398
2021-12-17,1.892896592617035,15.0,14.492128372192383,bull_normal,52.2,53.8,47.25,-0.0030735210940843584,-0.0030735210940843584,-0.0030735210910108374,0.0,0.2675647336561633,0.34871171830222053,0.20067355024212247,0.07113799697146925,0.031173673955023073,0.0352064807143009,0.023048999618816717,0.022482846539883878,0.2675647333885985,0.3487117179535087,0.20067355004144885,0.07113799690033124,0.031173673923849392,0.03520648067909441,0.02304899959576771,0.022482846517401026
2021-12-24,1.9393715262413025,15.0,10.4898099899292,bull_normal,52.8,57.3,43.75,0.006278488796104411,0.006278488796104411,0.00627848878982592,0.0,0.23751731633084894,0.32057358408241227,0.1781379872481367,0.0849924191847467,0.052883768821116714,0.05110889113820076,0.038331668353650566,0.036454364840887314,0.2375173160933316,0.32057358376183864,0.1781379870699987,0.08499241909975427,0.05288376876823294,0.051108891087091865,0.038331668315318895,0.03645436480443295
2021-12-31,1.919510006904602,15.0,12.066535949707031,bull_normal,58.5,56.5,54.0,-0.006638730006242789,-0.006638730006242789,-0.006638729999604057,0.0,0.22682913816701708,0.3731939495621163,0.1701218536252628,0.08342911191811832,0.04328930091603765,0.04238998614729067,0.031792489610468,0.028954170053689197,0.2268291379401879,0.37319394918892235,0.17012185345514094,0.08342911183468919,0.04328930087274835,0.04238998610490068,0.03179248957867551,0.028954170024735024
2022-01-07,1.948069453239441,15.0,9.949871063232422,bull_normal,52.8,46.5,45.25,-0.010708698421728387,-0.010708698421728387,-0.010708698411019684,0.0,0.25018660600952386,0.31086987846791514,0.18763995450714288,0.08385811406480985,0.04798749717755965,0.04757142312603288,0.03567856734452466,0.036207959302491176,0.25018660575933716,0.31086987815704514,0.18763995431950287,0.0838581139809517,0.04798749712957214,0.04757142307846144,0.03567856730884608,0.03620795926628321
2022-01-14,1.9403801560401917,15.0,10.766008377075195,bull_normal,54.5,54.6,51.2,-0.011586535571534612,-0.011586535571534612,-0.011586535559948074,0.0,0.23205164602546943,0.34945670650857985,0.17403873451910207,0.08562264812708999,0.04647549949035485,0.04572468022762911,0.034293510170721825,0.032336574931052825,0.23205164579341778,0.3494567061591231,0.1740387343450633,0.08562264804146733,0.046475499443879346,0.045724680181904426,0.03429351013642831,0.03233657489871625
2022-01-21,1.3772317171096802,15.0,23.864078521728516,event_stress,60.0,54.0,44.25,0.012826849531488358,0.012826849531488358,0.012826849518661504,0.0,0.24783200252066306,0.40000000092704247,0.18587400189049724,0.0721659693699807,0.027153276198788174,0.027065627330323416,0.020149411917460183,0.019759709845244795,0.24783200227283103,0.40000000052704243,0.18587400170462323,0.07216596929781471,0.027153276171634894,0.027065627303257785,0.02014941189731077,0.019759709825485083
2022-01-28,0.6580750942230225,15.0,31.716732025146484,event_stress,60.370000000000005,54.3,47.15,-0.015385185048081415,-0.015385185048081415,-0.015385185032696229,0.0,0.238498932372212,0.32080319814769326,0.178874199279159,0.08865708589022588,0.04958868422958399,0.04949616412515767,0.03712212309386825,0.03695961286209987,0.23849893213371307,0.32080319782689004,0.1788741991002848,0.08865708580156878,0.049588684179995304,0.0494961640756615,0.03712212305674613,0.03695961282514026
2022-02-04,0.7087718546390533,15.0,31.716732025146484,event_stress,54.5,57.0,43.75,0.0,0.0,0.0,0.0,0.2401204929018257,0.32982426630683503,0.1800903696763692,0.08721647661266307,0.0465995672163565,0.04650470490227999,0.034878528676709986,0.0347655937069605,0.24012049266170518,0.32982426597701076,0.18009036949627882,0.08721647652544659,0.046599567169756925,0.04650470485577528,0.034878528641831455,0.03476559367219491
2022-02-11,0.02240300178527832,15.0,54.30877685546875,event_stress,52.0,44.5,45.25,0.02415709392607354,0.02415709392607354,0.024157093901916435,0.0,0.20209715807728948,0.20435920950749062,0.1515728685579671,0.09992808808553773,0.09772643315388105,0.09772640913390676,0.07329480685043006,0.0732950266334973,0.2020971578751923,0.2043592093031314,0.1515728684063942,0.09992808798560963,0.09772643305615461,0.09772640903618035,0.07329480677713525,0.07329502656020226
2022-02-18,0.8532654047012329,15.0,30.878299713134766,event_stress,55.5,58.6,53.199999999999996,0.01084156797859293,0.01084156797859293,0.010841567967751362,0.0,0.24175074131913504,0.35704727050788515,0.1813130559893513,0.08319431968323261,0.039160192973595985,0.03909502567080056,0.029321269253100413,0.029118124602898858,0.24175074107738428,0.35704727015083787,0.18131305580803822,0.08319431960003829,0.03916019293443579,0.039095025631705534,0.02932126922377914,0.02911812457378073
2022-02-25,0.17977064847946167,15.0,42.31946563720703,event_stress,56.1,54.6,61.199999999999996,0.0037430286276610475,0.0037430286276610475,0.0037430286239180186,0.0,0.21523484557376946,0.23508033042564558,0.16142613418032709,0.09861802132140851,0.08275621997498922,0.08277018699404778,0.06206740223648758,0.0620468592933247,0.2152348453585346,0.23508033019056523,0.16142613401890094,0.09861802122279048,0.08275621989223299,0.08277018691127759,0.06206740217442017,0.06204685923127783
2022-03-04,1.56097012758255,15.0,23.796424865722656,event_stress,56.720000000000006,53.85,63.849999999999994,-0.008746699677092832,-0.008746699677092832,-0.008746699668346134,0.0,0.25701909891301616,0.4000000006867467,0.192764324184762,0.0739589026430515,0.02188616434113827,0.02193034785757489,0.016447760893181167,0.01599340048052925,0.25701909865599704,0.40000000028674665,0.19276432399199767,0.07395890256909259,0.021886164319252104,0.02193034783564454,0.016447760876733403,0.01599340046453585
2022-03-11,0.004807174205780029,15.0,65.63652038574219,event_stress,52.6,54.2,46.8,-0.005237595516661139,-0.005237595516661139,-0.005237595511423545,0.0,0.20045516350560255,0.2009369739375203,0.15034137262920189,0.09998724969370815,0.09950836443364164,0.09950835512393713,0.07463126634295283,0.07463125433343552,0.20045516330514737,0.2009369737365833,0.1503413724788605,0.09998724959372089,0.09950836433413326,0.09950835502442877,0.07463126626832156,0.07463125425880426
2022-03-18,1.379509299993515,15.0,24.431076049804688,event_stress,53.05,53.85,46.3,0.0018107594599460475,0.0018107594599460475,0.0018107594581352876,0.0,0.24975424184382936,0.4000000009992202,0.18731568138287205,0.0730101581656619,0.02583817648556451,0.025699128630235532,0.019274346472676642,0.01910826601993994,0.24975424159407508,0.40000000059922014,0.18731568119555636,0.07301015809265174,0.02583817645972633,0.025699128604536402,0.019274346453402293,0.019108266000831674
2022-03-25,1.8680616617202759,15.0,14.502569198608398,bull_normal,53.6,54.3,48.2,-0.002058586387526155,-0.002058586387526155,-0.002058586385467568,0.0,0.25202680511940695,0.36643943834205184,0.18902010383955523,0.07512836698085368,0.03355792753589955,0.03512724131597163,0.024778846343031867,0.023921270523229243,0.2520268048673801,0.36643943797561235,0.1890201036505351,0.0751283669057253,0.03355792750234162,0.035127241280844386,0.024778846318253018,0.02392127049930797
2022-04-01,0.5409024953842163,15.0,33.73080825805664,event_stress,55.05,55.15,50.5,-0.02448078985025907,-0.02448078985025907,-0.024480789825778282,0.0,0.23492001649833347,0.30211813920715497,0.1761900123737501,0.09163015068582599,0.055806712086050085,0.055769617471696765,0.041827213103772576,0.041738138573416086,0.23492001626341344,0.3021181389050368,0.17619001219756006,0.09163015059419582,0.05580671203024337,0.05576961741592714,0.04182721306194536,0.041738138531677946
2022-04-08,1.7156442403793335,15.0,19.408540725708008,event_stress,55.010000000000005,56.010000000000005,52.5,0.001479732274054616,0.001479732274054616,0.0014797322725748831,0.0,0.2494101658452514,0.4000000008714322,0.18705762438393853,0.07438487594605614,0.025826126560530255,0.02560239686551248,0.019201797649134374,0.01851701187814455,0.24941016559584123,0.4000000004714322,0.18705762419688088,0.07438487587167125,0.025826126534704126,0.025602396839910082,0.019201797629932574,0.018517011859627536
2022-04-15,1.6399853229522705,15.0,20.482284545898438,event_stress,58.0,53.0,47.75,-0.0006928750936543165,-0.0006928750936543165,-0.0006928750929614411,0.0,0.25071695839572933,0.4000000005255968,0.18803771879679695,0.07194832882526403,0.025852979163008938,0.025634630088696306,0.019162861789789834,0.018646522415117852,0.25071695814501227,0.40000000012559667,0.18803771860875917,0.07194832875331568,0.02585297913715595,0.02563463006306167,0.019162861770626965,0.018646522396471323
2022-04-22,1.5078226923942566,15.0,23.552757263183594,event_stress,50.7,51.3,44.75,-0.005305907251933373,-0.005305907251933373,-0.005305907246627466,0.0,0.2565302270363826,0.40000000055948837,0.192397670277287,0.07010241407174203,0.023093543050938976,0.023396258211227632,0.01724387921484921,0.017236007578084068,0.25653022677985243,0.40000000015948844,0.19239767008488934,0.07010241400163962,0.023093543027845435,0.02339625818783138,0.017243879197605335,0.017236007560848064
2022-04-29,1.5252520442008972,15.0,22.038829803466797,event_stress,57.5,58.5,47.75,-0.00010698955033705783,-0.00010698955033705783,-0.0001069895502300684,0.0,0.2597364897909036,0.39398467753445227,0.19480236734317766,0.0662376591591711,0.023973806120680268,0.026341397118885338,0.017747310009987437,0.01717629292274241,0.25973648953116707,0.39398467714046753,0.19480236714837526,0.06623765909293343,0.02397380609670646,0.02634139709254394,0.017747309992240126,0.017176292905566114
2022-05-06,0.2977796196937561,15.0,37.247283935546875,event_stress,58.25,59.35,50.05,-0.018293719425244354,-0.018293719425244354,-0.018293719406950633,0.0,0.22356028730899988,0.25655353786060037,0.1676702154817499,0.09663958451953233,0.07298799038122349,0.07322332733483548,0.05471764827848349,0.05464740883457508,0.22356028708543957,0.2565535376040468,0.16767021531407966,0.09663958442289274,0.0729879903082355,0.07322332726161215,0.05471764822376583,0.054647408779927666
2022-05-13,0.053462982177734375,15.0,47.258583068847656,event_stress,52.8,54.5,37.75,0.02023189200904449,0.02023189200904449,0.020231891988812593,0.0,0.20489414765322228,0.21034428659348461,0.1536706107399167,0.09977411347499374,0.09466322405983242,0.09466290523811735,0.07099576426986427,0.0709949479705686,0.20489414744832812,0.21034428638314032,0.15367061058624606,0.09977411337521962,0.09466322396516919,0.09466290514345443,0.07099576419886851,0.07099494789957364
2022-05-20,0.34044450521469116,15.0,36.15251922607422,event_stress,53.9,57.85,40.1,0.020873396319022457,0.020873396319022457,0.02087339629814906,0.0,0.2255898489853529,0.2645004880794687,0.16919238673901466,0.09602992949746032,0.0699572905636132,0.0699089798488296,0.05243173488662219,0.05238934139963846,0.225589848759763,0.26450048781496815,0.16919238656982225,0.09602992940143039,0.06995729049365591,0.06990897977892062,0.052431734834190453,0.05238934134724912
2022-05-27,1.3270586431026459,15.0,24.84544563293457,event_stress,53.77,58.470000000000006,40.75,-0.0038003476965983115,-0.0038003476965983115,-0.003800347692797962,0.0,0.2480942952503701,0.4000000006063436,0.1860707214377776,0.07194148103180466,0.026974921486257887,0.027118288442822568,0.02002832496799655,0.01977196677662703,0.24809429500227578,0.4000000002063436,0.18607072125170684,0.07194148095986318,0.026974921459282965,0.027118288415704277,0.020028324947968225,0.01977196675685506
2022-06-03,1.4878371357917786,15.0,23.096370697021484,event_stress,54.029999999999994,58.17999999999999,42.45,0.004163881529407598,0.004163881529407598,0.004163881525243716,0.0,0.25174711616152134,0.4000000004111966,0.18881033712114098,0.07132510133967664,0.025420505514052807,0.025378282192595348,0.01882993592788176,0.018488721331934382,0.2517471159097742,0.40000000001119657,0.18881033693233062,0.07132510126835152,0.0254205054886323,0.025378282167217065,0.018829935909051822,0.018488721313445658
2022-06-10,1.7869866490364075,15.0,17.683603286743164,event_stress,53.839999999999996,58.45,43.45,0.02858275218438055,0.02858275218438055,0.028582752155797794,0.0,0.24398606789273386,0.40000000089885535,0.1829895509195503,0.07278044580077231,0.02934365060030641,0.028673890757788954,0.021505418068341716,0.020720975061651055,0.24398606764874778,0.4000000004988553,0.18298955073656073,0.07278044572799186,0.02934365057096276,0.02867389072911506,0.021505418046836297,0.020720975040930078
2022-06-17,1.5611419677734375,15.0,21.331897735595703,event_stress,58.5,56.3,42.25,0.0010575974230422856,0.0010575974230422856,0.0010575974219846876,0.0,0.24932815552125853,0.40000000053462786,0.18699611664094382,0.07099914855913778,0.026903874511590462,0.02668279845551689,0.01982510022242604,0.019264805554498488,0.24932815527193042,0.40000000013462794,0.18699611645394773,0.07099914848813864,0.02690387448468659,0.026682798428834094,0.019825100202600945,0.019264805535233687
2022-06-24,0.4394119381904602,15.0,34.1256103515625,event_stress,59.6,60.15,41.75,-0.01727818027928693,-0.01727818027928693,-0.017278180262008752,0.0,0.23053341962872462,0.2819972292901937,0.17290006472154346,0.09396393451464222,0.06312070726387807,0.06307177598741391,0.047270279216067454,0.04714258937753662,0.2305334193981912,0.28199722900819646,0.17290006454864337,0.09396393442067827,0.06312070720075735,0.06307177592434213,0.04727027916879717,0.04714258933039402
2022-07-01,1.6256899237632751,15.0,20.271034240722656,event_stress,59.15,59.75,43.75,0.01746141397929273,0.01746141397929273,0.01746141396183131,0.0,0.24774822897541993,0.40000000054222007,0.1858111717315649,0.07122346206449938,0.02777390357484208,0.027613494154865182,0.020365581443436833,0.019464157513151645,0.2477482287276717,0.40000000014222004,0.1858111715457537,0.07122346199327591,0.027773903547068175,0.027613494127251687,0.02036558142307125,0.019464157493687486
2022-07-08,0.9960990634281188,15.0,28.362918853759766,event_stress,57.86999999999999,58.58,45.75,-0.0008265732544003372,-0.0008265732544003372,-0.000826573253573764,0.0,0.24323152651195656,0.3725516230703815,0.18242364488396742,0.07973626415976594,0.035077431251418684,0.03490416652650641,0.026178124894879803,0.025897218701123745,0.24323152626872502,0.3725516226978298,0.18242364470154376,0.07973626408002966,0.03507743121634125,0.03490416649160224,0.026178124868701677,0.025897218675226524
2022-07-15,1.5229948163032532,15.0,22.901622772216797,event_stress,56.029999999999994,55.839999999999996,47.75,-0.017112062280133195,-0.017112062280133195,-0.017112062263021133,0.0,0.2523649942672561,0.4000000007490471,0.1892737457004421,0.07242390892167717,0.02483129066055888,0.02460225397144211,0.018451690478581587,0.01805211525099501,0.25236499401489104,0.400000000349047,0.1892737455111683,0.07242390884925325,0.024831290635727584,0.024602253946839847,0.018451690460129892,0.018052115232942888
2022-07-22,1.7710826396942139,15.0,18.951004028320312,event_stress,51.5,52.0,45.75,-0.014284059611225515,-0.014284059611225515,-0.014284059596941455,0.0,0.25607389246140544,0.40000000078729436,0.19205541934605413,0.06819133897465639,0.02375876605542473,0.024704437034272768,0.017668374415900835,0.01754777092499143,0.2560738922053315,0.40000000038729433,0.1920554191539987,0.06819133890646505,0.023758766031665962,0.024704437009568328,0.017668374398232458,0.01754777090744366
2022-07-29,1.8685768842697144,15.0,15.230358123779297,event_stress,54.2,54.7,46.349999999999994,0.016964928130409156,0.016964928130409156,0.01696492811344423,0.0,0.24297488281827295,0.3842641130366192,0.1822311621137047,0.07609121339356707,0.033395109446309544,0.0327586600333848,0.02456899502503859,0.023715864133103153,0.24297488257529806,0.3842641126523551,0.1822311619314735,0.07609121331747586,0.03339510941291443,0.03275866000062613,0.024568995000469593,0.023715864109387287
2022-08-05,1.8549866080284119,15.0,15.754016876220703,event_stress,54.339999999999996,55.510000000000005,47.25,0.009936130519641536,0.009936130519641536,0.009936130509705404,0.0,0.24657541937686894,0.38600840250860763,0.1849315645326517,0.0740532811840845,0.03138536774511547,0.031722373815183155,0.023107578032887537,0.02221601280460102,0.24657541913029352,0.3860084021225992,0.18493156434772012,0.0740532811100312,0.03138536771373009,0.03172237378346078,0.023107578009779958,0.022216012782385008
2022-08-12,1.9425622820854187,15.0,9.633398056030273,bull_normal,53.0,54.5,38.75,0.007916382028208838,0.007916382028208838,0.007916382020292455,0.0,0.24703601833581287,0.28557132296116394,0.18527701375185962,0.08320501672864374,0.05858323018094633,0.05698261794520654,0.042182073186111384,0.04116270691025562,0.24703601808877684,0.2855713226755926,0.1852770135665826,0.08320501664543871,0.05858323012236309,0.05698261788822392,0.042182073143929306,0.04116270686909291
2022-08-19,1.6293054223060608,15.0,20.913097381591797,event_stress,54.32000000000001,55.35,41.05,-0.011694571637602975,-0.011694571637602975,-0.011694571625908406,0.0,0.25149042850969033,0.40000000090474375,0.18861782138226774,0.07094973121005137,0.025792659930581614,0.02538830417328439,0.01904122812996329,0.018719825759417382,0.25149042825819995,0.4000000005047438,0.18861782119364995,0.07094973113910165,0.025792659904788958,0.02538830414789609,0.019041228110922064,0.018719825740697558
2022-08-26,1.97098708152771,15.0,6.315332412719727,bull_normal,52.8,53.7,50.75,-0.0005811339207462041,-0.0005811339207462041,-0.0005811339201650706,0.0,0.22462901721105924,0.2994705774332952,0.16847176290829444,0.09277962835907927,0.06261947457768213,0.06172585064504826,0.046294387983786184,0.04400930088175528,0.2246290169864302,0.2994705771338246,0.16847176273982267,0.09277962826629964,0.06261947451506265,0.0617258505833224,0.04629438793749179,0.04400930083774598
2022-09-02,1.9282045364379883,15.0,12.419425964355469,bull_normal,52.5,52.879999999999995,52.75,-0.004842240110799405,-0.004842240110799405,-0.004842240105957164,0.0,0.2357229773982255,0.3745116098652178,0.17679223304866912,0.08242858305563015,0.037712001279427455,0.03752594110880662,0.028144455831604957,0.027162198412418414,0.2357229771625025,0.37451160949070617,0.17679223287187687,0.08242858297320156,0.03771200124171545,0.03752594107128067,0.0281444558034605,0.027162198385256214
2022-09-09,1.9317123889923096,15.0,11.644625663757324,bull_normal,53.0,51.0,47.25,0.08681261500224177,0.08681261500224177,0.08681261491542915,0.0,0.24377289139616534,0.3429392434244257,0.18282966854712399,0.08248978840002237,0.042842792044413554,0.042278584182866445,0.03170893813714983,0.031138093867832728,0.24377289115239242,0.34293924308148643,0.1828296683642943,0.08248978831753258,0.042842792001570755,0.042278584140587855,0.03170893810544089,0.031138093836694632
2022-09-16,1.6796481609344482,15.0,21.406509399414062,event_stress,51.54,49.059999999999995,49.599999999999994,-0.004854440551067381,-0.004854440551067381,-0.004854440546212943,0.0,0.2585769328806282,0.40000000095479094,0.19393269966047114,0.07057229537868778,0.021939331154479783,0.022116461888367495,0.016440751912839262,0.016421526169735443,0.2585769326220513,0.4000000005547909,0.19393269946653843,0.07057229530811548,0.02193933113254045,0.02211646186625103,0.01644075189639851,0.016421526153313916
2022-09-23,1.8288763761520386,15.0,18.110055923461914,event_stress,49.470000000000006,47.910000000000004,50.5,-0.004365484392608712,-0.004365484392608712,-0.004365484388243228,0.0,0.2538320782980309,0.40000000062563484,0.19037405872352312,0.07261213325054891,0.02365654926866173,0.02374621298792365,0.01780965974094274,0.017969307104734097,0.2538320780441988,0.4000000002256348,0.19037405853314904,0.07261213317793677,0.02365654924500518,0.023746212964177435,0.01780965972313308,0.017969307086764787
2022-09-30,0.9477880112826824,15.0,31.09019660949707,event_stress,52.3,48.3,56.699999999999996,-0.0044262713140103905,-0.0044262713140103905,-0.0044262713095841195,0.0,0.2434824163980997,0.37504123425655944,0.18261181229857473,0.0799148114889007,0.03397137081928986,0.034005682423238696,0.02550426181742902,0.025468410497907785,0.24348241615461727,0.37504123388151817,0.18261181211596292,0.07991481140898588,0.033971370785318485,0.03400568238923301,0.025504261791924755,0.025468410472439373
2022-10-07,0.7733670771121979,15.0,31.09019660949707,event_stress,50.0,57.0,36.25,0.0,0.0,0.0,0.0,0.24225288797549252,0.33868873808382266,0.18168966598161937,0.08537186548570744,0.043523758550099684,0.04340197474573574,0.03255148105930181,0.03251962811822085,0.2422528877332396,0.3386887377451339,0.18168966579992968,0.08537186540033556,0.04352375850657592,0.043401974702333763,0.032551481026750324,0.03251962808570122
2022-10-14,1.5676742792129517,15.0,22.84967041015625,event_stress,53.0,58.0,50.75,0.013005909292474386,0.013005909292474386,0.01300590927946848,0.0,0.2552645084041598,0.4000000004007954,0.19144838130311986,0.07205306579459246,0.023361198516970282,0.023468274793289206,0.017399381753157143,0.017005189033915857,0.2552645081488953,0.4000000000007954,0.19144838111167148,0.07205306572253939,0.02336119849360908,0.02346827476982093,0.01739938173575776,0.017005189016910668
2022-10-21,1.767394781112671,15.0,18.69554901123047,event_stress,54.25,59.32000000000001,50.05,-0.02577812651436739,-0.02577812651436739,-0.02577812648858926,0.0,0.24780125412389273,0.4000000007398199,0.1858509405929195,0.07423755173775842,0.02682513854381803,0.026532709752029773,0.019817268490416363,0.018935136019345322,0.24780125387609145,0.40000000033981986,0.18585094040706857,0.07423755166352086,0.02682513851699289,0.02653270972549706,0.019817268470599093,0.018935136000410184
2022-10-28,1.8592336177825928,15.0,16.14579963684082,event_stress,52.120000000000005,56.36,52.209999999999994,-0.020383791813751908,-0.020383791813751908,-0.02038379179336811,0.0,0.24172241229912536,0.40000000086508714,0.18129180922434399,0.07642419417019719,0.029113158799917004,0.02900846584787972,0.021639802213636025,0.020800156579813607,0.24172241205740294,0.4000000004650871,0.18129180904305217,0.07642419409377299,0.029113158770803844,0.02900846581887125,0.02163980219199622,0.02080015655901345
2022-11-04,0.011117160320281982,15.0,59.28550720214844,event_stress,52.71,56.96999999999999,51.98,0.04541505417179801,0.04541505417179801,0.04541505412638295,0.0,0.20104899807375784,0.20216503066664507,0.15078674855531837,0.09996797013583637,0.09886592142419648,0.09886662241999339,0.07414941230309789,0.07414929642115461,0.20104899787270883,0.20216503046448003,0.1507867484045316,0.0999679700358684,0.09886592132533055,0.09886662232112675,0.07414941222894847,0.07414929634700532
2022-11-11,1.86713045835495,15.0,14.795099258422852,bull_normal,53.5,56.5,46.7,0.0045404651126726625,0.0045404651126726625,0.004540465108132197,0.0,0.2549759999574321,0.3631896706487639,0.191231999968074,0.0738313563692158,0.033373979018416655,0.03538595142333165,0.02451089614914031,0.023500146465625548,0.2549759997024561,0.36318967028557425,0.19123199977684202,0.07383135629538445,0.03337397898504268,0.03538595138794571,0.024510896124629415,0.023500146442125405
2022-11-18,1.74208003282547,15.0,18.505207061767578,event_stress,51.3,53.2,38.3,-0.008447842663962103,-0.008447842663962103,-0.008447842655514261,0.0,0.2517347284207232,0.39286966129126794,0.18880104631554237,0.07093180173746576,0.02769922542689587,0.02720182833505934,0.020401371251294504,0.02036033722175109,0.25173472816898845,0.39286966089839825,0.1888010461267413,0.07093180166653396,0.027699225399196642,0.027201828307857508,0.020401371230893132,0.02036033720139075
2022-11-25,1.8950530886650085,15.0,12.618608474731445,bull_normal,54.0,59.5,38.3,0.009952159112628705,0.009952159112628705,0.009952159102676545,0.0,0.24402546582840118,0.32859275772147023,0.18301909937130087,0.08054901833368178,0.04888895943818899,0.04668813296015783,0.03501609972011837,0.03322046662668084,0.24402546558437568,0.32859275739287747,0.18301909918828174,0.08054901825313275,0.048888959389300025,0.04668813291346969,0.03501609968510227,0.033220466593460375
2022-12-02,1.6826249957084656,15.0,19.17981719970703,event_stress,55.5,57.7,36.8,0.009288512239598003,0.009288512239598003,0.009288512230309489,0.0,0.24874258506200148,0.3932512710259693,0.1865569387965011,0.07119067110029391,0.02936301990572344,0.02859286430793591,0.021436443705159618,0.020866206096415284,0.24874258481325887,0.393251270632718,0.18655693860994413,0.07119067102910323,0.02936301987636042,0.02859286427934304,0.02143644368372317,0.020866206075549076
2022-12-09,1.7899213433265686,15.0,16.75348663330078,event_stress,56.0,57.95,38.099999999999994,0.030922276802025143,0.030922276802025143,0.03092227677110287,0.0,0.2516479733903262,0.37165159698300165,0.1887359800427446,0.07285278870392865,0.03378403124763882,0.03329695883529615,0.024489274444034148,0.023541396353029806,0.2516479731386782,0.37165159661135,0.1887359798540086,0.07285278863107586,0.03378403121385479,0.03329695880199919,0.024489274419544873,0.023541396329488408
2022-12-16,1.875198483467102,15.0,13.090609550476074,bull_normal,60.0,63.2,41.2,-0.010589133481889324,-0.010589133481889324,-0.010589133471300189,0.0,0.2345674644996939,0.3424765840158441,0.17592559837477045,0.08032942684231761,0.05065217889941046,0.0478775067101559,0.03590813003261692,0.03226311062519065,0.23456746426512642,0.3424765836733675,0.17592559819884485,0.08032942676198818,0.05065217884875828,0.04787750666227839,0.03590812999670879,0.03226311059292753
2022-12-23,1.9192575812339783,15.0,11.866836547851562,bull_normal,55.5,57.2,46.7,-0.012880396229498783,-0.012880396229498783,-0.012880396216618389,0.0,0.23560808682141468,0.3464793118174286,0.17670606511606102,0.08293735114043907,0.046869243313848424,0.045444998564737056,0.034083748923552794,0.03187119430251831,0.23560808658580656,0.34647931147094924,0.17670606493935495,0.08293735105750172,0.04686924326697918,0.045444998519292054,0.034083748889469044,0.03187119427064711
2022-12-30,1.9201422333717346,15.0,11.592909812927246,bull_normal,57.5,60.5,47.25,0.020982430018320022,0.020982430018320022,0.02098242999733759,0.0,0.24793258403643595,0.32409363942185776,0.1859494380273269,0.07855048736434656,0.04750281849532879,0.05081824222581423,0.03420904228041389,0.030943748148475968,0.24793258378850336,0.3240936390977641,0.18594943784137746,0.07855048728579606,0.047502818447825966,0.05081824217499598,0.03420904224620484,0.030943748117532217
2023-01-06,1.9203993678092957,15.0,9.99757194519043,bull_normal,59.0,63.3,33.7,0.005858514911740377,0.005858514911740377,0.005858514905881861,0.0,0.2551599466463701,0.25153168466574194,0.19136995998477754,0.0752624930299166,0.067373760903006,0.070891064743607,0.04656880969535579,0.04184228033122511,0.25515994639121015,0.25153168441421025,0.19136995979340757,0.07526249295465409,0.06737376083563222,0.07089106467271593,0.04656880964878698,0.041842280289382826
2023-01-13,1.9627892971038818,15.0,6.9903154373168945,bull_normal,53.9,57.5,40.55,0.01926612485719013,0.01926612485719013,0.019266124837924,0.0,0.22952624389521895,0.26402264111353374,0.1721446829214142,0.08760589162164034,0.07398248102795603,0.07032083692294712,0.05274062769221034,0.04965659480507939,0.2295262436656927,0.2640226408495111,0.1721446827492695,0.08760589153403445,0.07398248095397354,0.07032083685262627,0.05274062763946971,0.04965659475542279
2023-01-20,1.9163256883621216,15.0,12.118915557861328,bull_normal,55.25,58.85,43.45,0.0056085881486455085,0.0056085881486455085,0.005608588143036919,0.0,0.23783607924267702,0.3394955504997416,0.1783770594320078,0.08208339700796118,0.048327103187385895,0.04646775391682917,0.034850815437621877,0.032562241275775484,0.2378360790048409,0.339495550160246,0.17837705925363073,0.08208339692587777,0.04832710313905879,0.04646775387036141,0.03485081540277106,0.03256224124321324
2023-01-27,1.9148646593093872,15.0,12.118915557861328,bull_normal,52.0,64.0,37.75,0.0,0.0,0.0,0.0,0.23918474376726617,0.325506216528516,0.17938855782544963,0.08222802972879467,0.052272823062617685,0.0495431483990285,0.03715736129927137,0.034719119389056106,0.23918474352808142,0.3255062162030098,0.17938855764606107,0.08222802964656664,0.05227282301034486,0.049543148349485346,0.037157361262114004,0.03471911935433698
2023-02-03,1.9202762842178345,15.0,11.611235618591309,bull_normal,52.55,64.45,38.5,0.0024894283830198104,0.0024894283830198104,0.0024894283805303816,0.0,0.23629567871149448,0.3210572401498088,0.17722175903362083,0.08322876265930239,0.05501547630638008,0.05203291133499773,0.0390246835012483,0.03612348830314741,0.23629567847519878,0.3210572398287515,0.17722175885639907,0.08322876257607362,0.0550154762513646,0.05203291128296482,0.03902468346222361,0.03612348826702392
2023-02-10,1.9616596102714539,15.0,6.392075538635254,bull_normal,54.9,62.6,35.3,-0.0058258520191624835,-0.0058258520191624835,-0.005825852013336631,0.0,0.2270724358889824,0.23235713044491385,0.17030432691673683,0.08380433912484256,0.08736910439310892,0.08352154719000808,0.060494072702120975,0.055077043339286445,0.22707243566190996,0.2323571302125567,0.17030432674643248,0.0838043390410382,0.08736910430573981,0.08352154710648653,0.0604940726416269,0.0550770432842094
2023-02-17,1.9616056680679321,15.0,7.576375484466553,bull_normal,52.0,57.0,40.75,-0.011673702907111906,-0.011673702907111906,-0.011673702895438202,0.0,0.24498543973165174,0.26230986111441174,0.18373907979873877,0.08418997129547698,0.06555158751313427,0.06703206756664912,0.04707095375319164,0.045121039226745825,0.2449854394866663,0.26230986085210184,0.18373907961499966,0.084189971211287,0.06555158744758267,0.06703206749961704,0.04707095370612068,0.04512103918162478
2023-02-24,1.927863597869873,15.0,11.402806282043457,bull_normal,52.8,58.5,43.65,0.006972410186768434,0.006972410186768434,0.006972410179796022,0.0,0.2548023236961678,0.3132355305954787,0.19110174277212583,0.07881606913426367,0.046654356352958976,0.049615043539924825,0.03378631866365011,0.03198861524543019,0.25480232344136544,0.31323553028224316,0.19110174258102408,0.0788160690554476,0.046654356306304615,0.049615043490309776,0.03378631862986379,0.03198861521344157
2023-03-03,1.9338813424110413,15.0,10.203221321105957,bull_normal,52.8,62.0,37.25,0.003280358440952924,0.003280358440952924,0.003280358437672566,0.0,0.29144851651225134,0.2381351680213691,0.21858638738418848,0.06799607650515391,0.05016754758736327,0.06495816931061825,0.03550077437807907,0.0332073603009766,0.2914485162208028,0.23813516778323393,0.21858638716560208,0.06799607643715783,0.05016754753719572,0.06495816924566007,0.03550077434257829,0.03320736026776924
2023-03-10,1.9274945855140686,15.0,10.918230056762695,bull_normal,53.25,61.4,39.55,-0.01651469806744099,-0.01651469806744099,-0.016514698050926285,0.0,0.25398745486078117,0.2940870216647275,0.19049059114558586,0.0788794402452963,0.053284128358822305,0.05582112057193924,0.03797514101208692,0.03547510214076074,0.2539874546067937,0.29408702137064047,0.19049059095509527,0.07887944016641686,0.05328412830553817,0.055821120516118115,0.037975140974111775,0.035475102105285636
2023-03-17,1.7363817691802979,15.0,18.720111846923828,event_stress,53.92,62.02,41.2,-0.009182852617606983,-0.009182852617606983,-0.00918285260842413,0.0,0.2450490362942147,0.40000000041999473,0.183786777220661,0.07244434457661605,0.029012845215455683,0.02823721756742747,0.0211779131755706,0.02029186553005973,0.24504903604916564,0.4000000000199947,0.1837867770368742,0.0724443445041717,0.029012845186442836,0.02823721753919025,0.021177913154392686,0.020291865509767863
2023-03-24,0.8945501670241356,15.0,30.247432708740234,event_stress,54.5,57.0,47.25,-0.007799961329667249,-0.007799961329667249,-0.007799961321867286,0.0,0.24292008221664227,0.36113677343952094,0.1821900616624817,0.08202559898275989,0.03774676677514783,0.03765402905379371,0.02824052179034528,0.028086166079308392,0.24292008197372217,0.36113677307838415,0.18219006148029163,0.08202559890073428,0.03774676673740106,0.03765402901613968,0.028240521762104755,0.028086166051222224
2023-03-31,1.6168058514595032,15.0,21.684391021728516,event_stress,55.870000000000005,58.4,49.25,0.00327172842114073,0.00327172842114073,0.0032717284178690013,0.0,0.2524182461621187,0.4000000009499873,0.18931368462158904,0.07286768665755564,0.024777383856638937,0.024487416190476684,0.018365562142857502,0.017770019418776158,0.25241824590970047,0.40000000054998724,0.18931368443227534,0.07286768658468794,0.024777383831861552,0.024487416165989265,0.01836556212449194,0.017770019401006136
2023-04-07,1.233084499835968,15.0,25.522829055786133,event_stress,53.1,58.3,32.3,0.015979986925960542,0.015979986925960542,0.015979986909980558,0.0,0.24756987410502596,0.38862280542800137,0.1856774055787694,0.07432291250869673,0.029952450295809906,0.029601045483265018,0.02220078411244876,0.02205272248798288,0.24756987385745607,0.3886228050393785,0.185677405393092,0.0743229124343738,0.029952450265857453,0.02960104545366397,0.022200784090247973,0.022052722465930156
2023-04-14,1.6243199706077576,15.0,20.735706329345703,event_stress,53.9,56.45,35.2,-0.009480430466517413,-0.009480430466517413,-0.009480430457036981,0.0,0.25028353247448343,0.40000000059082086,0.18771264935586254,0.06986197229828547,0.026813996774763448,0.026240367233017214,0.019680275424762906,0.019407205848004087,0.25028353222419986,0.4000000001908208,0.1877126491681499,0.0698619722284235,0.02681399674794945,0.026240367206776843,0.019680275405082628,0.01940720582859688
2023-04-21,1.896281361579895,15.0,12.674759864807129,bull_normal,57.3,59.0,40.75,-0.02281945764717547,-0.02281945764717547,-0.022819457624356016,0.0,0.24055058479788385,0.33522826413772516,0.1804129385984129,0.08038238654690258,0.04898435943223313,0.046754801051990154,0.03506610078899261,0.032620564645859614,0.24055058455733325,0.3352282638024969,0.18041293841799994,0.08038238646652018,0.048984359383248764,0.04675480100523535,0.03506610075392651,0.03262056461323905
2023-04-28,1.9172744154930115,15.0,12.092916488647461,bull_normal,58.5,57.0,52.25,0.007548576763147732,0.007548576763147732,0.007548576755599157,0.0,0.22874092805867516,0.3668519871339297,0.17155569604400636,0.08305803556151843,0.044383928379930514,0.04336831478517279,0.0324588526800011,0.029582257356766097,0.22874092782993422,0.3668519867670777,0.17155569587245065,0.08305803547846038,0.04438392833554658,0.04336831474180448,0.032458852647542245,0.029582257327183836
2023-05-05,1.8993139863014221,15.0,13.136809349060059,bull_normal,59.1,57.5,51.75,0.0008388291289997466,0.0008388291289997466,0.0008388291281609171,0.0,0.23006392292957062,0.3771922804718468,0.17254794219717795,0.08103320041016776,0.04128406098029485,0.04020807749087192,0.030156058118153937,0.02751445740191621,0.23006392269950668,0.37719228009465444,0.17254794202463,0.08103320032913455,0.04128406093901078,0.04020807745066384,0.030156058087997876,0.027514457374401752
2023-05-12,1.9679501056671143,15.0,5.676356315612793,bull_normal,55.8,53.0,40.75,-0.009344156909529515,-0.009344156909529515,-0.009344156900185358,0.0,0.23872392276615384,0.2387671186503977,0.17904294207461535,0.08443045869559535,0.07612400326634691,0.07618278050763687,0.05452906018478771,0.052199713854466374,0.2387239225274299,0.23876711841163056,0.1790429418955724,0.08443045861116488,0.0761240031902229,0.07618278043145409,0.05452906013025865,0.05219971380226666
2023-05-19,1.9573717713356018,15.0,7.348682880401611,bull_normal,56.15,54.1,39.949999999999996,-0.002721758516442985,-0.002721758516442985,-0.002721758513721226,0.0,0.2349455057179402,0.2611877056802128,0.17620912928845514,0.08560927369680807,0.07232592209256168,0.06888973664966029,0.051667302487245215,0.04916542438711664,0.23494550548299467,0.2611877054190251,0.176209129112246,0.08560927361119879,0.07232592202023576,0.06888973658077055,0.051667302435577905,0.04916542433795121
2023-05-26,1.967229425907135,15.0,5.9107208251953125,bull_normal,55.71,53.31,41.55,-0.00950815219543814,-0.00950815219543814,-0.009508152185929987,0.0,0.2332327946965595,0.24942038469025798,0.17492459602241964,0.0865033012350902,0.0758416603470891,0.07372711320327084,0.05442503840813905,0.051925111397173596,0.23323279446332673,0.24942038444083764,0.17492459584749506,0.08650330114858691,0.07584166027124745,0.07372711312954373,0.05442503835371402,0.05192511134524849
2023-06-02,1.9544985890388489,15.0,7.648532867431641,bull_normal,54.6,61.5,38.2,0.0017767661991091796,0.0017767661991091796,0.001776766197332413,0.0,0.22650873865166501,0.26369280259412026,0.16988155398874877,0.0865003583054195,0.07721454606894099,0.07227669177945113,0.054207518834588346,0.04971778977706608,0.2265087384251562,0.26369280233042736,0.16988155381886716,0.0865003582189191,0.07721454599172642,0.07227669170717442,0.05420751878038081,0.04971778972734828
2023-06-09,1.970051109790802,15.0,4.925376892089844,bull_normal,55.489999999999995,62.17999999999999,39.5,0.003912271757473369,0.003912271757473369,0.0039122717535610965,0.0,0.2125608228048536,0.23775383906612024,0.1594206171036402,0.08820886254051745,0.092935731492195,0.08636286846647452,0.06477215134985588,0.05798510717634303,0.21256082259229278,0.23775383882836637,0.15942061694421955,0.08820886245230858,0.09293573139925926,0.08636286838011165,0.06477215128508372,0.05798510711835792
2023-06-16,1.8611576557159424,15.0,14.67980670928955,bull_normal,53.5,59.0,37.75,0.03602919811261248,0.03602919811261248,0.03602919807658329,0.0,0.25666252841767345,0.34334592881040915,0.19249689631325506,0.07462630593679363,0.03879899746286024,0.039205475687750256,0.027980467543775898,0.026883399827482328,0.2566625281610109,0.3433459284670632,0.19249689612075815,0.07462630586216733,0.03879899742406124,0.03920547564854478,0.02798046751579543,0.026883399800598926
2023-06-23,1.6639509201049805,15.0,19.981809616088867,event_stress,54.05,59.7,37.75,0.006658223110863462,0.006658223110863462,0.006658223104205238,0.0,0.2721966684589503,0.3692807045994457,0.2041475013442127,0.06445853882372797,0.025201434979420446,0.028325094685785444,0.018443622410940653,0.017946434697516767,0.2721966681867536,0.36928070423016496,0.2041475011400652,0.06445853875926942,0.025201434954219008,0.02832509465746035,0.018443622392497028,0.01794643467957033
2023-06-30,1.9377419352531433,15.0,9.843460083007812,bull_normal,54.410000000000004,59.81,39.75,-0.006753168165519098,-0.006753168165519098,-0.006753168158765928,0.0,0.23539855462824524,0.2969470129355938,0.1765489159711839,0.08479062187810041,0.06206721317579442,0.058887651586528755,0.044165738689896566,0.041194291134656925,0.23539855439284668,0.29694701263864676,0.17654891579463497,0.08479062179330978,0.0620672131137272,0.0588876515276411,0.044165738645730826,0.041194291093462634
2023-07-07,1.7727548480033875,15.0,17.522512435913086,event_stress,61.3,60.0,51.3,0.02045494741620109,0.02045494741620109,0.02045494739574614,0.0,0.24108528319549277,0.40000000081599163,0.1808139623966195,0.0741550652001543,0.03056488852528728,0.03037382560538077,0.022366096821494087,0.02064087743957965,0.24108528295440748,0.4000000004159916,0.18081396221580553,0.07415506512599923,0.03056488849472239,0.03037382557500694,0.022366096799127988,0.02064087741893877
2023-07-14,1.8621835112571716,15.0,14.594808578491211,bull_normal,60.739999999999995,59.25,52.074999999999996,0.015905164793554707,0.015905164793554707,0.01590516477764954,0.0,0.2415518836603909,0.37808993766722776,0.18116391274529314,0.07540024014857531,0.03610058767702651,0.03754422103596117,0.02631332405153118,0.023835893013993952,0.24155188341883901,0.3780899372891378,0.18116391256412923,0.07540024007317507,0.03610058764092592,0.03754422099841694,0.026313324025217855,0.023835892990158057
2023-07-21,1.5995783805847168,15.0,21.4157772064209,event_stress,60.96,59.77,52.9,0.004827931017240974,0.004827931017240974,0.004827931012413045,0.0,0.2522934789658982,0.4000000006889288,0.18922010922442364,0.07123520022514285,0.02517641649341237,0.025780974446968415,0.018616466831319536,0.01767735312390615,0.2522934787136047,0.4000000002889288,0.18922010903520353,0.07123520015390764,0.02517641646823595,0.025780974421187437,0.018616466812703066,0.017677353106228793
2023-07-28,1.7632986903190613,15.0,17.502717971801758,event_stress,59.7,61.6,48.2,0.029810993802939882,0.029810993802939882,0.029810993773128888,0.0,0.2392726615685758,0.4000000005077659,0.1794544961764317,0.07444572992100251,0.03157661676865411,0.030896971486009846,0.023020905201583883,0.0213326183699763,0.2392726613293031,0.4000000001077659,0.1794544959969772,0.07444572984655677,0.03157661673707749,0.030896971455112873,0.023020905178562975,0.02133261834864368
2023-08-04,1.8905507922172546,15.0,12.580978393554688,bull_normal,54.5,62.0,35.3,0.006858524687642903,0.006858524687642903,0.006858524680784377,0.0,0.2564963319370418,0.3046950872031358,0.19237224895278135,0.0766670499724782,0.050085186818495685,0.050905912871553945,0.035482154778028324,0.03329602746648486,0.2564963316805454,0.3046950868984407,0.1923722487604091,0.07666704989581113,0.05008518676841049,0.050905912820648026,0.035482154742546165,0.033296027433188824
2023-08-11,1.9171268939971924,15.0,10.699954986572266,bull_normal,62.5,65.2,52.25,-0.012654435354484407,-0.012654435354484407,-0.01265443534182997,0.0,0.22131326807233762,0.34183445336802565,0.1659849510542532,0.08407658252032993,0.05640013895912137,0.056504518839424596,0.04015648280865101,0.033729604377856576,0.22131326785102434,0.34183445302619114,0.16598495088826823,0.08407658243625334,0.05640013890272123,0.05650451878292007,0.04015648276849452,0.033729604344126966
2023-08-18,1.862811803817749,15.0,14.360876083374023,bull_normal,61.3,63.8,55.75,0.0043720969423796585,0.0043720969423796585,0.004372096938007561,0.0,0.22249594729684397,0.4000000009636736,0.16687196047263292,0.08083839287258326,0.03893544042157289,0.03773499729864056,0.028301247973980426,0.024822012700072258,0.22249594707434805,0.4000000005636737,0.16687196030576099,0.08083839279174489,0.03893544038263745,0.037734997260905574,0.028301247945679182,0.02482201267525025
2023-08-25,1.956324815750122,15.0,7.645887851715088,bull_normal,58.7,59.6,49.25,-0.0058782149360776656,-0.0058782149360776656,-0.005878214930199449,0.0,0.21581491518270113,0.3043175019434522,0.16186118638702585,0.08987192407758134,0.06906452639677965,0.06601429939296515,0.049510724544723855,0.043544922074770884,0.2158149149668862,0.3043175016391347,0.16186118622516465,0.0898719239877094,0.06906452632771512,0.06601429932695084,0.049510724495213126,0.04354492203122596
2023-09-01,1.8515717387199402,15.0,14.92121696472168,bull_normal,59.4,61.1,48.75,0.014429686576932532,0.014429686576932532,0.014429686562502845,0.0,0.2531571779799109,0.3617117663160054,0.18986788348493316,0.07256860505966858,0.03532634177112377,0.038421963493700785,0.025615838211872893,0.023330423682784433,0.25315717772675367,0.3617117659542936,0.18986788329506527,0.07256860498709997,0.03532634173579743,0.03842196345527882,0.025615838186257053,0.023330423659454008
2023-09-08,1.8865101337432861,15.0,14.61082649230957,bull_normal,54.5,56.5,52.25,-0.010534720178772522,-0.010534720178772522,-0.010534720168237803,0.0,0.23398083758635027,0.3976608345582247,0.17548562818976274,0.07819053119182905,0.03349268160270009,0.03302333191613625,0.024767498937102186,0.023398656017894814,0.2339808373523694,0.39766083416056386,0.17548562801427708,0.07819053111363851,0.0334926815692074,0.03302333188311292,0.024767498912334686,0.023398655994496156
2023-09-15,1.9596062302589417,15.0,7.95086669921875,bull_normal,55.45,58.08,51.27499999999999,-0.003623734408731727,-0.003623734408731727,-0.0036237344051079923,0.0,0.21942955617205773,0.3193027876394145,0.1645721671290433,0.09096869534941504,0.06121301064684035,0.05947635035138503,0.044607262763538776,0.040430169948305325,0.21942955595262814,0.3193027873201117,0.1645721669644711,0.09096869525844634,0.06121301058562734,0.059476350291908675,0.044607262718931506,0.04043016990787515
2023-09-22,1.9381492733955383,15.0,10.45500373840332,bull_normal,56.5,59.9,52.25,-0.005002087563657233,-0.005002087563657233,-0.005002087558655144,0.0,0.2218916954148895,0.35235295741966005,0.1664187715611671,0.08723125123909439,0.0513301389604488,0.04983431129913426,0.037375733474350685,0.03356514063125522,0.22189169519299778,0.35235295706730707,0.1664187713947483,0.08723125115186313,0.05133013890911866,0.04983431124929994,0.03737573343697495,0.03356514059769008
2023-09-29,0.8053554892539978,15.0,28.579421997070312,event_stress,68.5,68.8,47.0,-0.003307517745825198,-0.003307517745825198,-0.00330751774251768,0.0,0.2389015546528017,0.340967247106927,0.17917616598960123,0.08552033550792826,0.044846520775029285,0.04450681485660031,0.033380111142450236,0.03270124996866192,0.23890155441390012,0.34096724676595974,0.17917616581042506,0.08552033542240792,0.04484652073018276,0.04450681481209349,0.033380111109070125,0.03270124993596067
2023-10-06,0.8177401274442673,15.0,28.579421997070312,event_stress,68.44,67.78,48.074999999999996,0.0,0.0,0.0,0.0,0.23912518866775104,0.34345580817833027,0.17934389150081329,0.08516524938696977,0.0441078422715651,0.043786687329843234,0.03284001549738242,0.03217531716734481,0.23912518842862582,0.34345580783487445,0.17934389132146938,0.08516524930180452,0.04410784222745725,0.043786687286056544,0.032840015464542405,0.03217531713516949
2023-10-13,1.749447226524353,15.0,18.229501724243164,event_stress,62.0,62.5,53.75,-0.01453985303950225,-0.01453985303950225,-0.014539853024962399,0.0,0.2408559508820751,0.40000000080202586,0.18064196316155634,0.07637256305670566,0.030225448951102483,0.029513494562138788,0.0221351209216041,0.02025545766279174,0.24085595064121912,0.4000000004020258,0.18064196298091437,0.07637256298033308,0.030225448920877033,0.029513494532625292,0.022135120899468976,0.02025545764253628
2023-10-20,0.4581525921821594,15.0,34.35128402709961,event_stress,63.6,59.15,52.949999999999996,-0.01843306363980522,-0.01843306363980522,-0.018433063621372158,0.0,0.23108855035591475,0.28685640772569,0.17331641276693607,0.09362646360130533,0.061557767423189705,0.06149225768960774,0.046119193267205795,0.045942947170150676,0.23108855012482618,0.28685640743883356,0.17331641259361966,0.09362646350767886,0.06155776736163193,0.06149225762811548,0.046119193221086596,0.045942947124207725
2023-10-27,1.6656252145767212,15.0,19.56792640686035,event_stress,63.910000000000004,58.760000000000005,53.5,0.009440434862506052,0.009440434862506052,0.009440434853065614,0.0,0.2445749050905925,0.4000000007607623,0.18343117881794446,0.07480599169108368,0.02855232424416142,0.028022043093321826,0.02101653231999136,0.019597023982142494,0.24457490484601757,0.4000000003607623,0.18343117863451328,0.07480599161627768,0.028552324215609094,0.02802204306529978,0.021016532298974825,0.01959702396254547
2023-11-03,1.6167084574699402,15.0,18.612539291381836,event_stress,68.3,65.5,42.7,0.014286416387642374,0.014286416387642374,0.014286416373355957,0.0,0.24109530888905883,0.38594578734109464,0.1808214816667941,0.07320310531183098,0.03545971928710729,0.03484003114584452,0.025493580950346782,0.02314098540792283,0.2410953086479635,0.3859457869551488,0.1808214814859726,0.07320310523862787,0.035459719251647565,0.034840031111004484,0.0254935809248532,0.023140985384781845
2023-11-10,1.8767560720443726,15.0,14.733528137207031,bull_normal,53.5,54.0,45.25,-0.00013620323344884353,-0.00013620323344884353,-0.00013620323331263988,0.0,0.2449219404741706,0.37494375663918744,0.18369145535562795,0.07687358251362957,0.0348472976344818,0.034174396658981705,0.025630797494236274,0.0249167732296847,0.24492194022924862,0.37494375626424364,0.18369145517193647,0.07687358243675597,0.0348472975996345,0.034174396624807306,0.025630797468605474,0.024916773204767925
2023-11-17,1.9002243876457214,15.0,10.714683532714844,bull_normal,66.6,63.3,42.25,0.000954100555178974,0.000954100555178974,0.0009541005542248731,0.0,0.22238325101763232,0.30781689529297274,0.16678743826322423,0.0825392325827925,0.06867575402794096,0.06363685853755209,0.04772764390316406,0.0404329263747212,0.222383250795249,0.30781689498515574,0.16678743809643673,0.08253923250025325,0.06867575395926519,0.06363685847391522,0.0477276438554364,0.04043292633428826
2023-11-24,1.571943759918213,15.0,19.72258949279785,event_stress,67.32000000000001,62.65,41.75,-0.012019355423351861,-0.012019355423351861,-0.012019355411332509,0.0,0.24016790144156164,0.3954781588284706,0.18012592608117123,0.07307141081024053,0.033056985113877974,0.03192624461937109,0.023944683464528313,0.022228689640778513,0.24016790120139378,0.3954781584329925,0.18012592590104531,0.07307141073716913,0.03305698508082099,0.03192624458744485,0.023944683440583633,0.022228689618549825
2023-12-01,1.904213011264801,15.0,10.297637939453125,bull_normal,67.56,62.760000000000005,40.849999999999994,-0.012717790015611212,-0.012717790015611212,-0.01271779000289342,0.0,0.2220436252023966,0.29546551101326785,0.1665327189017974,0.08211154786116213,0.07315987737969289,0.06742382990037993,0.05056787242528493,0.042695017316018324,0.22204362498035296,0.2954655107178023,0.16653271873526468,0.08211154777905058,0.073159877306533,0.0674238298329561,0.050567872374717056,0.0426950172733233
2023-12-08,1.7959166765213013,15.0,17.09111785888672,event_stress,61.4,60.0,51.75,-0.00404125023075876,-0.00404125023075876,-0.004041250226717511,0.0,0.2381905053597283,0.400000000424748,0.17864287901979625,0.075895145160979,0.031757302782520765,0.030962845191750507,0.023222133893812877,0.02132918816666428,0.23819050512153778,0.40000000002474795,0.17864287884115335,0.07589514508508385,0.03175730275076346,0.03096284516078766,0.02322213387059074,0.02132918814533509
2023-12-15,1.9552879333496094,15.0,7.0100908279418945,bull_normal,61.5,62.3,45.3,-0.006988447385661648,-0.006988447385661648,-0.006988447378673199,0.0,0.21033694064287567,0.27793537932629614,0.15775270548215675,0.08811799796733791,0.08234255477324759,0.07684692540930553,0.05763519405697915,0.04903230234180129,0.2103369404325387,0.27793537904836074,0.15775270532440402,0.08811799787921991,0.08234255469090503,0.0768469253324586,0.05763519399934395,0.04903230229276898
2023-12-22,1.9393598437309265,15.0,8.874263763427734,bull_normal,62.5,61.7,46.8,-0.01107032866274433,-0.01107032866274433,-0.011070328651674002,0.0,0.21642172701527307,0.3054887506610361,0.1623162952614548,0.08675964224439298,0.07047784228050623,0.06627911291635442,0.04970933468726582,0.04254729493371664,0.21642172679885133,0.3054887503555473,0.1623162950991385,0.08675964215763332,0.07047784221002838,0.0662791128500753,0.04970933463755648,0.04254729489116934
2023-12-29,1.705171287059784,15.0,17.769758224487305,event_stress,63.95,64.15,45.949999999999996,0.013369543563000562,0.013369543563000562,0.013369543549631017,0.0,0.23833566179025467,0.3955109166792826,0.17875174634269098,0.07352291888602112,0.033863915961728996,0.033258449380646385,0.02446698433678002,0.022289406622595383,0.23833566155191893,0.3955109162837716,0.17875174616393918,0.07352291881249819,0.03386391592786507,0.033258449347387926,0.02446698431231303,0.02228940660030597
2024-01-05,1.874227523803711,15.0,12.151544570922852,bull_normal,65.31,65.51,44.8,-0.026982566815755758,-0.026982566815755758,-0.026982566788773185,0.0,0.22317278061214038,0.3384697472130913,0.16737958545910528,0.08215460103460505,0.058368312793925514,0.05468029913253128,0.0409469108027134,0.034827762951887685,0.2231727803889676,0.33846974687462156,0.16737958529172567,0.08215460095245045,0.0583683127355572,0.05468029907785098,0.040946910761766486,0.03482776291705992
2024-01-12,1.1209835335612297,15.0,26.5919132232666,event_stress,64.8,60.0,54.25,-0.02309156867040577,-0.02309156867040577,-0.023091568647314202,0.0,0.24475153077214493,0.385758321389787,0.1835636480791087,0.07613310842038136,0.031479142201092256,0.032010809399091365,0.023450607393786623,0.022852832344607818,0.24475153052739337,0.3857583210040286,0.18356364789554502,0.07613310834424825,0.03147914216961311,0.032010809367080555,0.023450607370336014,0.022852832321754984
2024-01-19,1.073989100754261,15.0,26.694313049316406,event_stress,65.5,61.2,53.39999999999999,-0.012048103894121233,-0.012048103894121233,-0.012048103882073126,0.0,0.24357225812748273,0.3794775715446161,0.18267919359561205,0.07779217473370062,0.033471808472892065,0.03380071822651982,0.024922592657444835,0.02428368264173186,0.24357225788391046,0.37947757116513847,0.18267919341293284,0.07779217465590844,0.033471808439420256,0.0338007181927191,0.02492259263252224,0.024283682617448173
2024-01-26,1.7103506922721863,15.0,18.67559814453125,event_stress,60.5,63.0,52.5,0.0032934425214387803,0.0032934425214387803,0.003293442518145338,0.0,0.26061809887354,0.3855863538415837,0.195463574155155,0.06603320631825542,0.02592320466250597,0.029809528942107942,0.0190052690624658,0.017560764144386218,0.26061809861292184,0.3855863534559973,0.1954635739596914,0.06603320625222221,0.02592320463658276,0.029809528912298412,0.019005269043460532,0.017560764126825452
2024-02-02,1.8435645699501038,15.0,15.84172248840332,event_stress,54.0,59.3,50.25,-0.025999343932569453,-0.025999343932569453,-0.02599934390657011,0.0,0.2498690720222577,0.38454549407188365,0.18740180401669324,0.07253077955859748,0.03020506765223466,0.032246889979051035,0.02222911086065069,0.02097178183863158,0.2498690717723886,0.38454549368733815,0.18740180382929142,0.07253077948606669,0.03020506762202959,0.03224688994680414,0.022229110838421575,0.020971781817659796
2024-02-09,0.31180340051651,15.0,34.72543716430664,event_stress,66.5,68.1,44.25,0.036240024059706936,0.036240024059706936,0.03624002402346692,0.0,0.22377724043748232,0.25767365532935105,0.16783293032811172,0.09640027150651569,0.07270542442292006,0.07289218365142955,0.05445225253371548,0.05426604179047422,0.22377724021370507,0.2576736550716774,0.16783293016027878,0.09640027141011541,0.07270542435021464,0.07289218357853736,0.054452252479263226,0.05426604173620818
2024-02-16,0.42258620262145996,15.0,34.72543716430664,event_stress,53.0,55.0,40.75,0.0,0.0,0.0,0.0,0.2309124627686528,0.2784912434563508,0.17318434707648958,0.09404892661824836,0.06376638648219018,0.06405850971548858,0.047785743172875886,0.04775238070970402,0.23091246253774025,0.27849124317785945,0.17318434690330517,0.09404892652419941,0.06376638641842378,0.06405850965143006,0.04778574312509013,0.04775238066195163
2024-02-23,0.5749803185462952,15.0,31.359092712402344,event_stress,65.3,61.3,47.5,0.01797750769663041,0.01797750769663041,0.017977507678652905,0.0,0.23518944693265842,0.3046753740377291,0.1763920851994938,0.09096033402243452,0.0552580273539742,0.055181264031678945,0.04132643834769733,0.041017030074333605,0.23518944669746894,0.3046753737330537,0.1763920850231017,0.09096033393147418,0.055258027298716164,0.055181263976497676,0.04132643830637089,0.041017030033316575
2024-03-01,1.256572037935257,15.0,24.144302368164062,event_stress,65.8,61.029999999999994,49.449999999999996,0.021999858356065424,0.021999858356065424,0.021999858334065564,0.0,0.252733371142171,0.38086149661324964,0.18955002835662824,0.07226601610068692,0.02978241393269966,0.03153942046959637,0.022046593687993915,0.02122065969697429,0.2527333708894376,0.38086149623238813,0.1895500281670782,0.07226601602842089,0.029782413902917245,0.03153942043805694,0.022046593665947318,0.02122065967575363
2024-03-08,0.3543800711631775,15.0,34.14191436767578,event_stress,63.7,64.8,37.75,0.01679851873182544,0.01679851873182544,0.01679851871502692,0.0,0.22570919028581052,0.26559556190162026,0.16928189271435787,0.09578940040944559,0.06973999809227688,0.06961878801303005,0.05221409100977255,0.052051077573686225,0.22570919006010132,0.26559556163602466,0.16928189254507597,0.09578940031365618,0.06973999802253687,0.06961878794341125,0.052214090957558454,0.052051077521635146
2024-03-15,1.7278426885604858,15.0,16.96316146850586,event_stress,63.410000000000004,63.2,38.35,0.010787301063794929,0.010787301063794929,0.010787301053007623,0.0,0.2415411029062005,0.37413361621336294,0.18115582717965037,0.07470028729302969,0.038643050081416955,0.03683493180275387,0.027626198852065402,0.025364985671520245,0.2415411026646594,0.37413361583922927,0.18115582699849453,0.0747002872183294,0.0386430500427739,0.036834931765918934,0.027626198824439202,0.025364985646155257
2024-03-22,1.8254774808883667,15.0,16.277950286865234,event_stress,58.7,60.2,50.75,0.003072373863131363,0.003072373863131363,0.0030723738600589886,0.0,0.23581569377892592,0.4000000005343512,0.1768617703341945,0.07637944434520472,0.03280951916779495,0.031991011734482176,0.023993258800861617,0.022149301304184927,0.23581569354311022,0.40000000013435116,0.17686177015733273,0.07637944426882527,0.03280951913498543,0.03199101170249116,0.023993258776868354,0.022149301282035624
2024-03-29,1.276773989200592,15.0,25.489974975585938,event_stress,60.7,58.8,49.25,-0.012426840474560379,-0.012426840474560379,-0.012426840462133538,0.0,0.24469221414116557,0.4000000005500939,0.1835191606058742,0.07432553835980542,0.028161364415379322,0.027922078512887836,0.02094155888466588,0.020438084530127923,0.24469221389647333,0.40000000015009385,0.18351916042235503,0.07432553828547987,0.028161364387217957,0.027922078484965755,0.02094155886372432,0.020438084509689838
2024-04-05,1.4025251269340515,15.0,23.560142517089844,event_stress,57.5,62.0,40.75,0.0017929450316381927,0.0017929450316381927,0.0017929450298452478,0.0,0.24780769868302976,0.40000000061018093,0.18585577401227232,0.07158828989696359,0.027409894463816704,0.027442831847071896,0.020225692267985623,0.019669818218679275,0.24780769843522205,0.4000000002101809,0.18585577382641652,0.0715882898253753,0.027409894436406807,0.027442831819629063,0.02022569224775993,0.019669818199009453
2024-04-12,1.0229318793863058,15.0,27.169830322265625,event_stress,59.2,61.8,37.75,-0.007846291319152229,-0.007846291319152229,-0.007846291311305936,0.0,0.2455336134210933,0.36675980056708796,0.18415021006581997,0.07912425117081702,0.03580897349770829,0.035786061032144705,0.026606939135384203,0.02623015110994454,0.2455336131755597,0.3667598002003281,0.18415020988166975,0.07912425109169276,0.03580897346189932,0.03578606099635864,0.02660693910877726,0.026230151083714386
2024-04-19,1.4787713289260864,15.0,21.603342056274414,event_stress,61.4,62.27,40.05,0.011463385471922454,0.011463385471922454,0.011463385460459068,0.0,0.24314562531718634,0.4000000007309772,0.18235921898788973,0.07256873845228913,0.02990417904573954,0.02918669735008473,0.021890023012563552,0.020945517103269758,0.2431456250740407,0.40000000033097716,0.1823592188055305,0.07256873837972039,0.02990417901583536,0.02918669732089803,0.021890022990673528,0.020945517082324238
2024-04-26,1.3744798004627228,15.0,23.49871063232422,event_stress,62.0,63.0,47.25,0.010837065386903943,0.010837065386903943,0.010837065376066877,0.0,0.24389506044174522,0.4000000007049758,0.1829212953313089,0.07418968538760252,0.028840961558446152,0.028397822385982503,0.021298366789486888,0.020456807400452085,0.24389506019785015,0.4000000003049758,0.1829212951483876,0.07418968531341283,0.028840961529605188,0.028397822357584677,0.02129836676818852,0.020456807379995275
2024-05-03,0.21865957975387573,15.0,38.07362747192383,event_stress,63.92,64.95,46.449999999999996,0.00430066095654601,0.00430066095654601,0.00430066095224535,0.0,0.21764426560164182,0.24174322483615254,0.16323319920123133,0.09809512913114957,0.07984798838345586,0.0798064069667137,0.05985480522503528,0.059774980654619954,0.21764426538399753,0.2417432245944093,0.16323319903799813,0.09809512903305442,0.07984798830360787,0.0798064068869073,0.05985480516518047,0.05977498059484497
2024-05-10,1.3630356788635254,15.0,23.418354034423828,event_stress,61.5,59.8,43.55,0.023489431383192323,0.023489431383192323,0.023489431359702894,0.0,0.24376381555821527,0.4000000004970915,0.18282286166866138,0.07343214098646378,0.029078613193680894,0.02863194093740619,0.02147395570305464,0.020796671455426286,0.2437638153144515,0.4000000000970916,0.18282286148583854,0.07343214091303164,0.029078613164602286,0.028631940908774252,0.02147395568158069,0.020796671434629616
2024-05-17,1.8661417961120605,15.0,13.979268074035645,bull_normal,59.6,63.3,45.2,0.011360301953560878,0.011360301953560878,0.011360301942200574,0.0,0.23378921766801325,0.3658815582634178,0.17534191325100995,0.07915239728217198,0.04387636931634889,0.04226746089257165,0.031427717892732236,0.02826336543373429,0.233789217434224,0.3658815578975362,0.17534191307566802,0.07915239720301957,0.043876369272472515,0.04226746085030418,0.031427717861304515,0.028263365405470923
2024-05-24,1.7374067306518555,15.0,17.988637924194336,event_stress,61.5,61.0,47.25,-0.011151296558083848,-0.011151296558083848,-0.011151296546932551,0.0,0.2398015101169724,0.40000000056530005,0.1798511325877293,0.07409008750894752,0.031485403969517774,0.030574158420354262,0.02293061881526569,0.021267088015912938,0.23980150987717086,0.4000000001653,0.17985113240787817,0.07409008743485743,0.03148540393803237,0.0305741583897801,0.022930618792335072,0.02126708799464585
2024-05-31,1.9362135529518127,15.0,10.14683723449707,bull_normal,57.5,57.7,45.5,-0.01076457496839736,-0.01076457496839736,-0.010764574957632785,0.0,0.23123624485245114,0.3189747421286176,0.17342718363933834,0.08517585575353966,0.05727803513154365,0.054937229636153675,0.04120292222711525,0.03776778663124071,0.2312362446212149,0.3189747418096428,0.17342718346591116,0.08517585566836379,0.05727803507426561,0.05493722958121644,0.04120292218591233,0.03776778659347292
2024-06-07,1.891380488872528,15.0,13.17904281616211,bull_normal,57.3,66.4,44.25,-0.00028765471839579563,-0.00028765471839579563,-0.0002876547181081408,0.0,0.2291565822765435,0.3595141153592084,0.17186743670740764,0.08151525993576067,0.047925991348512,0.04549638608225632,0.034122289561692234,0.030401938728619335,0.2291565820473869,0.35951411499969427,0.1718674365355402,0.0815152598542454,0.047925991300586,0.04549638603675993,0.03412228952756994,0.030401938698217394
2024-06-14,1.8647435903549194,15.0,14.338066101074219,bull_normal,63.2,56.3,51.25,-0.007160876784155229,-0.007160876784155229,-0.007160876776994351,0.0,0.2323809901066571,0.3841820679670757,0.17428574257999285,0.07814789064250464,0.03899155447914085,0.03785392827835963,0.028390446208769717,0.02576737973749952,0.2323809898742761,0.38418206758289364,0.1742857424057071,0.07814789056435675,0.03899155444014929,0.0378539282405057,0.028390446180379267,0.02576737971173214
2024-06-21,1.8113475441932678,15.0,17.327558517456055,event_stress,57.3,61.8,50.75,-0.017419725648666545,-0.017419725648666545,-0.017419725631246826,0.0,0.2405678553822446,0.40000000056393237,0.1804258915366834,0.07605219807580728,0.03037221054804649,0.029668722301989303,0.022251541726491977,0.020661579864804522,0.24056785514167672,0.40000000016393233,0.1804258913562575,0.07605219799975507,0.03037221051767428,0.029668722272320577,0.022251541704240433,0.020661579844142942
2024-06-28,1.2029048651456833,15.0,25.482322692871094,event_stress,59.5,60.0,37.25,-0.0005603598115902603,-0.0005603598115902603,-0.0005603598110299011,0.0,0.24515697396531524,0.38742177359917973,0.18386773047398638,0.07534898492110446,0.03131978374267038,0.030921005455573643,0.02319075409168023,0.02277299375048998,0.24515697372015824,0.3874217732117579,0.18386773029011863,0.07534898484575547,0.03131978371135059,0.030921005424652634,0.023190754068489475,0.022772993727716986
2024-07-05,1.6832723021507263,15.0,17.7886905670166,event_stress,64.8,66.0,36.25,-0.00855857354099708,-0.00855857354099708,-0.008558573532438506,0.0,0.24135586663224223,0.3768213613962663,0.18101689997418163,0.07408884735473605,0.03823328982884934,0.03633207815095769,0.027249058613218264,0.024902598049548506,0.24135586639088635,0.3768213610194449,0.1810168997931647,0.07408884728064719,0.03823328979061605,0.036332078114625604,0.027249058585969203,0.024902598024645905
2024-07-12,1.6101800799369812,15.0,20.161067962646484,event_stress,63.7,60.6,45.75,-0.008984937349718777,-0.008984937349718777,-0.008984937340733837,0.0,0.25941434244792544,0.3843249450310594,0.19456075683594404,0.06681570576273155,0.0270373153193071,0.029498057345898714,0.019764973576265603,0.018583903680868034,0.25941434218851106,0.38432494464673445,0.19456075664138325,0.06681570569591584,0.027037315292269784,0.029498057316400653,0.01976497355650063,0.01858390366228413
2024-07-19,1.8025907278060913,15.0,15.781641006469727,event_stress,65.22,61.02,48.05,0.005756047738665641,0.005756047738665641,0.0057560477329095935,0.0,0.23267941640558787,0.38929025644189363,0.17450956230419087,0.07625370609678696,0.0382525112110923,0.03674741828617497,0.02756056371463122,0.024706565539642178,0.23267941617290844,0.38929025605260337,0.1745095621296813,0.07625370602053325,0.03825251117283979,0.036747418249427545,0.027560563687070654,0.02470656551493561
2024-07-26,1.8483958840370178,15.0,14.253905296325684,bull_normal,59.6,59.2,39.5,-0.016404650631247183,-0.016404650631247183,-0.01640465061484253,0.0,0.2527060334215339,0.33740365528316923,0.18952952506615042,0.0750215452695628,0.0429057023816355,0.04324806850706068,0.030690342158296725,0.028495127912590786,0.25270603316882784,0.3374036549457656,0.1895295248766209,0.07502154519454125,0.04290570233872979,0.04324806846381261,0.03069034212760638,0.028495127884095656
2024-08-02,1.8636492490768433,15.0,13.373557090759277,bull_normal,60.8,59.7,42.4,-0.009658766830773498,-0.009658766830773498,-0.009658766821114727,0.0,0.24370873151339847,0.33916078563258506,0.18278154863504883,0.07782458465711045,0.0466811746622908,0.04608151340017787,0.03335824570553393,0.030403415793854596,0.24370873126968973,0.33916078529342425,0.18278154845226727,0.07782458457928586,0.04668117461560962,0.04608151335409635,0.033358245672175685,0.030403415763451177
2024-08-09,1.87795090675354,15.0,13.455743789672852,bull_normal,59.7,59.3,47.25,-0.020618895149603716,-0.020618895149603716,-0.020618895128984824,0.0,0.23345730979394932,0.36523855909368275,0.17509298234546197,0.08013690507131101,0.04369082010223371,0.04208150233255888,0.03156112674941916,0.028740794511383238,0.233457309560492,0.3652385587284442,0.17509298217036898,0.0801369049911741,0.04369082005854289,0.04208150229047738,0.03156112671785803,0.02874079448264244
2024-08-16,1.8621004819869995,15.0,13.440649032592773,bull_normal,62.2,60.8,44.25,-0.012128607884255335,-0.012128607884255335,-0.012128607872126726,0.0,0.2338895900543965,0.35331444423996694,0.17541719254079738,0.07975743640974262,0.047668653905921315,0.04537857324401551,0.03403392993301163,0.030540179672148147,0.2338895898205069,0.35331444388665245,0.17541719236538017,0.07975743632998518,0.047668653858252655,0.04537857319863693,0.034033929898977695,0.030540179641607965
2024-08-23,1.9388096928596497,15.0,8.606009483337402,bull_normal,62.7,60.95,45.55,-0.004415902870752604,-0.004415902870752604,-0.0044159028663367005,0.0,0.2175740841081053,0.29615218667572735,0.16318056308107898,0.08636115880938555,0.07289923764837726,0.06840307876031765,0.05130230907023822,0.044127381846769724,0.2175740838905312,0.29615218637957513,0.1631805629178984,0.08636115872302438,0.07289923757547802,0.06840307869191456,0.051302309018935906,0.04412738180264234
2024-08-30,1.748594582080841,15.0,18.099489212036133,event_stress,59.3,59.5,45.25,0.014257441935783866,0.014257441935783866,0.014257441921526426,0.0,0.24217379610492498,0.40000000040745354,0.18163034707869374,0.07313740563536748,0.030399257891788743,0.029579857583404347,0.022184893187553262,0.020894442110813875,0.24217379586275123,0.4000000000074536,0.18163034689706342,0.07313740556223008,0.03039925786138949,0.029579857553824494,0.022184893165368372,0.020894442089919436
2024-09-06,1.7165231704711914,15.0,18.387165069580078,event_stress,60.55,60.45,44.449999999999996,-0.00013422421531528468,-0.00013422421531528468,-0.0001342242151810599,0.0,0.24137000861772495,0.4000000006814538,0.18102750646329374,0.07300849455576924,0.030925547757878986,0.03002521632400763,0.022518912243005722,0.021124313356865897,0.24137000837635492,0.40000000028145377,0.18102750628226622,0.07300849448276074,0.030925547726953436,0.030025216293982412,0.022518912220486808,0.021124313335741583
2024-09-13,1.9259843826293945,15.0,11.201461791992188,bull_normal,59.2,59.7,52.25,-0.014312299168329524,-0.014312299168329524,-0.014312299154017225,0.0,0.22266100667438896,0.358354838838112,0.16699575500579172,0.0852970032527027,0.04994926791859589,0.04831096845286606,0.03623322633964954,0.032197933517893185,0.22266100645172793,0.35835483847975713,0.16699575483879595,0.0852970031674057,0.04994926786864662,0.04831096840455509,0.036233226303416306,0.032197933485695246
2024-09-20,1.7178977727890015,15.0,17.48356819152832,event_stress,64.0,62.0,42.25,0.002901081303274693,0.002901081303274693,0.002901081300373611,0.0,0.2393899907220447,0.38810679908160534,0.1795424930415335,0.07409516740055148,0.03555696448990115,0.03414948751153623,0.025612115633652167,0.023546982119175427,0.2393899904826547,0.3881067986934985,0.17954249286199098,0.07409516732645631,0.035556964454344184,0.03414948747738674,0.02561211560804005,0.023546982095628444
2024-09-27,4.929304122924805e-05,15.0,260.9962463378906,event_stress,66.5,64.5,43.75,0.09617867182155823,0.09617867182155823,0.09617867172537956,0.0,0.20000468273898853,0.2000096122192717,0.15000351205424137,0.0999998766900992,0.09999494751354264,0.09999494751354264,0.07499621063515698,0.07499621063515698,0.20000468253898382,0.20000961201926207,0.15000351190423783,0.09999987659009932,0.09999494741354768,0.09999494741354768,0.07499621056016076,0.07499621056016076
2024-10-04,4.392862319946289e-05,15.0,614.296875,event_stress,63.0,63.5,48.5,0.051975447448816006,0.051975447448816006,0.051975447396840554,0.0,0.20000417313984223,0.2000085661420668,0.15000312985488165,0.09999989011705294,0.09999549735604468,0.09999549735604468,0.07499662301703351,0.07499662301703351,0.20000417293983805,0.2000085659420582,0.1500031297048785,0.09999989001705305,0.09999549725604917,0.09999549725604917,0.07499662294203688,0.07499662294203688
2024-10-11,7.331371307373047e-05,15.0,161.60044860839844,event_stress,62.8,64.0,38.0,-0.037999783876133036,-0.037999783876133036,-0.03799978383813325,0.0,0.2000069645816717,0.20001429634261478,0.15000522343625378,0.0999998165447244,0.09999248545563863,0.09999248545564304,0.07499436409172781,0.07499436409172579,0.2000069643816647,0.20001429614260047,0.15000522328624855,0.09999981644472457,0.09999248535564613,0.09999248535565054,0.07499436401673344,0.07499436401673142
2024-10-18,0.00026339292526245117,15.0,100.46243286132812,event_stress,66.0,59.0,42.5,0.017650976195747584,0.017650976195747584,0.01765097617809661,0.0,0.20002501916116563,0.20005136311002344,0.1500187643708742,0.0999993392786979,0.09997300403555441,0.0999730040394241,0.07497975301462947,0.07497975298963097,0.2000250189611406,0.20005136290997205,0.15001876422085542,0.09999933917869856,0.0999730039355814,0.09997300393945108,0.07497975293964972,0.07497975291465121
2024-10-25,0.0038487911224365234,15.0,64.41007995605469,event_stress,67.6,64.7,48.75,0.004860193297964449,0.004860193297964449,0.004860193293104255,0.0,0.20036436201684907,0.20074986880005052,0.1502732715126368,0.09998988824552459,0.09960649889305218,0.09960646942041243,0.07470485206530932,0.0747047890461651,0.20036436181648468,0.20074986859930063,0.15027327136236351,0.0999898881455347,0.09960649879344567,0.09960646932080595,0.07470485199060446,0.0747047889714603
2024-11-01,0.6337594091892242,15.0,30.276988983154297,event_stress,67.34,64.62,48.849999999999994,-0.006486682668258304,-0.006486682668258304,-0.0064866826617716224,0.0,0.23603093721618307,0.3142808418898235,0.17702320291213733,0.0897532161513326,0.05254035650955946,0.05232877478253559,0.0392465810869017,0.03879608945152671,0.23603093698015212,0.31428084157554265,0.1770232027351141,0.08975321606157938,0.0525403564570191,0.05232877473020681,0.03924658104765511,0.03879608941273062
2024-11-08,1.8652116060256958,15.0,12.932819366455078,bull_normal,62.5,61.2,42.25,0.037693255140251965,0.037693255140251965,0.03769325510255871,0.0,0.24114226349979906,0.33167804512546706,0.1808566976248493,0.07832852952223751,0.05047513016859942,0.049692565881434406,0.0358097461270797,0.03201702205053358,0.24114226325865679,0.331678044793789,0.18085669744399258,0.07832852944390897,0.05047513011812429,0.049692565831741836,0.035809746091269946,0.032017022018516555
2024-11-15,1.0988619476556778,15.0,26.15738296508789,event_stress,61.95,60.9,42.849999999999994,-0.022930469898428587,-0.022930469898428587,-0.02293046987549811,0.0,0.25001617967534157,0.36998522897886044,0.18751213475650616,0.07621805528596437,0.033231931414475495,0.03419672070366475,0.0246728763355565,0.024166872849630868,0.25001617942532534,0.3699852286088751,0.18751213456899396,0.0762180552097463,0.03323193138124355,0.03419672066946802,0.024672876310883614,0.024166872825463988
2024-11-22,1.673129916191101,15.0,18.60196304321289,event_stress,59.0,58.0,36.25,-0.017253147383665506,-0.017253147383665506,-0.01725314736641236,0.0,0.24845631387438932,0.383360550305938,0.18634223540579198,0.07229605161777242,0.03230317778080037,0.0312616963111015,0.023446272233326123,0.02253370247088023,0.24845631362593298,0.38336054992257745,0.18634223521944973,0.07229605154547636,0.03230317774849719,0.031261696279839796,0.02344627220987985,0.022533702448346526
2024-11-29,1.716077983379364,15.0,17.544212341308594,event_stress,65.3,60.0,47.0,0.00997267034072807,0.00997267034072807,0.009972670330755403,0.0,0.2365626299972817,0.3979583190530876,0.17742197249796124,0.07409017749240183,0.033949288170252494,0.03282519616346814,0.0246188971226011,0.022573519502945845,0.2365626297607191,0.3979583186551293,0.1774219723205393,0.07409017741831167,0.03394928813630321,0.03282519613064295,0.024618897097982206,0.02257351948037233
2024-12-06,1.8337891101837158,15.0,13.8783597946167,bull_normal,67.05,63.6,46.5,-0.010376219968505058,-0.010376219968505058,-0.010376219958128837,0.0,0.22747229017228893,0.36307632137765417,0.17060421762921668,0.07951904489485087,0.04875719489566559,0.04609807282031292,0.03457355461523469,0.02989930359477615,0.2274722899448166,0.3630763210145778,0.17060421745861246,0.07951904481533181,0.04875719484690839,0.04609807277421484,0.03457355458066113,0.029899303564876845
2024-12-13,1.4953571557998657,15.0,20.8692684173584,event_stress,66.0,68.1,44.0,-0.004045957051959254,-0.004045957051959254,-0.004045957047913296,0.0,0.23839548064322136,0.40000000060761487,0.17879661048241594,0.07410995706947576,0.03225365922775341,0.0312579509981267,0.023443463248595014,0.021742877722796976,0.23839548040482586,0.40000000020761484,0.17879661030361932,0.0741099569953658,0.032253659195499745,0.031257950966868744,0.023443463225151548,0.021742877701054097
2024-12-20,1.7482786774635315,15.0,16.56230354309082,event_stress,66.8,66.2,47.25,-0.0012692928322144274,-0.0012692928322144274,-0.001269292830945134,0.0,0.22987409443026663,0.3938003335156612,0.1724055708227,0.07611179907858316,0.03871274013261475,0.036947198661174616,0.027710398995880958,0.02443786436311868,0.2298740942003925,0.3938003331218608,0.1724055706502944,0.07611179900247135,0.03871274009390201,0.03694719862422741,0.02771039896817056,0.024437864338680816
2024-12-27,1.8928033709526062,15.0,13.134681701660156,bull_normal,60.5,61.4,52.75,0.010325343825950182,0.010325343825950182,0.010325343815624836,0.0,0.22399165652054956,0.3822542984085453,0.16799374239041218,0.08178766011329548,0.04318658862766299,0.041745305536206395,0.03130897915215479,0.0277317692511732,0.22399165629655787,0.38225429802629096,0.16799374222241842,0.08178766003150782,0.043186588584476396,0.04174530549446109,0.031308979120845806,0.02773176922344143
2025-01-03,1.7881375551223755,15.0,15.018041610717773,event_stress,71.2,69.4,52.75,-0.02311916803226765,-0.02311916803226765,-0.02311916800914849,0.0,0.21717226762268216,0.3940586970335907,0.16287920071701162,0.07918896902804605,0.045234635459789015,0.042756877658828844,0.03206765824412163,0.026641694235929925,0.21717226740550988,0.39405869663953197,0.1628792005541324,0.07918896894885707,0.04523463541455437,0.04275687761607196,0.03206765821205397,0.02664169420928823
2025-01-10,1.7285422086715698,15.0,16.748523712158203,event_stress,70.6,69.22,52.849999999999994,-0.00805837172178523,-0.00805837172178523,-0.00805837171372686,0.0,0.2250270450020122,0.4000000005697142,0.16877028375150915,0.07772665059329945,0.03914738750028636,0.037347272665646,0.0280104544992345,0.02397090541829819,0.22502704477698515,0.40000000016971415,0.16877028358273885,0.07772665051557279,0.039147387461138966,0.03734727262829872,0.028010454471224046,0.02397090539432728
2025-01-17,1.5677565932273865,15.0,21.246646881103516,event_stress,61.5,57.5,48.2,0.0285746962715763,0.0285746962715763,0.0285746962430016,0.0,0.2476995186600915,0.40000000054544754,0.18577463899506858,0.07302390278810439,0.027279030406532595,0.026833434483679877,0.020125075862759908,0.019264398258315597,0.24769951841239196,0.4000000001454475,0.18577463880929393,0.07302390271508048,0.027279030379253562,0.02683343445684644,0.02012507584263483,0.019264398239051198
2025-01-24,1.665727972984314,15.0,18.95172119140625,event_stress,63.540000000000006,64.32000000000001,47.25,0.014036889293926151,0.014036889293926151,0.01403688927988926,0.0,0.24038820541188982,0.40000000060783375,0.18029115405891735,0.07358969767950312,0.031328012165058414,0.030690019498541637,0.022766326920090136,0.020946583658165853,0.24038820517150158,0.4000000002078337,0.18029115387862618,0.07358969760591341,0.0313280121337304,0.030690019467851614,0.022766326897323805,0.020946583637219268
2025-01-31,1.8803557753562927,15.0,11.761834144592285,bull_normal,68.5,68.0,50.0,-0.007271952790099694,-0.007271952790099694,-0.007271952782827742,0.0,0.21166693276724957,0.3514172728888972,0.15875019957543718,0.08380708029045902,0.06071706231814918,0.05664886462900982,0.04248664847175736,0.03450593905904063,0.21166693255558267,0.35141727253747995,0.158750199416687,0.08380708020665195,0.060717062257432126,0.05664886457236096,0.04248664842927072,0.0345059390245347
2025-02-07,1.8516815900802612,15.0,12.766868591308594,bull_normal,69.5,65.8,47.0,0.024489720521740945,0.024489720521740945,0.024489720497251226,0.0,0.22339485088824387,0.3466741256932165,0.16754613816618288,0.08043715074314507,0.056215640623515514,0.05350256296769502,0.03939659582577219,0.03283293509222902,0.22339485066484902,0.34667412534654235,0.16754613799863674,0.08043715066270792,0.05621564056729987,0.05350256291419245,0.039396595786375596,0.03283293505939608
2025-02-14,1.4364421367645264,15.0,21.88327980041504,event_stress,65.0,63.0,42.5,0.002700739915515223,0.002700739915515223,0.002700739912814483,0.0,0.241174716605083,0.4000000004701114,0.1808810374538122,0.0732717473434196,0.030760649407837373,0.030023463863795626,0.02251759789784671,0.021370786958093992,0.24117471636390825,0.4000000000701114,0.18088103727293114,0.07327174727014785,0.03076064937707672,0.03002346383377216,0.02251759787532911,0.021370786936723205
2025-02-21,0.8091195821762085,15.0,28.244722366333008,event_stress,68.3,64.3,42.95,0.01436038686895169,0.01436038686895169,0.014360386854591298,0.0,0.23981712396766128,0.3388339033062664,0.17986284297574595,0.08536746868859703,0.045025075509319355,0.044674847012574855,0.033506135259431136,0.03291260328040399,0.23981712372784414,0.3388339029674325,0.1798628427958831,0.08536746860322955,0.045025075464294274,0.0446748469679,0.033506135225925,0.03291260324749139
2025-02-28,0.9640992358326912,15.0,26.10434341430664,event_stress,70.6,66.6,42.449999999999996,-0.014809359273905203,-0.014809359273905203,-0.014809359259095841,0.0,0.24041624917777996,0.3566893424403538,0.18031218688333495,0.08204753555217012,0.040801837359375835,0.040261678367702655,0.030196258775776988,0.029274911443505837,0.24041624893736369,0.35668934208366443,0.18031218670302274,0.08204753547012258,0.040801837318573994,0.04026167832744097,0.030196258745580726,0.029274911414230925
2025-03-07,1.8144466280937195,15.0,14.623218536376953,bull_normal,71.4,65.7,55.75,0.0010693079072546811,0.0010693079072546811,0.0010693079061853729,0.0,0.21641198387189092,0.3986345389321402,0.16230898790391818,0.07942457541208453,0.043893673757269505,0.04181174771986531,0.03135881078989898,0.02615568161293225,0.21641198365547898,0.3986345385335057,0.1623089877416092,0.07942457533265997,0.04389367371337584,0.04181174767805357,0.031358810758540176,0.026155681586776572
2025-03-14,1.4610852003097534,15.0,21.11408805847168,event_stress,69.9,66.2,47.75,0.008797152815205293,0.008797152815205293,0.008797152806408139,0.0,0.2375894050661709,0.40000000085261084,0.1781920537996282,0.07463850340356852,0.03247894081138434,0.03156163598275013,0.02367122698706257,0.02186823309682444,0.23758940482858149,0.4000000004526108,0.17819205362143611,0.07463850332893002,0.032478940778905396,0.031561635951188494,0.023671226963391342,0.021868233074956205
2025-03-21,1.6328563690185547,15.0,19.42805290222168,event_stress,68.0,59.5,52.75,-0.016546684347361305,-0.016546684347361305,-0.01654668433081462,0.0,0.24111314726072686,0.40000000053059126,0.18083486044554503,0.07476323321784309,0.03053578043587271,0.029811199912759413,0.022358399934569548,0.02058337826209213,0.2411131470196137,0.4000000001305912,0.18083486026471016,0.07476323314307985,0.03053578040533693,0.02981119988294821,0.022358399912211144,0.02058337824150875
2025-03-28,1.7969687581062317,15.0,14.109771728515625,bull_normal,70.1,63.5,40.75,-0.006687795880005795,-0.006687795880005795,-0.006687795873317996,0.0,0.23224956110336284,0.34333244663233536,0.17418717082752214,0.0781804688451256,0.053085487813520314,0.04959713613990305,0.037197852104927286,0.03216987653330342,0.23224956087111326,0.3433324462890029,0.17418717065333494,0.07818046876694512,0.05308548776043482,0.04959713609030591,0.03719785206772943,0.032169876501133544
2025-04-04,1.7097291350364685,15.0,17.260820388793945,event_stress,65.0,57.0,38.75,0.0016520494396348906,0.0016520494396348906,0.0016520494379828404,0.0,0.24582179408719682,0.37273103901169713,0.1843663455653976,0.07366219787692704,0.036785967940175524,0.035333424147996874,0.02650006811099765,0.024799163259611456,0.245821793841375,0.37273103863896606,0.18436634538103125,0.07366219780326484,0.03678596790338955,0.03533342411266345,0.02650006808449758,0.02479916323481229
2025-04-11,1.8507207036018372,15.0,11.621089935302734,bull_normal,70.6,74.1,42.7,-0.012777266837667453,-0.012777266837667453,-0.012777266824890185,0.0,0.21392872474124022,0.31655273028628306,0.16044654355593013,0.08136819551628571,0.0722922335361073,0.06753848747710775,0.04915953302146351,0.03871355186558234,0.2139287245273115,0.31655272996973033,0.1604465433954836,0.08136819543491751,0.07229223346381505,0.06753848740956926,0.04915953297230397,0.03871355182686879
2025-04-18,1.4752784669399261,15.0,19.801822662353516,event_stress,71.64000000000001,72.42,42.8,-0.0037323038235203923,-0.0037323038235203923,-0.0037323038197880874,0.0,0.23367676585317412,0.38923344520261355,0.1752575743898806,0.0759026467573721,0.03791581589230387,0.036301573451137804,0.027226180088353355,0.024485998365164626,0.23367676561949735,0.38923344481338007,0.175257574214623,0.07590264668146944,0.03791581585438805,0.036301573414836225,0.027226180061127172,0.024485998340678626
2025-04-25,0.9811136424541473,15.0,28.35647964477539,event_stress,61.2,55.6,51.2,0.0038757369094951206,0.0038757369094951206,0.003875736905619382,0.0,0.24252312327319736,0.37183958753639856,0.18189234245489802,0.08020156887136767,0.035482773430920635,0.03535249683257447,0.02651437262443085,0.02619373497621258,0.24252312303067416,0.37183958716455884,0.18189234227300563,0.08020156879116608,0.03548277339543785,0.035352496797221966,0.026514372597916468,0.026193734950018838
2025-05-02,1.4046612083911896,15.0,23.643070220947266,event_stress,62.64000000000001,57.27,53.199999999999996,-0.012268538221228188,-0.012268538221228188,-0.012268538208959647,0.0,0.24711967456544157,0.4000000005700185,0.1853397559240811,0.07418222881757874,0.027053987613255295,0.02680112133606416,0.020100841002048123,0.019402390171512494,0.24711967431832188,0.40000000017001847,0.18533975573874134,0.07418222874339651,0.027053987586201304,0.026801121309263036,0.020100840981947282,0.0194023901521101
2025-05-09,0.8737411499023438,15.0,27.61412239074707,event_stress,68.0,65.2,42.5,0.01164278027910643,0.01164278027910643,0.01164278026746365,0.0,0.24054495848154603,0.34773433362083433,0.1804087188611595,0.08380106034730733,0.042615977431635595,0.04222165126107299,0.03166623844580474,0.031007061550639436,0.24054495824100106,0.3477343332731,0.18040871868075076,0.08380106026350627,0.042615977389019614,0.04222165121885133,0.0316662384141385,0.03100706151963237
2025-05-16,0.5955627858638763,15.0,31.062053680419922,event_stress,67.52000000000001,65.12,45.05,0.0005901446380740166,0.0005901446380740166,0.0005901446374838724,0.0,0.23534347515766854,0.3078780777750233,0.17650760636825139,0.09052845925565263,0.054476680705214796,0.054263432490350344,0.04069757436776276,0.04030469388007629,0.23534347492232505,0.3078780774671452,0.17650760619174377,0.09052845916512417,0.05447668065073811,0.05426343243608691,0.04069757432706518,0.040304693839771595
2025-05-23,1.4525094032287598,15.0,21.5279541015625,event_stress,66.0,65.5,42.5,0.0032949069667773155,0.0032949069667773155,0.003294906963482408,0.0,0.23974138502595094,0.40000000090887416,0.17980603876946316,0.07350808286372869,0.031571932219589476,0.03070422800225363,0.02302817100169023,0.02164016120844977,0.23974138478620954,0.40000000050887413,0.1798060385896571,0.0735080827902206,0.03157193218801754,0.0307042279715494,0.023028170978662058,0.021640161186809607
2025-05-30,1.8257733583450317,15.0,13.998858451843262,bull_normal,66.02000000000001,66.79,41.9,-0.002023683562444067,-0.002023683562444067,-0.0020236835604203825,0.0,0.22927199495596087,0.3523987109707307,0.17195399621697063,0.0792136632498329,0.051534043168259755,0.04822370998466003,0.03616778248849502,0.031236098965090213,0.22927199472668885,0.352398710618332,0.17195399604501663,0.07921366317061923,0.05153404311672571,0.048223709936436314,0.036167782452327234,0.031236098933854112
2025-06-06,1.8340353965759277,15.0,14.363164901733398,bull_normal,61.2,66.4,39.25,0.012347502523414789,0.012347502523414789,0.012347502511067284,0.0,0.23509066779884524,0.3530197411777519,0.1763180008491339,0.0785532254126569,0.04794001687194988,0.0450985871149436,0.0338239403362077,0.03015582043851086,0.23509066756375455,0.35301974082473214,0.1763180006728159,0.07855322533410367,0.04794001682400986,0.04509858706984501,0.033823940302383754,0.030155820408355037
2025-06-13,1.921460747718811,15.0,10.996870040893555,bull_normal,62.3,60.0,52.25,0.0029033264544398086,0.0029033264544398086,0.0029033264515364817,0.0,0.22013716862869914,0.35299751225775383,0.16510287647152433,0.08519068585894783,0.053393413195102504,0.05127549126680142,0.038456618450101065,0.03344623387106986,0.22013716840856196,0.3529975119047563,0.16510287630642143,0.08519068577375714,0.05339341314170909,0.05127549121552592,0.038456618411644446,0.03344623383762362
2025-06-20,1.923772931098938,15.0,10.527689933776855,bull_normal,64.32000000000001,59.95,54.099999999999994,-0.0029631846750747337,-0.0029631846750747337,-0.0029631846721115494,0.0,0.21564751110462652,0.3526208510878621,0.16173563332846988,0.08605936972645901,0.055871480133211485,0.0535895228086022,0.040192142106451646,0.03428348970431716,0.215647510888979,0.35262085073524124,0.16173563316673423,0.08605936964039963,0.05587148007734,0.05358952275501267,0.0401921420662595,0.03428348967003367
2025-06-27,1.970312774181366,15.0,4.751461029052734,bull_normal,62.94,58.8,54.699999999999996,0.00527916713561388,0.00527916713561388,0.0052791671303347104,0.0,0.22332085962815693,0.26776518731030585,0.1674906447211177,0.08540650499452358,0.07456451767928285,0.08342513574246287,0.05348470417252763,0.044542445751622584,0.22332085940483604,0.26776518704254065,0.16749064455362703,0.08540650490911707,0.07456451760471833,0.08342513565903772,0.05348470411904292,0.04454244570708014
2025-07-04,1.9452237486839294,15.0,7.976075172424316,bull_normal,59.7,60.8,39.25,0.010550152481763822,0.010550152481763822,0.010550152471213667,0.0,0.22338001480286562,0.2658894853277963,0.1675350111021492,0.08497035977948846,0.07953309572588034,0.07395004252816209,0.05546253189612157,0.049279458837536455,0.2233800145794856,0.2658894850619068,0.16753501093461418,0.08497035969451809,0.07953309564634724,0.07395004245421204,0.05546253184065903,0.04927945878825699
2025-07-11,1.9559520483016968,15.0,6.842781066894531,bull_normal,65.8,60.7,56.0,0.008420095493290605,0.008420095493290605,0.00842009548487051,0.0,0.19877020113293256,0.31736490068721895,0.1490776508496994,0.09141056131195875,0.0750267611501624,0.07136885667877886,0.05352664250908414,0.04345442568016495,0.19877020093416234,0.31736490036985404,0.14907765070062173,0.09141056122054818,0.07502676107513563,0.07136885660740999,0.053526642455557494,0.04345442563671052
2025-07-18,1.962966799736023,15.0,5.404947280883789,bull_normal,67.32000000000001,62.15,55.75,0.017843839349393723,0.017843839349393723,0.017843839331549885,0.0,0.18989074177788196,0.29952866246314974,0.14241805633341145,0.0921050726730416,0.08622544369550007,0.08114631364647042,0.0608597352348528,0.04782597417569195,0.18989074158799119,0.29952866216362106,0.14241805619099338,0.09210507258093653,0.08622544360927462,0.08114631356532409,0.06085973517399306,0.04782597412786597
2025-07-25,1.9394654035568237,15.0,8.925098419189453,bull_normal,60.3,59.3,42.25,0.004522962280860687,0.004522962280860687,0.004522962276337726,0.0,0.22628524480391357,0.28855569162843175,0.16971393360293516,0.08511008900360675,0.07032109409574962,0.06614733007746541,0.04961049755809906,0.044256119229798746,0.2262852445776283,0.288555691339876,0.16971393343322122,0.08511008891849665,0.07032109402542852,0.06614733001131808,0.04961049750848856,0.044256119185542626
2025-08-01,1.9445477724075317,15.0,8.225475311279297,bull_normal,62.120000000000005,58.75,45.15,-0.0055965218296264154,-0.0055965218296264154,-0.005596521824029894,0.0,0.2204307655367169,0.28922446020012826,0.16532307415253766,0.08631741976141599,0.07304595830200185,0.06883901944772443,0.051629264585793325,0.04519003801368157,0.2204307653162861,0.2892244599109038,0.16532307398721457,0.08631741967509857,0.07304595822895589,0.0688390193788854,0.051629264534164054,0.04519003796849153
2025-08-08,1.9542024731636047,15.0,7.234727382659912,bull_normal,65.8,61.2,57.25,0.012216268722729304,0.012216268722729304,0.012216268710513033,0.0,0.19815033610102747,0.3277175919806869,0.1486127520757706,0.09158019400295567,0.07203889391327534,0.06869913163387102,0.05152434872540326,0.041676751567009875,0.1981503359028771,0.3277175916529692,0.1486127519271578,0.09158019391137545,0.07203889384123642,0.06869913156517186,0.0515243486738789,0.04167675152533311
2025-08-15,1.9467855095863342,15.0,6.238668441772461,bull_normal,69.2,61.1,42.25,0.022343619489318248,0.022343619489318248,0.022343619466974624,0.0,0.20343447952420032,0.24534284547402757,0.15257585964315024,0.08347013654393526,0.1001088348536478,0.09111129489327872,0.06833347116995903,0.05562307789780112,0.20343447932076583,0.24534284522868471,0.15257585949057437,0.08347013646046511,0.10010883475353896,0.09111129480216743,0.06833347110162555,0.055623077842178036
2025-08-22,1.9538769721984863,15.0,5.241056442260742,bull_normal,69.24000000000001,59.95,41.75,0.021848092617103708,0.021848092617103708,0.02184809259525561,0.0,0.20089799275713355,0.2315424736587644,0.15067349456785017,0.08293241288222708,0.10614114877595594,0.09644132842642865,0.07233099631982147,0.059040152611818705,0.20089799255623553,0.23154247342722192,0.15067349441717667,0.08293241279929466,0.10614114866981479,0.09644132832998731,0.07233099624749047,0.05904015255277855
2025-08-29,1.9664705991744995,15.0,4.36397647857666,bull_normal,64.5,61.1,45.5,0.023435473287307787,0.023435473287307787,0.023435473263872315,0.0,0.1981787555896657,0.24543161917013565,0.14863406669224924,0.08770624257791915,0.10036597110284629,0.09270332975317752,0.06952749731488313,0.05745251779912338,0.1981787553914869,0.245431618924704,0.14863406654361516,0.0877062424902129,0.1003659710024803,0.09270332966047419,0.06952749724535562,0.05745251774167086
2025-09-05,1.9612436890602112,15.0,6.463550090789795,bull_normal,58.0,57.0,43.75,-0.004965084560560524,-0.004965084560560524,-0.004965084555595438,0.0,0.22878931862425178,0.25985814243047,0.17159198896818884,0.08588230972078821,0.07583872384256696,0.0750472558406341,0.05396420957147526,0.04902805100162495,0.22878931839546243,0.2598581421706118,0.17159198879659684,0.0858823096349059,0.07583872376672823,0.07504725576558684,0.05396420951751105,0.0490280509525969
2025-09-12,1.9620315432548523,15.0,5.523102760314941,bull_normal,61.6,56.6,42.949999999999996,0.014892724750007332,0.014892724750007332,0.014892724735114608,0.0,0.23315174076818296,0.23295311729313453,0.1748638055761372,0.08122617152243905,0.08248177059327212,0.0859365768948968,0.05800452576361946,0.05138229158831793,0.2331517405350312,0.2329531170601814,0.1748638054012734,0.08122617144121287,0.08248177051079035,0.08593657680896022,0.05800452570561493,0.05138229153693564
2025-09-19,1.9653528928756714,15.0,4.7755608558654785,bull_normal,58.8,55.5,34.25,-0.001972483893967322,-0.001972483893967322,-0.0019724838919948384,0.0,0.22365904507319095,0.2083126995372582,0.16774428380489317,0.0822573298313084,0.0974309464183246,0.09008593480253463,0.06756445110190097,0.0629453094305892,0.2236590448495319,0.20831269932894547,0.16774428363714888,0.08225732974905106,0.09743094632089365,0.09008593471244869,0.06756445103433652,0.06294530936764388
2025-09-26,0.2225477695465088,15.0,38.296531677246094,event_stress,62.5,56.4,45.5,0.0002316663224922945,0.0002316663224922945,0.00023166632226062829,0.0,0.2180562162392545,0.24252217999216646,0.16354216217944084,0.09802484328862669,0.07942223311092998,0.07939269920408434,0.05954452440306325,0.05949514158243395,0.21805621602119826,0.24252217974964427,0.16354216201589866,0.09802484319060184,0.07942223303150775,0.07939269912469164,0.05954452434351872,0.059495141522938805
2025-10-03,1.3565311133861542,15.0,24.008583068847656,event_stress,61.67,55.10999999999999,47.345,0.007882162444914456,0.007882162444914456,0.007882162437032292,0.0,0.2460564061347223,0.40000000058882884,0.18454230460104173,0.07341632776015597,0.02776988174385675,0.027489109124398763,0.020616831843299075,0.02010913820369668,0.24605640588866587,0.4000000001888288,0.1845423044164994,0.07341632768673964,0.027769881716086867,0.02748910909690965,0.02061683182268224,0.02010913818358754
2025-10-10,0.5476343035697937,15.0,31.567935943603516,event_stress,67.2,67.1,45.2,-0.0017753120104434202,-0.0017753120104434202,-0.0017753120086681081,0.0,0.23368987473048097,0.29989419880587437,0.17526740604786067,0.09170391349952603,0.05723606545973544,0.05703432575990121,0.0427757443199259,0.0423984713766955,0.23368987449679107,0.29989419850598015,0.17526740587259326,0.09170391340782211,0.05723606540249937,0.05703432570286688,0.042775744277150154,0.04239847133429703
2025-10-17,0.09578019380569458,15.0,41.91748809814453,event_stress,68.9,67.6,42.3,-0.011478440888021677,-0.011478440888021677,-0.011478440876543237,0.0,0.20839893189708894,0.21834897864109817,0.15629919892281668,0.09947181065637313,0.09072966184250876,0.09071245355911343,0.06803434016933507,0.06800462431166585,0.20839893168869,0.21834897842274917,0.15629919876651746,0.09947181055690131,0.09072966175177909,0.09071245346840097,0.06803434010130073,0.06800462424366122
2025-10-24,0.5845332145690918,15.0,30.05729866027832,event_stress,70.2,74.8,40.55,0.022834287450516383,0.022834287450516383,0.022834287427682096,0.0,0.233862177425244,0.30341926664111435,0.17539663306893297,0.0910133313287742,0.056513943089041944,0.05616009942085415,0.04212007456564061,0.04151447446039787,0.2338621771913818,0.30341926633769506,0.17539663289353633,0.09101333123776087,0.056513943032528,0.056160099364694044,0.04212007452352053,0.04151447441888339
2025-10-31,1.7855542302131653,15.0,15.441778182983398,event_stress,66.1,64.3,45.05,-0.0005079001119772806,-0.0005079001119772806,-0.0005079001114693803,0.0,0.23181986383466666,0.37649675277662126,0.17386489787599999,0.07726900910529581,0.04269278780282379,0.04056798688758014,0.0304259901656851,0.026862711551327308,0.23181986360284676,0.3764967524001245,0.17386489770213506,0.0772690090280268,0.042692787760130996,0.04056798684701215,0.03042599013525911,0.026862711524464594
2025-11-07,1.8728563785552979,15.0,13.207138061523438,bull_normal,61.0,57.5,42.75,0.0060212209937897795,0.0060212209937897795,0.0060212209877685595,0.0,0.2393219862185688,0.3442704736964455,0.1794914896639266,0.07935193771527164,0.04728637419692545,0.045207050949710434,0.03390528821228282,0.03116539934686867,0.23932198597924678,0.344270473352175,0.1794914894844351,0.0793519376359197,0.04728637414963907,0.04520705090450338,0.033905288178377534,0.031165399315703265
2025-11-14,1.8783812522888184,15.0,12.085710525512695,bull_normal,68.0,58.5,47.75,-0.002163852885150997,-0.002163852885150997,-0.002163852882987144,0.0,0.22695327744649438,0.3417519803065201,0.17021495808487078,0.0813489763689464,0.05489587477500978,0.05202894866679051,0.03902171150009288,0.03378427285127511,0.2269532772195411,0.3417519799647681,0.1702149579146558,0.08134897628759742,0.0548958747201139,0.05202894861476156,0.03902171146107116,0.033784272817490836
2025-11-21,1.8890144228935242,15.0,12.60196304321289,bull_normal,63.1,56.8,49.7,-0.023317676889589033,-0.023317676889589033,-0.023317676866271352,0.0,0.23055291662056435,0.3589202310059343,0.17291468746542324,0.0812359915416777,0.04688431420466219,0.04518856394777302,0.03389142296082976,0.030411872253135505,0.2305529163900114,0.358920230647014,0.17291468729250853,0.08123599146044169,0.04688431415777788,0.04518856390258445,0.033891422926938336,0.03041187222272363
2025-11-28,1.9107773303985596,15.0,13.462798118591309,bull_normal,56.5,53.5,59.25,0.01898396327842108,0.01898396327842108,0.018983963259437114,0.0,0.22998568885800194,0.4000000006624913,0.17248926664350142,0.08076173512433325,0.033772343820489506,0.034082832992363275,0.025295941562521764,0.02361219033629749,0.22998568862801624,0.4000000002624913,0.17248926647101215,0.08076173504357151,0.03377234378671716,0.03408283295828044,0.02529594153722582,0.0236121903126853
2025-12-05,1.9148837327957153,15.0,10.849811553955078,bull_normal,54.5,56.0,29.5,-0.0009336962247179733,-0.0009336962247179733,-0.0009336962237842772,0.0,0.2642382972204672,0.25935931140912377,0.1981787229153504,0.07610609836824758,0.059556527478848105,0.05958991246050733,0.04194789081528422,0.04102323933217137,0.2642382969562289,0.25935931114976446,0.19817872271717166,0.07610609829214147,0.05955652741929157,0.05958991240091741,0.04194789077333632,0.04102323929114813
2025-12-12,1.9396520256996155,15.0,9.410663604736328,bull_normal,54.19,53.69,34.84,-0.0012064654587661853,-0.0012064654587661853,-0.0012064654575597185,0.0,0.25384868053704257,0.2630730491303069,0.19038651040278184,0.08047369762163739,0.06251194811160668,0.06137777211870305,0.044574674150600825,0.04375366792732066,0.2538486802831939,0.26307304886723387,0.19038651021239536,0.08047369754116371,0.06251194804909474,0.06137777205732529,0.044574674106026155,0.043753667883567
2025-12-19,1.9468063116073608,15.0,9.18536376953125,bull_normal,59.3,53.1,51.2,-0.0017204069856990854,-0.0017204069856990854,-0.0017204069839786785,0.0,0.27084447476326756,0.2773760820240141,0.20313335607245064,0.07426678306161676,0.04771588328369555,0.05970278773159978,0.03490748710047462,0.03205314596288105,0.27084447449242305,0.27737608174663797,0.20313335586931727,0.07426678298734997,0.04771588323597966,0.05970278767189699,0.034907487065567136,0.0320531459308279
2025-12-26,1.8277154564857483,15.0,16.54559898376465,event_stress,60.2,50.5,54.45,0.016619705015631533,0.016619705015631533,0.016619704999011827,0.0,0.2443846481853937,0.4000000004644011,0.18328848613904528,0.07326397979016434,0.02855926539963619,0.029063899433217997,0.02123726472515881,0.020202455862982697,0.24438464794100903,0.40000000006440106,0.18328848595575678,0.07326397971690035,0.028559265371076923,0.029063899404154096,0.021237264703921545,0.02020245584278024
2026-01-02,1.6555538177490234,15.0,19.414474487304688,event_stress,60.0,60.5,40.75,-0.008935150222524264,-0.008935150222524264,-0.008935150213589111,0.0,0.24353918410299633,0.4000000004743839,0.1826543880772472,0.07186282823133454,0.03006056290930444,0.029192513058601384,0.02189438479395104,0.020796138352181238,0.2435391838594571,0.40000000007438385,0.18265438789459282,0.0718628281594717,0.030060562879243875,0.029192513029408867,0.021894384772056654,0.0207961383313851
2026-01-09,1.8997597098350525,15.0,11.625614166259766,bull_normal,61.34000000000001,61.720000000000006,42.75,0.023230592264821222,0.023230592264821222,0.02323059224159063,0.0,0.23037474737003427,0.32638332152887095,0.17278106052752568,0.08237356854068983,0.05738057206423088,0.05411464706124068,0.04058598529593051,0.03600609761147714,0.2303747471396595,0.3263833212024876,0.1727810603547446,0.08237356845831625,0.0573805720068503,0.05411464700712603,0.04058598525534452,0.03600609757547104
2026-01-16,1.759546935558319,15.0,17.040992736816406,event_stress,61.739999999999995,62.73,43.65,-0.005290867414376639,-0.005290867414376639,-0.005290867409085772,0.0,0.2516032236076882,0.3737405620569528,0.18870241770576612,0.0710848550348205,0.03355540859411282,0.0348823644969924,0.02420202385498225,0.0222291446486849,0.251603223356085,0.3737405616832122,0.18870241751706368,0.07108485496373564,0.033555408560557415,0.03488236446211003,0.024202023830780225,0.022229144626455755
2026-01-23,1.1207293793559074,15.0,26.412689208984375,event_stress,61.34000000000001,60.85,45.949999999999996,-0.0042181777553442715,-0.0042181777553442715,-0.004218177751126094,0.0,0.24395793602593344,0.3837311038980249,0.18296845201945006,0.07688702548047868,0.03240130537000761,0.03237615387422149,0.024088459196116314,0.02358956413576751,0.24395793578197547,0.38373110351429374,0.18296845183648158,0.07688702540359164,0.0324013053376063,0.032376153841845334,0.024088459172027853,0.023589564112177944
2026-01-30,0.5527065694332123,15.0,32.2911262512207,event_stress,58.8,52.0,37.75,0.004045343759776596,0.004045343759776596,0.004045343755731252,0.0,0.235596432694064,0.30057912238443535,0.17669732452054798,0.09129205057241245,0.05604777326623771,0.055947886583314906,0.04195498018107064,0.041884429797917094,0.23559643245846754,0.3005791220838562,0.17669732434385063,0.0912920504811204,0.05604777321018993,0.05594788652736701,0.04195498013911566,0.04188442975603266
2026-02-06,0.366793692111969,15.0,35.58478546142578,event_stress,64.2,66.8,53.55,-0.01267973058988686,-0.01267973058988686,-0.012679730577207126,0.0,0.22647808435638242,0.270020804510929,0.16985856326728677,0.09560113026028147,0.06811299235759428,0.06804400186308268,0.051033001397312004,0.05085142198713145,0.2264780841299043,0.2700208042409082,0.1698585630974282,0.09560113016468033,0.06811299228948128,0.06804400179503868,0.051033001346279,0.05085142193628002
2026-02-13,1.0022919175680727,15.0,27.665264129638672,event_stress,65.6,65.7,55.55,0.007398698545198263,0.007398698545198263,0.007398698537799564,0.0,0.2397285774462554,0.3763153971713104,0.17979643308469156,0.08027910009281455,0.03575985912975631,0.03552078301566302,0.02664058726174726,0.025959262797761527,0.2397285772065268,0.376315396794995,0.1797964329048951,0.08027910001253545,0.03575985909399645,0.03552078298014223,0.02664058723510667,0.02595926277180226
2026-02-20,0.9897433500736952,15.0,27.665264129638672,event_stress,66.22,64.47999999999999,55.05,0.0,0.0,0.0,0.0,0.23993911480327798,0.3736709729663015,0.17995433610245845,0.08061106441315351,0.036311220028266394,0.036072414967107766,0.027054311225330818,0.026386565494103537,0.23993911456333886,0.3736709725926305,0.1799543359225041,0.08061106433254243,0.03631121999195517,0.03607241493103535,0.027054311198276504,0.02638656546771697
2026-02-27,1.7435941100120544,15.0,18.004833221435547,event_stress,64.46000000000001,61.77,57.05,0.011184792820035355,0.011184792820035355,0.01118479280885056,0.0,0.2391036426565247,0.4000000009018583,0.17932773199239346,0.07743502638881071,0.030854765315655293,0.030172530746339236,0.02262939805975442,0.02047690393866387,0.23910364241742105,0.40000000050185824,0.17932773181306572,0.07743502631137568,0.030854765284800526,0.030172530716166702,0.02262939803712502,0.020476903918186965
2026-03-06,1.080121859908104,15.0,26.89455795288086,event_stress,66.2,62.3,56.25,0.014147161274670446,0.014147161274670446,0.014147161260523282,0.0,0.2407029250954901,0.3857624417425334,0.18052719382161755,0.07809114966175146,0.03313979243459765,0.03308739747359462,0.024686219706118465,0.024002880064296853,0.24070292485478714,0.3857624413567709,0.18052719364109035,0.0780911495836603,0.033139792401457854,0.03308739744050722,0.024686219681432243,0.02400288004029397
2026-03-13,0.0437508225440979,15.0,49.55207824707031,event_stress,59.3,64.1,54.2,0.019473423625506997,0.019473423625506997,0.01947342360603358,0.0,0.2040316662257495,0.20850172025670788,0.15302374966931212,0.09983008567199425,0.09560462933617553,0.09560703374889706,0.07170247982463843,0.07169863526652508,0.20403166602171788,0.2085017200482062,0.1530237495162884,0.09983008557216418,0.09560462924057091,0.09560703365329004,0.07170247975293596,0.07169863519482646
2026-03-20,0.04286235570907593,15.0,49.86677169799805,event_stress,60.220000000000006,63.1,56.86,-0.02765275319630884,-0.02765275319630884,-0.02765275316865608,0.0,0.20394871955037683,0.2083370743508144,0.15296153966278261,0.09983667377013836,0.09569186823203875,0.09569165646396627,0.07176810104821855,0.07176436692166421,0.20394871934642808,0.2083370741424773,0.15296153950982105,0.09983667367030168,0.09569186813634688,0.0956916563682746,0.07176810097645045,0.07176436684989984
2026-03-27,0.13985347747802734,15.0,41.9107666015625,event_stress,62.1,64.8,54.9,-0.019943134857061746,-0.019943134857061746,-0.019943134837118612,0.0,0.2120114481076774,0.2270800600998216,0.15900858608075807,0.0990814327015991,0.0865380432031717,0.08652610378201478,0.06489457783651108,0.0648597481884463,0.21201144789566595,0.22708005987274152,0.15900858592174946,0.09908143260251766,0.08653804311663364,0.08652610369548867,0.06489457777161649,0.06485974812358654
2026-04-03,0.8245174735784531,15.0,30.00213623046875,event_stress,62.5,64.0,55.15,-0.015428637351898315,-0.015428637351898315,-0.015428637336469674,0.0,0.23996836659627593,0.35056771575437473,0.17997627494720692,0.08450205613645342,0.04165073807948847,0.041505363617317194,0.031129022712987897,0.030700462155895464,0.23996836635630756,0.350567715403807,0.17997627476723063,0.08450205605195137,0.04165073803783773,0.041505363575811825,0.03112902268185887,0.030700462125195
2026-04-10,0.5753880739212036,15.0,32.401092529296875,event_stress,64.1,65.52000000000001,54.949999999999996,0.02992879194067002,0.02992879194067002,0.02992879191074123,0.0,0.23631092427915962,0.30624970361784287,0.1772331932093697,0.0905267751926356,0.05423591378224377,0.05458702834519397,0.040590927881413365,0.04026553369214104,0.23631092404284867,0.3062497033115931,0.1772331930321365,0.09052677510210883,0.05423591372800785,0.054587028290606944,0.04059092784082243,0.040265533651875504
2026-04-17,0.4163668751716614,15.0,34.855133056640625,event_stress,58.1,67.0,47.75,0.017243279062271508,0.017243279062271508,0.01724327904502823,0.0,0.23027081565958718,0.2777667527657992,0.17270311174469039,0.09418157202958112,0.06428485093798032,0.06464782059960714,0.04815314235620195,0.04799193390655259,0.23027081542931635,0.27776675248803245,0.17270311157198726,0.09418157193539954,0.06428485087369547,0.06464782053495931,0.048153142308048805,0.047991933858560654
2026-04-24,0.4658924341201782,15.0,34.855133056640625,event_stress,55.19,63.65999999999999,50.12,0.008473683996946101,0.008473683996946101,0.008473683988472416,0.0,0.23294895554824796,0.2874181935622788,0.17471171666118593,0.09300878366751099,0.06049202451737331,0.06090129370460563,0.04532539004865397,0.045193642290143485,0.232948955315299,0.2874181932748606,0.1747117164864742,0.0930087835745022,0.06049202445688128,0.060901293643704335,0.045325390003328574,0.04519364224494984
