date,code,weight
2015-01-02,000300.SH,0.18296041599089718
2015-01-02,000852.SH,0.1320210107986443
2015-01-02,CBA02701.CS,0.2681208216363033
2015-01-02,AU9999.SGE,0.21714106773951777
2015-01-02,NH0100.NHF,0.19975668283463735
2015-01-09,000300.SH,0.18001110796287903
2015-01-09,000852.SH,0.12027956461408187
2015-01-09,CBA02701.CS,0.2798360748487297
2015-01-09,AU9999.SGE,0.22010388942710876
2015-01-09,NH0100.NHF,0.19976936214720073
2015-01-16,000300.SH,0.17999999981999998
2015-01-16,000852.SH,0.11999999987999999
2015-01-16,CBA02701.CS,0.27999999972
2015-01-16,AU9999.SGE,0.21999999977999998
2015-01-16,NH0100.NHF,0.1999999998
2015-01-23,000300.SH,0.18026084419498584
2015-01-23,000852.SH,0.122680514571945
2015-01-23,CBA02701.CS,0.2784964225968762
2015-01-23,AU9999.SGE,0.22055999733353474
2015-01-23,NH0100.NHF,0.19800222030265824
2015-01-30,000300.SH,0.17932531699032292
2015-01-30,000852.SH,0.12520623690567764
2015-01-30,CBA02701.CS,0.2776486596797321
2015-01-30,AU9999.SGE,0.22316371719949243
2015-01-30,NH0100.NHF,0.19465606822477485
2015-02-06,000300.SH,0.180012388723051
2015-02-06,000852.SH,0.12167301221309959
2015-02-06,CBA02701.CS,0.2790620484225684
2015-02-06,AU9999.SGE,0.22069711613769033
2015-02-06,NH0100.NHF,0.1985554335035906
2015-02-13,000300.SH,0.1799974581014308
2015-02-13,000852.SH,0.12199909732123611
2015-02-13,CBA02701.CS,0.2788930336016795
2015-02-13,AU9999.SGE,0.22085717254320453
2015-02-13,NH0100.NHF,0.19825323743244894
2015-02-20,000300.SH,0.17780203591891644
2015-02-20,000852.SH,0.12677628797525678
2015-02-20,CBA02701.CS,0.2775710824156743
2015-02-20,AU9999.SGE,0.22644211803840067
2015-02-20,NH0100.NHF,0.19140847465175173
2015-02-27,000300.SH,0.17813254730814082
2015-02-27,000852.SH,0.12862032995148823
2015-02-27,CBA02701.CS,0.2772094348649275
2015-02-27,AU9999.SGE,0.2256993243369551
2015-02-27,NH0100.NHF,0.19033836253848824
2015-03-06,000300.SH,0.17607189310045393
2015-03-06,000852.SH,0.12867379289795416
2015-03-06,CBA02701.CS,0.2778593239359045
2015-03-06,AU9999.SGE,0.22970572889424565
2015-03-06,NH0100.NHF,0.1876892601714417
2015-03-13,000300.SH,0.17976914974065683
2015-03-13,000852.SH,0.12384258867026135
2015-03-13,CBA02701.CS,0.2779735760777461
2015-03-13,AU9999.SGE,0.22205340998310097
2015-03-13,NH0100.NHF,0.19636127452823476
2015-03-20,000300.SH,0.17997414583699148
2015-03-20,000852.SH,0.12450589943990376
2015-03-20,CBA02701.CS,0.2777016996189175
2015-03-20,AU9999.SGE,0.22175095963811892
2015-03-20,NH0100.NHF,0.19606729446606852
2015-03-27,000300.SH,0.17999999981999998
2015-03-27,000852.SH,0.11999999987999999
2015-03-27,CBA02701.CS,0.27999999972
2015-03-27,AU9999.SGE,0.21999999977999998
2015-03-27,NH0100.NHF,0.1999999998
2015-04-03,000300.SH,0.17999999981999998
2015-04-03,000852.SH,0.11999999987999999
2015-04-03,CBA02701.CS,0.27999999972
2015-04-03,AU9999.SGE,0.21999999977999998
2015-04-03,NH0100.NHF,0.1999999998
2015-04-10,000300.SH,0.1799574206201787
2015-04-10,000852.SH,0.12287935805355563
2015-04-10,CBA02701.CS,0.2782985257967281
2015-04-10,AU9999.SGE,0.22144858846403379
2015-04-10,NH0100.NHF,0.1974161060655037
2015-04-17,000300.SH,0.18008508049412897
2015-04-17,000852.SH,0.1216726356565226
2015-04-17,CBA02701.CS,0.2790588169933117
2015-04-17,AU9999.SGE,0.22053267498881657
2015-04-17,NH0100.NHF,0.1986507908672201
2015-04-24,000300.SH,0.17999999981999998
2015-04-24,000852.SH,0.11999999987999999
2015-04-24,CBA02701.CS,0.27999999972
2015-04-24,AU9999.SGE,0.21999999977999998
2015-04-24,NH0100.NHF,0.1999999998
2015-05-01,000300.SH,0.18002314414204357
2015-05-01,000852.SH,0.12118521080399308
2015-05-01,CBA02701.CS,0.27932409635265526
2015-05-01,AU9999.SGE,0.22047382659418446
2015-05-01,NH0100.NHF,0.1989937211071236
2015-05-08,000300.SH,0.17999999981999998
2015-05-08,000852.SH,0.11999999987999999
2015-05-08,CBA02701.CS,0.27999999972
2015-05-08,AU9999.SGE,0.21999999977999998
2015-05-08,NH0100.NHF,0.1999999998
2015-05-15,000300.SH,0.17999999981999998
2015-05-15,000852.SH,0.11999999987999999
2015-05-15,CBA02701.CS,0.27999999972
2015-05-15,AU9999.SGE,0.21999999977999998
2015-05-15,NH0100.NHF,0.1999999998
2015-05-22,000300.SH,0.17999999981999998
2015-05-22,000852.SH,0.11999999987999999
2015-05-22,CBA02701.CS,0.27999999972
2015-05-22,AU9999.SGE,0.21999999977999998
2015-05-22,NH0100.NHF,0.1999999998
2015-05-29,000300.SH,0.17999999981999998
2015-05-29,000852.SH,0.11999999987999999
2015-05-29,CBA02701.CS,0.27999999972
2015-05-29,AU9999.SGE,0.21999999977999998
2015-05-29,NH0100.NHF,0.1999999998
2015-06-05,000300.SH,0.18011535385108088
2015-06-05,000852.SH,0.12132413259105784
2015-06-05,CBA02701.CS,0.27924729941210097
2015-06-05,AU9999.SGE,0.22031939635962966
2015-06-05,NH0100.NHF,0.19899381678613068
2015-06-12,000300.SH,0.18000929745792893
2015-06-12,000852.SH,0.12022783189110986
2015-06-12,CBA02701.CS,0.2798662137683314
2015-06-12,AU9999.SGE,0.22008432331142705
2015-06-12,NH0100.NHF,0.19981233257120287
2015-06-19,000300.SH,0.17999999981999998
2015-06-19,000852.SH,0.11999999987999999
2015-06-19,CBA02701.CS,0.27999999972
2015-06-19,AU9999.SGE,0.21999999977999998
2015-06-19,NH0100.NHF,0.1999999998
2015-06-26,000300.SH,0.17999999981999998
2015-06-26,000852.SH,0.11999999987999999
2015-06-26,CBA02701.CS,0.27999999972
2015-06-26,AU9999.SGE,0.21999999977999998
2015-06-26,NH0100.NHF,0.1999999998
2015-07-03,000300.SH,0.17999999981999998
2015-07-03,000852.SH,0.11999999987999999
2015-07-03,CBA02701.CS,0.27999999972
2015-07-03,AU9999.SGE,0.21999999977999998
2015-07-03,NH0100.NHF,0.1999999998
2015-07-10,000300.SH,0.18002234398662278
2015-07-10,000852.SH,0.12028810470460892
2015-07-10,CBA02701.CS,0.279823838206701
2015-07-10,AU9999.SGE,0.2200902045423261
2015-07-10,NH0100.NHF,0.19977550755974116
2015-07-17,000300.SH,0.18017988838052476
2015-07-17,000852.SH,0.1219502158582791
2015-07-17,CBA02701.CS,0.2789067087487648
2015-07-17,AU9999.SGE,0.22042957755708226
2015-07-17,NH0100.NHF,0.19853360845534912
2015-07-24,000300.SH,0.18010473123168427
2015-07-24,000852.SH,0.12248435005874053
2015-07-24,CBA02701.CS,0.2786349461932474
2015-07-24,AU9999.SGE,0.22080322447697726
2015-07-24,NH0100.NHF,0.19797274703935044
2015-07-31,000300.SH,0.17999999981999998
2015-07-31,000852.SH,0.11999999987999999
2015-07-31,CBA02701.CS,0.27999999972
2015-07-31,AU9999.SGE,0.21999999977999998
2015-07-31,NH0100.NHF,0.1999999998
2015-08-07,000300.SH,0.17953173823787993
2015-08-07,000852.SH,0.1244582039957684
2015-08-07,CBA02701.CS,0.27750345720141284
2015-08-07,AU9999.SGE,0.22301462802125147
2015-08-07,NH0100.NHF,0.19549197154368742
2015-08-14,000300.SH,0.17930925449296356
2015-08-14,000852.SH,0.1251351622395139
2015-08-14,CBA02701.CS,0.2775060035795343
2015-08-14,AU9999.SGE,0.22338122507497263
2015-08-14,NH0100.NHF,0.19466835361301554
2015-08-21,000300.SH,0.17999999981999998
2015-08-21,000852.SH,0.11999999987999999
2015-08-21,CBA02701.CS,0.27999999972
2015-08-21,AU9999.SGE,0.21999999977999998
2015-08-21,NH0100.NHF,0.1999999998
2015-08-28,000300.SH,0.18003367696549008
2015-08-28,000852.SH,0.12389080472973008
2015-08-28,CBA02701.CS,0.2779706870621586
2015-08-28,AU9999.SGE,0.22143408770446468
2015-08-28,NH0100.NHF,0.19667074253815645
2015-09-04,000300.SH,0.17999999981999998
2015-09-04,000852.SH,0.11999999987999999
2015-09-04,CBA02701.CS,0.27999999972
2015-09-04,AU9999.SGE,0.21999999977999998
2015-09-04,NH0100.NHF,0.1999999998
2015-09-11,000300.SH,0.17999999981999998
2015-09-11,000852.SH,0.11999999987999999
2015-09-11,CBA02701.CS,0.27999999972
2015-09-11,AU9999.SGE,0.21999999977999998
2015-09-11,NH0100.NHF,0.1999999998
2015-09-18,000300.SH,0.17999999981999998
2015-09-18,000852.SH,0.11999999987999999
2015-09-18,CBA02701.CS,0.27999999972
2015-09-18,AU9999.SGE,0.21999999977999998
2015-09-18,NH0100.NHF,0.1999999998
2015-09-25,000300.SH,0.17999999981999998
2015-09-25,000852.SH,0.11999999987999999
2015-09-25,CBA02701.CS,0.27999999972
2015-09-25,AU9999.SGE,0.21999999977999998
2015-09-25,NH0100.NHF,0.1999999998
2015-10-02,000300.SH,0.17997278232742653
2015-10-02,000852.SH,0.12236149216657953
2015-10-02,CBA02701.CS,0.2787116295952588
2015-10-02,AU9999.SGE,0.22104631977887904
2015-10-02,NH0100.NHF,0.19790777513185598
2015-10-09,000300.SH,0.17999999981999998
2015-10-09,000852.SH,0.11999999987999999
2015-10-09,CBA02701.CS,0.27999999972
2015-10-09,AU9999.SGE,0.21999999977999998
2015-10-09,NH0100.NHF,0.1999999998
2015-10-16,000300.SH,0.17999999981999998
2015-10-16,000852.SH,0.11999999987999999
2015-10-16,CBA02701.CS,0.27999999972
2015-10-16,AU9999.SGE,0.21999999977999998
2015-10-16,NH0100.NHF,0.1999999998
2015-10-23,000300.SH,0.17999999981999998
2015-10-23,000852.SH,0.11999999987999999
2015-10-23,CBA02701.CS,0.27999999972
2015-10-23,AU9999.SGE,0.21999999977999998
2015-10-23,NH0100.NHF,0.1999999998
2015-10-30,000300.SH,0.17999999981999998
2015-10-30,000852.SH,0.11999999987999999
2015-10-30,CBA02701.CS,0.27999999972
2015-10-30,AU9999.SGE,0.21999999977999998
2015-10-30,NH0100.NHF,0.1999999998
2015-11-06,000300.SH,0.17999999981999998
2015-11-06,000852.SH,0.11999999987999999
2015-11-06,CBA02701.CS,0.27999999972
2015-11-06,AU9999.SGE,0.21999999977999998
2015-11-06,NH0100.NHF,0.1999999998
2015-11-13,000300.SH,0.17987745703752553
2015-11-13,000852.SH,0.123928005957517
2015-11-13,CBA02701.CS,0.2779909767090285
2015-11-13,AU9999.SGE,0.22176422432509202
2015-11-13,NH0100.NHF,0.1964393349708368
2015-11-20,000300.SH,0.18008985592120297
2015-11-20,000852.SH,0.12522661310150007
2015-11-20,CBA02701.CS,0.27719660764501214
2015-11-20,AU9999.SGE,0.22191268563813707
2015-11-20,NH0100.NHF,0.19557423669414747
2015-11-27,000300.SH,0.17999999981999998
2015-11-27,000852.SH,0.11999999987999999
2015-11-27,CBA02701.CS,0.27999999972
2015-11-27,AU9999.SGE,0.21999999977999998
2015-11-27,NH0100.NHF,0.1999999998
2015-12-04,000300.SH,0.17999999981999998
2015-12-04,000852.SH,0.11999999987999999
2015-12-04,CBA02701.CS,0.27999999972
2015-12-04,AU9999.SGE,0.21999999977999998
2015-12-04,NH0100.NHF,0.1999999998
2015-12-11,000300.SH,0.17999999981999998
2015-12-11,000852.SH,0.11999999987999999
2015-12-11,CBA02701.CS,0.27999999972
2015-12-11,AU9999.SGE,0.21999999977999998
2015-12-11,NH0100.NHF,0.1999999998
2015-12-18,000300.SH,0.17318704777282523
2015-12-18,000852.SH,0.12677645716268232
2015-12-18,CBA02701.CS,0.2810716240480563
2015-12-18,AU9999.SGE,0.2330742429396927
2015-12-18,NH0100.NHF,0.1858906270767434
2015-12-25,000300.SH,0.17999999981999998
2015-12-25,000852.SH,0.11999999987999999
2015-12-25,CBA02701.CS,0.27999999972
2015-12-25,AU9999.SGE,0.21999999977999998
2015-12-25,NH0100.NHF,0.1999999998
2016-01-01,000300.SH,0.17999999981999998
2016-01-01,000852.SH,0.11999999987999999
2016-01-01,CBA02701.CS,0.27999999972
2016-01-01,AU9999.SGE,0.21999999977999998
2016-01-01,NH0100.NHF,0.1999999998
2016-01-08,000300.SH,0.17999999981999998
2016-01-08,000852.SH,0.11999999987999999
2016-01-08,CBA02701.CS,0.27999999972
2016-01-08,AU9999.SGE,0.21999999977999998
2016-01-08,NH0100.NHF,0.1999999998
2016-01-15,000300.SH,0.17999999981999998
2016-01-15,000852.SH,0.11999999987999999
2016-01-15,CBA02701.CS,0.27999999972
2016-01-15,AU9999.SGE,0.21999999977999998
2016-01-15,NH0100.NHF,0.1999999998
2016-01-22,000300.SH,0.1800168746189994
2016-01-22,000852.SH,0.12153172633415196
2016-01-22,CBA02701.CS,0.2791368569199526
2016-01-22,AU9999.SGE,0.22063053197678098
2016-01-22,NH0100.NHF,0.19868400915011492
2016-01-29,000300.SH,0.17999999981999998
2016-01-29,000852.SH,0.11999999987999999
2016-01-29,CBA02701.CS,0.27999999972
2016-01-29,AU9999.SGE,0.21999999977999998
2016-01-29,NH0100.NHF,0.1999999998
2016-02-05,000300.SH,0.17986435515489133
2016-02-05,000852.SH,0.12328561759919653
2016-02-05,CBA02701.CS,0.27828280719285137
2016-02-05,AU9999.SGE,0.2215949112131861
2016-02-05,NH0100.NHF,0.1969723078398746
2016-02-12,000300.SH,0.17999999981999998
2016-02-12,000852.SH,0.11999999987999999
2016-02-12,CBA02701.CS,0.27999999972
2016-02-12,AU9999.SGE,0.21999999977999998
2016-02-12,NH0100.NHF,0.1999999998
2016-02-19,000300.SH,0.17999999981999998
2016-02-19,000852.SH,0.11999999987999999
2016-02-19,CBA02701.CS,0.27999999972
2016-02-19,AU9999.SGE,0.21999999977999998
2016-02-19,NH0100.NHF,0.1999999998
2016-02-26,000300.SH,0.17999999981999998
2016-02-26,000852.SH,0.11999999987999999
2016-02-26,CBA02701.CS,0.27999999972
2016-02-26,AU9999.SGE,0.21999999977999998
2016-02-26,NH0100.NHF,0.1999999998
2016-03-04,000300.SH,0.1800127190299173
2016-03-04,000852.SH,0.1203284032749186
2016-03-04,CBA02701.CS,0.27980243439494545
2016-03-04,AU9999.SGE,0.2201285903521051
2016-03-04,NH0100.NHF,0.1997278519481135
2016-03-11,000300.SH,0.17999999981999998
2016-03-11,000852.SH,0.11999999987999999
2016-03-11,CBA02701.CS,0.27999999972
2016-03-11,AU9999.SGE,0.21999999977999998
2016-03-11,NH0100.NHF,0.1999999998
2016-03-18,000300.SH,0.17999999981999998
2016-03-18,000852.SH,0.11999999987999999
2016-03-18,CBA02701.CS,0.27999999972
2016-03-18,AU9999.SGE,0.21999999977999998
2016-03-18,NH0100.NHF,0.1999999998
2016-03-25,000300.SH,0.17999999981999998
2016-03-25,000852.SH,0.11999999987999999
2016-03-25,CBA02701.CS,0.27999999972
2016-03-25,AU9999.SGE,0.21999999977999998
2016-03-25,NH0100.NHF,0.1999999998
2016-04-01,000300.SH,0.17954381383128395
2016-04-01,000852.SH,0.12464215445973294
2016-04-01,CBA02701.CS,0.2777877407762799
2016-04-01,AU9999.SGE,0.22261823019430022
2016-04-01,NH0100.NHF,0.19540805973840292
2016-04-08,000300.SH,0.17999999981999998
2016-04-08,000852.SH,0.11999999987999999
2016-04-08,CBA02701.CS,0.27999999972
2016-04-08,AU9999.SGE,0.21999999977999998
2016-04-08,NH0100.NHF,0.1999999998
2016-04-15,000300.SH,0.17415771920482598
2016-04-15,000852.SH,0.1292434346537697
2016-04-15,CBA02701.CS,0.2802608010868752
2016-04-15,AU9999.SGE,0.2312355321250514
2016-04-15,NH0100.NHF,0.1851025119294778
2016-04-22,000300.SH,0.179976568900803
2016-04-22,000852.SH,0.12231350123368073
2016-04-22,CBA02701.CS,0.27873523962739216
2016-04-22,AU9999.SGE,0.2210205482088828
2016-04-22,NH0100.NHF,0.19795414102924117
2016-04-29,000300.SH,0.1799889151675338
2016-04-29,000852.SH,0.12214006347643483
2016-04-29,CBA02701.CS,0.2788216303316041
2016-04-29,AU9999.SGE,0.2209292763421348
2016-04-29,NH0100.NHF,0.19812011368229232
2016-05-06,000300.SH,0.1797651934206566
2016-05-06,000852.SH,0.12666086626898665
2016-05-06,CBA02701.CS,0.2769221958988034
2016-05-06,AU9999.SGE,0.22267354259525302
2016-05-06,NH0100.NHF,0.19397820081630018
2016-05-13,000300.SH,0.180015640358872
2016-05-13,000852.SH,0.12042705856504253
2016-05-13,CBA02701.CS,0.2797506473199979
2016-05-13,AU9999.SGE,0.22016055153292283
2016-05-13,NH0100.NHF,0.19964610122316467
2016-05-20,000300.SH,0.17999999981999998
2016-05-20,000852.SH,0.11999999987999999
2016-05-20,CBA02701.CS,0.27999999972
2016-05-20,AU9999.SGE,0.21999999977999998
2016-05-20,NH0100.NHF,0.1999999998
2016-05-27,000300.SH,0.1795508914465633
2016-05-27,000852.SH,0.12647549897400379
2016-05-27,CBA02701.CS,0.27684745294932156
2016-05-27,AU9999.SGE,0.22329589692785995
2016-05-27,NH0100.NHF,0.19383025870225135
2016-06-03,000300.SH,0.180011953374164
2016-06-03,000852.SH,0.12010662907440464
2016-06-03,CBA02701.CS,0.2799378624111177
2016-06-03,AU9999.SGE,0.2200213162603228
2016-06-03,NH0100.NHF,0.19992223787999067
2016-06-10,000300.SH,0.1800494824440457
2016-06-10,000852.SH,0.12073687278792412
2016-06-10,CBA02701.CS,0.27956459835719527
2016-06-10,AU9999.SGE,0.22023091770016737
2016-06-10,NH0100.NHF,0.1994181277106674
2016-06-17,000300.SH,0.1801924695132867
2016-06-17,000852.SH,0.12242167364500137
2016-06-17,CBA02701.CS,0.27864376898524734
2016-06-17,AU9999.SGE,0.2206033928636365
2016-06-17,NH0100.NHF,0.19813869399282802
2016-06-24,000300.SH,0.1794489914830031
2016-06-24,000852.SH,0.12541329418417252
2016-06-24,CBA02701.CS,0.27743248657703
2016-06-24,AU9999.SGE,0.22308307847812442
2016-06-24,NH0100.NHF,0.1946221482776697
2016-07-01,000300.SH,0.18002276209559107
2016-07-01,000852.SH,0.12122419195987368
2016-07-01,CBA02701.CS,0.2793027757337968
2016-07-01,AU9999.SGE,0.2204910044663847
2016-07-01,NH0100.NHF,0.19895926474435358
2016-07-08,000300.SH,0.17999999981999998
2016-07-08,000852.SH,0.11999999987999999
2016-07-08,CBA02701.CS,0.27999999972
2016-07-08,AU9999.SGE,0.21999999977999998
2016-07-08,NH0100.NHF,0.1999999998
2016-07-15,000300.SH,0.17999999981999998
2016-07-15,000852.SH,0.11999999987999999
2016-07-15,CBA02701.CS,0.27999999972
2016-07-15,AU9999.SGE,0.21999999977999998
2016-07-15,NH0100.NHF,0.1999999998
2016-07-22,000300.SH,0.18002923298558798
2016-07-22,000852.SH,0.12042024907509506
2016-07-22,CBA02701.CS,0.27972638836663927
2016-07-22,AU9999.SGE,0.22015861979583817
2016-07-22,NH0100.NHF,0.19966550877683947
2016-07-29,000300.SH,0.17999999981999998
2016-07-29,000852.SH,0.11999999987999999
2016-07-29,CBA02701.CS,0.27999999972
2016-07-29,AU9999.SGE,0.21999999977999998
2016-07-29,NH0100.NHF,0.1999999998
2016-08-05,000300.SH,0.17999999981999998
2016-08-05,000852.SH,0.11999999987999999
2016-08-05,CBA02701.CS,0.27999999972
2016-08-05,AU9999.SGE,0.21999999977999998
2016-08-05,NH0100.NHF,0.1999999998
2016-08-12,000300.SH,0.17999974480390757
2016-08-12,000852.SH,0.12190652697561316
2016-08-12,CBA02701.CS,0.2788787526770459
2016-08-12,AU9999.SGE,0.22088829156979653
2016-08-12,NH0100.NHF,0.19832668297363681
2016-08-19,000300.SH,0.1794512302101367
2016-08-19,000852.SH,0.1248328566851015
2016-08-19,CBA02701.CS,0.2776307975586271
2016-08-19,AU9999.SGE,0.22297315100631918
2016-08-19,NH0100.NHF,0.19511196353981541
2016-08-26,000300.SH,0.17999999981999998
2016-08-26,000852.SH,0.11999999987999999
2016-08-26,CBA02701.CS,0.27999999972
2016-08-26,AU9999.SGE,0.21999999977999998
2016-08-26,NH0100.NHF,0.1999999998
2016-09-02,000300.SH,0.17999316265637222
2016-09-02,000852.SH,0.1220372364005335
2016-09-02,CBA02701.CS,0.2788286696276394
2016-09-02,AU9999.SGE,0.22093339220962746
2016-09-02,NH0100.NHF,0.1982075381058273
2016-09-09,000300.SH,0.17999999981999998
2016-09-09,000852.SH,0.11999999987999999
2016-09-09,CBA02701.CS,0.27999999972
2016-09-09,AU9999.SGE,0.21999999977999998
2016-09-09,NH0100.NHF,0.1999999998
2016-09-16,000300.SH,0.17999999981999998
2016-09-16,000852.SH,0.11999999987999999
2016-09-16,CBA02701.CS,0.27999999972
2016-09-16,AU9999.SGE,0.21999999977999998
2016-09-16,NH0100.NHF,0.1999999998
2016-09-23,000300.SH,0.18000274451594928
2016-09-23,000852.SH,0.1200620929357272
2016-09-23,CBA02701.CS,0.2799633702010676
2016-09-23,AU9999.SGE,0.2200226874211221
2016-09-23,NH0100.NHF,0.19994910392613377
2016-09-30,000300.SH,0.17999999981999998
2016-09-30,000852.SH,0.11999999987999999
2016-09-30,CBA02701.CS,0.27999999972
2016-09-30,AU9999.SGE,0.21999999977999998
2016-09-30,NH0100.NHF,0.1999999998
2016-10-07,000300.SH,0.17997964099436206
2016-10-07,000852.SH,0.12368097816460343
2016-10-07,CBA02701.CS,0.27807854207977534
2016-10-07,AU9999.SGE,0.2214794551992461
2016-10-07,NH0100.NHF,0.19678138256201297
2016-10-14,000300.SH,0.18012070916620695
2016-10-14,000852.SH,0.12319676893871405
2016-10-14,CBA02701.CS,0.278280069212289
2016-10-14,AU9999.SGE,0.22102378106462062
2016-10-14,NH0100.NHF,0.19737867061816944
2016-10-21,000300.SH,0.17999999981999998
2016-10-21,000852.SH,0.11999999987999999
2016-10-21,CBA02701.CS,0.27999999972
2016-10-21,AU9999.SGE,0.21999999977999998
2016-10-21,NH0100.NHF,0.1999999998
2016-10-28,000300.SH,0.17999999981999998
2016-10-28,000852.SH,0.11999999987999999
2016-10-28,CBA02701.CS,0.27999999972
2016-10-28,AU9999.SGE,0.21999999977999998
2016-10-28,NH0100.NHF,0.1999999998
2016-11-04,000300.SH,0.18003486474945107
2016-11-04,000852.SH,0.12073930394883593
2016-11-04,CBA02701.CS,0.27957278157446513
2016-11-04,AU9999.SGE,0.22025476297140698
2016-11-04,NH0100.NHF,0.1993982857558409
2016-11-11,000300.SH,0.17999999981999998
2016-11-11,000852.SH,0.11999999987999999
2016-11-11,CBA02701.CS,0.27999999972
2016-11-11,AU9999.SGE,0.21999999977999998
2016-11-11,NH0100.NHF,0.1999999998
2016-11-18,000300.SH,0.17913318263172304
2016-11-18,000852.SH,0.1260064248803944
2016-11-18,CBA02701.CS,0.27697899872267245
2016-11-18,AU9999.SGE,0.22421135243142226
2016-11-18,NH0100.NHF,0.19367004033378796
2016-11-25,000300.SH,0.1800191789366886
2016-11-25,000852.SH,0.12057882399533584
2016-11-25,CBA02701.CS,0.27963558391587656
2016-11-25,AU9999.SGE,0.22025288592799774
2016-11-25,NH0100.NHF,0.19951352622410123
2016-12-02,000300.SH,0.17999999981999998
2016-12-02,000852.SH,0.11999999987999999
2016-12-02,CBA02701.CS,0.27999999972
2016-12-02,AU9999.SGE,0.21999999977999998
2016-12-02,NH0100.NHF,0.1999999998
2016-12-09,000300.SH,0.1800708912757628
2016-12-09,000852.SH,0.1217234405073959
2016-12-09,CBA02701.CS,0.27903235618999506
2016-12-09,AU9999.SGE,0.22058521960426272
2016-12-09,NH0100.NHF,0.19858809142258346
2016-12-16,000300.SH,0.1796428538775226
2016-12-16,000852.SH,0.12567435974093863
2016-12-16,CBA02701.CS,0.2773220631848646
2016-12-16,AU9999.SGE,0.22270601536422763
2016-12-16,NH0100.NHF,0.19465470683244654
2016-12-23,000300.SH,0.17918959741295493
2016-12-23,000852.SH,0.12609677274310704
2016-12-23,CBA02701.CS,0.2771194017486967
2016-12-23,AU9999.SGE,0.22389890646938826
2016-12-23,NH0100.NHF,0.19369532062585307
2016-12-30,000300.SH,0.17613681036716314
2016-12-30,000852.SH,0.1291715619312146
2016-12-30,CBA02701.CS,0.2785620858801426
2016-12-30,AU9999.SGE,0.22863540183229045
2016-12-30,NH0100.NHF,0.18749413898918937
2017-01-06,000300.SH,0.18011124085432142
2017-01-06,000852.SH,0.1242566575487134
2017-01-06,CBA02701.CS,0.27778702113577736
2017-01-06,AU9999.SGE,0.2213884531737139
2017-01-06,NH0100.NHF,0.196456626287474
2017-01-13,000300.SH,0.18001889727129067
2017-01-13,000852.SH,0.1213693486893275
2017-01-13,CBA02701.CS,0.2791558464364521
2017-01-13,AU9999.SGE,0.2206387653192777
2017-01-13,NH0100.NHF,0.19881714128365202
2017-01-20,000300.SH,0.17999999981999998
2017-01-20,000852.SH,0.11999999987999999
2017-01-20,CBA02701.CS,0.27999999972
2017-01-20,AU9999.SGE,0.21999999977999998
2017-01-20,NH0100.NHF,0.1999999998
2017-01-27,000300.SH,0.17999999981999998
2017-01-27,000852.SH,0.11999999987999999
2017-01-27,CBA02701.CS,0.27999999972
2017-01-27,AU9999.SGE,0.21999999977999998
2017-01-27,NH0100.NHF,0.1999999998
2017-02-03,000300.SH,0.18004962168679947
2017-02-03,000852.SH,0.12192305822161127
2017-02-03,CBA02701.CS,0.27892844216294377
2017-02-03,AU9999.SGE,0.22071179672056135
2017-02-03,NH0100.NHF,0.19838708020808402
2017-02-10,000300.SH,0.18002098426310295
2017-02-10,000852.SH,0.12068251934488301
2017-02-10,CBA02701.CS,0.27957216231477405
2017-02-10,AU9999.SGE,0.22029980898665857
2017-02-10,NH0100.NHF,0.19942452409058134
2017-02-17,000300.SH,0.17999999981999998
2017-02-17,000852.SH,0.11999999987999999
2017-02-17,CBA02701.CS,0.27999999972
2017-02-17,AU9999.SGE,0.21999999977999998
2017-02-17,NH0100.NHF,0.1999999998
2017-02-24,000300.SH,0.18002381926620686
2017-02-24,000852.SH,0.12141949839307392
2017-02-24,CBA02701.CS,0.2791812673383066
2017-02-24,AU9999.SGE,0.22058718493203686
2017-02-24,NH0100.NHF,0.19878822907037577
2017-03-03,000300.SH,0.179949881550349
2017-03-03,000852.SH,0.12244877048053854
2017-03-03,CBA02701.CS,0.27842780333458145
2017-03-03,AU9999.SGE,0.2214089725213445
2017-03-03,NH0100.NHF,0.19776457111318643
2017-03-10,000300.SH,0.18001371397108307
2017-03-10,000852.SH,0.1203602664402428
2017-03-10,CBA02701.CS,0.27976780250489164
2017-03-10,AU9999.SGE,0.22015951172240505
2017-03-10,NH0100.NHF,0.19969870436137727
2017-03-17,000300.SH,0.17999999981999998
2017-03-17,000852.SH,0.11999999987999999
2017-03-17,CBA02701.CS,0.27999999972
2017-03-17,AU9999.SGE,0.21999999977999998
2017-03-17,NH0100.NHF,0.1999999998
2017-03-24,000300.SH,0.17999999981999998
2017-03-24,000852.SH,0.11999999987999999
2017-03-24,CBA02701.CS,0.27999999972
2017-03-24,AU9999.SGE,0.21999999977999998
2017-03-24,NH0100.NHF,0.1999999998
2017-03-31,000300.SH,0.18002388309174167
2017-03-31,000852.SH,0.12103246797179973
2017-03-31,CBA02701.CS,0.2794082416791488
2017-03-31,AU9999.SGE,0.22040757407538417
2017-03-31,NH0100.NHF,0.19912783218192573
2017-04-07,000300.SH,0.17985725441956793
2017-04-07,000852.SH,0.12412278520900494
2017-04-07,CBA02701.CS,0.27791033673735155
2017-04-07,AU9999.SGE,0.2218624424577802
2017-04-07,NH0100.NHF,0.19624718017629536
2017-04-14,000300.SH,0.18001620149815675
2017-04-14,000852.SH,0.12148002718195068
2017-04-14,CBA02701.CS,0.27909385848549156
2017-04-14,AU9999.SGE,0.22069294805469436
2017-04-14,NH0100.NHF,0.19871696377970635
2017-04-21,000300.SH,0.18000052675066597
2017-04-21,000852.SH,0.12188626837324842
2017-04-21,CBA02701.CS,0.2788829562398903
2017-04-21,AU9999.SGE,0.22088597047280203
2017-04-21,NH0100.NHF,0.19834427716339323
2017-04-28,000300.SH,0.17999350506327305
2017-04-28,000852.SH,0.1258422712685768
2017-04-28,CBA02701.CS,0.2771480861775368
2017-04-28,AU9999.SGE,0.2220595779877281
2017-04-28,NH0100.NHF,0.19495655850288535
2017-05-05,000300.SH,0.17999999981999998
2017-05-05,000852.SH,0.11999999987999999
2017-05-05,CBA02701.CS,0.27999999972
2017-05-05,AU9999.SGE,0.21999999977999998
2017-05-05,NH0100.NHF,0.1999999998
2017-05-12,000300.SH,0.17999999981999998
2017-05-12,000852.SH,0.11999999987999999
2017-05-12,CBA02701.CS,0.27999999972
2017-05-12,AU9999.SGE,0.21999999977999998
2017-05-12,NH0100.NHF,0.1999999998
2017-05-19,000300.SH,0.17999999981999998
2017-05-19,000852.SH,0.11999999987999999
2017-05-19,CBA02701.CS,0.27999999972
2017-05-19,AU9999.SGE,0.21999999977999998
2017-05-19,NH0100.NHF,0.1999999998
2017-05-26,000300.SH,0.17999999981999998
2017-05-26,000852.SH,0.11999999987999999
2017-05-26,CBA02701.CS,0.27999999972
2017-05-26,AU9999.SGE,0.21999999977999998
2017-05-26,NH0100.NHF,0.1999999998
2017-06-02,000300.SH,0.17999999981999998
2017-06-02,000852.SH,0.11999999987999999
2017-06-02,CBA02701.CS,0.27999999972
2017-06-02,AU9999.SGE,0.21999999977999998
2017-06-02,NH0100.NHF,0.1999999998
2017-06-09,000300.SH,0.1792660294456661
2017-06-09,000852.SH,0.1253339093896205
2017-06-09,CBA02701.CS,0.27762500445044697
2017-06-09,AU9999.SGE,0.22330089063993114
2017-06-09,NH0100.NHF,0.19447416507433524
2017-06-16,000300.SH,0.17999999981999998
2017-06-16,000852.SH,0.11999999987999999
2017-06-16,CBA02701.CS,0.27999999972
2017-06-16,AU9999.SGE,0.21999999977999998
2017-06-16,NH0100.NHF,0.1999999998
2017-06-23,000300.SH,0.17999999981999998
2017-06-23,000852.SH,0.11999999987999999
2017-06-23,CBA02701.CS,0.27999999972
2017-06-23,AU9999.SGE,0.21999999977999998
2017-06-23,NH0100.NHF,0.1999999998
2017-06-30,000300.SH,0.1797184264196214
2017-06-30,000852.SH,0.1281052554314526
2017-06-30,CBA02701.CS,0.2764339008959361
2017-06-30,AU9999.SGE,0.223036441667901
2017-06-30,NH0100.NHF,0.19270597458508895
2017-07-07,000300.SH,0.18014350530662976
2017-07-07,000852.SH,0.121413831252834
2017-07-07,CBA02701.CS,0.2791978477944827
2017-07-07,AU9999.SGE,0.2202921790523538
2017-07-07,NH0100.NHF,0.19895263559369966
2017-07-14,000300.SH,0.17940557565941417
2017-07-14,000852.SH,0.12484232090373609
2017-07-14,CBA02701.CS,0.27746689309568306
2017-07-14,AU9999.SGE,0.22326643743335356
2017-07-14,NH0100.NHF,0.19501877190781305
2017-07-21,000300.SH,0.17999999981999998
2017-07-21,000852.SH,0.11999999987999999
2017-07-21,CBA02701.CS,0.27999999972
2017-07-21,AU9999.SGE,0.21999999977999998
2017-07-21,NH0100.NHF,0.1999999998
2017-07-28,000300.SH,0.17999999981999998
2017-07-28,000852.SH,0.11999999987999999
2017-07-28,CBA02701.CS,0.27999999972
2017-07-28,AU9999.SGE,0.21999999977999998
2017-07-28,NH0100.NHF,0.1999999998
2017-08-04,000300.SH,0.1800388752627944
2017-08-04,000852.SH,0.12085400159586235
2017-08-04,CBA02701.CS,0.27950811897693023
2017-08-04,AU9999.SGE,0.2202956536843982
2017-08-04,NH0100.NHF,0.19930334948001474
2017-08-11,000300.SH,0.17943213134575042
2017-08-11,000852.SH,0.12495139100307728
2017-08-11,CBA02701.CS,0.27770505036481263
2017-08-11,AU9999.SGE,0.22290597977475685
2017-08-11,NH0100.NHF,0.19500544651160284
2017-08-18,000300.SH,0.17999999981999998
2017-08-18,000852.SH,0.11999999987999999
2017-08-18,CBA02701.CS,0.27999999972
2017-08-18,AU9999.SGE,0.21999999977999998
2017-08-18,NH0100.NHF,0.1999999998
2017-08-25,000300.SH,0.1783711559061304
2017-08-25,000852.SH,0.12657483130590663
2017-08-25,CBA02701.CS,0.27764858948819615
2017-08-25,AU9999.SGE,0.22507837077244253
2017-08-25,NH0100.NHF,0.19232705152732418
2017-09-01,000300.SH,0.17999999981999998
2017-09-01,000852.SH,0.11999999987999999
2017-09-01,CBA02701.CS,0.27999999972
2017-09-01,AU9999.SGE,0.21999999977999998
2017-09-01,NH0100.NHF,0.1999999998
2017-09-08,000300.SH,0.18000244636053195
2017-09-08,000852.SH,0.121904956958101
2017-09-08,CBA02701.CS,0.27894128869187107
2017-09-08,AU9999.SGE,0.22081001948676862
2017-09-08,NH0100.NHF,0.19834128750272728
2017-09-15,000300.SH,0.17999999981999998
2017-09-15,000852.SH,0.11999999987999999
2017-09-15,CBA02701.CS,0.27999999972
2017-09-15,AU9999.SGE,0.21999999977999998
2017-09-15,NH0100.NHF,0.1999999998
2017-09-22,000300.SH,0.1801391992179636
2017-09-22,000852.SH,0.12215708314632619
2017-09-22,CBA02701.CS,0.2788000922737756
2017-09-22,AU9999.SGE,0.22060267475088466
2017-09-22,NH0100.NHF,0.1983009496110498
2017-09-29,000300.SH,0.1790522481058134
2017-09-29,000852.SH,0.12631007556243423
2017-09-29,CBA02701.CS,0.2773735379279714
2017-09-29,AU9999.SGE,0.22387696019832168
2017-09-29,NH0100.NHF,0.19338717720545923
2017-10-06,000300.SH,0.17999999981999998
2017-10-06,000852.SH,0.11999999987999999
2017-10-06,CBA02701.CS,0.27999999972
2017-10-06,AU9999.SGE,0.21999999977999998
2017-10-06,NH0100.NHF,0.1999999998
2017-10-13,000300.SH,0.17999999981999998
2017-10-13,000852.SH,0.11999999987999999
2017-10-13,CBA02701.CS,0.27999999972
2017-10-13,AU9999.SGE,0.21999999977999998
2017-10-13,NH0100.NHF,0.1999999998
2017-10-20,000300.SH,0.18016162043585926
2017-10-20,000852.SH,0.12406066077160692
2017-10-20,CBA02701.CS,0.27785800123035814
2017-10-20,AU9999.SGE,0.22123182224979726
2017-10-20,NH0100.NHF,0.19668789431237826
2017-10-27,000300.SH,0.18000635654501698
2017-10-27,000852.SH,0.12182252039594156
2017-10-27,CBA02701.CS,0.2789839089007415
2017-10-27,AU9999.SGE,0.22076936704791483
2017-10-27,NH0100.NHF,0.19841784611038504
2017-11-03,000300.SH,0.17999999981999998
2017-11-03,000852.SH,0.11999999987999999
2017-11-03,CBA02701.CS,0.27999999972
2017-11-03,AU9999.SGE,0.21999999977999998
2017-11-03,NH0100.NHF,0.1999999998
2017-11-10,000300.SH,0.18003238011822464
2017-11-10,000852.SH,0.12353222251402811
2017-11-10,CBA02701.CS,0.2781363962771791
2017-11-10,AU9999.SGE,0.22132239995794675
2017-11-10,NH0100.NHF,0.1969766001326214
2017-11-17,000300.SH,0.17999999981999998
2017-11-17,000852.SH,0.11999999987999999
2017-11-17,CBA02701.CS,0.27999999972
2017-11-17,AU9999.SGE,0.21999999977999998
2017-11-17,NH0100.NHF,0.1999999998
2017-11-24,000300.SH,0.17999999981999998
2017-11-24,000852.SH,0.11999999987999999
2017-11-24,CBA02701.CS,0.27999999972
2017-11-24,AU9999.SGE,0.21999999977999998
2017-11-24,NH0100.NHF,0.1999999998
2017-12-01,000300.SH,0.17999999981999998
2017-12-01,000852.SH,0.11999999987999999
2017-12-01,CBA02701.CS,0.27999999972
2017-12-01,AU9999.SGE,0.21999999977999998
2017-12-01,NH0100.NHF,0.1999999998
2017-12-08,000300.SH,0.18001635437216132
2017-12-08,000852.SH,0.12035082834611681
2017-12-08,CBA02701.CS,0.27979491234892184
2017-12-08,AU9999.SGE,0.22012406079496993
2017-12-08,NH0100.NHF,0.19971384313783014
2017-12-15,000300.SH,0.18002322899038328
2017-12-15,000852.SH,0.12034677145586152
2017-12-15,CBA02701.CS,0.2797977662500411
2017-12-15,AU9999.SGE,0.22010571756451433
2017-12-15,NH0100.NHF,0.1997265147391999
2017-12-22,000300.SH,0.18012815600773824
2017-12-22,000852.SH,0.1213490532717706
2017-12-22,CBA02701.CS,0.27923354899252495
2017-12-22,AU9999.SGE,0.22030031845448925
2017-12-22,NH0100.NHF,0.19898892227347684
2017-12-29,000300.SH,0.18011762506727674
2017-12-29,000852.SH,0.12434587756099415
2017-12-29,CBA02701.CS,0.2774635886668095
2017-12-29,AU9999.SGE,0.22172872784624645
2017-12-29,NH0100.NHF,0.19634417985867297
2018-01-05,000300.SH,0.17999999981999998
2018-01-05,000852.SH,0.11999999987999999
2018-01-05,CBA02701.CS,0.27999999972
2018-01-05,AU9999.SGE,0.21999999977999998
2018-01-05,NH0100.NHF,0.1999999998
2018-01-12,000300.SH,0.17999999981999998
2018-01-12,000852.SH,0.11999999987999999
2018-01-12,CBA02701.CS,0.27999999972
2018-01-12,AU9999.SGE,0.21999999977999998
2018-01-12,NH0100.NHF,0.1999999998
2018-01-19,000300.SH,0.17999999981999998
2018-01-19,000852.SH,0.11999999987999999
2018-01-19,CBA02701.CS,0.27999999972
2018-01-19,AU9999.SGE,0.21999999977999998
2018-01-19,NH0100.NHF,0.1999999998
2018-01-26,000300.SH,0.17997157371341063
2018-01-26,000852.SH,0.12237638681245464
2018-01-26,CBA02701.CS,0.2787043284700123
2018-01-26,AU9999.SGE,0.2210543649034099
2018-01-26,NH0100.NHF,0.19789334510071244
2018-02-02,000300.SH,0.17999999981999998
2018-02-02,000852.SH,0.11999999987999999
2018-02-02,CBA02701.CS,0.27999999972
2018-02-02,AU9999.SGE,0.21999999977999998
2018-02-02,NH0100.NHF,0.1999999998
2018-02-09,000300.SH,0.18001926581632172
2018-02-09,000852.SH,0.12058046706807786
2018-02-09,CBA02701.CS,0.27964623875496325
2018-02-09,AU9999.SGE,0.22024000384300052
2018-02-09,NH0100.NHF,0.1995140235176366
2018-02-16,000300.SH,0.17935091733340913
2018-02-16,000852.SH,0.12582257074560313
2018-02-16,CBA02701.CS,0.2773375185725615
2018-02-16,AU9999.SGE,0.22333204066557585
2018-02-16,NH0100.NHF,0.19415695168285027
2018-02-23,000300.SH,0.1800168721061714
2018-02-23,000852.SH,0.12047353902142799
2018-02-23,CBA02701.CS,0.27972388253794733
2018-02-23,AU9999.SGE,0.2201786817735386
2018-02-23,NH0100.NHF,0.19960702356091456
2018-03-02,000300.SH,0.17999999981999998
2018-03-02,000852.SH,0.11999999987999999
2018-03-02,CBA02701.CS,0.27999999972
2018-03-02,AU9999.SGE,0.21999999977999998
2018-03-02,NH0100.NHF,0.1999999998
2018-03-09,000300.SH,0.18004374295569525
2018-03-09,000852.SH,0.12056180807714417
2018-03-09,CBA02701.CS,0.2796588761626245
2018-03-09,AU9999.SGE,0.220172733181457
2018-03-09,NH0100.NHF,0.19956283862307897
2018-03-16,000300.SH,0.17895172423983968
2018-03-16,000852.SH,0.12588962113511123
2018-03-16,CBA02701.CS,0.2775667940473651
2018-03-16,AU9999.SGE,0.22397637554083666
2018-03-16,NH0100.NHF,0.19361548403684722
2018-03-23,000300.SH,0.18000834174519187
2018-03-23,000852.SH,0.12190382502139317
2018-03-23,CBA02701.CS,0.27891418562417974
2018-03-23,AU9999.SGE,0.2208279756006653
2018-03-23,NH0100.NHF,0.1983456710085697
2018-03-30,000300.SH,0.18005530373108283
2018-03-30,000852.SH,0.12221241570473246
2018-03-30,CBA02701.CS,0.27875920777981034
2018-03-30,AU9999.SGE,0.2208322855574254
2018-03-30,NH0100.NHF,0.19814078622694883
2018-04-06,000300.SH,0.17982155305619832
2018-04-06,000852.SH,0.12353873677619592
2018-04-06,CBA02701.CS,0.2781788806918503
2018-04-06,AU9999.SGE,0.22175984970929621
2018-04-06,NH0100.NHF,0.19670097876645926
2018-04-13,000300.SH,0.17999999981999998
2018-04-13,000852.SH,0.11999999987999999
2018-04-13,CBA02701.CS,0.27999999972
2018-04-13,AU9999.SGE,0.21999999977999998
2018-04-13,NH0100.NHF,0.1999999998
2018-04-20,000300.SH,0.17999999981999998
2018-04-20,000852.SH,0.11999999987999999
2018-04-20,CBA02701.CS,0.27999999972
2018-04-20,AU9999.SGE,0.21999999977999998
2018-04-20,NH0100.NHF,0.1999999998
2018-04-27,000300.SH,0.17999999981999998
2018-04-27,000852.SH,0.11999999987999999
2018-04-27,CBA02701.CS,0.27999999972
2018-04-27,AU9999.SGE,0.21999999977999998
2018-04-27,NH0100.NHF,0.1999999998
2018-05-04,000300.SH,0.17999999981999998
2018-05-04,000852.SH,0.11999999987999999
2018-05-04,CBA02701.CS,0.27999999972
2018-05-04,AU9999.SGE,0.21999999977999998
2018-05-04,NH0100.NHF,0.1999999998
2018-05-11,000300.SH,0.17933912989722367
2018-05-11,000852.SH,0.1251751751681212
2018-05-11,CBA02701.CS,0.27765490117755764
2018-05-11,AU9999.SGE,0.22313119620047708
2018-05-11,NH0100.NHF,0.19469959655662025
2018-05-18,000300.SH,0.17999999981999998
2018-05-18,000852.SH,0.11999999987999999
2018-05-18,CBA02701.CS,0.27999999972
2018-05-18,AU9999.SGE,0.21999999977999998
2018-05-18,NH0100.NHF,0.1999999998
2018-05-25,000300.SH,0.18012765587349228
2018-05-25,000852.SH,0.12355366356750122
2018-05-25,CBA02701.CS,0.27810812364007015
2018-05-25,AU9999.SGE,0.22112996921133388
2018-05-25,NH0100.NHF,0.1970805867076024
2018-06-01,000300.SH,0.18004779425996836
2018-06-01,000852.SH,0.12063177604393593
2018-06-01,CBA02701.CS,0.27963461967424225
2018-06-01,AU9999.SGE,0.2201763885073086
2018-06-01,NH0100.NHF,0.19950942051454484
2018-06-08,000300.SH,0.17990986125582584
2018-06-08,000852.SH,0.12383693157785314
2018-06-08,CBA02701.CS,0.27802371792674824
2018-06-08,AU9999.SGE,0.2216709023649566
2018-06-08,NH0100.NHF,0.19655858587461617
2018-06-15,000300.SH,0.17953752009278334
2018-06-15,000852.SH,0.12654374457291812
2018-06-15,CBA02701.CS,0.2770497867680249
2018-06-15,AU9999.SGE,0.22307807899999227
2018-06-15,NH0100.NHF,0.19379086856628142
2018-06-22,000300.SH,0.17999999981999998
2018-06-22,000852.SH,0.11999999987999999
2018-06-22,CBA02701.CS,0.27999999972
2018-06-22,AU9999.SGE,0.21999999977999998
2018-06-22,NH0100.NHF,0.1999999998
2018-06-29,000300.SH,0.17987093644531374
2018-06-29,000852.SH,0.12324477909505624
2018-06-29,CBA02701.CS,0.27830266167252943
2018-06-29,AU9999.SGE,0.22156547925916686
2018-06-29,NH0100.NHF,0.19701614252793376
2018-07-06,000300.SH,0.17999999981999998
2018-07-06,000852.SH,0.11999999987999999
2018-07-06,CBA02701.CS,0.27999999972
2018-07-06,AU9999.SGE,0.21999999977999998
2018-07-06,NH0100.NHF,0.1999999998
2018-07-13,000300.SH,0.17999999981999998
2018-07-13,000852.SH,0.11999999987999999
2018-07-13,CBA02701.CS,0.27999999972
2018-07-13,AU9999.SGE,0.21999999977999998
2018-07-13,NH0100.NHF,0.1999999998
2018-07-20,000300.SH,0.18009447552117339
2018-07-20,000852.SH,0.12112482124930135
2018-07-20,CBA02701.CS,0.27934632470803145
2018-07-20,AU9999.SGE,0.22029597035364065
2018-07-20,NH0100.NHF,0.19913840716785303
2018-07-27,000300.SH,0.17999999981999998
2018-07-27,000852.SH,0.11999999987999999
2018-07-27,CBA02701.CS,0.27999999972
2018-07-27,AU9999.SGE,0.21999999977999998
2018-07-27,NH0100.NHF,0.1999999998
2018-08-03,000300.SH,0.17999999981999998
2018-08-03,000852.SH,0.11999999987999999
2018-08-03,CBA02701.CS,0.27999999972
2018-08-03,AU9999.SGE,0.21999999977999998
2018-08-03,NH0100.NHF,0.1999999998
2018-08-10,000300.SH,0.17999999981999998
2018-08-10,000852.SH,0.11999999987999999
2018-08-10,CBA02701.CS,0.27999999972
2018-08-10,AU9999.SGE,0.21999999977999998
2018-08-10,NH0100.NHF,0.1999999998
2018-08-17,000300.SH,0.17999999981999998
2018-08-17,000852.SH,0.11999999987999999
2018-08-17,CBA02701.CS,0.27999999972
2018-08-17,AU9999.SGE,0.21999999977999998
2018-08-17,NH0100.NHF,0.1999999998
2018-08-24,000300.SH,0.18004160390614662
2018-08-24,000852.SH,0.12064782738392578
2018-08-24,CBA02701.CS,0.27962513704389325
2018-08-24,AU9999.SGE,0.22019824050493136
2018-08-24,NH0100.NHF,0.19948719016110286
2018-08-31,000300.SH,0.17999999981999998
2018-08-31,000852.SH,0.11999999987999999
2018-08-31,CBA02701.CS,0.27999999972
2018-08-31,AU9999.SGE,0.21999999977999998
2018-08-31,NH0100.NHF,0.1999999998
2018-09-07,000300.SH,0.17999999981999998
2018-09-07,000852.SH,0.11999999987999999
2018-09-07,CBA02701.CS,0.27999999972
2018-09-07,AU9999.SGE,0.21999999977999998
2018-09-07,NH0100.NHF,0.1999999998
2018-09-14,000300.SH,0.17966633944127414
2018-09-14,000852.SH,0.12423290133125554
2018-09-14,CBA02701.CS,0.27791728782938463
2018-09-14,AU9999.SGE,0.22227265574521954
2018-09-14,NH0100.NHF,0.19591081465286603
2018-09-21,000300.SH,0.18015919997421978
2018-09-21,000852.SH,0.12336155369192008
2018-09-21,CBA02701.CS,0.27819432269390154
2018-09-21,AU9999.SGE,0.2209984932117642
2018-09-21,NH0100.NHF,0.19728642942819433
2018-09-28,000300.SH,0.17999999981999998
2018-09-28,000852.SH,0.11999999987999999
2018-09-28,CBA02701.CS,0.27999999972
2018-09-28,AU9999.SGE,0.21999999977999998
2018-09-28,NH0100.NHF,0.1999999998
2018-10-05,000300.SH,0.17999999981999998
2018-10-05,000852.SH,0.11999999987999999
2018-10-05,CBA02701.CS,0.27999999972
2018-10-05,AU9999.SGE,0.21999999977999998
2018-10-05,NH0100.NHF,0.1999999998
2018-10-12,000300.SH,0.17999999981999998
2018-10-12,000852.SH,0.11999999987999999
2018-10-12,CBA02701.CS,0.27999999972
2018-10-12,AU9999.SGE,0.21999999977999998
2018-10-12,NH0100.NHF,0.1999999998
2018-10-19,000300.SH,0.180015690135593
2018-10-19,000852.SH,0.12020246868564745
2018-10-19,CBA02701.CS,0.2798816432140945
2018-10-19,AU9999.SGE,0.22005712298999922
2018-10-19,NH0100.NHF,0.19984307397466586
2018-10-26,000300.SH,0.1800235243505364
2018-10-26,000852.SH,0.12089202135356131
2018-10-26,CBA02701.CS,0.2794864390935831
2018-10-26,AU9999.SGE,0.22034810248708683
2018-10-26,NH0100.NHF,0.19924991171523249
2018-11-02,000300.SH,0.17989980395106375
2018-11-02,000852.SH,0.12704924809285853
2018-11-02,CBA02701.CS,0.2766342983082086
2018-11-02,AU9999.SGE,0.22261162006043508
2018-11-02,NH0100.NHF,0.19380502858743398
2018-11-09,000300.SH,0.180022554869855
2018-11-09,000852.SH,0.12080350533731728
2018-11-09,CBA02701.CS,0.27951127442632445
2018-11-09,AU9999.SGE,0.22034062889759565
2018-11-09,NH0100.NHF,0.19932203546890753
2018-11-16,000300.SH,0.18004448757341404
2018-11-16,000852.SH,0.12043824599484755
2018-11-16,CBA02701.CS,0.2797460526034689
2018-11-16,AU9999.SGE,0.2200966910003537
2018-11-16,NH0100.NHF,0.19967452182791573
2018-11-23,000300.SH,0.17999999981999998
2018-11-23,000852.SH,0.11999999987999999
2018-11-23,CBA02701.CS,0.27999999972
2018-11-23,AU9999.SGE,0.21999999977999998
2018-11-23,NH0100.NHF,0.1999999998
2018-11-30,000300.SH,0.1793639147716389
2018-11-30,000852.SH,0.12511810295385173
2018-11-30,CBA02701.CS,0.2776668423233476
2018-11-30,AU9999.SGE,0.2230722718534109
2018-11-30,NH0100.NHF,0.19477886709775077
2018-12-07,000300.SH,0.18002132964631032
2018-12-07,000852.SH,0.12050460947428589
2018-12-07,CBA02701.CS,0.27970623961319546
2018-12-07,AU9999.SGE,0.22018210177254946
2018-12-07,NH0100.NHF,0.19958571849365905
2018-12-14,000300.SH,0.18002230661792276
2018-12-14,000852.SH,0.1218498978014799
2018-12-14,CBA02701.CS,0.2789685205476672
2018-12-14,AU9999.SGE,0.2207443699199947
2018-12-14,NH0100.NHF,0.1984149041129353
2018-12-21,000300.SH,0.179605099736275
2018-12-21,000852.SH,0.12428665280826136
2018-12-21,CBA02701.CS,0.27764823762490604
2018-12-21,AU9999.SGE,0.22271415913406187
2018-12-21,NH0100.NHF,0.19574584969649572
2018-12-28,000300.SH,0.17999999981999998
2018-12-28,000852.SH,0.11999999987999999
2018-12-28,CBA02701.CS,0.27999999972
2018-12-28,AU9999.SGE,0.21999999977999998
2018-12-28,NH0100.NHF,0.1999999998
2019-01-04,000300.SH,0.17999999981999998
2019-01-04,000852.SH,0.11999999987999999
2019-01-04,CBA02701.CS,0.27999999972
2019-01-04,AU9999.SGE,0.21999999977999998
2019-01-04,NH0100.NHF,0.1999999998
2019-01-11,000300.SH,0.17991813433486453
2019-01-11,000852.SH,0.1248118491131597
2019-01-11,CBA02701.CS,0.27759668806342047
2019-01-11,AU9999.SGE,0.22193637903895239
2019-01-11,NH0100.NHF,0.19573694844960288
2019-01-18,000300.SH,0.18001844462241906
2019-01-18,000852.SH,0.12054120159824541
2019-01-18,CBA02701.CS,0.2796715409186
2019-01-18,AU9999.SGE,0.22022106544916997
2019-01-18,NH0100.NHF,0.1995477464115655
2019-01-25,000300.SH,0.17854635693661056
2019-01-25,000852.SH,0.12740207243400575
2019-01-25,CBA02701.CS,0.27729584904992716
2019-01-25,AU9999.SGE,0.2249032294009063
2019-01-25,NH0100.NHF,0.19185249117855022
2019-02-01,000300.SH,0.17999999981999998
2019-02-01,000852.SH,0.11999999987999999
2019-02-01,CBA02701.CS,0.27999999972
2019-02-01,AU9999.SGE,0.21999999977999998
2019-02-01,NH0100.NHF,0.1999999998
2019-02-08,000300.SH,0.1800024165840455
2019-02-08,000852.SH,0.12005448441352215
2019-02-08,CBA02701.CS,0.2799678518964333
2019-02-08,AU9999.SGE,0.22001989571633837
2019-02-08,NH0100.NHF,0.1999553503896607
2019-02-15,000300.SH,0.1786455700379103
2019-02-15,000852.SH,0.12628682009354741
2019-02-15,CBA02701.CS,0.2775791589712828
2019-02-15,AU9999.SGE,0.22458539167944983
2019-02-15,NH0100.NHF,0.19290305821780945
2019-02-22,000300.SH,0.17996948406409569
2019-02-22,000852.SH,0.12405964689883946
2019-02-22,CBA02701.CS,0.27790952651078993
2019-02-22,AU9999.SGE,0.22161716519018992
2019-02-22,NH0100.NHF,0.19644417633608485
2019-03-01,000300.SH,0.1800508159630144
2019-03-01,000852.SH,0.12105247304031952
2019-03-01,CBA02701.CS,0.2793973497889746
2019-03-01,AU9999.SGE,0.22035353626703777
2019-03-01,NH0100.NHF,0.19914582394065367
2019-03-08,000300.SH,0.17999999981999998
2019-03-08,000852.SH,0.11999999987999999
2019-03-08,CBA02701.CS,0.27999999972
2019-03-08,AU9999.SGE,0.21999999977999998
2019-03-08,NH0100.NHF,0.1999999998
2019-03-15,000300.SH,0.1794933368297114
2019-03-15,000852.SH,0.1247881647923486
2019-03-15,CBA02701.CS,0.27774690287768583
2019-03-15,AU9999.SGE,0.222750950718084
2019-03-15,NH0100.NHF,0.19522064378217008
2019-03-22,000300.SH,0.17423730955209568
2019-03-22,000852.SH,0.128154198580051
2019-03-22,CBA02701.CS,0.2795974033957699
2019-03-22,AU9999.SGE,0.23205289528977635
2019-03-22,NH0100.NHF,0.18595819218230722
2019-03-29,000300.SH,0.17999999981999998
2019-03-29,000852.SH,0.11999999987999999
2019-03-29,CBA02701.CS,0.27999999972
2019-03-29,AU9999.SGE,0.21999999977999998
2019-03-29,NH0100.NHF,0.1999999998
2019-04-05,000300.SH,0.1784748277855628
2019-04-05,000852.SH,0.12640743873600946
2019-04-05,CBA02701.CS,0.2775306299904834
2019-04-05,AU9999.SGE,0.22501084647190905
2019-04-05,NH0100.NHF,0.19257625601603512
2019-04-12,000300.SH,0.17989920357339922
2019-04-12,000852.SH,0.12304896286356856
2019-04-12,CBA02701.CS,0.27838879975013336
2019-04-12,AU9999.SGE,0.22144245538320806
2019-04-12,NH0100.NHF,0.19722057742969076
2019-04-19,000300.SH,0.1797173119818666
2019-04-19,000852.SH,0.12420394346938045
2019-04-19,CBA02701.CS,0.27784380259532804
2019-04-19,AU9999.SGE,0.22224591491571877
2019-04-19,NH0100.NHF,0.19598902603770618
2019-04-26,000300.SH,0.17999999981999998
2019-04-26,000852.SH,0.11999999987999999
2019-04-26,CBA02701.CS,0.27999999972
2019-04-26,AU9999.SGE,0.21999999977999998
2019-04-26,NH0100.NHF,0.1999999998
2019-05-03,000300.SH,0.17999999981999998
2019-05-03,000852.SH,0.11999999987999999
2019-05-03,CBA02701.CS,0.27999999972
2019-05-03,AU9999.SGE,0.21999999977999998
2019-05-03,NH0100.NHF,0.1999999998
2019-05-10,000300.SH,0.17999999981999998
2019-05-10,000852.SH,0.11999999987999999
2019-05-10,CBA02701.CS,0.27999999972
2019-05-10,AU9999.SGE,0.21999999977999998
2019-05-10,NH0100.NHF,0.1999999998
2019-05-17,000300.SH,0.17999999981999998
2019-05-17,000852.SH,0.11999999987999999
2019-05-17,CBA02701.CS,0.27999999972
2019-05-17,AU9999.SGE,0.21999999977999998
2019-05-17,NH0100.NHF,0.1999999998
2019-05-24,000300.SH,0.17999999981999998
2019-05-24,000852.SH,0.11999999987999999
2019-05-24,CBA02701.CS,0.27999999972
2019-05-24,AU9999.SGE,0.21999999977999998
2019-05-24,NH0100.NHF,0.1999999998
2019-05-31,000300.SH,0.17979258921362815
2019-05-31,000852.SH,0.1243967866767561
2019-05-31,CBA02701.CS,0.27781021164630504
2019-05-31,AU9999.SGE,0.22206910298728366
2019-05-31,NH0100.NHF,0.19593130847602713
2019-06-07,000300.SH,0.17999999981999998
2019-06-07,000852.SH,0.11999999987999999
2019-06-07,CBA02701.CS,0.27999999972
2019-06-07,AU9999.SGE,0.21999999977999998
2019-06-07,NH0100.NHF,0.1999999998
2019-06-14,000300.SH,0.17999999981999998
2019-06-14,000852.SH,0.11999999987999999
2019-06-14,CBA02701.CS,0.27999999972
2019-06-14,AU9999.SGE,0.21999999977999998
2019-06-14,NH0100.NHF,0.1999999998
2019-06-21,000300.SH,0.17999999981999998
2019-06-21,000852.SH,0.11999999987999999
2019-06-21,CBA02701.CS,0.27999999972
2019-06-21,AU9999.SGE,0.21999999977999998
2019-06-21,NH0100.NHF,0.1999999998
2019-06-28,000300.SH,0.17999999981999998
2019-06-28,000852.SH,0.11999999987999999
2019-06-28,CBA02701.CS,0.27999999972
2019-06-28,AU9999.SGE,0.21999999977999998
2019-06-28,NH0100.NHF,0.1999999998
2019-07-05,000300.SH,0.17998097880909097
2019-07-05,000852.SH,0.12219367607113886
2019-07-05,CBA02701.CS,0.27871299109589454
2019-07-05,AU9999.SGE,0.2210618270427987
2019-07-05,NH0100.NHF,0.19805052598107686
2019-07-12,000300.SH,0.1784070714411745
2019-07-12,000852.SH,0.12654137481283753
2019-07-12,CBA02701.CS,0.2776385741608491
2019-07-12,AU9999.SGE,0.22501401258238435
2019-07-12,NH0100.NHF,0.1923989660027544
2019-07-19,000300.SH,0.17999999981999998
2019-07-19,000852.SH,0.11999999987999999
2019-07-19,CBA02701.CS,0.27999999972
2019-07-19,AU9999.SGE,0.21999999977999998
2019-07-19,NH0100.NHF,0.1999999998
2019-07-26,000300.SH,0.17999999981999998
2019-07-26,000852.SH,0.11999999987999999
2019-07-26,CBA02701.CS,0.27999999972
2019-07-26,AU9999.SGE,0.21999999977999998
2019-07-26,NH0100.NHF,0.1999999998
2019-08-02,000300.SH,0.17999999981999998
2019-08-02,000852.SH,0.11999999987999999
2019-08-02,CBA02701.CS,0.27999999972
2019-08-02,AU9999.SGE,0.21999999977999998
2019-08-02,NH0100.NHF,0.1999999998
2019-08-09,000300.SH,0.18047251081804724
2019-08-09,000852.SH,0.1240377114159168
2019-08-09,CBA02701.CS,0.2777361867132034
2019-08-09,AU9999.SGE,0.22065807257014677
2019-08-09,NH0100.NHF,0.1970955174826856
2019-08-16,000300.SH,0.17999911160683613
2019-08-16,000852.SH,0.12196905040113645
2019-08-16,CBA02701.CS,0.2789083864034196
2019-08-16,AU9999.SGE,0.22084203703693994
2019-08-16,NH0100.NHF,0.1982814135516677
2019-08-23,000300.SH,0.17999999981999998
2019-08-23,000852.SH,0.11999999987999999
2019-08-23,CBA02701.CS,0.27999999972
2019-08-23,AU9999.SGE,0.21999999977999998
2019-08-23,NH0100.NHF,0.1999999998
2019-08-30,000300.SH,0.17987358049406424
2019-08-30,000852.SH,0.12322745828905976
2019-08-30,CBA02701.CS,0.2783101666356091
2019-08-30,AU9999.SGE,0.22155439692002718
2019-08-30,NH0100.NHF,0.19703439666123962
2019-09-06,000300.SH,0.17987657116689035
2019-09-06,000852.SH,0.12320763848457869
2019-09-06,CBA02701.CS,0.2783187821232187
2019-09-06,AU9999.SGE,0.22154176424067
2019-09-06,NH0100.NHF,0.19705524298464214
2019-09-13,000300.SH,0.1796096589369393
2019-09-13,000852.SH,0.1242984557169315
2019-09-13,CBA02701.CS,0.27768656994848345
2019-09-13,AU9999.SGE,0.22265671837394665
2019-09-13,NH0100.NHF,0.19574859602369907
2019-09-20,000300.SH,0.180042283247882
2019-09-20,000852.SH,0.12043699568891257
2019-09-20,CBA02701.CS,0.27974586155238834
2019-09-20,AU9999.SGE,0.22010228306989588
2019-09-20,NH0100.NHF,0.19967257544092126
2019-09-27,000300.SH,0.18011956358155284
2019-09-27,000852.SH,0.12096821030714063
2019-09-27,CBA02701.CS,0.2794460595201462
2019-09-27,AU9999.SGE,0.22015615007587175
2019-09-27,NH0100.NHF,0.19931001551528854
2019-10-04,000300.SH,0.18009280921475002
2019-10-04,000852.SH,0.12160189589588632
2019-10-04,CBA02701.CS,0.2790787247858111
2019-10-04,AU9999.SGE,0.22050694962507708
2019-10-04,NH0100.NHF,0.19871961947847536
2019-10-11,000300.SH,0.17999999981999998
2019-10-11,000852.SH,0.11999999987999999
2019-10-11,CBA02701.CS,0.27999999972
2019-10-11,AU9999.SGE,0.21999999977999998
2019-10-11,NH0100.NHF,0.1999999998
2019-10-18,000300.SH,0.17999999981999998
2019-10-18,000852.SH,0.11999999987999999
2019-10-18,CBA02701.CS,0.27999999972
2019-10-18,AU9999.SGE,0.21999999977999998
2019-10-18,NH0100.NHF,0.1999999998
2019-10-25,000300.SH,0.17999999981999998
2019-10-25,000852.SH,0.11999999987999999
2019-10-25,CBA02701.CS,0.27999999972
2019-10-25,AU9999.SGE,0.21999999977999998
2019-10-25,NH0100.NHF,0.1999999998
2019-11-01,000300.SH,0.17999999981999998
2019-11-01,000852.SH,0.11999999987999999
2019-11-01,CBA02701.CS,0.27999999972
2019-11-01,AU9999.SGE,0.21999999977999998
2019-11-01,NH0100.NHF,0.1999999998
2019-11-08,000300.SH,0.17999999981999998
2019-11-08,000852.SH,0.11999999987999999
2019-11-08,CBA02701.CS,0.27999999972
2019-11-08,AU9999.SGE,0.21999999977999998
2019-11-08,NH0100.NHF,0.1999999998
2019-11-15,000300.SH,0.17999999981999998
2019-11-15,000852.SH,0.11999999987999999
2019-11-15,CBA02701.CS,0.27999999972
2019-11-15,AU9999.SGE,0.21999999977999998
2019-11-15,NH0100.NHF,0.1999999998
2019-11-22,000300.SH,0.17999999981999998
2019-11-22,000852.SH,0.11999999987999999
2019-11-22,CBA02701.CS,0.27999999972
2019-11-22,AU9999.SGE,0.21999999977999998
2019-11-22,NH0100.NHF,0.1999999998
2019-11-29,000300.SH,0.1799513861536942
2019-11-29,000852.SH,0.12254368987236385
2019-11-29,CBA02701.CS,0.27854155104029105
2019-11-29,AU9999.SGE,0.22125348693102465
2019-11-29,NH0100.NHF,0.1977098850026261
2019-12-06,000300.SH,0.17999999981999998
2019-12-06,000852.SH,0.11999999987999999
2019-12-06,CBA02701.CS,0.27999999972
2019-12-06,AU9999.SGE,0.21999999977999998
2019-12-06,NH0100.NHF,0.1999999998
2019-12-13,000300.SH,0.18002588092862976
2019-12-13,000852.SH,0.12055968820029683
2019-12-13,CBA02701.CS,0.2796650534011436
2019-12-13,AU9999.SGE,0.22020738692918929
2019-12-13,NH0100.NHF,0.1995419895407403
2019-12-20,000300.SH,0.17996933761173825
2019-12-20,000852.SH,0.1223576374680129
2019-12-20,CBA02701.CS,0.2786503058076882
2019-12-20,AU9999.SGE,0.22112607497579959
2019-12-20,NH0100.NHF,0.19789664313676103
2019-12-27,000300.SH,0.17999999981999998
2019-12-27,000852.SH,0.11999999987999999
2019-12-27,CBA02701.CS,0.27999999972
2019-12-27,AU9999.SGE,0.21999999977999998
2019-12-27,NH0100.NHF,0.1999999998
2020-01-03,000300.SH,0.17999999981999998
2020-01-03,000852.SH,0.11999999987999999
2020-01-03,CBA02701.CS,0.27999999972
2020-01-03,AU9999.SGE,0.21999999977999998
2020-01-03,NH0100.NHF,0.1999999998
2020-01-10,000300.SH,0.17999999981999998
2020-01-10,000852.SH,0.11999999987999999
2020-01-10,CBA02701.CS,0.27999999972
2020-01-10,AU9999.SGE,0.21999999977999998
2020-01-10,NH0100.NHF,0.1999999998
2020-01-17,000300.SH,0.17999999981999998
2020-01-17,000852.SH,0.11999999987999999
2020-01-17,CBA02701.CS,0.27999999972
2020-01-17,AU9999.SGE,0.21999999977999998
2020-01-17,NH0100.NHF,0.1999999998
2020-01-24,000300.SH,0.18000529513874305
2020-01-24,000852.SH,0.12004619494937281
2020-01-24,CBA02701.CS,0.2799730573559421
2020-01-24,AU9999.SGE,0.22000899078360653
2020-01-24,NH0100.NHF,0.19996646077233543
2020-01-31,000300.SH,0.1800491916897212
2020-01-31,000852.SH,0.12224874176383156
2020-01-31,CBA02701.CS,0.27871920048263016
2020-01-31,AU9999.SGE,0.220884918245156
2020-01-31,NH0100.NHF,0.198097946818661
2020-02-07,000300.SH,0.17999999981999998
2020-02-07,000852.SH,0.11999999987999999
2020-02-07,CBA02701.CS,0.27999999972
2020-02-07,AU9999.SGE,0.21999999977999998
2020-02-07,NH0100.NHF,0.1999999998
2020-02-14,000300.SH,0.17999999981999998
2020-02-14,000852.SH,0.11999999987999999
2020-02-14,CBA02701.CS,0.27999999972
2020-02-14,AU9999.SGE,0.21999999977999998
2020-02-14,NH0100.NHF,0.1999999998
2020-02-21,000300.SH,0.18001821265272708
2020-02-21,000852.SH,0.12052883973869959
2020-02-21,CBA02701.CS,0.27969213820154426
2020-02-21,AU9999.SGE,0.22020042664629955
2020-02-21,NH0100.NHF,0.1995603817607293
2020-02-28,000300.SH,0.17999999981999998
2020-02-28,000852.SH,0.11999999987999999
2020-02-28,CBA02701.CS,0.27999999972
2020-02-28,AU9999.SGE,0.21999999977999998
2020-02-28,NH0100.NHF,0.1999999998
2020-03-06,000300.SH,0.17999999981999998
2020-03-06,000852.SH,0.11999999987999999
2020-03-06,CBA02701.CS,0.27999999972
2020-03-06,AU9999.SGE,0.21999999977999998
2020-03-06,NH0100.NHF,0.1999999998
2020-03-13,000300.SH,0.180125934965776
2020-03-13,000852.SH,0.12109894034039859
2020-03-13,CBA02701.CS,0.279372587172863
2020-03-13,AU9999.SGE,0.22019832464622138
2020-03-13,NH0100.NHF,0.19920421187474094
2020-03-20,000300.SH,0.17999999981999998
2020-03-20,000852.SH,0.11999999987999999
2020-03-20,CBA02701.CS,0.27999999972
2020-03-20,AU9999.SGE,0.21999999977999998
2020-03-20,NH0100.NHF,0.1999999998
2020-03-27,000300.SH,0.17998399593857664
2020-03-27,000852.SH,0.1230241167270508
2020-03-27,CBA02701.CS,0.2783855854109427
2020-03-27,AU9999.SGE,0.22125524226588614
2020-03-27,NH0100.NHF,0.19735105865754365
2020-04-03,000300.SH,0.17999999981999998
2020-04-03,000852.SH,0.11999999987999999
2020-04-03,CBA02701.CS,0.27999999972
2020-04-03,AU9999.SGE,0.21999999977999998
2020-04-03,NH0100.NHF,0.1999999998
2020-04-10,000300.SH,0.17999999981999998
2020-04-10,000852.SH,0.11999999987999999
2020-04-10,CBA02701.CS,0.27999999972
2020-04-10,AU9999.SGE,0.21999999977999998
2020-04-10,NH0100.NHF,0.1999999998
2020-04-17,000300.SH,0.17990860950740845
2020-04-17,000852.SH,0.12297786846977835
2020-04-17,CBA02701.CS,0.2784207554225498
2020-04-17,AU9999.SGE,0.22139898417567166
2020-04-17,NH0100.NHF,0.1972937814245917
2020-04-24,000300.SH,0.18010936377497702
2020-04-24,000852.SH,0.12094116172241785
2020-04-24,CBA02701.CS,0.2794360486091473
2020-04-24,AU9999.SGE,0.22019715403122
2020-04-24,NH0100.NHF,0.1993162708622378
2020-05-01,000300.SH,0.17935470710115778
2020-05-01,000852.SH,0.12494933454798696
2020-05-01,CBA02701.CS,0.2774202250139833
2020-05-01,AU9999.SGE,0.22341518839323565
2020-05-01,NH0100.NHF,0.1948605439436362
2020-05-08,000300.SH,0.1798251159511579
2020-05-08,000852.SH,0.12351916177876905
2020-05-08,CBA02701.CS,0.2781869051024623
2020-05-08,AU9999.SGE,0.22174652379479431
2020-05-08,NH0100.NHF,0.19672229237281638
2020-05-15,000300.SH,0.17999999981999998
2020-05-15,000852.SH,0.11999999987999999
2020-05-15,CBA02701.CS,0.27999999972
2020-05-15,AU9999.SGE,0.21999999977999998
2020-05-15,NH0100.NHF,0.1999999998
2020-05-22,000300.SH,0.17999999981999998
2020-05-22,000852.SH,0.11999999987999999
2020-05-22,CBA02701.CS,0.27999999972
2020-05-22,AU9999.SGE,0.21999999977999998
2020-05-22,NH0100.NHF,0.1999999998
2020-05-29,000300.SH,0.17999999981999998
2020-05-29,000852.SH,0.11999999987999999
2020-05-29,CBA02701.CS,0.27999999972
2020-05-29,AU9999.SGE,0.21999999977999998
2020-05-29,NH0100.NHF,0.1999999998
2020-06-05,000300.SH,0.17992415257555006
2020-06-05,000852.SH,0.12369594836266541
2020-06-05,CBA02701.CS,0.2780840537126032
2020-06-05,AU9999.SGE,0.22159830175594702
2020-06-05,NH0100.NHF,0.19669754259323433
2020-06-12,000300.SH,0.17999999981999998
2020-06-12,000852.SH,0.11999999987999999
2020-06-12,CBA02701.CS,0.27999999972
2020-06-12,AU9999.SGE,0.21999999977999998
2020-06-12,NH0100.NHF,0.1999999998
2020-06-19,000300.SH,0.17999999981999998
2020-06-19,000852.SH,0.11999999987999999
2020-06-19,CBA02701.CS,0.27999999972
2020-06-19,AU9999.SGE,0.21999999977999998
2020-06-19,NH0100.NHF,0.1999999998
2020-06-26,000300.SH,0.17999999981999998
2020-06-26,000852.SH,0.11999999987999999
2020-06-26,CBA02701.CS,0.27999999972
2020-06-26,AU9999.SGE,0.21999999977999998
2020-06-26,NH0100.NHF,0.1999999998
2020-07-03,000300.SH,0.17936778358281222
2020-07-03,000852.SH,0.12510903430243622
2020-07-03,CBA02701.CS,0.27766879500283437
2020-07-03,AU9999.SGE,0.22306300572901736
2020-07-03,NH0100.NHF,0.19479138038289975
2020-07-10,000300.SH,0.1788193217127314
2020-07-10,000852.SH,0.1262232997634353
2020-07-10,CBA02701.CS,0.2775191918854391
2020-07-10,AU9999.SGE,0.2242662366437882
2020-07-10,NH0100.NHF,0.19317194899460602
2020-07-17,000300.SH,0.17876549988287077
2020-07-17,000852.SH,0.12624128033286186
2020-07-17,CBA02701.CS,0.27754084076795305
2020-07-17,AU9999.SGE,0.22436190745738174
2020-07-17,NH0100.NHF,0.19309047055893255
2020-07-24,000300.SH,0.17742746880840898
2020-07-24,000852.SH,0.126828832812838
2020-07-24,CBA02701.CS,0.277420581882025
2020-07-24,AU9999.SGE,0.22747197954180748
2020-07-24,NH0100.NHF,0.1908511359549205
2020-07-31,000300.SH,0.17999999981999998
2020-07-31,000852.SH,0.11999999987999999
2020-07-31,CBA02701.CS,0.27999999972
2020-07-31,AU9999.SGE,0.21999999977999998
2020-07-31,NH0100.NHF,0.1999999998
2020-08-07,000300.SH,0.17999999981999998
2020-08-07,000852.SH,0.11999999987999999
2020-08-07,CBA02701.CS,0.27999999972
2020-08-07,AU9999.SGE,0.21999999977999998
2020-08-07,NH0100.NHF,0.1999999998
2020-08-14,000300.SH,0.17999999981999998
2020-08-14,000852.SH,0.11999999987999999
2020-08-14,CBA02701.CS,0.27999999972
2020-08-14,AU9999.SGE,0.21999999977999998
2020-08-14,NH0100.NHF,0.1999999998
2020-08-21,000300.SH,0.17999999981999998
2020-08-21,000852.SH,0.11999999987999999
2020-08-21,CBA02701.CS,0.27999999972
2020-08-21,AU9999.SGE,0.21999999977999998
2020-08-21,NH0100.NHF,0.1999999998
2020-08-28,000300.SH,0.17999999981999998
2020-08-28,000852.SH,0.11999999987999999
2020-08-28,CBA02701.CS,0.27999999972
2020-08-28,AU9999.SGE,0.21999999977999998
2020-08-28,NH0100.NHF,0.1999999998
2020-09-04,000300.SH,0.17999999981999998
2020-09-04,000852.SH,0.11999999987999999
2020-09-04,CBA02701.CS,0.27999999972
2020-09-04,AU9999.SGE,0.21999999977999998
2020-09-04,NH0100.NHF,0.1999999998
2020-09-11,000300.SH,0.18000211740613944
2020-09-11,000852.SH,0.12004635150991219
2020-09-11,CBA02701.CS,0.27997196734656904
2020-09-11,AU9999.SGE,0.22001757387373264
2020-09-11,NH0100.NHF,0.1999619888636465
2020-09-18,000300.SH,0.17948453511906654
2020-09-18,000852.SH,0.12479429588117394
2020-09-18,CBA02701.CS,0.27771774463636556
2020-09-18,AU9999.SGE,0.22280374390042362
2020-09-18,NH0100.NHF,0.1951996794629702
2020-09-25,000300.SH,0.17999999981999998
2020-09-25,000852.SH,0.11999999987999999
2020-09-25,CBA02701.CS,0.27999999972
2020-09-25,AU9999.SGE,0.21999999977999998
2020-09-25,NH0100.NHF,0.1999999998
2020-10-02,000300.SH,0.17999999981999998
2020-10-02,000852.SH,0.11999999987999999
2020-10-02,CBA02701.CS,0.27999999972
2020-10-02,AU9999.SGE,0.21999999977999998
2020-10-02,NH0100.NHF,0.1999999998
2020-10-09,000300.SH,0.17999999981999998
2020-10-09,000852.SH,0.11999999987999999
2020-10-09,CBA02701.CS,0.27999999972
2020-10-09,AU9999.SGE,0.21999999977999998
2020-10-09,NH0100.NHF,0.1999999998
2020-10-16,000300.SH,0.1800219743753856
2020-10-16,000852.SH,0.12141278609039333
2020-10-16,CBA02701.CS,0.2790950597702726
2020-10-16,AU9999.SGE,0.220692642225498
2020-10-16,NH0100.NHF,0.19877753653845054
2020-10-23,000300.SH,0.1800209726350658
2020-10-23,000852.SH,0.12147954337768338
2020-10-23,CBA02701.CS,0.2791646189160284
2020-10-23,AU9999.SGE,0.22060013620876112
2020-10-23,NH0100.NHF,0.1987347278624611
2020-10-30,000300.SH,0.17999999981999998
2020-10-30,000852.SH,0.11999999987999999
2020-10-30,CBA02701.CS,0.27999999972
2020-10-30,AU9999.SGE,0.21999999977999998
2020-10-30,NH0100.NHF,0.1999999998
2020-11-06,000300.SH,0.18004312835473626
2020-11-06,000852.SH,0.1215503803142876
2020-11-06,CBA02701.CS,0.2790809859749347
2020-11-06,AU9999.SGE,0.2206303985810328
2020-11-06,NH0100.NHF,0.1986951057750085
2020-11-13,000300.SH,0.18001951868949628
2020-11-13,000852.SH,0.12058411965868593
2020-11-13,CBA02701.CS,0.2796210747383931
2020-11-13,AU9999.SGE,0.22026774928574508
2020-11-13,NH0100.NHF,0.1995075366276796
2020-11-20,000300.SH,0.17999999981999998
2020-11-20,000852.SH,0.11999999987999999
2020-11-20,CBA02701.CS,0.27999999972
2020-11-20,AU9999.SGE,0.21999999977999998
2020-11-20,NH0100.NHF,0.1999999998
2020-11-27,000300.SH,0.17999999981999998
2020-11-27,000852.SH,0.11999999987999999
2020-11-27,CBA02701.CS,0.27999999972
2020-11-27,AU9999.SGE,0.21999999977999998
2020-11-27,NH0100.NHF,0.1999999998
2020-12-04,000300.SH,0.17999999981999998
2020-12-04,000852.SH,0.11999999987999999
2020-12-04,CBA02701.CS,0.27999999972
2020-12-04,AU9999.SGE,0.21999999977999998
2020-12-04,NH0100.NHF,0.1999999998
2020-12-11,000300.SH,0.17991372200184155
2020-12-11,000852.SH,0.12287544863443246
2020-12-11,CBA02701.CS,0.27829825201831543
2020-12-11,AU9999.SGE,0.2215508951238497
2020-12-11,NH0100.NHF,0.1973616812215608
2020-12-18,000300.SH,0.1768597868151057
2020-12-18,000852.SH,0.12701480138896049
2020-12-18,CBA02701.CS,0.27791438361823906
2020-12-18,AU9999.SGE,0.22817470429906272
2020-12-18,NH0100.NHF,0.19003632287863195
2020-12-25,000300.SH,0.17999999981999998
2020-12-25,000852.SH,0.11999999987999999
2020-12-25,CBA02701.CS,0.27999999972
2020-12-25,AU9999.SGE,0.21999999977999998
2020-12-25,NH0100.NHF,0.1999999998
2021-01-01,000300.SH,0.1787857798851712
2021-01-01,000852.SH,0.12612148173734822
2021-01-01,CBA02701.CS,0.27757019936772165
2021-01-01,AU9999.SGE,0.22430673478881147
2021-01-01,NH0100.NHF,0.19321580322094736
2021-01-08,000300.SH,0.17897310634870497
2021-01-08,000852.SH,0.1258570934492242
2021-01-08,CBA02701.CS,0.2775678265602198
2021-01-08,AU9999.SGE,0.22393267588815297
2021-01-08,NH0100.NHF,0.19366929675369798
2021-01-15,000300.SH,0.17907785289018854
2021-01-15,000852.SH,0.12539637763053096
2021-01-15,CBA02701.CS,0.27719794654134966
2021-01-15,AU9999.SGE,0.2242171638778353
2021-01-15,NH0100.NHF,0.19411065806009548
2021-01-22,000300.SH,0.17997585338366903
2021-01-22,000852.SH,0.12230896078979099
2021-01-22,CBA02701.CS,0.27871882423570205
2021-01-22,AU9999.SGE,0.22104217304251053
2021-01-22,NH0100.NHF,0.19795418754832736
2021-01-29,000300.SH,0.1793492575598682
2021-01-29,000852.SH,0.12530190687057266
2021-01-29,CBA02701.CS,0.27760279170529734
2021-01-29,AU9999.SGE,0.22314081759236426
2021-01-29,NH0100.NHF,0.1946052252718975
2021-02-05,000300.SH,0.17936725251753885
2021-02-05,000852.SH,0.12511028175294062
2021-02-05,CBA02701.CS,0.27766852551288157
2021-02-05,AU9999.SGE,0.2230642787897599
2021-02-05,NH0100.NHF,0.19478966042687904
2021-02-12,000300.SH,0.18000823597080132
2021-02-12,000852.SH,0.12184004083325709
2021-02-12,CBA02701.CS,0.2788922307610881
2021-02-12,AU9999.SGE,0.22086732684022045
2021-02-12,NH0100.NHF,0.19839216459463288
2021-02-19,000300.SH,0.17999999981999998
2021-02-19,000852.SH,0.11999999987999999
2021-02-19,CBA02701.CS,0.27999999972
2021-02-19,AU9999.SGE,0.21999999977999998
2021-02-19,NH0100.NHF,0.1999999998
2021-02-26,000300.SH,0.17303925592895483
2021-02-26,000852.SH,0.12703192121457615
2021-02-26,CBA02701.CS,0.2816371899586579
2021-02-26,AU9999.SGE,0.23270707628556442
2021-02-26,NH0100.NHF,0.18558455561224663
2021-03-05,000300.SH,0.1787275649422093
2021-03-05,000852.SH,0.12597411521043841
2021-03-05,CBA02701.CS,0.2772831192099467
2021-03-05,AU9999.SGE,0.22480530788749487
2021-03-05,NH0100.NHF,0.19320989174991074
2021-03-12,000300.SH,0.179933331133239
2021-03-12,000852.SH,0.12273234593365769
2021-03-12,CBA02701.CS,0.2784749496411375
2021-03-12,AU9999.SGE,0.2213318064901115
2021-03-12,NH0100.NHF,0.1975275658018543
2021-03-19,000300.SH,0.17315972938210356
2021-03-19,000852.SH,0.12697715283867755
2021-03-19,CBA02701.CS,0.2812836843799206
2021-03-19,AU9999.SGE,0.23284899784117052
2021-03-19,NH0100.NHF,0.18573043455812782
2021-03-26,000300.SH,0.17993514118524592
2021-03-26,000852.SH,0.12275639774504356
2021-03-26,CBA02701.CS,0.2785225059495247
2021-03-26,AU9999.SGE,0.22126742514016842
2021-03-26,NH0100.NHF,0.19751852898001734
2021-04-02,000300.SH,0.1797157577624167
2021-04-02,000852.SH,0.1239059083151476
2021-04-02,CBA02701.CS,0.2778273904603329
2021-04-02,AU9999.SGE,0.22233253435085817
2021-04-02,NH0100.NHF,0.1962184081112444
2021-04-09,000300.SH,0.17999999981999998
2021-04-09,000852.SH,0.11999999987999999
2021-04-09,CBA02701.CS,0.27999999972
2021-04-09,AU9999.SGE,0.21999999977999998
2021-04-09,NH0100.NHF,0.1999999998
2021-04-16,000300.SH,0.17999999981999998
2021-04-16,000852.SH,0.11999999987999999
2021-04-16,CBA02701.CS,0.27999999972
2021-04-16,AU9999.SGE,0.21999999977999998
2021-04-16,NH0100.NHF,0.1999999998
2021-04-23,000300.SH,0.17915981012137205
2021-04-23,000852.SH,0.12554228504384304
2021-04-23,CBA02701.CS,0.27759391946232387
2021-04-23,AU9999.SGE,0.223537955360458
2021-04-23,NH0100.NHF,0.19416602901200294
2021-04-30,000300.SH,0.180021915362248
2021-04-30,000852.SH,0.12072980832546741
2021-04-30,CBA02701.CS,0.27957770602685733
2021-04-30,AU9999.SGE,0.22028107952810574
2021-04-30,NH0100.NHF,0.19938948975732168
2021-05-07,000300.SH,0.17999999981999998
2021-05-07,000852.SH,0.11999999987999999
2021-05-07,CBA02701.CS,0.27999999972
2021-05-07,AU9999.SGE,0.21999999977999998
2021-05-07,NH0100.NHF,0.1999999998
2021-05-14,000300.SH,0.17999999981999998
2021-05-14,000852.SH,0.11999999987999999
2021-05-14,CBA02701.CS,0.27999999972
2021-05-14,AU9999.SGE,0.21999999977999998
2021-05-14,NH0100.NHF,0.1999999998
2021-05-21,000300.SH,0.17999999981999998
2021-05-21,000852.SH,0.11999999987999999
2021-05-21,CBA02701.CS,0.27999999972
2021-05-21,AU9999.SGE,0.21999999977999998
2021-05-21,NH0100.NHF,0.1999999998
2021-05-28,000300.SH,0.180022320230073
2021-05-28,000852.SH,0.12065756338829699
2021-05-28,CBA02701.CS,0.27961873496776146
2021-05-28,AU9999.SGE,0.22024819239287224
2021-05-28,NH0100.NHF,0.19945318802099618
2021-06-04,000300.SH,0.17919505450465006
2021-06-04,000852.SH,0.12546159008754817
2021-06-04,CBA02701.CS,0.27744804173190823
2021-06-04,AU9999.SGE,0.22364249673475634
2021-06-04,NH0100.NHF,0.19425281594113714
2021-06-11,000300.SH,0.17999999981999998
2021-06-11,000852.SH,0.11999999987999999
2021-06-11,CBA02701.CS,0.27999999972
2021-06-11,AU9999.SGE,0.21999999977999998
2021-06-11,NH0100.NHF,0.1999999998
2021-06-18,000300.SH,0.17999999981999998
2021-06-18,000852.SH,0.11999999987999999
2021-06-18,CBA02701.CS,0.27999999972
2021-06-18,AU9999.SGE,0.21999999977999998
2021-06-18,NH0100.NHF,0.1999999998
2021-06-25,000300.SH,0.1800235203393223
2021-06-25,000852.SH,0.12092544513371124
2021-06-25,CBA02701.CS,0.2794540812715269
2021-06-25,AU9999.SGE,0.22037836968816374
2021-06-25,NH0100.NHF,0.19921858256727593
2021-07-02,000300.SH,0.17999999981999998
2021-07-02,000852.SH,0.11999999987999999
2021-07-02,CBA02701.CS,0.27999999972
2021-07-02,AU9999.SGE,0.21999999977999998
2021-07-02,NH0100.NHF,0.1999999998
2021-07-09,000300.SH,0.17999999981999998
2021-07-09,000852.SH,0.11999999987999999
2021-07-09,CBA02701.CS,0.27999999972
2021-07-09,AU9999.SGE,0.21999999977999998
2021-07-09,NH0100.NHF,0.1999999998
2021-07-16,000300.SH,0.17999999981999998
2021-07-16,000852.SH,0.11999999987999999
2021-07-16,CBA02701.CS,0.27999999972
2021-07-16,AU9999.SGE,0.21999999977999998
2021-07-16,NH0100.NHF,0.1999999998
2021-07-23,000300.SH,0.17999999981999998
2021-07-23,000852.SH,0.11999999987999999
2021-07-23,CBA02701.CS,0.27999999972
2021-07-23,AU9999.SGE,0.21999999977999998
2021-07-23,NH0100.NHF,0.1999999998
2021-07-30,000300.SH,0.17733402295014056
2021-07-30,000852.SH,0.12722261636415694
2021-07-30,CBA02701.CS,0.27811439845006397
2021-07-30,AU9999.SGE,0.22680090960822144
2021-07-30,NH0100.NHF,0.19052805162741718
2021-08-06,000300.SH,0.1730617008972901
2021-08-06,000852.SH,0.1269931241984122
2021-08-06,CBA02701.CS,0.2815512981487819
2021-08-06,AU9999.SGE,0.2327628374406448
2021-08-06,NH0100.NHF,0.18563103831487113
2021-08-13,000300.SH,0.17999999981999998
2021-08-13,000852.SH,0.11999999987999999
2021-08-13,CBA02701.CS,0.27999999972
2021-08-13,AU9999.SGE,0.21999999977999998
2021-08-13,NH0100.NHF,0.1999999998
2021-08-20,000300.SH,0.17999999981999998
2021-08-20,000852.SH,0.11999999987999999
2021-08-20,CBA02701.CS,0.27999999972
2021-08-20,AU9999.SGE,0.21999999977999998
2021-08-20,NH0100.NHF,0.1999999998
2021-08-27,000300.SH,0.18001933421818572
2021-08-27,000852.SH,0.12058017621086788
2021-08-27,CBA02701.CS,0.27966276723424666
2021-08-27,AU9999.SGE,0.22022078405227946
2021-08-27,NH0100.NHF,0.1995169372844202
2021-09-03,000300.SH,0.17999999981999998
2021-09-03,000852.SH,0.11999999987999999
2021-09-03,CBA02701.CS,0.27999999972
2021-09-03,AU9999.SGE,0.21999999977999998
2021-09-03,NH0100.NHF,0.1999999998
2021-09-10,000300.SH,0.17999999981999998
2021-09-10,000852.SH,0.11999999987999999
2021-09-10,CBA02701.CS,0.27999999972
2021-09-10,AU9999.SGE,0.21999999977999998
2021-09-10,NH0100.NHF,0.1999999998
2021-09-17,000300.SH,0.17387325889640928
2021-09-17,000852.SH,0.12762486478676205
2021-09-17,CBA02701.CS,0.28036797868228513
2021-09-17,AU9999.SGE,0.23211771758336056
2021-09-17,NH0100.NHF,0.18601617905118295
2021-09-24,000300.SH,0.17999999981999998
2021-09-24,000852.SH,0.11999999987999999
2021-09-24,CBA02701.CS,0.27999999972
2021-09-24,AU9999.SGE,0.21999999977999998
2021-09-24,NH0100.NHF,0.1999999998
2021-10-01,000300.SH,0.17999999981999998
2021-10-01,000852.SH,0.11999999987999999
2021-10-01,CBA02701.CS,0.27999999972
2021-10-01,AU9999.SGE,0.21999999977999998
2021-10-01,NH0100.NHF,0.1999999998
2021-10-08,000300.SH,0.17999999981999998
2021-10-08,000852.SH,0.11999999987999999
2021-10-08,CBA02701.CS,0.27999999972
2021-10-08,AU9999.SGE,0.21999999977999998
2021-10-08,NH0100.NHF,0.1999999998
2021-10-15,000300.SH,0.17999999981999998
2021-10-15,000852.SH,0.11999999987999999
2021-10-15,CBA02701.CS,0.27999999972
2021-10-15,AU9999.SGE,0.21999999977999998
2021-10-15,NH0100.NHF,0.1999999998
2021-10-22,000300.SH,0.17999999981999998
2021-10-22,000852.SH,0.11999999987999999
2021-10-22,CBA02701.CS,0.27999999972
2021-10-22,AU9999.SGE,0.21999999977999998
2021-10-22,NH0100.NHF,0.1999999998
2021-10-29,000300.SH,0.17999999981999998
2021-10-29,000852.SH,0.11999999987999999
2021-10-29,CBA02701.CS,0.27999999972
2021-10-29,AU9999.SGE,0.21999999977999998
2021-10-29,NH0100.NHF,0.1999999998
2021-11-05,000300.SH,0.18002025380554165
2021-11-05,000852.SH,0.12173071233666148
2021-11-05,CBA02701.CS,0.27895813858059987
2021-11-05,AU9999.SGE,0.22078674071435728
2021-11-05,NH0100.NHF,0.19850415356283957
2021-11-12,000300.SH,0.17999999981999998
2021-11-12,000852.SH,0.11999999987999999
2021-11-12,CBA02701.CS,0.27999999972
2021-11-12,AU9999.SGE,0.21999999977999998
2021-11-12,NH0100.NHF,0.1999999998
2021-11-19,000300.SH,0.17999999981999998
2021-11-19,000852.SH,0.11999999987999999
2021-11-19,CBA02701.CS,0.27999999972
2021-11-19,AU9999.SGE,0.21999999977999998
2021-11-19,NH0100.NHF,0.1999999998
2021-11-26,000300.SH,0.17999999981999998
2021-11-26,000852.SH,0.11999999987999999
2021-11-26,CBA02701.CS,0.27999999972
2021-11-26,AU9999.SGE,0.21999999977999998
2021-11-26,NH0100.NHF,0.1999999998
2021-12-03,000300.SH,0.17999999981999998
2021-12-03,000852.SH,0.11999999987999999
2021-12-03,CBA02701.CS,0.27999999972
2021-12-03,AU9999.SGE,0.21999999977999998
2021-12-03,NH0100.NHF,0.1999999998
2021-12-10,000300.SH,0.18003091444205424
2021-12-10,000852.SH,0.12090297492382951
2021-12-10,CBA02701.CS,0.27948044977580944
2021-12-10,AU9999.SGE,0.22033557297243772
2021-12-10,NH0100.NHF,0.19925008688586907
2021-12-17,000300.SH,0.17811737189828117
2021-12-17,000852.SH,0.1267858702028189
2021-12-17,CBA02701.CS,0.2777334325589278
2021-12-17,AU9999.SGE,0.22552230158243208
2021-12-17,NH0100.NHF,0.19184102275753998
2021-12-24,000300.SH,0.17999999981999998
2021-12-24,000852.SH,0.11999999987999999
2021-12-24,CBA02701.CS,0.27999999972
2021-12-24,AU9999.SGE,0.21999999977999998
2021-12-24,NH0100.NHF,0.1999999998
2021-12-31,000300.SH,0.17999999981999998
2021-12-31,000852.SH,0.11999999987999999
2021-12-31,CBA02701.CS,0.27999999972
2021-12-31,AU9999.SGE,0.21999999977999998
2021-12-31,NH0100.NHF,0.1999999998
2022-01-07,000300.SH,0.17999999981999998
2022-01-07,000852.SH,0.11999999987999999
2022-01-07,CBA02701.CS,0.27999999972
2022-01-07,AU9999.SGE,0.21999999977999998
2022-01-07,NH0100.NHF,0.1999999998
2022-01-14,000300.SH,0.17999999981999998
2022-01-14,000852.SH,0.11999999987999999
2022-01-14,CBA02701.CS,0.27999999972
2022-01-14,AU9999.SGE,0.21999999977999998
2022-01-14,NH0100.NHF,0.1999999998
2022-01-21,000300.SH,0.18002616603842067
2022-01-21,000852.SH,0.12156811680632897
2022-01-21,CBA02701.CS,0.2790597022194029
2022-01-21,AU9999.SGE,0.22069047683397244
2022-01-21,NH0100.NHF,0.19865553710187517
2022-01-28,000300.SH,0.17999999981999998
2022-01-28,000852.SH,0.11999999987999999
2022-01-28,CBA02701.CS,0.27999999972
2022-01-28,AU9999.SGE,0.21999999977999998
2022-01-28,NH0100.NHF,0.1999999998
2022-02-04,000300.SH,0.17999999981999998
2022-02-04,000852.SH,0.11999999987999999
2022-02-04,CBA02701.CS,0.27999999972
2022-02-04,AU9999.SGE,0.21999999977999998
2022-02-04,NH0100.NHF,0.1999999998
2022-02-11,000300.SH,0.17999999981999998
2022-02-11,000852.SH,0.11999999987999999
2022-02-11,CBA02701.CS,0.27999999972
2022-02-11,AU9999.SGE,0.21999999977999998
2022-02-11,NH0100.NHF,0.1999999998
2022-02-18,000300.SH,0.17999999981999998
2022-02-18,000852.SH,0.11999999987999999
2022-02-18,CBA02701.CS,0.27999999972
2022-02-18,AU9999.SGE,0.21999999977999998
2022-02-18,NH0100.NHF,0.1999999998
2022-02-25,000300.SH,0.17997412486101075
2022-02-25,000852.SH,0.12235011809180825
2022-02-25,CBA02701.CS,0.2786222105242174
2022-02-25,AU9999.SGE,0.22114911646793103
2022-02-25,NH0100.NHF,0.19790442905503258
2022-03-04,000300.SH,0.17999999981999998
2022-03-04,000852.SH,0.11999999987999999
2022-03-04,CBA02701.CS,0.27999999972
2022-03-04,AU9999.SGE,0.21999999977999998
2022-03-04,NH0100.NHF,0.1999999998
2022-03-11,000300.SH,0.17999999981999998
2022-03-11,000852.SH,0.11999999987999999
2022-03-11,CBA02701.CS,0.27999999972
2022-03-11,AU9999.SGE,0.21999999977999998
2022-03-11,NH0100.NHF,0.1999999998
2022-03-18,000300.SH,0.17999999981999998
2022-03-18,000852.SH,0.11999999987999999
2022-03-18,CBA02701.CS,0.27999999972
2022-03-18,AU9999.SGE,0.21999999977999998
2022-03-18,NH0100.NHF,0.1999999998
2022-03-25,000300.SH,0.1797373331068755
2022-03-25,000852.SH,0.12388603937356804
2022-03-25,CBA02701.CS,0.27794678447765986
2022-03-25,AU9999.SGE,0.22214871985733362
2022-03-25,NH0100.NHF,0.19628112218456292
2022-04-01,000300.SH,0.17999999981999998
2022-04-01,000852.SH,0.11999999987999999
2022-04-01,CBA02701.CS,0.27999999972
2022-04-01,AU9999.SGE,0.21999999977999998
2022-04-01,NH0100.NHF,0.1999999998
2022-04-08,000300.SH,0.17999999981999998
2022-04-08,000852.SH,0.11999999987999999
2022-04-08,CBA02701.CS,0.27999999972
2022-04-08,AU9999.SGE,0.21999999977999998
2022-04-08,NH0100.NHF,0.1999999998
2022-04-15,000300.SH,0.18001613646077286
2022-04-15,000852.SH,0.12044538895570589
2022-04-15,CBA02701.CS,0.27973933000570045
2022-04-15,AU9999.SGE,0.22016855940791266
2022-04-15,NH0100.NHF,0.19963058416990825
2022-04-22,000300.SH,0.17989319567370268
2022-04-22,000852.SH,0.12301442261537028
2022-04-22,CBA02701.CS,0.2782864126034551
2022-04-22,AU9999.SGE,0.2215822479305747
2022-04-22,NH0100.NHF,0.1972237201768971
2022-04-29,000300.SH,0.1731679074480722
2022-04-29,000852.SH,0.1268095419716131
2022-04-29,CBA02701.CS,0.2811448697354684
2022-04-29,AU9999.SGE,0.2330266916756008
2022-04-29,NH0100.NHF,0.18585098816924556
2022-05-06,000300.SH,0.17355754955447375
2022-05-06,000852.SH,0.12656448536504625
2022-05-06,CBA02701.CS,0.27995395835390335
2022-05-06,AU9999.SGE,0.23355535088219137
2022-05-06,NH0100.NHF,0.18636865484438542
2022-05-13,000300.SH,0.1800020793982693
2022-05-13,000852.SH,0.12191226058033733
2022-05-13,CBA02701.CS,0.2789375271463144
2022-05-13,AU9999.SGE,0.22081365194754743
2022-05-13,NH0100.NHF,0.19833447992753145
2022-05-20,000300.SH,0.17999999981999998
2022-05-20,000852.SH,0.11999999987999999
2022-05-20,CBA02701.CS,0.27999999972
2022-05-20,AU9999.SGE,0.21999999977999998
2022-05-20,NH0100.NHF,0.1999999998
2022-05-27,000300.SH,0.17982975923148947
2022-05-27,000852.SH,0.12348208572424017
2022-05-27,CBA02701.CS,0.27818501345730035
2022-05-27,AU9999.SGE,0.22174593035218812
2022-05-27,NH0100.NHF,0.196757210234782
2022-06-03,000300.SH,0.17999991737846394
2022-06-03,000852.SH,0.12195401371251738
2022-06-03,CBA02701.CS,0.278916086835738
2022-06-03,AU9999.SGE,0.2208344928860997
2022-06-03,NH0100.NHF,0.19829548818718098
2022-06-10,000300.SH,0.17999999981999998
2022-06-10,000852.SH,0.11999999987999999
2022-06-10,CBA02701.CS,0.27999999972
2022-06-10,AU9999.SGE,0.21999999977999998
2022-06-10,NH0100.NHF,0.1999999998
2022-06-17,000300.SH,0.1800192498863871
2022-06-17,000852.SH,0.12132774241220852
2022-06-17,CBA02701.CS,0.27915978780430495
2022-06-17,AU9999.SGE,0.22064232789539076
2022-06-17,NH0100.NHF,0.19885089100170852
2022-06-24,000300.SH,0.18001999456297352
2022-06-24,000852.SH,0.12152263915202689
2022-06-24,CBA02701.CS,0.2790971003350079
2022-06-24,AU9999.SGE,0.2206712621292264
2022-06-24,NH0100.NHF,0.19868900282076526
2022-07-01,000300.SH,0.1799911434225666
2022-07-01,000852.SH,0.12211473160426548
2022-07-01,CBA02701.CS,0.27882538594969236
2022-07-01,AU9999.SGE,0.2209252157220729
2022-07-01,NH0100.NHF,0.19814352230140275
2022-07-08,000300.SH,0.17999999981999998
2022-07-08,000852.SH,0.11999999987999999
2022-07-08,CBA02701.CS,0.27999999972
2022-07-08,AU9999.SGE,0.21999999977999998
2022-07-08,NH0100.NHF,0.1999999998
2022-07-15,000300.SH,0.17999999981999998
2022-07-15,000852.SH,0.11999999987999999
2022-07-15,CBA02701.CS,0.27999999972
2022-07-15,AU9999.SGE,0.21999999977999998
2022-07-15,NH0100.NHF,0.1999999998
2022-07-22,000300.SH,0.17961964164412994
2022-07-22,000852.SH,0.12439941526404276
2022-07-22,CBA02701.CS,0.277862068858559
2022-07-22,AU9999.SGE,0.22240886263808526
2022-07-22,NH0100.NHF,0.195710010595183
2022-07-29,000300.SH,0.17999999981999998
2022-07-29,000852.SH,0.11999999987999999
2022-07-29,CBA02701.CS,0.27999999972
2022-07-29,AU9999.SGE,0.21999999977999998
2022-07-29,NH0100.NHF,0.1999999998
2022-08-05,000300.SH,0.17998185839854894
2022-08-05,000852.SH,0.1222427117458971
2022-08-05,CBA02701.CS,0.27877030127569336
2022-08-05,AU9999.SGE,0.2209829461716214
2022-08-05,NH0100.NHF,0.19802218140823924
2022-08-12,000300.SH,0.18002416460560575
2022-08-12,000852.SH,0.12072275427991719
2022-08-12,CBA02701.CS,0.27958177994654393
2022-08-12,AU9999.SGE,0.2202726750707977
2022-08-12,NH0100.NHF,0.1993986250971354
2022-08-19,000300.SH,0.17999999981999998
2022-08-19,000852.SH,0.11999999987999999
2022-08-19,CBA02701.CS,0.27999999972
2022-08-19,AU9999.SGE,0.21999999977999998
2022-08-19,NH0100.NHF,0.1999999998
2022-08-26,000300.SH,0.17999999981999998
2022-08-26,000852.SH,0.11999999987999999
2022-08-26,CBA02701.CS,0.27999999972
2022-08-26,AU9999.SGE,0.21999999977999998
2022-08-26,NH0100.NHF,0.1999999998
2022-09-02,000300.SH,0.17999999981999998
2022-09-02,000852.SH,0.11999999987999999
2022-09-02,CBA02701.CS,0.27999999972
2022-09-02,AU9999.SGE,0.21999999977999998
2022-09-02,NH0100.NHF,0.1999999998
2022-09-09,000300.SH,0.17999999981999998
2022-09-09,000852.SH,0.11999999987999999
2022-09-09,CBA02701.CS,0.27999999972
2022-09-09,AU9999.SGE,0.21999999977999998
2022-09-09,NH0100.NHF,0.1999999998
2022-09-16,000300.SH,0.18002664729755366
2022-09-16,000852.SH,0.12122175201048421
2022-09-16,CBA02701.CS,0.2792640188267286
2022-09-16,AU9999.SGE,0.2205273784547445
2022-09-16,NH0100.NHF,0.19896020241048906
2022-09-23,000300.SH,0.17999999981999998
2022-09-23,000852.SH,0.11999999987999999
2022-09-23,CBA02701.CS,0.27999999972
2022-09-23,AU9999.SGE,0.21999999977999998
2022-09-23,NH0100.NHF,0.1999999998
2022-09-30,000300.SH,0.17999999981999998
2022-09-30,000852.SH,0.11999999987999999
2022-09-30,CBA02701.CS,0.27999999972
2022-09-30,AU9999.SGE,0.21999999977999998
2022-09-30,NH0100.NHF,0.1999999998
2022-10-07,000300.SH,0.17999999981999998
2022-10-07,000852.SH,0.11999999987999999
2022-10-07,CBA02701.CS,0.27999999972
2022-10-07,AU9999.SGE,0.21999999977999998
2022-10-07,NH0100.NHF,0.1999999998
2022-10-14,000300.SH,0.18000065195303794
2022-10-14,000852.SH,0.12194006534903179
2022-10-14,CBA02701.CS,0.27892324017147774
2022-10-14,AU9999.SGE,0.22082751271816142
2022-10-14,NH0100.NHF,0.19830852880829114
2022-10-21,000300.SH,0.1800179399861186
2022-10-21,000852.SH,0.12045049896741308
2022-10-21,CBA02701.CS,0.27973724131424366
2022-10-21,AU9999.SGE,0.22016570355510973
2022-10-21,NH0100.NHF,0.19962861517711492
2022-10-28,000300.SH,0.18001970776937168
2022-10-28,000852.SH,0.12045370460221842
2022-10-28,CBA02701.CS,0.27972844950998593
2022-10-28,AU9999.SGE,0.2201710952925052
2022-10-28,NH0100.NHF,0.19962704182591876
2022-11-04,000300.SH,0.17333513402300738
2022-11-04,000852.SH,0.1270223843659611
2022-11-04,CBA02701.CS,0.28108090034021915
2022-11-04,AU9999.SGE,0.23266789497296295
2022-11-04,NH0100.NHF,0.18589368529784933
2022-11-11,000300.SH,0.17946916509633357
2022-11-11,000852.SH,0.1247563632842189
2022-11-11,CBA02701.CS,0.27749543823169726
2022-11-11,AU9999.SGE,0.22310468616580695
2022-11-11,NH0100.NHF,0.19517434622194327
2022-11-18,000300.SH,0.17999999981999998
2022-11-18,000852.SH,0.11999999987999999
2022-11-18,CBA02701.CS,0.27999999972
2022-11-18,AU9999.SGE,0.21999999977999998
2022-11-18,NH0100.NHF,0.1999999998
2022-11-25,000300.SH,0.17999999981999998
2022-11-25,000852.SH,0.11999999987999999
2022-11-25,CBA02701.CS,0.27999999972
2022-11-25,AU9999.SGE,0.21999999977999998
2022-11-25,NH0100.NHF,0.1999999998
2022-12-02,000300.SH,0.1800020363770374
2022-12-02,000852.SH,0.12004573047729997
2022-12-02,CBA02701.CS,0.2799730105950957
2022-12-02,AU9999.SGE,0.22001668779129852
2022-12-02,NH0100.NHF,0.19996253375926826
2022-12-09,000300.SH,0.18001761863093568
2022-12-09,000852.SH,0.12172226731617636
2022-12-09,CBA02701.CS,0.2790348517855872
2022-12-09,AU9999.SGE,0.22070589530558787
2022-12-09,NH0100.NHF,0.19851936596171282
2022-12-16,000300.SH,0.17999999981999998
2022-12-16,000852.SH,0.11999999987999999
2022-12-16,CBA02701.CS,0.27999999972
2022-12-16,AU9999.SGE,0.21999999977999998
2022-12-16,NH0100.NHF,0.1999999998
2022-12-23,000300.SH,0.17999999981999998
2022-12-23,000852.SH,0.11999999987999999
2022-12-23,CBA02701.CS,0.27999999972
2022-12-23,AU9999.SGE,0.21999999977999998
2022-12-23,NH0100.NHF,0.1999999998
2022-12-30,000300.SH,0.1792924967934237
2022-12-30,000852.SH,0.12527800932498676
2022-12-30,CBA02701.CS,0.2776349567424658
2022-12-30,AU9999.SGE,0.22324012117129768
2022-12-30,NH0100.NHF,0.19455441496782594
2023-01-06,000300.SH,0.17913322980738386
2023-01-06,000852.SH,0.12595419938737334
2023-01-06,CBA02701.CS,0.27745855494530514
2023-01-06,AU9999.SGE,0.22366760277853684
2023-01-06,NH0100.NHF,0.1937864120814007
2023-01-13,000300.SH,0.17999999981999998
2023-01-13,000852.SH,0.11999999987999999
2023-01-13,CBA02701.CS,0.27999999972
2023-01-13,AU9999.SGE,0.21999999977999998
2023-01-13,NH0100.NHF,0.1999999998
2023-01-20,000300.SH,0.17999999981999998
2023-01-20,000852.SH,0.11999999987999999
2023-01-20,CBA02701.CS,0.27999999972
2023-01-20,AU9999.SGE,0.21999999977999998
2023-01-20,NH0100.NHF,0.1999999998
2023-01-27,000300.SH,0.17999999981999998
2023-01-27,000852.SH,0.11999999987999999
2023-01-27,CBA02701.CS,0.27999999972
2023-01-27,AU9999.SGE,0.21999999977999998
2023-01-27,NH0100.NHF,0.1999999998
2023-02-03,000300.SH,0.17999999981999998
2023-02-03,000852.SH,0.11999999987999999
2023-02-03,CBA02701.CS,0.27999999972
2023-02-03,AU9999.SGE,0.21999999977999998
2023-02-03,NH0100.NHF,0.1999999998
2023-02-10,000300.SH,0.1800134883156826
2023-02-10,000852.SH,0.12152556939425713
2023-02-10,CBA02701.CS,0.27901945963566904
2023-02-10,AU9999.SGE,0.2207755253299704
2023-02-10,NH0100.NHF,0.19866595632442083
2023-02-17,000300.SH,0.17990919543925973
2023-02-17,000852.SH,0.12279687066351046
2023-02-17,CBA02701.CS,0.2782385638060821
2023-02-17,AU9999.SGE,0.22164731629218754
2023-02-17,NH0100.NHF,0.19740805279896015
2023-02-24,000300.SH,0.17948583119356287
2023-02-24,000852.SH,0.12480895178241093
2023-02-24,CBA02701.CS,0.2777413430462658
2023-02-24,AU9999.SGE,0.22277029097664613
2023-02-24,NH0100.NHF,0.19519358200111417
2023-03-03,000300.SH,0.17309607851326245
2023-03-03,000852.SH,0.12693370112850005
2023-03-03,CBA02701.CS,0.28141974279922716
2023-03-03,AU9999.SGE,0.23284824346781732
2023-03-03,NH0100.NHF,0.1857022330911931
2023-03-10,000300.SH,0.1795128198183804
2023-03-10,000852.SH,0.12474325952773202
2023-03-10,CBA02701.CS,0.2777209610289072
2023-03-10,AU9999.SGE,0.22274551645274104
2023-03-10,NH0100.NHF,0.1952774421722393
2023-03-17,000300.SH,0.17999999981999998
2023-03-17,000852.SH,0.11999999987999999
2023-03-17,CBA02701.CS,0.27999999972
2023-03-17,AU9999.SGE,0.21999999977999998
2023-03-17,NH0100.NHF,0.1999999998
2023-03-24,000300.SH,0.17999999981999998
2023-03-24,000852.SH,0.11999999987999999
2023-03-24,CBA02701.CS,0.27999999972
2023-03-24,AU9999.SGE,0.21999999977999998
2023-03-24,NH0100.NHF,0.1999999998
2023-03-31,000300.SH,0.17999999981999998
2023-03-31,000852.SH,0.11999999987999999
2023-03-31,CBA02701.CS,0.27999999972
2023-03-31,AU9999.SGE,0.21999999977999998
2023-03-31,NH0100.NHF,0.1999999998
2023-04-07,000300.SH,0.17999999981999998
2023-04-07,000852.SH,0.11999999987999999
2023-04-07,CBA02701.CS,0.27999999972
2023-04-07,AU9999.SGE,0.21999999977999998
2023-04-07,NH0100.NHF,0.1999999998
2023-04-14,000300.SH,0.17999999981999998
2023-04-14,000852.SH,0.11999999987999999
2023-04-14,CBA02701.CS,0.27999999972
2023-04-14,AU9999.SGE,0.21999999977999998
2023-04-14,NH0100.NHF,0.1999999998
2023-04-21,000300.SH,0.17999999981999998
2023-04-21,000852.SH,0.11999999987999999
2023-04-21,CBA02701.CS,0.27999999972
2023-04-21,AU9999.SGE,0.21999999977999998
2023-04-21,NH0100.NHF,0.1999999998
2023-04-28,000300.SH,0.1800054329946838
2023-04-28,000852.SH,0.12012532890793914
2023-04-28,CBA02701.CS,0.2799174560931772
2023-04-28,AU9999.SGE,0.22005600218491983
2023-04-28,NH0100.NHF,0.19989577881928017
2023-05-05,000300.SH,0.17999999981999998
2023-05-05,000852.SH,0.11999999987999999
2023-05-05,CBA02701.CS,0.27999999972
2023-05-05,AU9999.SGE,0.21999999977999998
2023-05-05,NH0100.NHF,0.1999999998
2023-05-12,000300.SH,0.17999273402584726
2023-05-12,000852.SH,0.12198178925257626
2023-05-12,CBA02701.CS,0.27877709790571986
2023-05-12,AU9999.SGE,0.2210059671669349
2023-05-12,NH0100.NHF,0.19824241064892165
2023-05-19,000300.SH,0.17999999981999998
2023-05-19,000852.SH,0.11999999987999999
2023-05-19,CBA02701.CS,0.27999999972
2023-05-19,AU9999.SGE,0.21999999977999998
2023-05-19,NH0100.NHF,0.1999999998
2023-05-26,000300.SH,0.18002217055655656
2023-05-26,000852.SH,0.12074895987561783
2023-05-26,CBA02701.CS,0.279566878771448
2023-05-26,AU9999.SGE,0.22028890159796594
2023-05-26,NH0100.NHF,0.1993730881984116
2023-06-02,000300.SH,0.17999999981999998
2023-06-02,000852.SH,0.11999999987999999
2023-06-02,CBA02701.CS,0.27999999972
2023-06-02,AU9999.SGE,0.21999999977999998
2023-06-02,NH0100.NHF,0.1999999998
2023-06-09,000300.SH,0.17999999981999998
2023-06-09,000852.SH,0.11999999987999999
2023-06-09,CBA02701.CS,0.27999999972
2023-06-09,AU9999.SGE,0.21999999977999998
2023-06-09,NH0100.NHF,0.1999999998
2023-06-16,000300.SH,0.17985247239968066
2023-06-16,000852.SH,0.12335452344118124
2023-06-16,CBA02701.CS,0.27824602677356675
2023-06-16,AU9999.SGE,0.2216501681479024
2023-06-16,NH0100.NHF,0.19689680823766878
2023-06-23,000300.SH,0.17303925592895483
2023-06-23,000852.SH,0.12703192121457615
2023-06-23,CBA02701.CS,0.2816371899586579
2023-06-23,AU9999.SGE,0.23270707628556442
2023-06-23,NH0100.NHF,0.18558455561224663
2023-06-30,000300.SH,0.17999999981999998
2023-06-30,000852.SH,0.11999999987999999
2023-06-30,CBA02701.CS,0.27999999972
2023-06-30,AU9999.SGE,0.21999999977999998
2023-06-30,NH0100.NHF,0.1999999998
2023-07-07,000300.SH,0.18001282313824638
2023-07-07,000852.SH,0.12172177232321299
2023-07-07,CBA02701.CS,0.2790363138992945
2023-07-07,AU9999.SGE,0.22071541015526255
2023-07-07,NH0100.NHF,0.1985136794839835
2023-07-14,000300.SH,0.1796392961261801
2023-07-14,000852.SH,0.12433110519669377
2023-07-14,CBA02701.CS,0.2778843259868441
2023-07-14,AU9999.SGE,0.22235229223654143
2023-07-14,NH0100.NHF,0.19579297945374055
2023-07-21,000300.SH,0.17952200762249573
2023-07-21,000852.SH,0.12460777342856676
2023-07-21,CBA02701.CS,0.27764673961889935
2023-07-21,AU9999.SGE,0.22283923473365588
2023-07-21,NH0100.NHF,0.19538424359638218
2023-07-28,000300.SH,0.18002051461498844
2023-07-28,000852.SH,0.12064144169845806
2023-07-28,CBA02701.CS,0.27962761870524605
2023-07-28,AU9999.SGE,0.2202455568559535
2023-07-28,NH0100.NHF,0.19946486712535372
2023-08-04,000300.SH,0.17969271697191141
2023-08-04,000852.SH,0.12413192160127545
2023-08-04,CBA02701.CS,0.2779523192793045
2023-08-04,AU9999.SGE,0.22219276214992353
2023-08-04,NH0100.NHF,0.19603027899758502
2023-08-11,000300.SH,0.17991939023965264
2023-08-11,000852.SH,0.12289196032646248
2023-08-11,CBA02701.CS,0.2784598351238446
2023-08-11,AU9999.SGE,0.22134727069944812
2023-08-11,NH0100.NHF,0.1973815426105921
2023-08-18,000300.SH,0.17999999981999998
2023-08-18,000852.SH,0.11999999987999999
2023-08-18,CBA02701.CS,0.27999999972
2023-08-18,AU9999.SGE,0.21999999977999998
2023-08-18,NH0100.NHF,0.1999999998
2023-08-25,000300.SH,0.17999999981999998
2023-08-25,000852.SH,0.11999999987999999
2023-08-25,CBA02701.CS,0.27999999972
2023-08-25,AU9999.SGE,0.21999999977999998
2023-08-25,NH0100.NHF,0.1999999998
2023-09-01,000300.SH,0.1785305032866063
2023-09-01,000852.SH,0.1265625696238903
2023-09-01,CBA02701.CS,0.2775630092295098
2023-09-01,AU9999.SGE,0.22481117996045144
2023-09-01,NH0100.NHF,0.19253273689954217
2023-09-08,000300.SH,0.17999999981999998
2023-09-08,000852.SH,0.11999999987999999
2023-09-08,CBA02701.CS,0.27999999972
2023-09-08,AU9999.SGE,0.21999999977999998
2023-09-08,NH0100.NHF,0.1999999998
2023-09-15,000300.SH,0.17999999981999998
2023-09-15,000852.SH,0.11999999987999999
2023-09-15,CBA02701.CS,0.27999999972
2023-09-15,AU9999.SGE,0.21999999977999998
2023-09-15,NH0100.NHF,0.1999999998
2023-09-22,000300.SH,0.17999999981999998
2023-09-22,000852.SH,0.11999999987999999
2023-09-22,CBA02701.CS,0.27999999972
2023-09-22,AU9999.SGE,0.21999999977999998
2023-09-22,NH0100.NHF,0.1999999998
2023-09-29,000300.SH,0.17999999981999998
2023-09-29,000852.SH,0.11999999987999999
2023-09-29,CBA02701.CS,0.27999999972
2023-09-29,AU9999.SGE,0.21999999977999998
2023-09-29,NH0100.NHF,0.1999999998
2023-10-06,000300.SH,0.17999999981999998
2023-10-06,000852.SH,0.11999999987999999
2023-10-06,CBA02701.CS,0.27999999972
2023-10-06,AU9999.SGE,0.21999999977999998
2023-10-06,NH0100.NHF,0.1999999998
2023-10-13,000300.SH,0.17999999981999998
2023-10-13,000852.SH,0.11999999987999999
2023-10-13,CBA02701.CS,0.27999999972
2023-10-13,AU9999.SGE,0.21999999977999998
2023-10-13,NH0100.NHF,0.1999999998
2023-10-20,000300.SH,0.17999999981999998
2023-10-20,000852.SH,0.11999999987999999
2023-10-20,CBA02701.CS,0.27999999972
2023-10-20,AU9999.SGE,0.21999999977999998
2023-10-20,NH0100.NHF,0.1999999998
2023-10-27,000300.SH,0.17999999981999998
2023-10-27,000852.SH,0.11999999987999999
2023-10-27,CBA02701.CS,0.27999999972
2023-10-27,AU9999.SGE,0.21999999977999998
2023-10-27,NH0100.NHF,0.1999999998
2023-11-03,000300.SH,0.17999089520241887
2023-11-03,000852.SH,0.12273296261170921
2023-11-03,CBA02701.CS,0.27850387263337356
2023-11-03,AU9999.SGE,0.22116496466437488
2023-11-03,NH0100.NHF,0.19760730388812353
2023-11-10,000300.SH,0.17999999981999998
2023-11-10,000852.SH,0.11999999987999999
2023-11-10,CBA02701.CS,0.27999999972
2023-11-10,AU9999.SGE,0.21999999977999998
2023-11-10,NH0100.NHF,0.1999999998
2023-11-17,000300.SH,0.17999999981999998
2023-11-17,000852.SH,0.11999999987999999
2023-11-17,CBA02701.CS,0.27999999972
2023-11-17,AU9999.SGE,0.21999999977999998
2023-11-17,NH0100.NHF,0.1999999998
2023-11-24,000300.SH,0.17999999981999998
2023-11-24,000852.SH,0.11999999987999999
2023-11-24,CBA02701.CS,0.27999999972
2023-11-24,AU9999.SGE,0.21999999977999998
2023-11-24,NH0100.NHF,0.1999999998
2023-12-01,000300.SH,0.17999999981999998
2023-12-01,000852.SH,0.11999999987999999
2023-12-01,CBA02701.CS,0.27999999972
2023-12-01,AU9999.SGE,0.21999999977999998
2023-12-01,NH0100.NHF,0.1999999998
2023-12-08,000300.SH,0.17999999981999998
2023-12-08,000852.SH,0.11999999987999999
2023-12-08,CBA02701.CS,0.27999999972
2023-12-08,AU9999.SGE,0.21999999977999998
2023-12-08,NH0100.NHF,0.1999999998
2023-12-15,000300.SH,0.17999999981999998
2023-12-15,000852.SH,0.11999999987999999
2023-12-15,CBA02701.CS,0.27999999972
2023-12-15,AU9999.SGE,0.21999999977999998
2023-12-15,NH0100.NHF,0.1999999998
2023-12-22,000300.SH,0.17999999981999998
2023-12-22,000852.SH,0.11999999987999999
2023-12-22,CBA02701.CS,0.27999999972
2023-12-22,AU9999.SGE,0.21999999977999998
2023-12-22,NH0100.NHF,0.1999999998
2023-12-29,000300.SH,0.1800026421898731
2023-12-29,000852.SH,0.12190103098512205
2023-12-29,CBA02701.CS,0.2789433107980624
2023-12-29,AU9999.SGE,0.22080807005010125
2023-12-29,NH0100.NHF,0.19834494497684108
2024-01-05,000300.SH,0.18000440441217347
2024-01-05,000852.SH,0.12010148005019124
2024-01-05,CBA02701.CS,0.27994019976758067
2024-01-05,AU9999.SGE,0.22003719184460613
2024-01-05,NH0100.NHF,0.19991672292544835
2024-01-12,000300.SH,0.17867854774298803
2024-01-12,000852.SH,0.126254194307926
2024-01-12,CBA02701.CS,0.27758189387964904
2024-01-12,AU9999.SGE,0.22451290285111644
2024-01-12,NH0100.NHF,0.1929724602183204
2024-01-19,000300.SH,0.17931940752817235
2024-01-19,000852.SH,0.1251243329569434
2024-01-19,CBA02701.CS,0.2775251695560646
2024-01-19,AU9999.SGE,0.2233378747120885
2024-01-19,NH0100.NHF,0.19469321424673122
2024-01-26,000300.SH,0.17303925592895483
2024-01-26,000852.SH,0.12703192121457615
2024-01-26,CBA02701.CS,0.2816371899586579
2024-01-26,AU9999.SGE,0.23270707628556442
2024-01-26,NH0100.NHF,0.18558455561224663
2024-02-02,000300.SH,0.17919609577678045
2024-02-02,000852.SH,0.12547380442471154
2024-02-02,CBA02701.CS,0.27760303910184564
2024-02-02,AU9999.SGE,0.2234581256056975
2024-02-02,NH0100.NHF,0.19426893409096477
2024-02-09,000300.SH,0.17621093213869224
2024-02-09,000852.SH,0.12750067518814767
2024-02-09,CBA02701.CS,0.2788599116660419
2024-02-09,AU9999.SGE,0.22847822558716363
2024-02-09,NH0100.NHF,0.18895025441995447
2024-02-16,000300.SH,0.17621093213869224
2024-02-16,000852.SH,0.12750067518814767
2024-02-16,CBA02701.CS,0.2788599116660419
2024-02-16,AU9999.SGE,0.22847822558716363
2024-02-16,NH0100.NHF,0.18895025441995447
2024-02-23,000300.SH,0.18001117367592287
2024-02-23,000852.SH,0.12170598566327667
2024-02-23,CBA02701.CS,0.27904472329792246
2024-02-23,AU9999.SGE,0.22071289001241173
2024-02-23,NH0100.NHF,0.19852522635046618
2024-03-01,000300.SH,0.17340017199160476
2024-03-01,000852.SH,0.12693053654227301
2024-03-01,CBA02701.CS,0.2809967146686013
2024-03-01,AU9999.SGE,0.23263448921914986
2024-03-01,NH0100.NHF,0.18603808657837093
2024-03-08,000300.SH,0.17999999981999998
2024-03-08,000852.SH,0.11999999987999999
2024-03-08,CBA02701.CS,0.27999999972
2024-03-08,AU9999.SGE,0.21999999977999998
2024-03-08,NH0100.NHF,0.1999999998
2024-03-15,000300.SH,0.17999999981999998
2024-03-15,000852.SH,0.11999999987999999
2024-03-15,CBA02701.CS,0.27999999972
2024-03-15,AU9999.SGE,0.21999999977999998
2024-03-15,NH0100.NHF,0.1999999998
2024-03-22,000300.SH,0.17999999981999998
2024-03-22,000852.SH,0.11999999987999999
2024-03-22,CBA02701.CS,0.27999999972
2024-03-22,AU9999.SGE,0.21999999977999998
2024-03-22,NH0100.NHF,0.1999999998
2024-03-29,000300.SH,0.17999999981999998
2024-03-29,000852.SH,0.11999999987999999
2024-03-29,CBA02701.CS,0.27999999972
2024-03-29,AU9999.SGE,0.21999999977999998
2024-03-29,NH0100.NHF,0.1999999998
2024-04-05,000300.SH,0.17986037186268916
2024-04-05,000852.SH,0.12328033944200573
2024-04-05,CBA02701.CS,0.27823887700434236
2024-04-05,AU9999.SGE,0.22165609397126368
2024-04-05,NH0100.NHF,0.1969643167196991
2024-04-12,000300.SH,0.17987284069933487
2024-04-12,000852.SH,0.12305060910428407
2024-04-12,CBA02701.CS,0.2780309673603471
2024-04-12,AU9999.SGE,0.22191714718546052
2024-04-12,NH0100.NHF,0.19712843465057325
2024-04-19,000300.SH,0.17999999981999998
2024-04-19,000852.SH,0.11999999987999999
2024-04-19,CBA02701.CS,0.27999999972
2024-04-19,AU9999.SGE,0.21999999977999998
2024-04-19,NH0100.NHF,0.1999999998
2024-04-26,000300.SH,0.17999999981999998
2024-04-26,000852.SH,0.11999999987999999
2024-04-26,CBA02701.CS,0.27999999972
2024-04-26,AU9999.SGE,0.21999999977999998
2024-04-26,NH0100.NHF,0.1999999998
2024-05-03,000300.SH,0.17999999981999998
2024-05-03,000852.SH,0.11999999987999999
2024-05-03,CBA02701.CS,0.27999999972
2024-05-03,AU9999.SGE,0.21999999977999998
2024-05-03,NH0100.NHF,0.1999999998
2024-05-10,000300.SH,0.17999999981999998
2024-05-10,000852.SH,0.11999999987999999
2024-05-10,CBA02701.CS,0.27999999972
2024-05-10,AU9999.SGE,0.21999999977999998
2024-05-10,NH0100.NHF,0.1999999998
2024-05-17,000300.SH,0.1800216528782637
2024-05-17,000852.SH,0.12061033670592501
2024-05-17,CBA02701.CS,0.2796249121213751
2024-05-17,AU9999.SGE,0.22025273657030084
2024-05-17,NH0100.NHF,0.19949036072413528
2024-05-24,000300.SH,0.17999999981999998
2024-05-24,000852.SH,0.11999999987999999
2024-05-24,CBA02701.CS,0.27999999972
2024-05-24,AU9999.SGE,0.21999999977999998
2024-05-24,NH0100.NHF,0.1999999998
2024-05-31,000300.SH,0.17999999981999998
2024-05-31,000852.SH,0.11999999987999999
2024-05-31,CBA02701.CS,0.27999999972
2024-05-31,AU9999.SGE,0.21999999977999998
2024-05-31,NH0100.NHF,0.1999999998
2024-06-07,000300.SH,0.17999999981999998
2024-06-07,000852.SH,0.11999999987999999
2024-06-07,CBA02701.CS,0.27999999972
2024-06-07,AU9999.SGE,0.21999999977999998
2024-06-07,NH0100.NHF,0.1999999998
2024-06-14,000300.SH,0.17999999981999998
2024-06-14,000852.SH,0.11999999987999999
2024-06-14,CBA02701.CS,0.27999999972
2024-06-14,AU9999.SGE,0.21999999977999998
2024-06-14,NH0100.NHF,0.1999999998
2024-06-21,000300.SH,0.17999999981999998
2024-06-21,000852.SH,0.11999999987999999
2024-06-21,CBA02701.CS,0.27999999972
2024-06-21,AU9999.SGE,0.21999999977999998
2024-06-21,NH0100.NHF,0.1999999998
2024-06-28,000300.SH,0.17999999981999998
2024-06-28,000852.SH,0.11999999987999999
2024-06-28,CBA02701.CS,0.27999999972
2024-06-28,AU9999.SGE,0.21999999977999998
2024-06-28,NH0100.NHF,0.1999999998
2024-07-05,000300.SH,0.17999999981999998
2024-07-05,000852.SH,0.11999999987999999
2024-07-05,CBA02701.CS,0.27999999972
2024-07-05,AU9999.SGE,0.21999999977999998
2024-07-05,NH0100.NHF,0.1999999998
2024-07-12,000300.SH,0.17539755867489235
2024-07-12,000852.SH,0.12773246634631327
2024-07-12,CBA02701.CS,0.2794557875686502
2024-07-12,AU9999.SGE,0.22962170885901226
2024-07-12,NH0100.NHF,0.18779247755113185
2024-07-19,000300.SH,0.17999999981999998
2024-07-19,000852.SH,0.11999999987999999
2024-07-19,CBA02701.CS,0.27999999972
2024-07-19,AU9999.SGE,0.21999999977999998
2024-07-19,NH0100.NHF,0.1999999998
2024-07-26,000300.SH,0.17981830893589476
2024-07-26,000852.SH,0.12358543765074717
2024-07-26,CBA02701.CS,0.2780835206790426
2024-07-26,AU9999.SGE,0.2218676597174472
2024-07-26,NH0100.NHF,0.19664507201686843
2024-08-02,000300.SH,0.17997788734536757
2024-08-02,000852.SH,0.12228481573103456
2024-08-02,CBA02701.CS,0.27870816279237637
2024-08-02,AU9999.SGE,0.22105498814687705
2024-08-02,NH0100.NHF,0.19797414498434437
2024-08-09,000300.SH,0.17999999981999998
2024-08-09,000852.SH,0.11999999987999999
2024-08-09,CBA02701.CS,0.27999999972
2024-08-09,AU9999.SGE,0.21999999977999998
2024-08-09,NH0100.NHF,0.1999999998
2024-08-16,000300.SH,0.17999999981999998
2024-08-16,000852.SH,0.11999999987999999
2024-08-16,CBA02701.CS,0.27999999972
2024-08-16,AU9999.SGE,0.21999999977999998
2024-08-16,NH0100.NHF,0.1999999998
2024-08-23,000300.SH,0.17999999981999998
2024-08-23,000852.SH,0.11999999987999999
2024-08-23,CBA02701.CS,0.27999999972
2024-08-23,AU9999.SGE,0.21999999977999998
2024-08-23,NH0100.NHF,0.1999999998
2024-08-30,000300.SH,0.17999999981999998
2024-08-30,000852.SH,0.11999999987999999
2024-08-30,CBA02701.CS,0.27999999972
2024-08-30,AU9999.SGE,0.21999999977999998
2024-08-30,NH0100.NHF,0.1999999998
2024-09-06,000300.SH,0.17999999981999998
2024-09-06,000852.SH,0.11999999987999999
2024-09-06,CBA02701.CS,0.27999999972
2024-09-06,AU9999.SGE,0.21999999977999998
2024-09-06,NH0100.NHF,0.1999999998
2024-09-13,000300.SH,0.17999999981999998
2024-09-13,000852.SH,0.11999999987999999
2024-09-13,CBA02701.CS,0.27999999972
2024-09-13,AU9999.SGE,0.21999999977999998
2024-09-13,NH0100.NHF,0.1999999998
2024-09-20,000300.SH,0.17999999981999998
2024-09-20,000852.SH,0.11999999987999999
2024-09-20,CBA02701.CS,0.27999999972
2024-09-20,AU9999.SGE,0.21999999977999998
2024-09-20,NH0100.NHF,0.1999999998
2024-09-27,000300.SH,0.17342530585452173
2024-09-27,000852.SH,0.1277952494498514
2024-09-27,CBA02701.CS,0.2811621141712218
2024-09-27,AU9999.SGE,0.23219915660157484
2024-09-27,NH0100.NHF,0.18541817292283022
2024-10-04,000300.SH,0.17530585949013983
2024-10-04,000852.SH,0.12749073732785252
2024-10-04,CBA02701.CS,0.2795793081135618
2024-10-04,AU9999.SGE,0.22974298477053035
2024-10-04,NH0100.NHF,0.1878811092979155
2024-10-11,000300.SH,0.1731614233514586
2024-10-11,000852.SH,0.12727348023803917
2024-10-11,CBA02701.CS,0.2814868498585794
2024-10-11,AU9999.SGE,0.23254634257077145
2024-10-11,NH0100.NHF,0.18553190298115135
2024-10-18,000300.SH,0.17968965592232
2024-10-18,000852.SH,0.1241153198461682
2024-10-18,CBA02701.CS,0.27791403259931136
2024-10-18,AU9999.SGE,0.22224771332935767
2024-10-18,NH0100.NHF,0.19603327730284284
2024-10-25,000300.SH,0.17999999981999998
2024-10-25,000852.SH,0.11999999987999999
2024-10-25,CBA02701.CS,0.27999999972
2024-10-25,AU9999.SGE,0.21999999977999998
2024-10-25,NH0100.NHF,0.1999999998
2024-11-01,000300.SH,0.17999999981999998
2024-11-01,000852.SH,0.11999999987999999
2024-11-01,CBA02701.CS,0.27999999972
2024-11-01,AU9999.SGE,0.21999999977999998
2024-11-01,NH0100.NHF,0.1999999998
2024-11-08,000300.SH,0.17996103873576313
2024-11-08,000852.SH,0.12235469780455643
2024-11-08,CBA02701.CS,0.2785114617115553
2024-11-08,AU9999.SGE,0.22130656292803375
2024-11-08,NH0100.NHF,0.19786623782009122
2024-11-15,000300.SH,0.17615049891789805
2024-11-15,000852.SH,0.12741795801160166
2024-11-15,CBA02701.CS,0.2788140081253176
2024-11-15,AU9999.SGE,0.228688994896496
2024-11-15,NH0100.NHF,0.18892853904868653
2024-11-22,000300.SH,0.17999999981999998
2024-11-22,000852.SH,0.11999999987999999
2024-11-22,CBA02701.CS,0.27999999972
2024-11-22,AU9999.SGE,0.21999999977999998
2024-11-22,NH0100.NHF,0.1999999998
2024-11-29,000300.SH,0.17999999981999998
2024-11-29,000852.SH,0.11999999987999999
2024-11-29,CBA02701.CS,0.27999999972
2024-11-29,AU9999.SGE,0.21999999977999998
2024-11-29,NH0100.NHF,0.1999999998
2024-12-06,000300.SH,0.17999999981999998
2024-12-06,000852.SH,0.11999999987999999
2024-12-06,CBA02701.CS,0.27999999972
2024-12-06,AU9999.SGE,0.21999999977999998
2024-12-06,NH0100.NHF,0.1999999998
2024-12-13,000300.SH,0.17999999981999998
2024-12-13,000852.SH,0.11999999987999999
2024-12-13,CBA02701.CS,0.27999999972
2024-12-13,AU9999.SGE,0.21999999977999998
2024-12-13,NH0100.NHF,0.1999999998
2024-12-20,000300.SH,0.17999999981999998
2024-12-20,000852.SH,0.11999999987999999
2024-12-20,CBA02701.CS,0.27999999972
2024-12-20,AU9999.SGE,0.21999999977999998
2024-12-20,NH0100.NHF,0.1999999998
2024-12-27,000300.SH,0.17999999981999998
2024-12-27,000852.SH,0.11999999987999999
2024-12-27,CBA02701.CS,0.27999999972
2024-12-27,AU9999.SGE,0.21999999977999998
2024-12-27,NH0100.NHF,0.1999999998
2025-01-03,000300.SH,0.17999999981999998
2025-01-03,000852.SH,0.11999999987999999
2025-01-03,CBA02701.CS,0.27999999972
2025-01-03,AU9999.SGE,0.21999999977999998
2025-01-03,NH0100.NHF,0.1999999998
2025-01-10,000300.SH,0.17999999981999998
2025-01-10,000852.SH,0.11999999987999999
2025-01-10,CBA02701.CS,0.27999999972
2025-01-10,AU9999.SGE,0.21999999977999998
2025-01-10,NH0100.NHF,0.1999999998
2025-01-17,000300.SH,0.17999999981999998
2025-01-17,000852.SH,0.11999999987999999
2025-01-17,CBA02701.CS,0.27999999972
2025-01-17,AU9999.SGE,0.21999999977999998
2025-01-17,NH0100.NHF,0.1999999998
2025-01-24,000300.SH,0.18002669826667606
2025-01-24,000852.SH,0.12125688703390376
2025-01-24,CBA02701.CS,0.2792848779640643
2025-01-24,AU9999.SGE,0.22049557710275738
2025-01-24,NH0100.NHF,0.1989359586325987
2025-01-31,000300.SH,0.17999999981999998
2025-01-31,000852.SH,0.11999999987999999
2025-01-31,CBA02701.CS,0.27999999972
2025-01-31,AU9999.SGE,0.21999999977999998
2025-01-31,NH0100.NHF,0.1999999998
2025-02-07,000300.SH,0.18003208710164156
2025-02-07,000852.SH,0.12114404273041554
2025-02-07,CBA02701.CS,0.2792312360868548
2025-02-07,AU9999.SGE,0.2205694132180155
2025-02-07,NH0100.NHF,0.19902321986307261
2025-02-14,000300.SH,0.17999999981999998
2025-02-14,000852.SH,0.11999999987999999
2025-02-14,CBA02701.CS,0.27999999972
2025-02-14,AU9999.SGE,0.21999999977999998
2025-02-14,NH0100.NHF,0.1999999998
2025-02-21,000300.SH,0.17999999981999998
2025-02-21,000852.SH,0.11999999987999999
2025-02-21,CBA02701.CS,0.27999999972
2025-02-21,AU9999.SGE,0.21999999977999998
2025-02-21,NH0100.NHF,0.1999999998
2025-02-28,000300.SH,0.17999999981999998
2025-02-28,000852.SH,0.11999999987999999
2025-02-28,CBA02701.CS,0.27999999972
2025-02-28,AU9999.SGE,0.21999999977999998
2025-02-28,NH0100.NHF,0.1999999998
2025-03-07,000300.SH,0.17999999981999998
2025-03-07,000852.SH,0.11999999987999999
2025-03-07,CBA02701.CS,0.27999999972
2025-03-07,AU9999.SGE,0.21999999977999998
2025-03-07,NH0100.NHF,0.1999999998
2025-03-14,000300.SH,0.17999999981999998
2025-03-14,000852.SH,0.11999999987999999
2025-03-14,CBA02701.CS,0.27999999972
2025-03-14,AU9999.SGE,0.21999999977999998
2025-03-14,NH0100.NHF,0.1999999998
2025-03-21,000300.SH,0.17999999981999998
2025-03-21,000852.SH,0.11999999987999999
2025-03-21,CBA02701.CS,0.27999999972
2025-03-21,AU9999.SGE,0.21999999977999998
2025-03-21,NH0100.NHF,0.1999999998
2025-03-28,000300.SH,0.17999999981999998
2025-03-28,000852.SH,0.11999999987999999
2025-03-28,CBA02701.CS,0.27999999972
2025-03-28,AU9999.SGE,0.21999999977999998
2025-03-28,NH0100.NHF,0.1999999998
2025-04-04,000300.SH,0.17999999981999998
2025-04-04,000852.SH,0.11999999987999999
2025-04-04,CBA02701.CS,0.27999999972
2025-04-04,AU9999.SGE,0.21999999977999998
2025-04-04,NH0100.NHF,0.1999999998
2025-04-11,000300.SH,0.18006437058362992
2025-04-11,000852.SH,0.121815363772866
2025-04-11,CBA02701.CS,0.2788254250477463
2025-04-11,AU9999.SGE,0.22081998913913478
2025-04-11,NH0100.NHF,0.19847485045662286
2025-04-18,000300.SH,0.17999999981999998
2025-04-18,000852.SH,0.11999999987999999
2025-04-18,CBA02701.CS,0.27999999972
2025-04-18,AU9999.SGE,0.21999999977999998
2025-04-18,NH0100.NHF,0.1999999998
2025-04-25,000300.SH,0.17999999981999998
2025-04-25,000852.SH,0.11999999987999999
2025-04-25,CBA02701.CS,0.27999999972
2025-04-25,AU9999.SGE,0.21999999977999998
2025-04-25,NH0100.NHF,0.1999999998
2025-05-02,000300.SH,0.17999999981999998
2025-05-02,000852.SH,0.11999999987999999
2025-05-02,CBA02701.CS,0.27999999972
2025-05-02,AU9999.SGE,0.21999999977999998
2025-05-02,NH0100.NHF,0.1999999998
2025-05-09,000300.SH,0.17999999981999998
2025-05-09,000852.SH,0.11999999987999999
2025-05-09,CBA02701.CS,0.27999999972
2025-05-09,AU9999.SGE,0.21999999977999998
2025-05-09,NH0100.NHF,0.1999999998
2025-05-16,000300.SH,0.17999999981999998
2025-05-16,000852.SH,0.11999999987999999
2025-05-16,CBA02701.CS,0.27999999972
2025-05-16,AU9999.SGE,0.21999999977999998
2025-05-16,NH0100.NHF,0.1999999998
2025-05-23,000300.SH,0.17999999981999998
2025-05-23,000852.SH,0.11999999987999999
2025-05-23,CBA02701.CS,0.27999999972
2025-05-23,AU9999.SGE,0.21999999977999998
2025-05-23,NH0100.NHF,0.1999999998
2025-05-30,000300.SH,0.17999999981999998
2025-05-30,000852.SH,0.11999999987999999
2025-05-30,CBA02701.CS,0.27999999972
2025-05-30,AU9999.SGE,0.21999999977999998
2025-05-30,NH0100.NHF,0.1999999998
2025-06-06,000300.SH,0.17999999981999998
2025-06-06,000852.SH,0.11999999987999999
2025-06-06,CBA02701.CS,0.27999999972
2025-06-06,AU9999.SGE,0.21999999977999998
2025-06-06,NH0100.NHF,0.1999999998
2025-06-13,000300.SH,0.17999999981999998
2025-06-13,000852.SH,0.11999999987999999
2025-06-13,CBA02701.CS,0.27999999972
2025-06-13,AU9999.SGE,0.21999999977999998
2025-06-13,NH0100.NHF,0.1999999998
2025-06-20,000300.SH,0.17999999981999998
2025-06-20,000852.SH,0.11999999987999999
2025-06-20,CBA02701.CS,0.27999999972
2025-06-20,AU9999.SGE,0.21999999977999998
2025-06-20,NH0100.NHF,0.1999999998
2025-06-27,000300.SH,0.17913417010157526
2025-06-27,000852.SH,0.1255891133253389
2025-06-27,CBA02701.CS,0.27758834145330324
2025-06-27,AU9999.SGE,0.22359369768344126
2025-06-27,NH0100.NHF,0.19409467643634135
2025-07-04,000300.SH,0.17999999981999998
2025-07-04,000852.SH,0.11999999987999999
2025-07-04,CBA02701.CS,0.27999999972
2025-07-04,AU9999.SGE,0.21999999977999998
2025-07-04,NH0100.NHF,0.1999999998
2025-07-11,000300.SH,0.17999999981999998
2025-07-11,000852.SH,0.11999999987999999
2025-07-11,CBA02701.CS,0.27999999972
2025-07-11,AU9999.SGE,0.21999999977999998
2025-07-11,NH0100.NHF,0.1999999998
2025-07-18,000300.SH,0.17999999981999998
2025-07-18,000852.SH,0.11999999987999999
2025-07-18,CBA02701.CS,0.27999999972
2025-07-18,AU9999.SGE,0.21999999977999998
2025-07-18,NH0100.NHF,0.1999999998
2025-07-25,000300.SH,0.17999999981999998
2025-07-25,000852.SH,0.11999999987999999
2025-07-25,CBA02701.CS,0.27999999972
2025-07-25,AU9999.SGE,0.21999999977999998
2025-07-25,NH0100.NHF,0.1999999998
2025-08-01,000300.SH,0.17999999981999998
2025-08-01,000852.SH,0.11999999987999999
2025-08-01,CBA02701.CS,0.27999999972
2025-08-01,AU9999.SGE,0.21999999977999998
2025-08-01,NH0100.NHF,0.1999999998
2025-08-08,000300.SH,0.17999999981999998
2025-08-08,000852.SH,0.11999999987999999
2025-08-08,CBA02701.CS,0.27999999972
2025-08-08,AU9999.SGE,0.21999999977999998
2025-08-08,NH0100.NHF,0.1999999998
2025-08-15,000300.SH,0.17999999981999998
2025-08-15,000852.SH,0.11999999987999999
2025-08-15,CBA02701.CS,0.27999999972
2025-08-15,AU9999.SGE,0.21999999977999998
2025-08-15,NH0100.NHF,0.1999999998
2025-08-22,000300.SH,0.17999999981999998
2025-08-22,000852.SH,0.11999999987999999
2025-08-22,CBA02701.CS,0.27999999972
2025-08-22,AU9999.SGE,0.21999999977999998
2025-08-22,NH0100.NHF,0.1999999998
2025-08-29,000300.SH,0.17999999981999998
2025-08-29,000852.SH,0.11999999987999999
2025-08-29,CBA02701.CS,0.27999999972
2025-08-29,AU9999.SGE,0.21999999977999998
2025-08-29,NH0100.NHF,0.1999999998
2025-09-05,000300.SH,0.18000735592986183
2025-09-05,000852.SH,0.12190931160082574
2025-09-05,CBA02701.CS,0.27888026269196864
2025-09-05,AU9999.SGE,0.2208683285570103
2025-09-05,NH0100.NHF,0.19833474022033332
2025-09-12,000300.SH,0.17966567405283745
2025-09-12,000852.SH,0.1242353798336834
2025-09-12,CBA02701.CS,0.2779164422903706
2025-09-12,AU9999.SGE,0.22227464174217898
2025-09-12,NH0100.NHF,0.19590786108092947
2025-09-19,000300.SH,0.17999999981999998
2025-09-19,000852.SH,0.11999999987999999
2025-09-19,CBA02701.CS,0.27999999972
2025-09-19,AU9999.SGE,0.21999999977999998
2025-09-19,NH0100.NHF,0.1999999998
2025-09-26,000300.SH,0.17999999981999998
2025-09-26,000852.SH,0.11999999987999999
2025-09-26,CBA02701.CS,0.27999999972
2025-09-26,AU9999.SGE,0.21999999977999998
2025-09-26,NH0100.NHF,0.1999999998
2025-10-03,000300.SH,0.17999999981999998
2025-10-03,000852.SH,0.11999999987999999
2025-10-03,CBA02701.CS,0.27999999972
2025-10-03,AU9999.SGE,0.21999999977999998
2025-10-03,NH0100.NHF,0.1999999998
2025-10-10,000300.SH,0.17999999981999998
2025-10-10,000852.SH,0.11999999987999999
2025-10-10,CBA02701.CS,0.27999999972
2025-10-10,AU9999.SGE,0.21999999977999998
2025-10-10,NH0100.NHF,0.1999999998
2025-10-17,000300.SH,0.17999999981999998
2025-10-17,000852.SH,0.11999999987999999
2025-10-17,CBA02701.CS,0.27999999972
2025-10-17,AU9999.SGE,0.21999999977999998
2025-10-17,NH0100.NHF,0.1999999998
2025-10-24,000300.SH,0.17999999981999998
2025-10-24,000852.SH,0.11999999987999999
2025-10-24,CBA02701.CS,0.27999999972
2025-10-24,AU9999.SGE,0.21999999977999998
2025-10-24,NH0100.NHF,0.1999999998
2025-10-31,000300.SH,0.17999999981999998
2025-10-31,000852.SH,0.11999999987999999
2025-10-31,CBA02701.CS,0.27999999972
2025-10-31,AU9999.SGE,0.21999999977999998
2025-10-31,NH0100.NHF,0.1999999998
2025-11-07,000300.SH,0.17999999981999998
2025-11-07,000852.SH,0.11999999987999999
2025-11-07,CBA02701.CS,0.27999999972
2025-11-07,AU9999.SGE,0.21999999977999998
2025-11-07,NH0100.NHF,0.1999999998
2025-11-14,000300.SH,0.17999999981999998
2025-11-14,000852.SH,0.11999999987999999
2025-11-14,CBA02701.CS,0.27999999972
2025-11-14,AU9999.SGE,0.21999999977999998
2025-11-14,NH0100.NHF,0.1999999998
2025-11-21,000300.SH,0.17999999981999998
2025-11-21,000852.SH,0.11999999987999999
2025-11-21,CBA02701.CS,0.27999999972
2025-11-21,AU9999.SGE,0.21999999977999998
2025-11-21,NH0100.NHF,0.1999999998
2025-11-28,000300.SH,0.180020658678439
2025-11-28,000852.SH,0.12066993656336393
2025-11-28,CBA02701.CS,0.27956045173240146
2025-11-28,AU9999.SGE,0.220316815517464
2025-11-28,NH0100.NHF,0.19943213650833147
2025-12-05,000300.SH,0.17985864480562833
2025-12-05,000852.SH,0.12318881714055455
2025-12-05,CBA02701.CS,0.2781213475767324
2025-12-05,AU9999.SGE,0.22181574018454941
2025-12-05,NH0100.NHF,0.19701544929253523
2025-12-12,000300.SH,0.1801942423125399
2025-12-12,000852.SH,0.12207435179262414
2025-12-12,CBA02701.CS,0.27884012185188095
2025-12-12,AU9999.SGE,0.2204467248451193
2025-12-12,NH0100.NHF,0.19844455819783577
2025-12-19,000300.SH,0.17651421626572183
2025-12-19,000852.SH,0.12747817019063432
2025-12-19,CBA02701.CS,0.27829389107682523
2025-12-19,AU9999.SGE,0.22843594662019406
2025-12-19,NH0100.NHF,0.18927777484662456
2025-12-26,000300.SH,0.17998795313632504
2025-12-26,000852.SH,0.12209681099838122
2025-12-26,CBA02701.CS,0.2787680645030159
2025-12-26,AU9999.SGE,0.22100277320180375
2025-12-26,NH0100.NHF,0.19814439716047416
2026-01-02,000300.SH,0.17999999981999998
2026-01-02,000852.SH,0.11999999987999999
2026-01-02,CBA02701.CS,0.27999999972
2026-01-02,AU9999.SGE,0.21999999977999998
2026-01-02,NH0100.NHF,0.1999999998
2026-01-09,000300.SH,0.17999999981999998
2026-01-09,000852.SH,0.11999999987999999
2026-01-09,CBA02701.CS,0.27999999972
2026-01-09,AU9999.SGE,0.21999999977999998
2026-01-09,NH0100.NHF,0.1999999998
2026-01-16,000300.SH,0.1790921306696615
2026-01-16,000852.SH,0.12569992709790828
2026-01-16,CBA02701.CS,0.2775675853967409
2026-01-16,AU9999.SGE,0.22369121426071317
2026-01-16,NH0100.NHF,0.19394914157497592
2026-01-23,000300.SH,0.17994778451961138
2026-01-23,000852.SH,0.1225493484643337
2026-01-23,CBA02701.CS,0.2784944594843162
2026-01-23,AU9999.SGE,0.22131509430774704
2026-01-23,NH0100.NHF,0.1976933122239916
2026-01-30,000300.SH,0.18000793150403435
2026-01-30,000852.SH,0.12018850809690869
2026-01-30,CBA02701.CS,0.2798686125512212
2026-01-30,AU9999.SGE,0.22009315831773804
2026-01-30,NH0100.NHF,0.19984178853009774
2026-02-06,000300.SH,0.17999999981999998
2026-02-06,000852.SH,0.11999999987999999
2026-02-06,CBA02701.CS,0.27999999972
2026-02-06,AU9999.SGE,0.21999999977999998
2026-02-06,NH0100.NHF,0.1999999998
2026-02-13,000300.SH,0.17999999981999998
2026-02-13,000852.SH,0.11999999987999999
2026-02-13,CBA02701.CS,0.27999999972
2026-02-13,AU9999.SGE,0.21999999977999998
2026-02-13,NH0100.NHF,0.1999999998
2026-02-20,000300.SH,0.17999999981999998
2026-02-20,000852.SH,0.11999999987999999
2026-02-20,CBA02701.CS,0.27999999972
2026-02-20,AU9999.SGE,0.21999999977999998
2026-02-20,NH0100.NHF,0.1999999998
2026-02-27,000300.SH,0.17999999981999998
2026-02-27,000852.SH,0.11999999987999999
2026-02-27,CBA02701.CS,0.27999999972
2026-02-27,AU9999.SGE,0.21999999977999998
2026-02-27,NH0100.NHF,0.1999999998
2026-03-06,000300.SH,0.180000127034878
2026-03-06,000852.SH,0.12186575292987697
2026-03-06,CBA02701.CS,0.2788591675903327
2026-03-06,AU9999.SGE,0.22091882760852763
2026-03-06,NH0100.NHF,0.19835612383638462
2026-03-13,000300.SH,0.17933773958982147
2026-03-13,000852.SH,0.12509590205713464
2026-03-13,CBA02701.CS,0.2775496448385815
2026-03-13,AU9999.SGE,0.2232732308740697
2026-03-13,NH0100.NHF,0.19474348164039282
2026-03-20,000300.SH,0.18003157145699325
2026-03-20,000852.SH,0.12149732762899311
2026-03-20,CBA02701.CS,0.2790756867116453
2026-03-20,AU9999.SGE,0.22067467925218429
2026-03-20,NH0100.NHF,0.19872073395018391
2026-03-27,000300.SH,0.17999999981999998
2026-03-27,000852.SH,0.11999999987999999
2026-03-27,CBA02701.CS,0.27999999972
2026-03-27,AU9999.SGE,0.21999999977999998
2026-03-27,NH0100.NHF,0.1999999998
2026-04-03,000300.SH,0.17999999981999998
2026-04-03,000852.SH,0.11999999987999999
2026-04-03,CBA02701.CS,0.27999999972
2026-04-03,AU9999.SGE,0.21999999977999998
2026-04-03,NH0100.NHF,0.1999999998
2026-04-10,000300.SH,0.1772593721443017
2026-04-10,000852.SH,0.12698014027049337
2026-04-10,CBA02701.CS,0.27774462615237455
2026-04-10,AU9999.SGE,0.22745363857525763
2026-04-10,NH0100.NHF,0.19056222185757277
2026-04-17,000300.SH,0.1732674348429087
2026-04-17,000852.SH,0.12663750493023432
2026-04-17,CBA02701.CS,0.2807640009390827
2026-04-17,AU9999.SGE,0.23327395255007957
2026-04-17,NH0100.NHF,0.18605710573769457
2026-04-24,000300.SH,0.1732674348429087
2026-04-24,000852.SH,0.12663750493023432
2026-04-24,CBA02701.CS,0.2807640009390827
2026-04-24,AU9999.SGE,0.23327395255007957
2026-04-24,NH0100.NHF,0.18605710573769457
