date,alpha,tau,ae_error,regime_label,llm_macro,llm_sentiment,llm_risk,r_normal,r_event,edge_event_minus_normal,week_return_fused,regret_ema_norm,w_normal_broad,w_normal_satellite,w_normal_fi,w_normal_safe,w_normal_cash,w_event_broad,w_event_satellite,w_event_fi,w_event_safe,w_event_cash,w_fused_broad,w_fused_satellite,w_fused_fi,w_fused_safe,w_fused_cash
2021-01-01,0.6,19.933520084619524,11.72562026977539,bull_normal,60.5,64.3,50.75,0.009430650655586544,0.009430650655586544,0.0,0.009430650646155891,1.0,0.2,0.2,0.2,0.2,0.2,0.2,0.2,0.2,0.2,0.2,0.1999999998,0.1999999998,0.1999999998,0.1999999998,0.1999999998
2021-01-08,0.7,19.8660130918026,11.150801658630371,bull_normal,58.5,60.5,47.25,0.007228603952611971,0.006366165808630336,-0.0008624381439816349,0.006624897245199929,1.0,0.2,0.2,0.2,0.2,0.2,0.15825609790361644,0.16626003900365452,0.22867667474190642,0.24680718760592335,0.20000000074489932,0.17077926836175222,0.17638202712617612,0.22007367209926082,0.23276503109138127,0.2000000003214295
2021-01-15,0.7999999999999999,19.80993846058846,18.64406967163086,bull_normal,58.1,59.6,49.599999999999994,0.0013282724158093218,0.001423219153036242,9.494673722692019e-05,0.001404229804186628,1.0,0.2,0.2,0.2,0.2,0.2,0.1572631227081732,0.16575220811522345,0.22779272175819812,0.24919194649343449,0.20000000092497078,0.16581049800072806,0.17260176631957697,0.22223417718432428,0.239353556955394,0.2000000005399766
2021-01-22,0.8999999999999999,19.750122421979906,17.28256607055664,bull_normal,58.220000000000006,58.120000000000005,50.25,-0.005061269393529692,-0.0051514853895034815,-9.021599597378981e-05,-0.005142463784763638,1.0,0.2,0.2,0.2,0.2,0.2,0.1287904358810918,0.12931161995947035,0.23840163043514231,0.3034963131294906,0.20000000059480497,0.1359113921570712,0.13638045782714286,0.2345614671570666,0.2931466815233948,0.20000000033532445
2021-01-29,0.9999999999999999,19.69891214966774,20.938508987426758,event_stress,53.5,52.5,47.25,-0.008315541471694176,-0.007084496252803901,0.0012310452188902749,-0.007084496245719404,0.9519288412819414,0.2,0.2,0.2,0.2,0.2,0.12813579063669692,0.13375030115098116,0.25031063182048,0.2878032758857265,0.2000000005061153,0.12813579050856114,0.13375030101723087,0.25031063157016936,0.28780327559792324,0.20000000030611534
2021-02-05,1.0,19.62703911662102,9.665470123291016,bull_normal,56.0,52.5,49.75,-0.0006457806150114041,-0.001436604020453425,-0.0007908234054420208,-0.0014366040190168206,0.9528137497343325,0.1,0.05,0.5,0.2,0.15,0.1140166094505205,0.11800700136423942,0.25329847247483817,0.3146779160698831,0.2000000006405189,0.11401660933650389,0.11800700124623241,0.25329847222153967,0.31467791575520515,0.20000000044051888
2021-02-12,1.0,19.555371057987216,10.595335960388184,bull_normal,57.5,59.5,39.0,0.00649456144526117,0.005697141447206838,-0.0007974199980543325,0.005697141441509698,1.0,0.2,0.2,0.2,0.2,0.2,0.1778002110890447,0.17533219231547928,0.2184307885890057,0.22843680730611396,0.20000000070035628,0.1778002109112445,0.17533219214014711,0.21843078837057495,0.2284368070776772,0.20000000050035632
2021-02-19,1.0,19.485803759098054,12.112592697143555,bull_normal,57.529999999999994,59.470000000000006,41.045,0.0024153225865924076,0.0012561914906419152,-0.0011591310959504924,0.001256191489385724,1.0,0.2,0.2,0.2,0.2,0.2,0.1720337674690322,0.16679928759409984,0.21522490502122144,0.2384931414079762,0.20744889850767037,0.17203376729699843,0.16679928742730055,0.21522490480599651,0.23849314116948303,0.20744889830022145
2021-02-26,1.0,19.42106803059578,14.848400115966797,bull_normal,55.879999999999995,56.42999999999999,43.125,-0.01160866118949813,-0.009322122722602156,0.0022865384668959744,-0.009322122713280033,1.0,0.2,0.2,0.2,0.2,0.2,0.14575450749956578,0.16907176693308346,0.255932345280716,0.23147821992972686,0.19776316035690775,0.1457545073538113,0.1690717667640117,0.2559323450247837,0.23147821969824867,0.1977631601591446
2021-03-05,1.0,19.350597929954528,11.65086555480957,bull_normal,58.0,57.3,40.75,-0.00498521502670325,-0.004829258362590406,0.0001559566641128442,-0.004829258357761145,1.0,0.2,0.2,0.2,0.2,0.2,0.14638182667206964,0.15358766628689824,0.24394327154919276,0.25608723452103954,0.20000000097079987,0.14638182652568776,0.1535876661333105,0.24394327130524943,0.2560872342649522,0.2000000007707998
2021-03-12,1.0,19.291750538349152,19.23153305053711,bull_normal,58.3,55.9,44.0,-0.006752125040637251,-0.005974549992576419,0.0007775750480608322,-0.00597454998660187,1.0,0.2,0.2,0.2,0.2,0.2,0.16107174600348162,0.16200206316026725,0.22787901045345152,0.24904717939433574,0.20000000098846377,0.1610717458424099,0.1620020629982652,0.22787901022557255,0.2490471791452886,0.2000000007884638
2021-03-19,1.0,19.230737549066543,18.381820678710938,bull_normal,59.3,59.8,43.75,-0.0023195541122752266,-0.0007652100753395186,0.001554344036935708,-0.0007652100745743083,0.9603239974971637,0.2,0.2,0.2,0.2,0.2,0.12165457091899956,0.13501486431471366,0.26175326880125893,0.2815772956644213,0.20000000030060658,0.12165457079734499,0.13501486417969877,0.26175326853950565,0.281577295382844,0.20000000010060656
2021-03-26,1.0,19.17224705815315,19.139707565307617,bull_normal,57.5,56.0,45.25,0.0024728507536101777,0.002444222499311647,-2.8628254298530744e-05,0.002444222496867424,0.9168748348631977,0.2,0.2,0.2,0.2,0.2,0.12915166975648423,0.12990874153563411,0.24380392116453026,0.2971356670049936,0.20000000053835787,0.12915166962733254,0.12990874140572536,0.2438039209207263,0.2971356667078579,0.20000000033835785
2021-04-02,1.0,19.100033211708066,8.678933143615723,bull_normal,53.0,54.0,43.75,0.005148778988437524,0.0049736411879650905,-0.00017513780047243369,0.004973641182991448,0.7720201346812599,0.2,0.2,0.2,0.2,0.2,0.12209752130957756,0.1247963262114817,0.2521011505892033,0.30100500130321706,0.20000000058652034,0.12209752118748003,0.12479632608668537,0.2521011503371021,0.30100500100221206,0.20000000038652033
2021-04-09,1.0,19.023524236679073,4.77430534362793,bull_normal,52.0,54.8,40.25,-0.0016590296203344982,-0.0010342663664373547,0.0006247632538971435,-0.0010342663654030887,0.7621358375434303,0.2,0.2,0.2,0.2,0.2,0.17224419131210966,0.16872396342564927,0.2235118699101448,0.23551997438895528,0.20000000096314113,0.17224419113986544,0.1687239632569253,0.22351186968663292,0.23551997415343529,0.20000000076314112
2021-04-16,1.0,18.94498275518417,3.9492101669311523,bull_normal,55.7,53.8,47.25,-0.0006714577129161358,-0.0002435818005317399,0.00042787591238439593,-0.0002435818002881585,0.8157411880440025,0.2,0.2,0.2,0.2,0.2,0.18099347291440487,0.17799842923841236,0.2114580182402166,0.22955007896541607,0.20000000064155002,0.18099347273341143,0.17799842906041397,0.2114580180287586,0.22955007873586603,0.20000000044155006
2021-04-23,1.0,18.86963367462158,5.882108211517334,bull_normal,53.0,51.5,41.75,0.008365303571213822,0.008295266440095574,-7.003713111824843e-05,0.008295266431800305,0.7269950978855652,0.2,0.2,0.2,0.2,0.2,0.17706331620928897,0.1888132396806766,0.2317852634839199,0.20827350744414944,0.19406467318196513,0.17706331603222564,0.18881323949186335,0.2317852632521346,0.2082735072358759,0.19406467298790045
2021-04-30,1.0,18.795166242122647,6.945184230804443,bull_normal,53.5,56.0,46.75,-0.004983867433592355,-0.005080570733265998,-9.670329967364274e-05,-0.005080570728185428,0.6347335199595671,0.2,0.2,0.2,0.2,0.2,0.17652078267639612,0.17496887351200022,0.21447580268526972,0.23403454018777484,0.20000000093855907,0.17652078249987535,0.17496887333703137,0.21447580247079395,0.23403453995374032,0.2000000007385591
2021-05-07,1.0,18.724452239274974,9.664274215698242,bull_normal,53.05,54.55,49.25,-0.0008315439033253855,6.877695148305385e-05,0.0009003208548084393,6.877695141427689e-05,0.6720396292663667,0.2,0.2,0.2,0.2,0.2,0.16929232167800506,0.1674664759136953,0.217019188578932,0.24622201351525821,0.2000000003141095,0.16929232150871273,0.1674664757462288,0.21701918836191278,0.24622201326903617,0.20000000011410948
2021-05-14,1.0,18.65408346652984,10.07521915435791,bull_normal,53.5,54.5,45.75,0.0009898452776788125,0.0007945350798928774,-0.00019531019778593506,0.0007945350790983421,0.6383033150157544,0.2,0.2,0.2,0.2,0.2,0.16331653852596548,0.16091800672792303,0.22382344959559283,0.25194200482385787,0.20000000032666085,0.16331653836264892,0.160918006567005,0.22382344937176937,0.25194200457191585,0.20000000012666083
2021-05-21,1.0,18.580771386623375,7.520413875579834,bull_normal,52.5,55.0,48.75,0.0023994055362430273,0.0034477789969760073,0.00104837346073298,0.003447778993528228,0.7374392505191977,0.2,0.2,0.2,0.2,0.2,0.1579512796369508,0.15631286958891685,0.224153558098907,0.26158229224652313,0.2000000004287022,0.1579512794789995,0.15631286943260397,0.2241535578747534,0.2615822919849408,0.20000000022870218
2021-05-28,1.0,18.510928505659095,11.550996780395508,bull_normal,57.0,55.0,45.25,0.002343742329590488,0.0016800694246518874,-0.0006636729049386005,0.001680069422971818,0.7583616866051984,0.2,0.2,0.2,0.2,0.2,0.17517406716642955,0.17266619820046863,0.216560574749481,0.23559915918972082,0.2000000006939,0.17517406699125548,0.17266619802780242,0.2165605745329204,0.23559915895412165,0.2000000004939
2021-06-04,1.0,18.43540915846824,4.906940937042236,bull_normal,50.7,49.8,45.25,-0.0039997568857516015,-0.004127720728248425,-0.0001279638424968232,-0.004127720724120704,0.6594905496643124,0.2,0.2,0.2,0.2,0.2,0.1440032926792185,0.15307694886613976,0.24808482885850414,0.25483492928296064,0.20000000031317697,0.14400329253521518,0.1530769487130628,0.24808482861041928,0.2548349290281257,0.20000000011317695
2021-06-11,1.0,18.363300848007196,7.228706359863281,bull_normal,49.769999999999996,48.68,46.849999999999994,-2.415419536666444e-05,0.0004195774684880543,0.00044373166385471875,0.00041957746806847745,0.6747259246352917,0.2,0.2,0.2,0.2,0.2,0.16959700673218128,0.16922985334316804,0.2245507395392408,0.23662240009949492,0.20000000028591486,0.1695970065625843,0.1692298531739382,0.22455073931469008,0.23662239986287256,0.2000000000859149
2021-06-18,1.0,18.298653811216347,12.689493179321289,bull_normal,50.5,51.0,38.5,-0.012733266190668436,-0.012541241392865485,0.00019202479780295115,-0.012541241380324242,0.8309541528683844,0.2,0.2,0.2,0.2,0.2,0.17377499504295554,0.17089702354679687,0.22748589454272383,0.22784208613078188,0.20000000073674193,0.17377499486918052,0.17089702337589982,0.2274858943152379,0.22784208590293978,0.2000000005367419
2021-06-25,1.0,18.225830066204065,7.219579696655273,bull_normal,51.5,50.5,45.25,0.003765253154686125,0.003119286093909676,-0.0006459670607764493,0.0031192860907903897,0.7368819748666751,0.2,0.2,0.2,0.2,0.2,0.14490135929837628,0.14508221091309564,0.23904409527253037,0.2709723340422053,0.2000000004737925,0.1449013591534749,0.14508221076801342,0.23904409503348625,0.2709723337712329,0.20000000027379247
2021-07-02,1.0,18.174359458684915,20.258277893066406,event_stress,51.5,48.5,40.25,0.003482170213890328,0.004476021854854436,0.0009938516409641078,0.0044760218503784146,1.0,0.2,0.2,0.2,0.2,0.2,0.17079844976449046,0.16867491458478642,0.22942723083163685,0.23109940396778475,0.20000000085130146,0.17079844959369203,0.16867491441611154,0.22942723060220965,0.2310994037366854,0.2000000006513015
2021-07-09,1.0,18.1031096458435,8.364113807678223,bull_normal,51.3,48.5,40.25,0.004472865204368947,0.0018880208324479966,-0.00258484437192095,0.0018880208305599754,0.9824373699406781,0.1,0.05,0.5,0.2,0.15,0.1139235892956437,0.11312327639211012,0.25558150520812634,0.3173716283958365,0.20000000070828353,0.11392358918172008,0.1131232762789868,0.2555815049525448,0.31737162807846475,0.20000000050828345
2021-07-16,1.0,18.03108384609222,8.105576515197754,bull_normal,52.15,48.9,42.25,0.0034245630547098723,0.0036501681333150266,0.00022560507860515432,0.003650168129664858,0.8070216863588595,0.2,0.2,0.2,0.2,0.2,0.16523910603007116,0.16344168068149909,0.2304041118388333,0.24091510120175777,0.2000000002478387,0.16523910586483204,0.16344168051805738,0.23040411160842916,0.24091510096084265,0.2000000000478387
2021-07-23,1.0,17.961569446325296,9.735071182250977,bull_normal,51.5,49.5,38.5,-0.0011657778497295458,-0.0010134585492559492,0.00015231930047359668,-0.0010134585482424905,0.7926115003875652,0.2,0.2,0.2,0.2,0.2,0.16976165277501407,0.16712822812612987,0.23071979362171857,0.232390324631376,0.20000000084576153,0.1697616526052524,0.16712822795900165,0.23071979339099877,0.23239032439898563,0.2000000006457615
2021-07-30,1.0,17.90516738891601,18.857484817504883,event_stress,53.6,53.5,42.7,-0.0036814069075550176,-0.0013863123107740786,0.002295094596780939,-0.0013863123093877667,0.8908859845647137,0.2,0.2,0.2,0.2,0.2,0.15276998636835565,0.16857927185356134,0.24699544719603733,0.2316552943700492,0.2000000002119965,0.15276998621558568,0.16857927168498207,0.2469954469490419,0.23165529413839395,0.20000000001199653
2021-08-06,1.0,17.841634893417353,14.318501472473145,bull_normal,52.5,51.5,40.25,0.0007888914509843755,-0.00046504754243901125,-0.0012539389934233868,-0.0004650475419739639,0.858435181316152,0.1,0.05,0.5,0.2,0.15,0.11246407892316225,0.12522878144772537,0.274314199914775,0.28799293932315023,0.20000000039118715,0.11246407881069818,0.1252287813224966,0.27431419964046083,0.2879929390351573,0.2000000001911872
2021-08-13,1.0,17.770533919334408,9.545022964477539,bull_normal,53.2,52.8,39.0,-0.0016420828396168392,-0.002728568829034023,-0.001086485989417184,-0.002728568826305454,0.8390752340823615,0.2,0.2,0.2,0.2,0.2,0.14432898833604105,0.14190630585062797,0.24087508421050982,0.27288962116644916,0.20000000043637212,0.14432898819171205,0.14190630570872165,0.24087508396963472,0.2728896208935595,0.2000000002363721
2021-08-20,1.0,17.70711768865585,14.811031341552734,bull_normal,53.8,50.5,43.75,-0.003009404706178223,-0.001125398923025891,0.0018840057831523318,-0.001125398921900492,0.8838081777595399,0.2,0.2,0.2,0.2,0.2,0.1611251165500584,0.15910872853395644,0.22974240350113928,0.250023751116304,0.2000000002985418,0.16112511638893326,0.15910872837484769,0.22974240327139686,0.2500237508662802,0.2000000000985418
2021-08-27,1.0,17.63461250662803,7.650520324707031,bull_normal,51.5,49.0,45.0,-0.0011219823422400326,-0.0019277554159762103,-0.0008057730737361776,-0.001927755414048455,0.8252263835385064,0.2,0.2,0.2,0.2,0.2,0.13318755357662063,0.13310197232165832,0.24547051834400208,0.28823995517844236,0.20000000057927672,0.13318755344343305,0.13310197218855635,0.24547051809853154,0.2882399548902024,0.2000000003792767
2021-09-03,1.0,17.561365348100658,6.776712894439697,bull_normal,51.0,48.5,53.75,0.0020157410270532344,0.0022389332944727476,0.00022319226741951328,0.0022389332922338138,0.7641031695327494,0.2,0.2,0.2,0.2,0.2,0.1538300857266382,0.1546563494934574,0.22710091056426274,0.2644126537029916,0.2000000005126501,0.1538300855728081,0.15465634933880104,0.22710091033716182,0.26441265343857895,0.20000000031265008
2021-09-10,1.0,17.496220797300335,12.47283935546875,bull_normal,49.3,58.0,45.25,0.0017438554080583418,0.0006883495426483242,-0.0010555058654100175,0.0006883495419599747,0.8373717692664424,0.2,0.2,0.2,0.2,0.2,0.17136389489224302,0.16872239348943927,0.21783660196544158,0.24207710933802443,0.2000000003148518,0.17136389472087912,0.16872239332071687,0.21783660174760497,0.2420771090959473,0.20000000011485178
2021-09-17,1.0,17.437755644321438,17.13650131225586,bull_normal,51.8,57.0,45.7,-0.007807271313362366,-0.007274342357978228,0.0005329289553841375,-0.007274342350703885,0.9298176739243469,0.2,0.2,0.2,0.2,0.2,0.13472305797474707,0.1553204618084581,0.25944096880512174,0.250515510564699,0.20000000084697414,0.13472305784002397,0.1553204616531376,0.2594409685456807,0.2505155103141834,0.20000000064697407
2021-09-24,1.0,17.364712637662883,7.267731666564941,bull_normal,51.03,55.92999999999999,47.209999999999994,-0.0029562694557949756,-0.003773627820001648,-0.0008173583642066724,-0.0037736278162280195,0.8508755285716192,0.2,0.2,0.2,0.2,0.2,0.12319157310401725,0.12217754763101132,0.24325804062299092,0.31137283791658316,0.20000000072539745,0.12319157298082564,0.12217754750883374,0.2432580403797328,0.31137283760521023,0.20000000052539738
2021-10-01,1.0,17.29273037910461,8.505867958068848,bull_normal,53.0,52.5,43.25,-0.0012592250598986068,-0.0013731763878462929,-0.00011395132794768609,-0.001373176386473116,0.8955645884748105,0.2,0.2,0.2,0.2,0.2,0.17086787429313616,0.16823063269885924,0.22317121697134487,0.23773027582261952,0.20000000021404027,0.17086787412226828,0.1682306325306286,0.22317121674817364,0.2377302755848892,0.20000000001404025
2021-10-08,1.0,17.221282577514646,8.629081726074219,bull_normal,51.3,58.1,48.3,6.478834098426245e-05,-0.00017584352450174224,-0.0002406318654860047,-0.0001758435243258985,0.8154515233471448,0.2,0.2,0.2,0.2,0.2,0.16296796855783607,0.16076926563909621,0.2196082567066717,0.2566545086877908,0.2000000004086053,0.1629679683948681,0.16076926547832693,0.21960825648706342,0.2566545084311363,0.20000000020860528
2021-10-15,1.0,17.156295633316038,12.838614463806152,bull_normal,50.7,57.4,52.27499999999999,-0.0035703542378761697,-0.003317067343746486,0.0002532868941296836,-0.003317067340429419,0.8637470826351049,0.2,0.2,0.2,0.2,0.2,0.15717132799665134,0.15606041391113584,0.21998360294042582,0.2667846546359372,0.20000000051584982,0.15717132783948,0.15606041375507543,0.2199836027204422,0.26678465436915255,0.2000000003158498
2021-10-22,1.0,17.08838943839073,11.219841003417969,bull_normal,52.0,55.3,54.2,-0.0024651799180911518,-0.0031845494038963465,-0.0007193694858051948,-0.003184549400711796,0.7745857955641374,0.2,0.2,0.2,0.2,0.2,0.13708404611660968,0.1366433334531989,0.23102331380786284,0.2952493059436126,0.20000000067871612,0.1370840459795256,0.13664333331655554,0.23102331357683945,0.2952493056483632,0.20000000047871605
2021-10-29,1.0,17.016580456495284,8.675018310546875,bull_normal,53.3,52.2,48.25,-0.0015842221863028496,-0.0009461574560099657,0.0006380647302928839,-0.0009461574550638079,0.7368397209598135,0.2,0.2,0.2,0.2,0.2,0.14846277188452137,0.1472741202202077,0.23180330887739273,0.2724597985316037,0.20000000048627464,0.14846277173605857,0.14727412007293356,0.2318033086455894,0.27245979825914385,0.20000000028627463
2021-11-05,1.0,16.945776373147964,9.888456344604492,bull_normal,54.0,57.5,51.75,-0.0025451534028675398,-0.0017567983077305285,0.0007883550951370112,-0.0017567983059737296,0.8156120165769585,0.2,0.2,0.2,0.2,0.2,0.15869112505737573,0.15977383835128944,0.22095977317616605,0.26057526301864065,0.20000000039652824,0.15869112489868456,0.15977383819151555,0.22095977295520622,0.2605752627580653,0.20000000019652817
2021-11-12,1.0,16.87876276373863,12.442238807678223,bull_normal,54.0,55.2,50.0,0.005992922830997901,0.006781066218461898,0.0007881433874639973,0.006781066211680831,0.838236325716558,0.2,0.2,0.2,0.2,0.2,0.15504348004341728,0.15339536275817664,0.2242472089305062,0.26731394781559653,0.20000000045230326,0.15504347988837378,0.15339536260478126,0.22424720870625897,0.2673139475482826,0.20000000025230324
2021-11-19,1.0,16.80984899997711,10.905198097229004,bull_normal,52.8,58.3,51.75,0.0018274350731719874,0.0020875562622665843,0.00026012118909459685,0.002087556260179027,0.7293408101604,0.2,0.2,0.2,0.2,0.2,0.14234096885518052,0.1409537166794862,0.22810951319831393,0.2885958006543057,0.2000000006127138,0.14234096871283952,0.14095371653853245,0.22810951297020435,0.2885958003657098,0.20000000041271374
2021-11-26,1.0,16.740264779329298,10.473247528076172,bull_normal,53.0,58.5,51.75,-0.0014342158968357823,-0.002038731562835617,-0.0006045156659998346,-0.002038731560796885,0.8845450812383809,0.2,0.2,0.2,0.2,0.2,0.14965865501821887,0.14804109899263598,0.22374290070248554,0.2785573447369278,0.20000000054973177,0.1496586548685602,0.14804109884459488,0.22374290047874262,0.27855734445837044,0.20000000034973175
2021-12-03,1.0,16.673358821868895,11.794157028198242,bull_normal,52.3,54.0,42.25,-0.003985129692529685,-0.005432696204376475,-0.0014475665118467897,-0.005432696198943776,0.888414157035235,0.2,0.2,0.2,0.2,0.2,0.15667769761281497,0.15420658505364412,0.23130369509948864,0.2578120218687333,0.20000000036531912,0.15667769745613722,0.1542065848994375,0.2313036948681849,0.2578120216109212,0.20000000016531905
2021-12-10,1.0,16.60513238310814,10.771622657775879,bull_normal,51.0,57.3,52.25,0.006750002286260878,0.005543379086682978,-0.0012066231995778998,0.005543379081139599,0.8313755953626755,0.2,0.2,0.2,0.2,0.2,0.14159559605487787,0.1418117522251924,0.23016143040855197,0.28643122069108873,0.200000000620289,0.14159559591328227,0.14181175208338065,0.23016143017839052,0.28643122040465746,0.20000000042028898
2021-12-17,1.0,16.542304080724715,14.492128372192383,bull_normal,52.2,53.8,47.25,0.002095500502476491,0.003963139988088528,0.0018676394856120366,0.003963139984125387,0.7978354127465679,0.2,0.2,0.2,0.2,0.2,0.14207127374456913,0.15438937981820225,0.24746888017619942,0.25607046597835664,0.20000000028267262,0.14207127360249783,0.15438937966381286,0.2474688799287305,0.25607046572228614,0.2000000000826726
2021-12-24,1.0,16.47276819348335,10.4898099899292,bull_normal,52.8,57.3,43.75,0.00010972692834033582,0.00045970259851166805,0.00034997567017133226,0.0004597025980519656,0.7865244926627607,0.2,0.2,0.2,0.2,0.2,0.13635046144984284,0.13427950258657023,0.23834327914396147,0.29102675624189056,0.20000000057773484,0.1363504613134924,0.13427950245229076,0.23834327890561824,0.29102675595086386,0.20000000037773488
2021-12-31,1.0,16.403001356124875,12.066535949707031,bull_normal,58.5,56.5,54.0,0.00288495570196191,0.003377074785061944,0.0004921190831000343,0.0033770747816848686,0.9240943142999865,0.2,0.2,0.2,0.2,0.2,0.15205605273424533,0.15018866333405612,0.22060982487134062,0.2771454585861804,0.2000000004741776,0.15205605258218927,0.15018866318386745,0.22060982465073078,0.2771454583090349,0.20000000027417758
2022-01-07,1.0,16.333528274297713,9.949871063232422,bull_normal,52.8,46.5,45.25,-0.005662740964856608,-0.005336295339230431,0.00032644562562617746,-0.005336295333894134,0.8032927987980737,0.2,0.2,0.2,0.2,0.2,0.1409524387800257,0.14035507925568674,0.2423993745246645,0.27629310694030457,0.20000000049931854,0.14095243863907325,0.14035507911533165,0.2423993742822651,0.2762931066640114,0.20000000029931853
2022-01-14,1.0,16.26375586390495,10.766008377075195,bull_normal,54.5,54.6,51.2,0.00241219138142176,0.004479828186813005,0.0020676368053912453,0.004479828182333176,0.9238047345397766,0.2,0.2,0.2,0.2,0.2,0.152014409304477,0.15064747056485045,0.2252400389233502,0.27209808072307656,0.2000000004842457,0.15201440915246256,0.15064747041420296,0.22524003869811016,0.27209808045097844,0.2000000002842457
2022-01-21,1.0,16.213105398416516,23.864078521728516,event_stress,60.0,54.0,44.25,0.007236528135220212,0.007704303942491817,0.0004677758072716056,0.007704303934787512,0.8943624503024411,0.2,0.2,0.2,0.2,0.2,0.15727613702329366,0.1562368743201638,0.22925135546332873,0.25723563294253693,0.20000000025067688,0.15727613686601752,0.15623687416392693,0.22925135523407736,0.25723563268530125,0.20000000005067686
2022-01-28,1.0,16.177208119630812,31.716732025146484,event_stress,60.370000000000005,54.3,47.15,-0.005179677581839649,-0.006714360060503399,-0.00153468247866375,-0.006714360053789042,1.0,0.1,0.05,0.5,0.2,0.15,0.09166768612997177,0.09092091306018449,0.25413193812839313,0.363279461834484,0.2000000008469666,0.0916676860383041,0.09092091296926359,0.25413193787426125,0.3632794614712046,0.20000000064696663
2022-02-04,1.0,16.145565474033354,31.716732025146484,event_stress,54.5,57.0,43.75,-0.005179677581839649,-0.005510796110535935,-0.0003311185286962856,-0.005510796105025136,1.0,0.1,0.05,0.5,0.2,0.15,0.06776504982171011,0.06750946667879155,0.24457961459536662,0.37652761292538806,0.24361825597874365,0.06776504975394505,0.06750946661128208,0.24457961435078698,0.3765276125488604,0.24361825573512538
2022-02-11,1.0,16.159905305504797,54.30877685546875,event_stress,52.0,44.5,45.25,0.00019609925697730706,0.007402165730968929,0.007206066473991622,0.0074021657235667625,1.0,0.1,0.05,0.5,0.2,0.15,0.07027825605678421,0.07025968188920143,0.26087681369490834,0.39858524741067686,0.20000000094842926,0.07027825598650596,0.07025968181894174,0.2608768134340315,0.3985852470120916,0.20000000074842925
2022-02-18,1.0,16.124790975451468,30.878299713134766,event_stress,55.5,58.6,53.199999999999996,0.002084614350416876,0.007669317427638257,0.005584703077221382,0.00766931741996894,0.971377430976528,0.1,0.05,0.5,0.2,0.15,0.062343160497133364,0.06233316758092381,0.275323670456964,0.40000000097665267,0.20000000048832633,0.0623431604347902,0.06233316751859064,0.2753236701816403,0.40000000057665264,0.20000000028832632
2022-02-25,1.0,16.111400331556794,42.31946563720703,event_stress,56.1,54.6,61.199999999999996,-0.0013847512871675305,0.002372155466686261,0.003756906753853792,0.0023721554643141053,0.8674335525831289,0.1,0.05,0.5,0.2,0.15,0.07095522471486872,0.07131703510593329,0.2577277391200934,0.4000000007060697,0.20000000035303486,0.07095522464391349,0.07131703503461626,0.2577277388623656,0.4000000003060697,0.20000000015303485
2022-03-04,1.0,16.0618707254529,23.796424865722656,event_stress,56.720000000000006,53.85,63.849999999999994,-0.006720245199182432,-0.002499461262658836,0.004220783936523597,-0.002499461260159374,0.7957749758059188,0.1,0.05,0.5,0.2,0.15,0.06419551121135904,0.06420856960544609,0.271595917918923,0.40000000084284787,0.20000000042142393,0.06419551114716353,0.06420856954123752,0.2715959176473271,0.40000000044284784,0.20000000022142392
2022-03-11,1.0,16.091514475643635,65.63652038574219,event_stress,52.6,54.2,46.8,0.008570817708319571,0.009097228559406098,0.0005264108510865274,0.009097228550308869,0.7650068228430844,0.1,0.05,0.5,0.2,0.15,0.08916033493068044,0.088750756240155,0.25598192887248833,0.3661069790541187,0.20000000090255757,0.0891603348415201,0.08875075615140424,0.25598192861650637,0.3661069786880117,0.20000000070255755
2022-03-18,1.0,16.044865749776363,24.431076049804688,event_stress,53.05,53.85,46.3,-0.004081148643586576,-0.0060003989683289705,-0.0019192503247423944,-0.006000398962328571,0.7392247109945698,0.1,0.05,0.5,0.2,0.15,0.06185846922259812,0.06185616096976039,0.27628536890487615,0.4000000006018436,0.2000000003009218,0.06185846916073964,0.061856160907904224,0.27628536862859077,0.40000000020184356,0.20000000010092178
2022-03-25,1.0,15.980550341308117,14.502569198608398,bull_normal,53.6,54.3,48.2,0.00017698550160758712,0.001898424212868024,0.0017214387112604369,0.0018984242109695995,0.6596719694025354,0.1,0.05,0.5,0.2,0.15,0.08615476745408981,0.08722273690586493,0.25916837056429565,0.3674541242003105,0.20000000087543907,0.08615476736793504,0.08722273681864219,0.25916837030512724,0.3674541238328563,0.20000000067543905
2022-04-01,1.0,15.950135259330272,33.73080825805664,event_stress,55.05,55.15,50.5,-0.004828405648749439,-0.0075989473405910215,-0.002770541691841583,-0.007598947332992074,0.8059871181637475,0.2,0.2,0.2,0.2,0.2,0.12931517825464,0.12817850472600809,0.23761085190721948,0.30489546444778565,0.20000000066434676,0.1293151781253248,0.12817850459782956,0.2376108516696086,0.30489546414289015,0.20000000046434674
2022-04-08,1.0,15.893029217422008,19.408540725708008,event_stress,55.010000000000005,56.010000000000005,52.5,0.004951381877816698,0.0014876992015386205,-0.003463682676278078,0.0014876992000509212,0.8035477742754039,0.1,0.05,0.5,0.2,0.15,0.06868152385176413,0.06858686079694094,0.262731614348474,0.4000000006685473,0.20000000033427365,0.0686815237830826,0.06858686072835407,0.26273161408574236,0.40000000026854726,0.20000000013427363
2022-04-15,1.0,15.836870090663432,20.482284545898438,event_stress,58.0,53.0,47.75,-0.0009122776221442176,0.0025618461901359647,0.0034741238122801823,0.0025618461875741186,0.7708008052839689,0.1,0.05,0.5,0.2,0.15,0.10665534871126764,0.10599346815931343,0.25034150216954365,0.33700968019463656,0.20000000076523883,0.10665534860461229,0.10599346805331995,0.2503415019192021,0.33700967985762686,0.2000000005652388
2022-04-22,1.0,15.79112942367792,23.552757263183594,event_stress,50.7,51.3,44.75,-0.0064964450227895576,-0.004238232503290116,0.0022582125194994416,-0.004238232499051884,0.7977999038120482,0.1,0.05,0.5,0.2,0.15,0.09880860033404462,0.10007571244687112,0.2592492206178244,0.341866465793999,0.20000000080726077,0.09880860023523604,0.10007571234679542,0.2592492203585752,0.34186646545213256,0.2000000006072608
2022-04-29,1.0,15.737255741655824,22.038829803466797,event_stress,57.5,58.5,47.75,-0.0004494629993678167,-0.0008310341181477013,-0.00038157111877988457,-0.0008310341173166671,0.6861678722902095,0.1,0.05,0.5,0.2,0.15,0.08710602443893846,0.09247296476495208,0.2670088790788726,0.3534121309889526,0.20000000072828433,0.08710602435183243,0.0924729646724791,0.2670088788118637,0.35341213063554044,0.20000000052828432
2022-05-06,1.0,15.711689476668832,37.247283935546875,event_stress,58.25,59.35,50.05,-0.000302907977067431,0.002182857436553664,0.0024857654136210953,0.0021828574343708057,0.7164880235802414,0.1,0.05,0.5,0.2,0.15,0.09148260211371405,0.09795879343171225,0.26561745214365934,0.3449411516196695,0.20000000069124502,0.09148260202223142,0.09795879333375343,0.2656174518780418,0.34494115127472824,0.20000000049124494
2022-05-13,1.0,15.711635570233918,47.258583068847656,event_stress,52.8,54.5,37.75,0.006655807070997326,0.0028885490036961057,-0.00376725806730122,0.002888549000807556,0.6700193294628325,0.1,0.05,0.5,0.2,0.15,0.0660380561210193,0.06601921244846021,0.267942730088547,0.400000000894649,0.2000000004473245,0.06603805605498124,0.06601921238244099,0.26794272982060424,0.40000000049464896,0.20000000024732448
2022-05-20,1.0,15.688384211069204,36.15251922607422,event_stress,53.9,57.85,40.1,0.003032171166787783,0.0020333156500704796,-0.0009988555167173034,0.002033315648037164,0.6664542176168599,0.1,0.05,0.5,0.2,0.15,0.06302801906732125,0.06298775422370428,0.2739842253476444,0.40000000090755344,0.20000000045377672,0.06302801900429322,0.06298775416071653,0.27398422507366016,0.4000000005075534,0.2000000002537767
2022-05-27,1.0,15.642806860810376,24.84544563293457,event_stress,53.77,58.470000000000006,40.75,0.0028199754704770403,0.0033031593356128357,0.00048318386513579534,0.0033031593323096763,0.5745006827844877,0.1,0.05,0.5,0.2,0.15,0.06663345847090772,0.06671959172287537,0.26664694860299054,0.4000000008021509,0.20000000040107546,0.06663345840427426,0.06671959165615576,0.26664694833634356,0.4000000004021509,0.20000000020107545
2022-06-03,1.0,15.593835312133885,23.096370697021484,event_stress,54.029999999999994,58.17999999999999,42.45,-0.010131833281845961,-0.005259107722716224,0.004872725559129737,-0.005259107717457115,0.7051963187967899,0.1,0.05,0.5,0.2,0.15,0.0854920910391336,0.08540337063260983,0.25818149696282516,0.37092304048378305,0.2000000008816484,0.08549209095364149,0.08540337054720644,0.2581814967046436,0.3709230401128599,0.20000000068164833
2022-06-10,1.0,15.534988558298208,17.683603286743164,event_stress,53.839999999999996,58.45,43.45,0.0012179508297025389,0.0026899158331660364,0.0014719650034634975,0.00268991583047612,0.7564166057908893,0.1,0.05,0.5,0.2,0.15,0.09125665556238277,0.09046798680684728,0.25510210745160633,0.36317324930167333,0.2000000008774904,0.09125665547112609,0.09046798671637928,0.25510210719650417,0.36317324893849995,0.20000000067749032
2022-06-17,1.0,15.480205786233999,21.331897735595703,event_stress,58.5,56.3,42.25,-0.0014746890526133674,9.729028466515931e-05,0.0015719793372785268,9.729028456786948e-05,0.7287315315889629,0.1,0.05,0.5,0.2,0.15,0.11674096051408457,0.11585916221140627,0.2489233748453771,0.3184765017836948,0.20000000064543733,0.11674096039734361,0.1158591620955471,0.24892337459645372,0.3184765014652183,0.2000000004454373
2022-06-24,1.0,15.449892342096426,34.1256103515625,event_stress,59.6,60.15,41.75,-0.004771078067034057,-0.006612256298089859,-0.0018411782310558018,-0.006612256291477602,0.796653324574224,0.1,0.05,0.5,0.2,0.15,0.1000184438911742,0.0992426933740568,0.2531233746848142,0.3476154872798014,0.20000000077015337,0.10001844379115575,0.09924269327481411,0.2531233744316908,0.3476154869321859,0.20000000057015335
2022-07-01,1.0,15.392588436609365,20.271034240722656,event_stress,59.15,59.75,43.75,0.0006979335603102041,-0.000715575222413607,-0.001413508782723811,-0.0007155752216980318,0.7498002817774988,0.1,0.05,0.5,0.2,0.15,0.06800288840000311,0.06794304117142894,0.26405406942465987,0.4000000006692721,0.20000000033463605,0.06800288833200022,0.0679430411034859,0.26405406916060575,0.40000000026927207,0.20000000013463604
2022-07-08,1.0,15.351540878420927,28.362918853759766,event_stress,57.86999999999999,58.58,45.75,-0.011924437399122825,-0.010974893338594369,0.0009495440605284556,-0.010974893327619473,0.7752099029202185,0.1,0.05,0.5,0.2,0.15,0.1022455978608656,0.10103013914349639,0.25002918006539754,0.34669508212690686,0.20000000080333372,0.10224559775861997,0.10103013904246622,0.25002917981536826,0.3466950817802117,0.20000000060333364
2022-07-15,1.0,15.301100161677457,22.901622772216797,event_stress,56.029999999999994,55.839999999999996,47.75,0.002834518960538529,-0.0020644157854070853,-0.004898934745945615,-0.0020644157833426694,0.8310459078642277,0.1,0.05,0.5,0.2,0.15,0.07451843925092182,0.07424693556191887,0.2576282099358068,0.3936064143095718,0.20000000094178075,0.07451843917640337,0.07424693548767193,0.25762820967817857,0.39360641391596535,0.20000000074178073
2022-07-22,1.0,15.24650737941847,18.951004028320312,event_stress,51.5,52.0,45.75,-0.0008554948356242172,-0.0005429989044037388,0.0003124959312204784,-0.0005429989038607398,0.7344124761040786,0.1,0.05,0.5,0.2,0.15,0.08704956409877349,0.08845716173753218,0.2616240453891202,0.362869227913492,0.20000000086108216,0.08704956401172391,0.08845716164907501,0.26162404512749615,0.3628692275506228,0.20000000066108214
2022-07-29,1.0,15.183750900632,15.230358123779297,event_stress,54.2,54.7,46.349999999999994,0.01042679432527289,0.010513631225322305,8.683690004941506e-05,0.010513631214808673,0.6626173549123355,0.1,0.05,0.5,0.2,0.15,0.10478634788128184,0.10395492658666373,0.2511847845352988,0.3400739401880756,0.20000000080868002,0.10478634777649548,0.10395492648270879,0.251184784284114,0.3400739398480016,0.20000000060868
2022-08-05,1.0,15.121573707467176,15.754016876220703,event_stress,54.339999999999996,55.510000000000005,47.25,0.005786940118790774,0.005089985388847001,-0.0006969547299437735,0.005089985383757015,0.5532459135904222,0.1,0.05,0.5,0.2,0.15,0.12213841052218048,0.12287879628161624,0.2458861299479469,0.3090966625944458,0.20000000065381057,0.12213841040004206,0.12287879615873744,0.24588612970206075,0.3090966622853491,0.20000000045381056
2022-08-12,1.0,15.050816813117125,9.633398056030273,bull_normal,53.0,54.5,38.75,-0.001146250814838338,0.0005336662690161773,0.0016799170838545153,0.0005336662684825113,0.5003165838310715,0.1,0.05,0.5,0.2,0.15,0.12360443818830148,0.12235341462705124,0.24988289690605556,0.30415924966376695,0.2000000006148248,0.12360443806469704,0.12235341450469782,0.24988289665617264,0.3041592493596077,0.2000000004148248
2022-08-19,1.0,14.99795015156851,20.913097381591797,event_stress,54.32000000000001,55.35,41.05,0.0012963513247666737,0.002022942913321601,0.0007265915885549272,0.0020229429112986583,0.7074680118574355,0.2,0.2,0.2,0.2,0.2,0.15931299887126374,0.1560222102686905,0.22932721152873795,0.2553375790193457,0.2000000003119622,0.15931299871195073,0.15602221011266829,0.22932721129941072,0.2553375787640081,0.20000000011196217
2022-08-26,1.0,14.92304882109747,6.315332412719727,bull_normal,52.8,53.7,50.75,-0.004606425727399329,-0.0005251367096301327,0.004081289017769196,-0.000525136709104996,0.653671764749551,0.1,0.05,0.5,0.2,0.15,0.09270835515521944,0.09243119234998023,0.25348437498544624,0.3613760766033331,0.2000000009060211,0.09270835506251107,0.09243119225754903,0.25348437473196184,0.361376076241957,0.20000000070602109
2022-09-02,1.0,14.85669283569441,12.419425964355469,bull_normal,52.5,52.879999999999995,52.75,-0.003248372841426884,-0.003214259177830762,3.4113663596122175e-05,-0.003214259174616503,0.6811834434551263,0.2,0.2,0.2,0.2,0.2,0.16028244718328488,0.15974926204529044,0.22054217331005327,0.25942611701787216,0.20000000044349925,0.16028244702300243,0.15974926188554117,0.22054217308951107,0.259426116758446,0.20000000024349923
2022-09-09,1.0,14.789165356761076,11.644625663757324,bull_normal,53.0,51.0,47.25,0.004052476301409426,0.003355462793724722,-0.0006970135076847044,0.0033554627903692597,0.6248165033899671,0.2,0.2,0.2,0.2,0.2,0.13403130114754194,0.13315764968916044,0.2409204691861297,0.29189057937684443,0.20000000060032344,0.13403130101351066,0.13315764955600282,0.24092046894520927,0.2918905790849539,0.20000000040032348
2022-09-16,1.0,14.739368343359091,21.406509399414062,event_stress,51.54,49.059999999999995,49.599999999999994,-0.007834400591669245,-0.00837068936182165,-0.0005362887701524047,-0.00837068935345096,0.7394275978640129,0.2,0.2,0.2,0.2,0.2,0.13315071765239198,0.13444820514503708,0.24278999434861578,0.2896110822456106,0.20000000060834464,0.13315071751924124,0.13444820501058888,0.24278999410582577,0.2896110819559995,0.20000000040834462
2022-09-23,1.0,14.684853369003394,18.110055923461914,event_stress,49.470000000000006,47.910000000000004,50.5,0.00015950088849474967,0.001509754398757002,0.0013502535102622522,0.0015097543972472471,0.678234052986855,0.1,0.05,0.5,0.2,0.15,0.08759347345337543,0.08772479345991949,0.2576477978775863,0.3670339342733238,0.20000000093579498,0.08759347336578195,0.08772479337219469,0.2576477976199385,0.36703393390628986,0.20000000073579496
2022-09-30,1.0,14.653767120843986,31.09019660949707,event_stress,52.3,48.3,56.699999999999996,-0.0094761328941454,-0.004646149177719298,0.004829983716426102,-0.004646149173073149,0.6271820336403756,0.1,0.05,0.5,0.2,0.15,0.09844654456004803,0.09883308426012208,0.2510061280642184,0.3517142422031321,0.20000000091247944,0.09844654446160148,0.09883308416128898,0.25100612781321224,0.3517142418514178,0.20000000071247942
2022-10-07,1.0,14.625315976148704,31.09019660949707,event_stress,50.0,57.0,36.25,-0.0094761328941454,-0.004153032817086743,0.005323100077058657,-0.004153032812933711,0.5862523442815593,0.1,0.05,0.5,0.2,0.15,0.06450378492027387,0.06429014622931613,0.245939170789253,0.3814614120901777,0.2438054859709793,0.06450378485577007,0.06429014616502597,0.24593917054331382,0.3814614117087163,0.2438054857271738
2022-10-14,1.0,14.5760943323432,22.84967041015625,event_stress,53.0,58.0,50.75,0.01218168613923159,0.00840252690636674,-0.0037791592328648496,0.008402526897964214,0.6254650779674502,0.1,0.05,0.5,0.2,0.15,0.06839914548456466,0.06847228874467452,0.2631285648064994,0.400000000642841,0.2000000003214205,0.06839914541616551,0.06847228867620223,0.2631285645433708,0.400000000242841,0.2000000001214205
2022-10-21,1.0,14.518533363944151,18.69554901123047,event_stress,54.25,59.32000000000001,50.05,-0.009371342970744089,-0.009311347396106,5.9995574638089036e-05,-0.009311347386794651,0.5165137929501799,0.1,0.05,0.5,0.2,0.15,0.08515294570051878,0.08481496228533777,0.2541016472680525,0.37593044381876134,0.2000000009273297,0.08515294561536582,0.0848149622005228,0.2541016470139508,0.3759304434428309,0.20000000072732968
2022-10-28,1.0,14.45777474940405,16.14579963684082,event_stress,52.120000000000005,56.36,52.209999999999994,0.002344045447738843,0.0006144184991355865,-0.0017296269486032564,0.0006144184985211682,0.49588772602717884,0.1,0.05,0.5,0.2,0.15,0.09889278396806866,0.09874354774260653,0.2500481344141261,0.3523155329821631,0.20000000089303563,0.09889278386917587,0.09874354764386298,0.25004813416407795,0.35231553262984755,0.2000000006930356
2022-11-04,1.0,14.475448831921675,59.28550720214844,event_stress,52.71,56.96999999999999,51.98,0.00028905304624454796,0.004613985278893806,0.004324932232649258,0.00461398527427982,0.7339776152738217,0.1,0.05,0.5,0.2,0.15,0.10465791302783434,0.11608756434232902,0.2657155025073709,0.3135390195398775,0.2000000005825882,0.10465791292317642,0.11608756422624145,0.2657155022416554,0.3135390192263385,0.2000000003825882
2022-11-11,1.0,14.411615875369169,14.795099258422852,event_stress,53.5,56.5,46.7,-0.0008088813517092051,0.006656554360121034,0.007465435711830239,0.006656554353464479,0.8375088079156835,0.1,0.05,0.5,0.2,0.15,0.06184573396203328,0.06185355127207341,0.2763007138636585,0.4000000006014898,0.2000000003007449,0.06184573390018754,0.061853551210219855,0.27630071358735775,0.4000000002014898,0.2000000001007449
2022-11-18,1.0,14.355621954804517,18.505207061767578,event_stress,51.3,53.2,38.3,-0.012571485878906928,-0.00732326485507273,0.0052482210238341985,-0.007323264847749465,0.8287960986955656,0.1,0.05,0.5,0.2,0.15,0.12401261422936806,0.12239364260484815,0.25042793233441185,0.30316581020007194,0.20000000063129997,0.12401261410535544,0.1223936424824545,0.2504279320839839,0.3031658098969061,0.20000000043129995
2022-11-25,1.0,14.28814869225607,12.618608474731445,bull_normal,54.0,59.5,38.3,0.00722690441328363,0.004837977591250519,-0.0023889268220331104,0.0048379775864125394,0.7530870912407768,0.1,0.05,0.5,0.2,0.15,0.10606523747341745,0.10447637210189187,0.25272129671467525,0.3367370929447345,0.2000000007652811,0.10606523736735218,0.10447637199741547,0.25272129646195385,0.3367370926079973,0.20000000056528103
2022-12-02,1.0,14.23114841878996,19.17981719970703,event_stress,55.5,57.7,36.8,0.0012958400678411185,-0.00041456931085086593,-0.0017104093786919844,-0.00041456931043629597,0.772508405432415,0.2,0.2,0.2,0.2,0.2,0.1428811124508791,0.13946343472472406,0.23933979978100167,0.2783156526113829,0.2000000004320125,0.14288111230799794,0.1394634345852606,0.2393397995416618,0.27831565233306715,0.20000000023201242
2022-12-09,1.0,14.16970478594885,16.75348663330078,event_stress,56.0,57.95,38.099999999999994,-0.0024096864670749454,-0.0006141324142319188,0.0017955540528430266,-0.0006141324136177866,0.7850889697075261,0.1,0.05,0.5,0.2,0.15,0.10167374058353962,0.10105423484559788,0.2560070742462448,0.34126494956981823,0.20000000075479954,0.10167374048186587,0.10105423474454363,0.2560070739902377,0.34126494922855327,0.20000000055479952
2022-12-16,1.0,14.100407353049375,13.090609550476074,bull_normal,60.0,63.2,41.2,-0.0023717618115994855,-0.003173912630476996,-0.0008021508188775102,-0.003173912627303083,0.6610574059660951,0.1,0.05,0.5,0.2,0.15,0.11714711425183584,0.1146143742117401,0.2441733425299505,0.32406516833701654,0.20000000066945708,0.11714711413468872,0.11461437409712572,0.2441733422857771,0.3240651680129513,0.20000000046945707
2022-12-23,1.0,14.031496748334028,11.866836547851562,bull_normal,55.5,57.2,46.7,-0.0023286496876723326,-0.0003233835668116092,0.0020052661208607232,-0.00032338356648822515,0.5879397574543412,0.2,0.2,0.2,0.2,0.2,0.1314519663225502,0.1295873202486071,0.2380583757172874,0.300902337094966,0.20000000061658932,0.1314519661910982,0.12958732011901974,0.23805837547922895,0.3009023367940636,0.20000000041658925
2022-12-30,1.0,13.961345741158583,11.592909812927246,bull_normal,57.5,60.5,47.25,0.007861894552803558,0.007869638308602647,7.743755799089272e-06,0.007869638300733008,0.5192228452206101,0.2,0.2,0.2,0.2,0.2,0.13727180932143931,0.1418941382942946,0.2396007352201453,0.2812333167463255,0.20000000041779528,0.13727180918416748,0.14189413815240043,0.23960073498054454,0.2812333164650922,0.20000000021779527
2023-01-06,1.0,13.888445284968475,9.99757194519043,bull_normal,59.0,63.3,33.7,0.003696834821066616,0.0023926481460261576,-0.0013041866750404586,0.0023926481436335103,0.5734080205869979,0.2,0.2,0.2,0.2,0.2,0.15087702402744776,0.1544520975736714,0.24096459035969733,0.25370628730083417,0.20000000073834945,0.15087702387657073,0.15445209741921928,0.24096459011873272,0.25370628704712783,0.20000000053834943
2023-01-13,1.0,13.813889303809264,6.9903154373168945,bull_normal,53.9,57.5,40.55,0.005929093009427568,0.005212935867859675,-0.0007161571415678931,0.005212935862646737,0.5353934424579957,0.2,0.2,0.2,0.2,0.2,0.15380329212718438,0.15043864021948808,0.23137455880917343,0.2643835084663501,0.20000000037780416,0.15380329197338105,0.1504386400690494,0.2313745585777988,0.26438350820196654,0.2000000001778041
2023-01-20,1.0,13.745743337279418,12.118915557861328,bull_normal,55.25,58.85,43.45,0.0035860757528851516,0.0035694055587847696,-1.6670194100381914e-05,0.003569405555215364,0.524417428799305,0.2,0.2,0.2,0.2,0.2,0.1713885776418425,0.16714382490050517,0.21747951410478908,0.24398808312825115,0.20000000022461206,0.1713885774704539,0.16714382473336134,0.21747951388730954,0.24398808288426305,0.20000000002461205
2023-01-27,1.0,13.679003342991926,12.118915557861328,bull_normal,52.0,64.0,37.75,0.0035860757528851516,0.0031987387153318476,-0.00038733703755330397,0.0031987387121331094,0.5150427945566357,0.2,0.2,0.2,0.2,0.2,0.13891614304402197,0.13530825479464878,0.22829605559835722,0.27371016108159363,0.22376938548137837,0.13891614290510582,0.13530825465934052,0.22829605537006115,0.27371016080788346,0.22376938525760898
2023-02-03,1.0,13.611086162930587,11.611235618591309,bull_normal,52.55,64.45,38.5,-0.0016447419084462747,-0.0017121912120111092,-6.744930356483454e-05,-0.0017121912102989172,0.48110816661402894,0.2,0.2,0.2,0.2,0.2,0.14282308407184008,0.1390953529530112,0.23452182886661654,0.2835597336006089,0.20000000050792344,0.14282308392901696,0.1390953528139158,0.23452182863209464,0.28355973331704903,0.20000000030792336
2023-02-10,1.0,13.535316649085143,6.392075538635254,bull_normal,54.9,62.6,35.3,-0.004826118930350904,-0.005554674174289138,-0.0007285552439382338,-0.005554674168734464,0.469274311472884,0.2,0.2,0.2,0.2,0.2,0.1480662807898035,0.1455226249227867,0.23658522338915702,0.2698258705367664,0.20000000036148635,0.1480662806417372,0.14552262477726405,0.23658522315257177,0.2698258702669405,0.20000000016148634
2023-02-17,1.0,13.462276098137954,7.576375484466553,bull_normal,52.0,57.0,40.75,-0.0037099712421358533,-0.0033966344066607736,0.00031333683547507974,-0.003396634403264139,0.4133546474990557,0.2,0.2,0.2,0.2,0.2,0.16868867666280973,0.1706542914386181,0.22725611146694008,0.2334009197069238,0.20000000072470825,0.16868867649412103,0.1706542912679638,0.22725611123968395,0.23340091947352287,0.20000000052470823
2023-02-24,1.0,13.393871554738142,11.402806282043457,bull_normal,52.8,58.5,43.65,0.0013232303328023327,0.0010425120463733832,-0.00028071828642894947,0.001042512045330871,0.36613702675830073,0.2,0.2,0.2,0.2,0.2,0.158629446490429,0.16452019935740936,0.23233309363067695,0.24451726031136253,0.2000000002101222,0.15862944633179954,0.16452019919288915,0.23233309339834382,0.24451726006684527,0.2000000000101222
2023-03-03,1.0,13.323652079707243,10.203221321105957,bull_normal,52.8,62.0,37.25,0.0008532883792071495,8.768045517583843e-05,-0.0007656079240313111,8.768045508815804e-05,0.37893636715351336,0.2,0.2,0.2,0.2,0.2,0.13400565274556067,0.15065340864696572,0.26150877946119333,0.25383215840451545,0.20000000074176497,0.13400565261155498,0.15065340849631226,0.26150877919968446,0.2538321581506832,0.2000000005417649
2023-03-10,1.0,13.254252192383863,10.918230056762695,bull_normal,53.25,61.4,39.55,-0.0032033256642727713,-0.0012531920155748116,0.0019501336486979597,-0.001253192014321619,0.44412526755849674,0.2,0.2,0.2,0.2,0.2,0.14801685419694405,0.15152936266109998,0.23922752204534947,0.2612262607904078,0.2000000003061988,0.14801685404892717,0.1515293625095706,0.23922752180612192,0.2612262605291815,0.20000000010619878
2023-03-17,1.0,13.197113189107037,18.720111846923828,event_stress,53.92,62.02,41.2,0.003084549668902699,0.004902323281294881,0.0018177736123921816,0.0049023232763925565,0.5847276975472955,0.2,0.2,0.2,0.2,0.2,0.14638708334035946,0.14288516117823,0.23186756011606968,0.27886019488963515,0.20000000047570565,0.14638708319397237,0.14288516103534482,0.2318675598842021,0.27886019461077494,0.20000000027570564
2023-03-24,1.0,13.162711122637845,30.247432708740234,event_stress,54.5,57.0,47.25,-0.0015053762316474858,0.0006558528910119159,0.0021612291226594015,0.0006558528903560631,0.6153133007607213,0.1,0.05,0.5,0.2,0.15,0.09365042110126225,0.09298074832376299,0.253267640047537,0.360101189649473,0.20000000087796468,0.09365042100761184,0.09298074823078226,0.25326763979426936,0.3601011892893719,0.20000000067796472
2023-03-31,1.0,13.110050943499662,21.684391021728516,event_stress,55.870000000000005,58.4,49.25,0.0013175174554643872,0.0006746535189656881,-0.000642863936498699,0.0006746535182910346,0.5167960960305648,0.1,0.05,0.5,0.2,0.15,0.066861622000051,0.06674556161487168,0.266392814981575,0.4000000009356682,0.2000000004678341,0.06686162193318938,0.06674556154812612,0.2663928147151822,0.40000000053566825,0.20000000026783413
2023-04-07,1.0,13.067832404380894,25.522829055786133,event_stress,53.1,58.3,32.3,0.005367999938911599,0.007259031099864512,0.001891031160952913,0.00725903109260548,0.48385070572581207,0.1,0.05,0.5,0.2,0.15,0.08464708073313633,0.08377789780747931,0.2602942670937458,0.3712807534959098,0.20000000086972872,0.08464708064848925,0.08377789772370141,0.2602942668334515,0.371280753124629,0.2000000006697287
2023-04-14,1.0,13.015616118913746,20.735706329345703,event_stress,53.9,56.45,35.2,0.0009110776211659871,0.0009881100467769178,7.703242561093071e-05,0.0009881100457888074,0.44128948445023763,0.1,0.05,0.5,0.2,0.15,0.0727478393058319,0.07235429901535397,0.2604110586256082,0.39448680212808734,0.20000000092511871,0.07274783923308405,0.07235429894299966,0.2604110583651971,0.3944868017336005,0.2000000007251187
2023-04-21,1.0,12.947222614294148,12.674759864807129,bull_normal,57.3,59.0,40.75,-0.004963972391802497,-0.00938394424809032,-0.004419971856287824,-0.009383944238706376,0.5215256750336916,0.1,0.05,0.5,0.2,0.15,0.08678605874753219,0.0859258488475127,0.2565423984908043,0.37074569304327054,0.20000000087088024,0.08678605866074612,0.08592584876158685,0.2565423982342619,0.37074569267252483,0.20000000067088022
2023-04-28,1.0,12.877476680284596,12.092916488647461,bull_normal,58.5,57.0,52.25,0.003393891041489446,0.0038100904330723925,0.00041619939158294653,0.0038100904292623027,0.4868270645313271,0.2,0.2,0.2,0.2,0.2,0.12516492348994623,0.12387651594777498,0.23680516164297824,0.31415339823944943,0.200000000679851,0.12516492336478133,0.12387651582389848,0.2368051614061731,0.31415339792529606,0.20000000047985103
2023-05-05,1.0,12.80893621445284,13.136809349060059,event_stress,59.1,57.5,51.75,0.011136943789360667,0.012758320910925143,0.0016213771215644757,0.012758320898166817,0.46998822059839185,0.2,0.2,0.2,0.2,0.2,0.1295335086138319,0.12784410425232176,0.23441426079430008,0.30820812569923695,0.20000000064030946,0.12953350848429834,0.1278441041244776,0.23441426055988576,0.3082081253910287,0.20000000044030938
2023-05-12,1.0,12.732264029985524,5.676356315612793,bull_normal,55.8,53.0,40.75,0.00016848251986885466,-0.003399219294123503,-0.003567701813992358,-0.003399219290724284,0.5136966059788178,0.1,0.05,0.5,0.2,0.15,0.12406768640097408,0.12409823592799595,0.25030546161076644,0.3015286154926547,0.2000000005676088,0.12406768627690638,0.1240982358038977,0.25030546136046095,0.30152861519112606,0.2000000003676088
2023-05-19,1.0,12.657360118633367,7.348682880401611,bull_normal,56.15,54.1,39.949999999999996,-0.003592625212402523,-0.0039033493059976816,-0.0003107240935951586,-0.003903349302094332,0.48791022041669957,0.2,0.2,0.2,0.2,0.2,0.17696065159778407,0.17251613565903523,0.22031847748679592,0.23020473481916134,0.20000000043722346,0.1769606514208234,0.1725161354865191,0.22031847726647744,0.2302047345889566,0.20000000023722345
2023-05-26,1.0,12.580978661781408,5.9107208251953125,bull_normal,55.71,53.31,41.55,-0.004215586849600542,-0.0034476610150977146,0.0007679258345028275,-0.003447661011650053,0.5159529047176858,0.2,0.2,0.2,0.2,0.2,0.16299391869059066,0.1608849552068386,0.22879394710753026,0.24732717876488494,0.20000000023015563,0.16299391852759673,0.16088495504595363,0.2287939468787363,0.24732717851755776,0.2000000000301556
2023-06-02,1.0,12.50666782260523,7.648532867431641,bull_normal,54.6,61.5,38.2,0.0017427906422791046,0.00197034749250951,0.00022755685023040546,0.001970347490539163,0.513776288722076,0.2,0.2,0.2,0.2,0.2,0.1811591814300406,0.17500904980392204,0.21429572698213217,0.2295360413363564,0.20000000044754862,0.18115918124888145,0.175009049628913,0.21429572676783648,0.2295360411068204,0.20000000024754866
2023-06-09,1.0,12.428922539955236,4.925376892089844,bull_normal,55.489999999999995,62.17999999999999,39.5,0.0027324087422172854,0.0029733091562299946,0.00024090041401270915,0.002973309153256685,0.516208317248878,0.2,0.2,0.2,0.2,0.2,0.169054978150494,0.16370447348691824,0.2199437891905434,0.24729675894772377,0.20000000022432066,0.169054977981439,0.16370447332321375,0.21994378897059957,0.247296758700427,0.20000000002432064
2023-06-16,1.0,12.36530338526354,14.67980670928955,event_stress,53.5,59.0,37.75,0.006647402743862364,0.005615697440103652,-0.0010317053037587126,0.005615697434487954,0.5927306127311593,0.2,0.2,0.2,0.2,0.2,0.18018595351779923,0.1817134675803107,0.22177020900440567,0.21779884321158222,0.19853152668590224,0.18018595333761325,0.18171346739859723,0.22177020878263545,0.21779884299378335,0.19853152648737069
2023-06-23,1.0,12.310747271782018,19.981809616088867,event_stress,54.05,59.7,37.75,-0.00404925769464401,0.0013043652312364545,0.005353622925880465,0.0013043652299320888,0.8682873420027101,0.1,0.05,0.5,0.2,0.15,0.10797781035802285,0.11746497345288427,0.27003105571513564,0.30452615999913024,0.20000000047482708,0.10797781025004503,0.11746497333541929,0.2700310554451046,0.30452615969460406,0.20000000027482706
2023-06-30,1.0,12.239420044427968,9.843460083007812,bull_normal,54.410000000000004,59.81,39.75,-0.00040272146220262473,-0.0022111363577476256,-0.001808414895545001,-0.00221113635553649,0.763138665804079,0.1,0.05,0.5,0.2,0.15,0.08502293396692086,0.08425197346959544,0.2573103974097984,0.37341469426320556,0.20000000089047967,0.08502293388189794,0.08425197338534347,0.25731039715248805,0.3734146938897909,0.2000000006904797
2023-07-07,1.0,12.176333874469853,17.522512435913086,event_stress,61.3,60.0,51.3,0.004759128760184674,0.005016813408293819,0.0002576846481091447,0.005016813403277004,0.7833388345787387,0.2,0.2,0.2,0.2,0.2,0.14340413279107542,0.14267965941452943,0.2272801344125481,0.28663607291512144,0.2000000004667257,0.14340413264767124,0.14267965927184972,0.2272801341852679,0.2866360726284853,0.20000000026672562
2023-07-14,1.0,12.108999085432147,14.594808578491211,event_stress,60.739999999999995,59.25,52.074999999999996,0.0005135797650657832,0.0027298217826497518,0.0022162420175839683,0.0027298217799199298,0.7298328838483992,0.1,0.05,0.5,0.2,0.15,0.09214586597563232,0.0932617868033743,0.25380763718103067,0.36078470921640465,0.20000000082355818,0.09214586588348644,0.0932617867101125,0.253807636927223,0.3607847088556199,0.20000000062355816
2023-07-21,1.0,12.05272030830965,21.4157772064209,event_stress,60.96,59.77,52.9,0.006725270148096737,0.0058788495486813775,-0.0008464205994153599,0.005878849542802527,0.6328638499088809,0.1,0.05,0.5,0.2,0.15,0.10708119435998392,0.10922599164487266,0.24842869247533877,0.33526412080404444,0.20000000071576018,0.10708119425290272,0.10922599153564666,0.24842869222691005,0.3352641204687803,0.20000000051576017
2023-07-28,1.0,11.990079492336369,17.502717971801758,event_stress,59.7,61.6,48.2,-0.0037095608219282913,-0.0028257116551784144,0.0008838491667498768,-0.002825711652352703,0.8176036756628947,0.1,0.05,0.5,0.2,0.15,0.07787605432676037,0.07747515896057883,0.25562125823302306,0.3890275275572928,0.20000000092234488,0.0778760542488843,0.07747515888310366,0.25562125797740176,0.3890275271682653,0.20000000072234486
2023-08-04,1.0,11.92234910727129,12.580978393554688,event_stress,54.5,62.0,35.3,-0.0002778052543117609,-0.0007818530704028252,-0.0005040478160910643,-0.0007818530696209723,0.7143832661982569,0.1,0.05,0.5,0.2,0.15,0.094852721109833,0.09525439625005336,0.25969219798601195,0.35020068387864206,0.20000000077545957,0.0948527210149803,0.09525439615479897,0.2596921977263198,0.3502006835284414,0.2000000005754596
2023-08-11,1.0,11.84867348671541,10.699954986572266,bull_normal,62.5,65.2,52.25,-0.0017579465102946171,-0.003341659664325559,-0.0015837131540309417,-0.003341659660983899,0.639700487593298,0.1,0.05,0.5,0.2,0.15,0.12298707242035394,0.12307472223069023,0.235980067464833,0.317958137251279,0.2000000006328438,0.12298707229736686,0.1230747221076155,0.2359800672288529,0.31795813693332087,0.20000000043284377
2023-08-18,1.0,11.780353039508913,14.360876083374023,event_stress,61.3,63.8,55.75,0.00035481333046462186,0.0019821517342817597,0.0016273384038171378,0.001982151732299608,0.654539013442282,0.2,0.2,0.2,0.2,0.2,0.13429184703169866,0.13193798076739413,0.22476244626949218,0.30900772529282555,0.20000000063858964,0.1342918468974068,0.13193798063545614,0.22476244604472972,0.3090077249838178,0.20000000043858962
2023-08-25,1.0,11.704652380949113,7.645887851715088,bull_normal,58.7,59.6,49.25,-0.002429759464535171,-0.0011950861040859137,0.0012346733604492572,-0.0011950861028908275,0.5911287762752714,0.1,0.05,0.5,0.2,0.15,0.10856669638337035,0.10722319446774851,0.2450397273144294,0.33917038105298647,0.20000000078146532,0.10856669627480364,0.10722319436052531,0.24503972706938967,0.33917038071381606,0.2000000005814653
2023-09-01,1.0,11.638277006155107,14.92121696472168,event_stress,59.4,61.1,48.75,0.0032952738817810107,0.0023857190364418527,-0.000909554845339158,0.002385719034056133,0.5922016650897194,0.2,0.2,0.2,0.2,0.2,0.15186688187640202,0.16128700261579634,0.2321869111803817,0.2546592033686356,0.2000000009587844,0.1518668817245351,0.16128700245450933,0.23218691094819477,0.2546592031139764,0.20000000075878438
2023-09-08,1.0,11.57397710681543,14.61082649230957,event_stress,54.5,56.5,52.25,-0.008286704271675787,-0.004143463751328051,0.004143240520347736,-0.004143463747184586,0.6243790252599093,0.1,0.05,0.5,0.2,0.15,0.10027271082321035,0.0997438985312952,0.2487071066862695,0.35127628308540676,0.20000000087381828,0.10027271072293763,0.09974389843155129,0.24870710643756236,0.3512762827341305,0.20000000067381826
2023-09-15,1.0,11.49986120462999,7.95086669921875,bull_normal,55.45,58.08,51.27499999999999,0.0008553081059111262,-0.0005798610995120918,-0.001435169205423218,-0.0005798610989322308,0.5575674177453508,0.1,0.05,0.5,0.2,0.15,0.10278286094499073,0.10200541368511076,0.24742596745867845,0.34778575706051956,0.20000000085070063,0.10278286084220786,0.10200541358310534,0.24742596721125246,0.34778575671273376,0.20000000065070062
2023-09-22,1.0,11.42843455076799,10.45500373840332,bull_normal,56.5,59.9,52.25,-0.002873442863815972,-0.0035627099397020916,-0.0006892670758861198,-0.003562709936139381,0.5580513678466132,0.2,0.2,0.2,0.2,0.2,0.14964549243925063,0.14737048005921868,0.22175863525775014,0.28122539172607697,0.20000000051770359,0.1496454922896051,0.14737047991184818,0.22175863503599147,0.28122539144485154,0.20000000031770357
2023-09-29,1.0,11.380380129819962,28.579421997070312,event_stress,68.5,68.8,47.0,-0.0049752622059924265,-0.0082596513215724,-0.003284389115579974,-0.00825965131331275,0.5959684908027948,0.2,0.2,0.2,0.2,0.2,0.14706769410490678,0.1418054500203015,0.2206370571762702,0.29048979829377575,0.20000000040474586,0.14706769395783906,0.14180544987849605,0.22063705695563313,0.29048979800328595,0.20000000020474584
2023-10-06,1.0,11.332353943592164,28.579421997070312,event_stress,68.44,67.78,48.074999999999996,-0.006215543710268347,-0.012337082390597384,-0.006121538680329036,-0.0123370823782603,0.6305319858134432,0.1,0.05,0.5,0.2,0.15,0.06576539407636815,0.06557161219066675,0.2686629926744578,0.40000000070567154,0.20000000035283577,0.06576539401060276,0.06557161212509513,0.2686629924057948,0.4000000003056715,0.20000000015283576
2023-10-13,1.0,11.269943243270966,18.229501724243164,event_stress,62.0,62.5,53.75,-0.007426369583358331,-0.008162124661726118,-0.0007357550783677873,-0.008162124653563993,0.5770431031680251,0.1,0.05,0.5,0.2,0.15,0.06527939395623104,0.06517679285675193,0.26954381206827305,0.4000000007458293,0.20000000037291465,0.06527939389095165,0.06517679279157514,0.2695438117987292,0.4000000003458293,0.20000000017291464
2023-10-20,1.0,11.236236619955154,34.35128402709961,event_stress,63.6,59.15,52.949999999999996,-0.0011034751551828586,0.0067217161304739545,0.007825191285656813,0.00672171612375224,0.7686442677855019,0.1,0.05,0.5,0.2,0.15,0.08412771798443107,0.08350456702600297,0.25226571756205673,0.38010199652891496,0.20000000089859438,0.08412771790030335,0.08350456694249839,0.25226571730979097,0.38010199614881296,0.20000000069859436
2023-10-27,1.0,11.17512683272943,19.56792640686035,event_stress,63.910000000000004,58.760000000000005,53.5,0.005354734292628451,0.0024899149934627706,-0.0028648192991656803,0.002489914990972855,0.7057250838123443,0.1,0.05,0.5,0.2,0.15,0.06294413020702468,0.06291181352884836,0.27414405485405535,0.40000000094004773,0.20000000047002386,0.06294413014408054,0.06291181346593655,0.27414405457991126,0.4000000005400477,0.20000000027002385
2023-11-03,1.0,11.110372334724518,18.612539291381836,event_stress,68.3,65.5,42.7,0.006653611423548587,0.004401332820988222,-0.0022522786025603652,0.004401332816586889,0.6412519355924771,0.1,0.05,0.5,0.2,0.15,0.08137244589671923,0.08095032798756449,0.2558566075611045,0.38182061770303977,0.200000000851572,0.08137244581534678,0.08095032790661416,0.2558566073052479,0.38182061732121914,0.20000000065157197
2023-11-10,1.0,11.047032296663376,14.733528137207031,event_stress,53.5,54.0,45.25,-0.0036101309349570727,-0.0056819716451796155,-0.002071840710222543,-0.005681971639497643,0.5912735260832411,0.1,0.05,0.5,0.2,0.15,0.08057607572677637,0.08023823869245611,0.2581182825185049,0.38106740213824297,0.20000000092401973,0.08057607564620028,0.08023823861221786,0.2581182822603866,0.3810674017571755,0.20000000072401972
2023-11-17,1.0,10.972255647188279,10.714683532714844,bull_normal,66.6,63.3,42.25,0.002702330947777773,0.0008567490157812092,-0.001845581931996564,0.0008567490149244605,0.5448526146319966,0.1,0.05,0.5,0.2,0.15,0.10672960203395356,0.10448270817002198,0.2469013729789332,0.34188631610878845,0.20000000070830282,0.10672960192722397,0.10448270806553928,0.24690137273203186,0.3418863157669022,0.20000000050830286
2023-11-24,1.0,10.91013843417749,19.72258949279785,event_stress,67.32000000000001,62.65,41.75,-0.009094980269055206,-0.01045063973479497,-0.0013556594657397648,-0.010450639724344329,0.5333483720300621,0.2,0.2,0.2,0.2,0.2,0.14052552946931307,0.13601859983010484,0.23163234938891242,0.29182352090042885,0.20000000041124089,0.14052552932878754,0.13601859969408622,0.23163234915728004,0.2918235206086053,0.20000000021124087
2023-12-01,1.0,10.834670859581085,10.297637939453125,bull_normal,67.56,62.760000000000005,40.849999999999994,0.0005470982311229074,0.00184422625122015,0.0012971280200972427,0.0018442262493759238,0.6052009202545305,0.1,0.05,0.5,0.2,0.15,0.07917710498508815,0.07831805851408552,0.2561551802097489,0.38634965541600313,0.2000000008750743,0.07917710490591104,0.07831805843576746,0.2561551799535937,0.38634965502965346,0.20000000067507429
2023-12-08,1.0,10.771087151771637,17.09111785888672,event_stress,61.4,60.0,51.75,-0.004611371678070047,-0.0032773582554089984,0.0013340134226610483,-0.00327735825213164,0.5754134377341041,0.2,0.2,0.2,0.2,0.2,0.13116609320968886,0.12893113511919815,0.231761800538977,0.3081409705186346,0.20000000061350143,0.13116609307852276,0.128931134990267,0.23176180030721516,0.3081409702104936,0.2000000004135014
2023-12-15,1.0,10.69374569655046,7.0100908279418945,bull_normal,61.5,62.3,45.3,0.0039757084897402315,0.000323611414014957,-0.0036520970757252746,0.0003236114136913455,0.6200694899838449,0.1,0.05,0.5,0.2,0.15,0.08746138816598728,0.08648551822750244,0.2532826028958352,0.37277048984095906,0.20000000086971592,0.08746138807852591,0.08648551814101695,0.25328260264255265,0.37277048946818864,0.20000000066971596
2023-12-22,1.0,10.618197786813827,8.874263763427734,bull_normal,62.5,61.7,46.8,0.00022606185142761957,0.000487448753025239,0.00026138690159761943,0.0004874487525377901,0.566454397573894,0.2,0.2,0.2,0.2,0.2,0.16420114461653715,0.1592842729205753,0.21561309260933886,0.2609014895875381,0.2000000002660106,0.164201144452336,0.159284272761291,0.21561309239372575,0.2609014893266366,0.2000000000660106
2023-12-29,1.0,10.553848594432921,17.769758224487305,event_stress,63.95,64.15,45.949999999999996,0.010320328015096589,0.009303948383177293,-0.001016379631919296,0.009303948373873343,0.6008344297030119,0.2,0.2,0.2,0.2,0.2,0.14889273488735053,0.14666861503814624,0.2256729540077585,0.2787656957091939,0.2000000003575509,0.14889273473845777,0.14666861489147762,0.22567295378208552,0.2787656954304282,0.20000000015755087
2024-01-05,1.0,10.48100445867166,12.151544570922852,event_stress,65.31,65.51,44.8,-0.0026834709126865703,-0.0054514504560258786,-0.0027679795433393083,-0.0054514504505744285,0.6381369178107479,0.1,0.05,0.5,0.2,0.15,0.08388460557000764,0.08289172451026794,0.25335643846910083,0.3798672305776824,0.20000000087294112,0.08388460548612305,0.08289172442737623,0.25335643821574444,0.3798672301978152,0.20000000067294116
2024-01-12,1.0,10.431381121283621,26.5919132232666,event_stress,64.8,60.0,54.25,-0.007280294519724049,-0.007767655411755371,-0.0004873608920313221,-0.007767655403987714,0.5404427259827985,0.1,0.05,0.5,0.2,0.15,0.11060468689627288,0.11463527650002277,0.24818513610318554,0.3265748998773655,0.2000000006231534,0.11060468678566816,0.11463527638538745,0.24818513585500032,0.3265748995507905,0.20000000042315333
2024-01-19,1.0,10.381238994008154,26.694313049316406,event_stress,65.5,61.2,53.39999999999999,-0.0009155266739251356,-0.0021674642886544675,-0.001251937614729332,-0.002167464286487003,0.5058548371391114,0.1,0.05,0.5,0.2,0.15,0.06488539727563068,0.06503234700781516,0.27008225463226904,0.40000000072285674,0.20000000036142837,0.06488539721074528,0.0650323469427828,0.27008225436218675,0.4000000003228567,0.20000000016142835
2024-01-26,1.0,10.319769725209326,18.67559814453125,event_stress,60.5,63.0,52.5,0.002339209447777444,-0.00021138505765071935,-0.0025505945054281635,-0.00021138505743933407,0.5540767243944874,0.1,0.05,0.5,0.2,0.15,0.06423304732211012,0.06480700273165187,0.2709599489126334,0.4000000006890698,0.2000000003445349,0.06423304725787707,0.06480700266684486,0.27095994864167344,0.4000000002890698,0.2000000001445349
2024-02-02,1.0,10.257099834090322,15.84172248840332,event_stress,54.0,59.3,50.25,0.002071628313302642,0.0013144561537450318,-0.0007571721595576101,0.0013144561524305758,0.5246671345567349,0.1,0.05,0.5,0.2,0.15,0.0747910659160779,0.07572621211668815,0.2595861875982941,0.3898965334472085,0.20000000092173129,0.07479106584128682,0.07572621204096193,0.2595861873387079,0.3898965330573119,0.20000000072173127
2024-02-09,1.0,10.220212373143285,34.72543716430664,event_stress,66.5,68.1,44.25,0.0029071370258696725,0.0029160192196305097,8.882193760837223e-06,0.0029160192167144903,0.7643735811821288,0.1,0.05,0.5,0.2,0.15,0.08989448953383113,0.0927080406142326,0.25949866524220894,0.3578988038889569,0.2000000007207704,0.08989448944393665,0.09270804052152458,0.2594986649827103,0.35789880353105813,0.20000000052077044
2024-02-16,1.0,10.193745055800527,34.72543716430664,event_stress,53.0,55.0,40.75,0.0029071370258696725,0.001217546616723879,-0.0016895904091457936,0.0012175466155063327,0.9433674102912298,0.1,0.05,0.5,0.2,0.15,0.06219588439200191,0.062277985422072,0.27552612874263066,0.4000000009621969,0.20000000048109845,0.06219588432980604,0.06227798535979403,0.27552612846710456,0.400000000562197,0.2000000002810985
2024-02-23,1.0,10.15204980671987,31.359092712402344,event_stress,65.3,61.3,47.5,0.005547116702043916,0.0015582871692420028,-0.003988829532801914,0.0015582871676837148,0.9803293800157926,0.1,0.05,0.5,0.2,0.15,0.06234802991350434,0.0623360590892859,0.2753159095375025,0.40000000097313815,0.20000000048656907,0.062348029851156304,0.06233605902694983,0.2753159092621866,0.4000000005731381,0.20000000028656906
2024-03-01,1.0,10.097249892359823,24.144302368164062,event_stress,65.8,61.029999999999994,49.449999999999996,0.0021933483964323773,0.004138356067016659,0.0019450076705842816,0.0041383560628783025,0.8865106715148329,0.1,0.05,0.5,0.2,0.15,0.06267521958351241,0.06286478692469921,0.2744599921272844,0.40000000090966936,0.20000000045483468,0.06267521952083718,0.06286478686183442,0.2744599918528244,0.40000000050966933,0.20000000025483466
2024-03-08,1.0,10.06310164332971,34.14191436767578,event_stress,63.7,64.8,37.75,0.012217777427824518,0.01804027334144787,0.005822495913623351,0.018040273323407602,0.8911329792072679,0.1,0.05,0.5,0.2,0.15,0.06673866428533891,0.06647499853086215,0.26678633578689004,0.4000000009312726,0.2000000004656363,0.06673866421860025,0.06647499846438716,0.2667863355201037,0.40000000053127266,0.20000000026563633
2024-03-15,1.0,9.998149001604169,16.96316146850586,event_stress,63.410000000000004,63.2,38.35,-0.005994522577380288,-0.0025016799671767993,0.0034928426102034888,-0.002501679964675119,0.8206582450479886,0.1,0.05,0.5,0.2,0.15,0.06240231241927725,0.06236937236599351,0.27522831376257706,0.4000000009681015,0.20000000048405076,0.062402312356874934,0.06236937230362413,0.2752283134873487,0.4000000005681015,0.20000000028405074
2024-03-22,1.0,9.93426696062669,16.277950286865234,event_stress,58.7,60.2,50.75,0.0041747154464011555,0.003547266267919428,-0.0006274491784817276,0.0035472662643721616,0.6889445076142483,0.1,0.05,0.5,0.2,0.15,0.08031951371123959,0.07983773374508885,0.2543104274734559,0.3855323241416808,0.2000000009285349,0.08031951363092008,0.07983773366525111,0.25431042721914543,0.3855323237561485,0.20000000072853488
2024-03-29,1.0,9.886074668174832,25.489974975585938,event_stress,60.7,58.8,49.25,0.0029940612364502107,0.0067491501678828905,0.00375508893143268,0.00674915016113374,0.7700631408961103,0.1,0.05,0.5,0.2,0.15,0.08333218238265384,0.08272120729184389,0.25416818634822624,0.3797784230756871,0.20000000090158904,0.08333218229932166,0.08272120720912267,0.25416818609405806,0.37977842269590867,0.20000000070158902
2024-04-05,1.0,9.836064118152706,23.560142517089844,event_stress,57.5,62.0,40.75,0.010656655800283014,0.01514266379236187,0.004486007992078855,0.01514266377721921,0.851349342281679,0.1,0.05,0.5,0.2,0.15,0.0648058390719518,0.06481519855638221,0.2703789613100702,0.4000000007077305,0.20000000035386525,0.06480583900714597,0.06481519849156701,0.2703789610396913,0.4000000003077306,0.2000000001538653
2024-04-12,1.0,9.792437124258129,27.169830322265625,event_stress,59.2,61.8,37.75,0.013049633987654574,0.016041304840140717,0.0029916708524861425,0.01604130482409941,0.8940032263996477,0.1,0.05,0.5,0.2,0.15,0.06622472839842675,0.06621019119231468,0.26756507904657373,0.40000000090845655,0.20000000045422828,0.06622472833220201,0.06621019112610449,0.26756507877900865,0.4000000005084565,0.20000000025422826
2024-04-19,1.0,9.7360546052514,21.603342056274414,event_stress,61.4,62.27,40.05,0.0007262666431816824,-0.0009762706487699857,-0.0017025372919516682,-0.0009762706477937148,0.8664306250762446,0.1,0.05,0.5,0.2,0.15,0.06399473857875426,0.0638946079758007,0.27211065221392666,0.4000000008210123,0.20000000041050614,0.06399473851475952,0.06389460791190608,0.272110651941816,0.40000000042101225,0.20000000021050612
2024-04-26,1.0,9.682446384435742,23.49871063232422,event_stress,62.0,63.0,47.25,-0.009430832790215074,-0.009967004156588565,-0.0005361713663734908,-0.00996700414662156,0.9217682272390485,0.1,0.05,0.5,0.2,0.15,0.06827655203312252,0.06802334117515565,0.2637001056450683,0.40000000076443565,0.20000000038221782,0.06827655196484597,0.0680233411071323,0.2637001053813682,0.4000000003644356,0.2000000001822178
2024-05-03,1.0,9.655351033812611,38.07362747192383,event_stress,63.92,64.95,46.449999999999996,-0.0121681733454729,-0.004304241244244634,0.007863932101228266,-0.0043042412399403925,0.9905375598582673,0.1,0.05,0.5,0.2,0.15,0.0662674956481995,0.06607270432542074,0.26765979906407894,0.40000000064153396,0.20000000032076698,0.066267495581932,0.06607270425934804,0.2676597987964191,0.4000000002415339,0.20000000012076696
2024-05-10,1.0,9.60220859349355,23.418354034423828,event_stress,61.5,59.8,43.55,0.007575158976695971,0.008250041358005566,0.0006748823813095949,0.008250041349755525,0.8566934007560199,0.1,0.05,0.5,0.2,0.15,0.061929604654095395,0.061921674369263754,0.27614871947811065,0.4000000009990201,0.20000000049951006,0.06192960459216579,0.06192167430734208,0.27614871920196193,0.4000000005990201,0.20000000029951004
2024-05-17,1.0,9.534356984501928,13.979268074035645,event_stress,59.6,63.3,45.2,0.0007598063693358641,0.002123422659156207,0.0013636162898203429,0.0021234226570327843,0.7399093741744259,0.1,0.05,0.5,0.2,0.15,0.06595914217114429,0.06582755195538291,0.2682133049050767,0.4000000006455975,0.20000000032279874,0.06595914210518515,0.06582755188955536,0.2682133046368634,0.40000000024559745,0.20000000012279873
2024-05-24,1.0,9.471928355103582,17.988637924194336,event_stress,61.5,61.0,47.25,-0.001935661252879692,-0.006075392558994741,-0.004139731306115049,-0.006075392552919348,0.7417592231780935,0.1,0.05,0.5,0.2,0.15,0.09358030602371929,0.09247459975798335,0.2509498056326991,0.362995287742118,0.20000000084348032,0.09358030593013898,0.09247459966550874,0.25094980538174927,0.3629952873791227,0.2000000006434803
2024-05-31,1.0,9.399973109370322,10.14683723449707,event_stress,57.5,57.7,45.5,-0.001395137628477587,-0.0023565021983272907,-0.0009613645698497036,-0.002356502195970788,0.646041211272463,0.1,0.05,0.5,0.2,0.15,0.0735743677913649,0.07323199976441934,0.2577933864934044,0.3954002450151099,0.20000000093570158,0.07357436771779054,0.07323199969118734,0.257793386235611,0.39540024461970963,0.20000000073570157
2024-06-07,1.0,9.332152673607917,13.17904281616211,event_stress,57.3,66.4,44.25,0.0032028987436411634,0.0022039590823115258,-0.0009989396613296377,0.002203959080107567,0.5499064774386794,0.1,0.05,0.5,0.2,0.15,0.12453730181247831,0.12175483266123092,0.23768611490911,0.31602174995011756,0.20000000066706314,0.12453730168794103,0.12175483253947611,0.23768611467142392,0.31602174963409585,0.20000000046706318
2024-06-14,1.0,9.263875237113089,14.338066101074219,event_stress,63.2,56.3,51.25,-0.006104433062544431,-0.00901776567991239,-0.00291333261736796,-0.009017765670894625,0.5319783899107606,0.1,0.05,0.5,0.2,0.15,0.09517991019467648,0.09430151072032202,0.2500901867887733,0.360428391462415,0.20000000083381317,0.09517991009949656,0.09430151062602049,0.2500901865386831,0.3604283911019866,0.20000000063381315
2024-06-21,1.0,9.202844747906775,17.327558517456055,event_stress,57.3,61.8,50.75,0.0002807608038555053,0.0004898462393909496,0.00020908543553544432,0.0004898462389011034,0.547753994676199,0.1,0.05,0.5,0.2,0.15,0.08712087286546347,0.08645574663427891,0.2518544005965073,0.374568978989733,0.20000000091401746,0.08712087277834257,0.08645574654782313,0.25185440034465284,0.3745689786151639,0.20000000071401738
2024-06-28,1.0,9.15655341446981,25.482322692871094,event_stress,59.5,60.0,37.25,0.004834817539824076,-0.0006695579469496614,-0.005504375486773737,-0.0006695579462801034,0.6367523721068894,0.1,0.05,0.5,0.2,0.15,0.07559739247338734,0.07500614766343525,0.2587616055246386,0.3906348534326892,0.2000000009058496,0.07559739239778994,0.07500614758842909,0.258761605265877,0.39063485304205436,0.20000000070584958
2024-07-05,1.0,9.092835596209618,17.7886905670166,event_stress,64.8,66.0,36.25,-0.003618370617068194,-0.0007613983459734209,0.002856972271094773,-0.0007613983452120227,0.6125710708616997,0.1,0.05,0.5,0.2,0.15,0.06410673223897825,0.06397599784382363,0.27191726869894167,0.40000000081217096,0.20000000040608548,0.06410673217487153,0.06397599777984764,0.27191726842702446,0.40000000041217104,0.20000000020608552
2024-07-12,1.0,9.03323622644529,20.161067962646484,event_stress,63.7,60.6,45.75,-0.0010421492230265404,-0.0010045203995671457,3.762882345939469e-05,-0.0010045203985626255,0.6408445108869307,0.1,0.05,0.5,0.2,0.15,0.07174614269190882,0.07325513024462699,0.26261591313101385,0.3923828130676828,0.20000000086476766,0.07174614262016267,0.07325513017137185,0.2626159128683979,0.39238281267529995,0.20000000066476764
2024-07-19,1.0,8.965875092154594,15.781641006469727,event_stress,65.22,61.02,48.05,0.0009600840504207898,-0.0006064076992012137,-0.0015664917496220035,-0.0006064076985948061,0.683421249706949,0.1,0.05,0.5,0.2,0.15,0.0681577273527567,0.06790700744177632,0.2639352640346911,0.40000000078051734,0.20000000039025867,0.06815772728459897,0.0679070073738693,0.2639352637707558,0.4000000003805173,0.20000000019025865
2024-07-26,1.0,8.898623964196297,14.253905296325684,event_stress,59.6,59.2,39.5,0.0038326336625881864,-0.002087979645848284,-0.005920613308436471,-0.002087979643760304,0.7870334601565617,0.1,0.05,0.5,0.2,0.15,0.07934003016030067,0.07945672907838332,0.26001671495129586,0.3811865249410862,0.20000000086893396,0.07934003008096063,0.07945672899892658,0.2600167146912791,0.3811865245598996,0.20000000066893395
2024-08-02,1.0,8.829340776806923,13.373557090759277,event_stress,60.8,59.7,42.4,0.009068681652707758,0.0069783013964703515,-0.0020903802562374065,0.006978301389492049,0.7481200046000102,0.1,0.05,0.5,0.2,0.15,0.08644156117135425,0.08619205402719692,0.256978220755982,0.3703881632014342,0.20000000084403263,0.08644156108491269,0.08619205394100485,0.25697822049900376,0.370388162831046,0.20000000064403262
2024-08-09,1.0,8.760697975760552,13.455743789672852,event_stress,59.7,59.3,47.25,-0.013154521487552808,-0.012441643928453604,0.0007128775590992033,-0.012441643916011956,0.6770744897930514,0.1,0.05,0.5,0.2,0.15,0.08996156334242378,0.08910728545626909,0.2529166419456492,0.3680145083863079,0.20000000086935013,0.08996156325246218,0.08910728536716177,0.2529166416927325,0.3680145080182933,0.20000000066935006
2024-08-16,1.0,8.690953180199715,13.440649032592773,event_stress,62.2,60.8,44.25,-0.00791615551733108,-0.0045438878072685185,0.0033722677100625617,-0.00454388780272463,0.6577776160630541,0.1,0.05,0.5,0.2,0.15,0.09044248675692897,0.08934389068744655,0.2531903972901904,0.3670232244215556,0.20000000084387862,0.09044248666648645,0.08934389059810263,0.2531903970369999,0.36702322405453225,0.20000000064387854
2024-08-23,1.0,8.61494166553602,8.606009483337402,bull_normal,62.7,60.95,45.55,0.0053056223465231325,0.003427523027579814,-0.0018780993189433186,0.0034275230241522904,0.6062293943956942,0.1,0.05,0.5,0.2,0.15,0.08964734635983311,0.08859948956787543,0.25282474867287996,0.3689284145482915,0.20000000085112013,0.08964734627018575,0.08859948947927593,0.2528247484200552,0.36892841417936306,0.2000000006511201
2024-08-30,1.0,8.554124322539423,18.099489212036133,event_stress,59.3,59.5,45.25,0.0012136095999162693,0.0005790769024026947,-0.0006345326975135746,0.0005790769018236173,0.6764681029440901,0.2,0.2,0.2,0.2,0.2,0.12955993863721277,0.12703952684129965,0.2379481923916661,0.3054523415375609,0.2000000005922606,0.12955993850765282,0.1270395267142601,0.23794819215371787,0.3054523412321085,0.2000000003922606
2024-09-06,1.0,8.492904809123132,18.387165069580078,event_stress,60.55,60.45,44.449999999999996,0.01017337106921064,0.005357858922613228,-0.004815512146597411,0.005357858917255369,0.7733556166764259,0.1,0.05,0.5,0.2,0.15,0.06952102575431847,0.06922346365537094,0.26125550929737673,0.400000000861956,0.200000000430978,0.06952102568479744,0.06922346358614746,0.2612555090361212,0.40000000046195594,0.20000000023097797
2024-09-13,1.0,8.421504357462975,11.201461791992188,event_stress,59.2,59.7,52.25,0.0035777958340908484,0.002648474894572822,-0.0009293209395180263,0.002648474891924348,0.7058310178767745,0.1,0.05,0.5,0.2,0.15,0.06849895250080867,0.06833061516457954,0.2631704312143109,0.4000000007468672,0.2000000003734336,0.06849895243230973,0.06833061509624894,0.2631704309511405,0.4000000003468673,0.20000000017343364
2024-09-20,1.0,8.357105037575813,17.48356819152832,event_stress,64.0,62.0,42.25,-0.001138682455044743,0.002255426192028582,0.003394108647073325,0.0022554261897731547,0.6581487441351748,0.1,0.05,0.5,0.2,0.15,0.10573236749137091,0.10372540251723987,0.2481816397372903,0.3423605895254184,0.2000000007286806,0.10573236738563853,0.10372540241351445,0.24818163948910862,0.3423605891830578,0.20000000052868058
2024-09-27,1.0,8.45349099338636,260.9962463378906,event_stress,66.5,64.5,43.75,0.002191622180678663,0.007656871124746333,0.00546524894406767,0.007656871117089462,1.0,0.1,0.05,0.5,0.2,0.15,0.06900005857841392,0.07032460964846261,0.26243885718577376,0.398236473715713,0.20000000087163664,0.06900005850941386,0.07032460957813802,0.26243885692333496,0.3982364733174766,0.20000000067163667
2024-10-04,1.0,8.55295866430387,614.296875,event_stress,63.0,63.5,48.5,-0.001756513277426653,0.004729528167395827,0.00648604144482248,0.004729528162666296,1.0,0.1,0.05,0.5,0.2,0.15,0.06171230905211269,0.06171230905211269,0.27657538098417817,0.40000000060773094,0.20000000030386547,0.06171230899040039,0.06171230899040039,0.27657538070760285,0.400000000207731,0.2000000001038655
2024-10-11,1.0,8.636281910544486,161.60044860839844,event_stress,62.8,64.0,38.0,-0.00035074500404699176,-0.0013981511743892602,-0.0010474061703422684,-0.0013981511729911093,0.8392182682185686,0.1,0.05,0.5,0.2,0.15,0.06171230905211269,0.06171230905211269,0.27657538098417817,0.40000000060773094,0.20000000030386547,0.06171230899040039,0.06171230899040039,0.27657538070760285,0.400000000207731,0.2000000001038655
2024-10-18,1.0,8.688233098393532,100.46243286132812,event_stress,66.0,59.0,42.5,0.003046174507865147,0.007068354649502701,0.004022180141637554,0.0070683546424343486,0.7168793250687149,0.1,0.05,0.5,0.2,0.15,0.061712309052112724,0.061712309052112724,0.2765753809841781,0.40000000060773094,0.20000000030386547,0.06171230899040042,0.06171230899040042,0.2765753807076028,0.400000000207731,0.2000000001038655
2024-10-25,1.0,8.699365314847084,64.41007995605469,event_stress,67.6,64.7,48.75,-0.007796047048308033,-0.004272054352951187,0.003523992695356846,-0.004272054348679134,0.6009581020650078,0.1,0.05,0.5,0.2,0.15,0.06171230910777283,0.061712309105466254,0.2765753808751645,0.40000000060773094,0.20000000030386547,0.06171230904606053,0.06171230904375395,0.27657538059858916,0.400000000207731,0.2000000001038655
2024-11-01,1.0,8.653991633659453,30.276988983154297,event_stress,67.34,64.62,48.849999999999994,0.004666909586699356,0.0031232889534269586,-0.0015436206332723975,0.0031232889503036688,0.509871173534335,0.1,0.05,0.5,0.2,0.15,0.06171253648382514,0.061712527156900676,0.2765749354476893,0.4000000006077232,0.2000000003038616,0.06171253642211259,0.061712527095188145,0.2765749351711143,0.4000000002077232,0.2000000001038616
2024-11-08,1.0,8.583351761108489,12.932819366455078,event_stress,62.5,61.2,42.25,0.002537085991298706,-0.001658233524653685,-0.004195319515952391,-0.0016582335229954513,0.48024099319268676,0.1,0.05,0.5,0.2,0.15,0.06223493878063961,0.06222878401348091,0.27553627574029027,0.4000000009770595,0.20000000048852976,0.06223493871840465,0.06222878395125211,0.2755362754647539,0.40000000057705937,0.20000000028852968
2024-11-15,1.0,8.534997022157759,26.15738296508789,event_stress,61.95,60.9,42.849999999999994,-0.0034166939209583844,-0.008997307049004004,-0.005580613128045619,-0.008997307040006695,0.45937642415009705,0.1,0.05,0.5,0.2,0.15,0.08995848723296512,0.09340876643536589,0.2634870058174457,0.35314573979890895,0.2000000007153144,0.08995848714300662,0.0934087663419571,0.2634870055539587,0.35314573944576316,0.20000000051531439
2024-11-22,1.0,8.474941068893523,18.60196304321289,event_stress,59.0,58.0,36.25,0.0030823028546082183,0.008987201739193922,0.005904898884585704,0.008987201730206718,0.46677134113194385,0.1,0.05,0.5,0.2,0.15,0.06295584709413528,0.06290476990056339,0.27413938163540047,0.40000000091326726,0.20000000045663363,0.06295584703117943,0.06290476983765861,0.2741393813612611,0.40000000051326723,0.20000000025663361
2024-11-29,1.0,8.409929698711485,17.544212341308594,event_stress,65.3,60.0,47.0,0.0001596330943577373,-0.0021405363142758347,-0.0023001694086335718,-0.0021405363121352983,0.4125197276893654,0.1,0.05,0.5,0.2,0.15,0.0686023169016603,0.06833121953318025,0.2630664625228158,0.4000000006948957,0.20000000034744786,0.06860231683305798,0.06833121946484902,0.26306646225974933,0.4000000002948957,0.20000000014744784
2024-12-06,1.0,8.338852751260847,13.8783597946167,event_stress,67.05,63.6,46.5,0.0005720311583731826,-0.003302550327934353,-0.0038745814863075352,-0.003302550324631803,0.383465664029723,0.1,0.05,0.5,0.2,0.15,0.07051728737827505,0.07010801099659367,0.25937470052136363,0.4000000007358451,0.20000000036792254,0.07051728730775776,0.07010801092648565,0.2593747002619889,0.40000000033584504,0.20000000016792252
2024-12-13,1.0,8.278514999157041,20.8692684173584,event_stress,66.0,68.1,44.0,0.017452415929281845,0.010112943160470298,-0.007339472768811547,0.010112943150357353,0.4151646969795597,0.1,0.05,0.5,0.2,0.15,0.08549076947636208,0.08430271988786424,0.25233148965777363,0.37787502011424795,0.20000000086375225,0.0854907693908713,0.08430271980356151,0.25233148940544214,0.3778750197363729,0.20000000066375223
2024-12-20,1.0,8.211203455930798,16.56230354309082,event_stress,66.8,66.2,47.25,0.0005849025963701611,-0.0034000596094778505,-0.003984962205848012,-0.0034000596060777904,0.3783057527443303,0.1,0.05,0.5,0.2,0.15,0.06561328133655643,0.06543535636702154,0.26895136123313723,0.40000000070885655,0.20000000035442828,0.06561328127094314,0.06543535630158617,0.26895136096418587,0.4000000003088565,0.20000000015442826
2024-12-27,1.0,8.141768091922849,13.134681701660156,event_stress,60.5,61.4,52.75,-0.0036261757905757417,-0.00025294373258761903,0.003373232057988123,-0.00025294373233467537,0.33892676528393384,0.1,0.05,0.5,0.2,0.15,0.07083761865761155,0.0705765791005011,0.25858580118786106,0.40000000070268416,0.20000000035134208,0.07083761858677393,0.07057657902992451,0.25858580092927524,0.4000000003026841,0.20000000015134206
2025-01-03,1.0,8.07050878406152,15.018041610717773,event_stress,71.2,69.4,52.75,0.009460753695431354,0.005182706883468625,-0.004278046811962729,0.0051827068782859175,0.3371888979833777,0.1,0.05,0.5,0.2,0.15,0.087452282217184,0.08621000771792044,0.24771666084619828,0.37862104835681365,0.20000000086188374,0.0874522821297317,0.08621000763171043,0.2477166605984816,0.37862104797819257,0.20000000066188373
2025-01-10,1.0,8.001804661756603,16.748523712158203,event_stress,70.6,69.22,52.849999999999994,-0.012179185842141638,-0.00549412949697944,0.006685056345162198,-0.00549412949148531,0.31369425139944346,0.1,0.05,0.5,0.2,0.15,0.07640114927826773,0.0756905636252678,0.2523673194682909,0.39554096671465877,0.2000000009135148,0.07640114920186658,0.07569056354957723,0.25236731921592354,0.3955409663191178,0.2000000007135148
2025-01-17,1.0,7.944964236026852,21.246646881103516,event_stress,61.5,57.5,48.2,0.0004565978801507918,0.0028100949627379718,0.00235349708258718,0.0028100949599278763,0.3266481646667256,0.1,0.05,0.5,0.2,0.15,0.06960982867493387,0.06936653290651026,0.26102363712091176,0.400000000865096,0.200000000432548,0.06960982860532404,0.06936653283714372,0.2610236368598881,0.400000000465096,0.200000000232548
2025-01-24,1.0,7.882799530035107,18.95172119140625,event_stress,63.540000000000006,64.32000000000001,47.25,-0.002886386614497454,0.0006939091830179218,0.003580295797515376,0.0006939091823240123,0.30177513175296033,0.1,0.05,0.5,0.2,0.15,0.0644593462518368,0.06438658352080225,0.27115406903739653,0.4000000007933097,0.20000000039665486,0.06445934618737743,0.06438658345641564,0.2711540687662424,0.4000000003933096,0.2000000001966548
2025-01-31,1.0,7.808397549396603,11.761834144592285,event_stress,68.5,68.0,50.0,0.002993201692821773,0.002712383425117966,-0.000280818267703807,0.002712383422405582,0.25022752992669756,0.1,0.05,0.5,0.2,0.15,0.06667315588285387,0.06644287888536289,0.2668839642712849,0.40000000064033225,0.20000000032016613,0.0666731558161807,0.06644287881892001,0.26688396400440095,0.4000000002403322,0.2000000001201661
2025-02-07,1.0,7.734991663700192,12.766868591308594,event_stress,69.5,65.8,47.0,0.008868411830267741,0.010724301159330329,0.0018558893290625874,0.010724301148606027,0.2251549543048639,0.1,0.05,0.5,0.2,0.15,0.09397959455950308,0.09282109762822605,0.2493276108604264,0.3638716961574761,0.20000000079436842,0.09397959446552348,0.09282109753540493,0.24932761061109876,0.3638716957936044,0.2000000005943684
2025-02-14,1.0,7.677270656829922,21.88327980041504,event_stress,65.0,63.0,42.5,-0.009455328793488963,-0.0019788974360105535,0.007476431357478409,-0.001978897434031656,0.24168729620077375,0.1,0.05,0.5,0.2,0.15,0.08561831726709265,0.08454115465748657,0.2542541319204991,0.3755863953000525,0.20000000085486921,0.08561831718147433,0.0845411545729454,0.25425413166624494,0.37558639492446605,0.2000000006548692
2025-02-21,1.0,7.629213401681034,28.244722366333008,event_stress,68.3,64.3,42.95,-0.009029328406142763,-0.005762398433573912,0.003266929972568851,-0.005762398427811513,0.2569860026263216,0.1,0.05,0.5,0.2,0.15,0.06378547111718723,0.06368393189390936,0.2725305957051845,0.40000000085581267,0.20000000042790633,0.06378547105340175,0.06368393183022543,0.2725305954326539,0.40000000045581263,0.20000000022790632
2025-02-28,1.0,7.575777640944569,26.10434341430664,event_stress,70.6,66.6,42.449999999999996,-0.008492405486392973,-0.008929420739337947,-0.00043701525294497466,-0.008929420730408526,0.24023598407261057,0.1,0.05,0.5,0.2,0.15,0.062107115310608384,0.06208638154520543,0.27580650166009196,0.40000000098939614,0.20000000049469807,0.062107115248501266,0.06208638148311905,0.2758065013842854,0.4000000005893961,0.20000000029469805
2025-03-07,1.0,7.5041139572916915,14.623218536376953,event_stress,71.4,65.7,55.75,-0.0035291350401407324,-0.0016602616301292935,0.001868873410011439,-0.0016602616284690315,0.21388653840965888,0.1,0.05,0.5,0.2,0.15,0.06234005867399068,0.062315783866267835,0.2753441559879948,0.4000000009811645,0.20000000049058225,0.062340058611650616,0.06231578380395204,0.2753441557126506,0.40000000058116447,0.20000000029058224
2025-03-14,1.0,7.442416599398701,21.11408805847168,event_stress,69.9,66.2,47.75,-0.00034239900700496455,0.002492568494168355,0.0028349675011733193,0.0024925684916757866,0.19682984210522916,0.1,0.05,0.5,0.2,0.15,0.07382340325204084,0.07321064094116833,0.2550207653454156,0.3979451895494586,0.20000000091191653,0.07382340317821744,0.07321064086795769,0.25502076509039484,0.3979451891515134,0.2000000007119165
2025-03-21,1.0,7.379230275755971,19.42805290222168,event_stress,68.0,59.5,52.75,-0.004742740100879131,-0.0024094770429549115,0.0023332630579242196,-0.0024094770405454348,0.18702608702054926,0.1,0.05,0.5,0.2,0.15,0.06369132866467438,0.06362634450545955,0.27268232551655963,0.4000000008755376,0.2000000004377688,0.06369132860098306,0.06362634444183321,0.27268232524387737,0.4000000004755377,0.20000000023776884
2025-03-28,1.0,7.30744683445081,14.109771728515625,event_stress,70.1,63.5,40.75,0.003141776100931299,0.003478076283716694,0.0003363001827853948,0.003478076280238617,0.17494768668452423,0.1,0.05,0.5,0.2,0.15,0.06493687046378677,0.06476656959736238,0.2702965588251102,0.40000000074249376,0.20000000037124688,0.06493687039884989,0.0647665695325958,0.27029655855481366,0.4000000003424937,0.20000000017124686
2025-04-04,1.0,7.242591586714833,17.260820388793945,event_stress,65.0,57.0,38.75,0.010353485790933566,0.011056590972686088,0.0007031051817525218,0.011056590961629491,0.16662911093386362,0.1,0.05,0.5,0.2,0.15,0.07422761613910978,0.07367641820019254,0.25874609011909,0.393349874644646,0.20000000089696182,0.07422761606488214,0.0736764181265161,0.2587460898603438,0.393349874251296,0.20000000069696175
2025-04-11,1.0,7.167171028262227,11.621089935302734,event_stress,70.6,74.1,42.7,0.007454836813645964,0.006969263406176858,-0.0004855734074691066,0.006969263399207593,0.15706516877814206,0.1,0.05,0.5,0.2,0.15,0.06720052500574025,0.06696170761257539,0.2658377659623845,0.4000000009461999,0.20000000047309996,0.06720052493853972,0.06696170754561367,0.2658377656965467,0.4000000005461999,0.20000000027309994
2025-04-18,1.0,7.102380153542607,19.801822662353516,event_stress,71.64000000000001,72.42,42.8,-0.0012590455876169283,0.0031160061027804323,0.00437505169039736,0.0031160060996644266,0.18759650475538692,0.1,0.05,0.5,0.2,0.15,0.08984969566754429,0.0881470557358245,0.24961690825342672,0.37238633952539363,0.20000000081781086,0.0898496955776946,0.08814705564767744,0.24961690800380978,0.3723863391530073,0.20000000061781084
2025-04-25,1.0,7.058619070058911,28.35647964477539,event_stress,61.2,55.6,51.2,-0.00509474418542554,-0.004508639823526345,0.0005861043618991951,-0.004508639819017705,0.17995893812726335,0.1,0.05,0.5,0.2,0.15,0.06373040573018057,0.06368531414927367,0.2725842788347683,0.400000000857185,0.2000000004285925,0.06373040566645016,0.06368531408558835,0.27258427856218403,0.400000000457185,0.2000000002285925
2025-05-02,1.0,7.005098962789623,23.643070220947266,event_stress,62.64000000000001,57.27,53.199999999999996,-0.0012039279563041466,-0.0036666814167520484,-0.002462753460447902,-0.003666681413085367,0.17993470548603782,0.1,0.05,0.5,0.2,0.15,0.061890869229626534,0.061886751870065676,0.27622237799802396,0.4000000006015226,0.2000000003007613,0.06189086916773566,0.061886751808178916,0.2762223777218016,0.40000000020152254,0.20000000010076127
2025-05-09,1.0,6.956160268193333,27.61412239074707,event_stress,68.0,65.2,42.5,0.0016388672192173552,0.0003293085705676997,-0.0013095586486496554,0.0003293085702383912,0.16350817695736758,0.1,0.05,0.5,0.2,0.15,0.06244949880898063,0.062413182648538894,0.27513731708990036,0.4000000009683867,0.20000000048419336,0.06244949874653113,0.06241318258612571,0.275137316814763,0.4000000005683867,0.20000000028419335
2025-05-16,1.0,6.913867622619717,31.062053680419922,event_stress,67.52000000000001,65.12,45.05,-0.012351438647012313,-0.013933525958173187,-0.0015820873111608742,-0.013933525944239663,0.20657750855941473,0.1,0.05,0.5,0.2,0.15,0.061934687863902944,0.061924497331175346,0.2761408133052163,0.40000000099980354,0.20000000049990177,0.061934687801968265,0.06192449726925086,0.2761408130290755,0.4000000005998036,0.2000000002999018
2025-05-23,1.0,6.855017256742566,21.5279541015625,event_stress,66.0,65.5,42.5,0.004692468148818385,0.0072395387781613516,0.002547070629342967,0.007239538770921814,0.198136705145066,0.1,0.05,0.5,0.2,0.15,0.061790615559084716,0.061786902897584164,0.27642248063600194,0.4000000006048861,0.20000000030244305,0.06179061549729411,0.06178690283579727,0.2764224803595795,0.4000000002048862,0.2000000001024431
2025-05-30,1.0,6.784482347971051,13.998858451843262,event_stress,66.02000000000001,66.79,41.9,-0.00406504062403564,-0.0043775927751254955,-0.0003125521510898557,-0.004377592770747902,0.1910620852525674,0.1,0.05,0.5,0.2,0.15,0.06288665786608484,0.06282819448555538,0.27428514623787786,0.4000000009403213,0.20000000047016064,0.06288665780319817,0.06282819442272718,0.2742851459635927,0.40000000054032125,0.20000000027016063
2025-06-06,1.0,6.716465264564603,14.363164901733398,event_stress,61.2,66.4,39.25,0.007044881522934988,0.007270396266563616,0.00022551474362862787,0.007270396259293221,0.1621011006867228,0.1,0.05,0.5,0.2,0.15,0.07094358591099956,0.07046218705473757,0.2585942256232416,0.4000000009406808,0.2000000004703404,0.07094358584005599,0.0704621869842754,0.2585942253646474,0.40000000054068086,0.20000000027034043
2025-06-13,1.0,6.643634140497296,10.996870040893555,event_stress,62.3,60.0,52.25,0.0005726751048880696,0.0018835352635260102,0.0013108601586379405,0.0018835352616424752,0.14533516933193139,0.1,0.05,0.5,0.2,0.15,0.06904043013160649,0.06882609765895822,0.2621334711849381,0.400000000682998,0.200000000341499,0.06904043006256606,0.06882609759013214,0.2621334709228047,0.4000000002829981,0.20000000014149905
2025-06-20,1.0,6.569497501855938,10.527689933776855,event_stress,64.32000000000001,59.95,54.099999999999994,-0.0010314863145301184,-0.003811640653617788,-0.00278015433908767,-0.0038116406498061466,0.15341956468775111,0.1,0.05,0.5,0.2,0.15,0.0824049460571201,0.081818645997756,0.2521722050961583,0.383604201941541,0.20000000090742467,0.08240494597471514,0.08181864591593735,0.25217220484398606,0.38360420155793673,0.20000000070742466
2025-06-27,1.0,6.489530497795193,4.751461029052734,bull_normal,62.94,58.8,54.699999999999996,-0.004529157869703852,-0.006240062805253609,-0.0017109049355497567,-0.006240062799013546,0.17608956111375526,0.1,0.05,0.5,0.2,0.15,0.0832325641574635,0.08461657173240489,0.256433801861501,0.3757170613919509,0.20000000085667982,0.08323256407423092,0.08461657164778831,0.2564338016050672,0.3757170610162338,0.2000000006566798
2025-07-04,1.0,6.413793665176479,7.976075172424316,event_stress,59.7,60.8,39.25,0.002488160066995281,0.002290146144563115,-0.00019801392243216616,0.002290146142272968,0.14954150339783198,0.2,0.2,0.2,0.2,0.2,0.1607548530738031,0.15555919734275564,0.22498939157061942,0.2586965577577998,0.2000000002550221,0.1607548529130482,0.1555591971871964,0.22498939134562995,0.2586965574991032,0.20000000005502203
2025-07-11,1.0,6.335069191461651,6.842781066894531,event_stress,65.8,60.7,56.0,-0.005076070793441848,-0.0029533397538024416,0.0021227310396394064,-0.002953339750849102,0.14458898946760365,0.1,0.05,0.5,0.2,0.15,0.10694970930208145,0.10556809325665346,0.24039243740505123,0.34708975925472957,0.2000000007814842,0.10694970919513175,0.10556809315108538,0.24039243716465883,0.3470897589076399,0.20000000058148423
2025-07-18,1.0,6.254511213308422,5.404947280883789,bull_normal,67.32000000000001,62.15,55.75,0.0011101595324215798,0.0019184281529136314,0.0008082686204920516,0.0019184281509952038,0.15655712683006145,0.1,0.05,0.5,0.2,0.15,0.1215606685771604,0.11936996019949252,0.23212393510949278,0.3269454354435776,0.2000000006702766,0.12156066845559975,0.11936996008012257,0.23212393487736888,0.3269454351166322,0.20000000047027663
2025-07-25,1.0,6.179848229890911,8.925098419189453,event_stress,60.3,59.3,42.25,-0.0030252956519481195,-0.004084708228647723,-0.001059412576699604,-0.004084708224563015,0.16139048692155733,0.2,0.2,0.2,0.2,0.2,0.14496359569604308,0.14126167740473786,0.23220079643389646,0.2815739300438274,0.2000000004214953,0.1449635955510795,0.14126167726347616,0.23220079620169565,0.2815739297622535,0.20000000022149528
2025-08-01,1.0,6.103724509483426,8.225475311279297,event_stress,62.120000000000005,58.75,45.15,-0.0004132086667560287,-0.002496834260269851,-0.0020836255935138223,-0.0024968342577730168,0.1576266205009887,0.1,0.05,0.5,0.2,0.15,0.09531691814294625,0.09413356861838447,0.25202931008589835,0.3585202023369428,0.20000000081582817,0.09531691804762933,0.0941335685242509,0.252029309833869,0.3585202019784226,0.20000000061582815
2025-08-08,1.0,6.025409936910718,7.234727382659912,event_stress,65.8,61.2,57.25,0.004090394205770098,0.004903105857101752,0.0008127116513316542,0.004903105852198646,0.13559575579564578,0.1,0.05,0.5,0.2,0.15,0.0991928159451265,0.09811189477180143,0.24323195770801478,0.3594633307393958,0.20000000083566155,0.09919281584593367,0.09811189467368953,0.2432319574647828,0.35946333037993244,0.20000000063566153
2025-08-15,1.0,5.945068168645947,6.238668441772461,event_stress,69.2,61.1,42.25,-0.0033547245053674167,-0.0021014349619681008,0.0012532895433993159,-0.002101434959866666,0.14998449714956222,0.1,0.05,0.5,0.2,0.15,0.11853965924088208,0.11556337818970439,0.2425177486294281,0.3233792133494757,0.20000000059050965,0.11853965912234242,0.115563378074141,0.24251774838691034,0.3233792130260965,0.20000000039050964
2025-08-22,1.0,5.863793325430005,5.241056442260742,bull_normal,69.24000000000001,59.95,41.75,-0.00570732715588805,-0.0027256015221033903,0.0029817256337846595,-0.002725601519377788,0.18081821558419336,0.1,0.05,0.5,0.2,0.15,0.13301928822334722,0.12913181684865896,0.23659807449147371,0.3012508199820675,0.20000000045445263,0.13301928809032793,0.12913181671952714,0.2365980742548756,0.30125081968081663,0.2000000002544526
2025-08-29,1.0,5.782860583072751,4.36397647857666,bull_normal,64.5,61.1,45.5,0.003679668085143343,0.0034337079795190664,-0.0002459601056242766,0.003433707976085358,0.1540149054409455,0.2,0.2,0.2,0.2,0.2,0.14357072374836927,0.13964319189428634,0.228643693559447,0.2881423903684295,0.2000000004294679,0.14357072360479853,0.13964319175464313,0.22864369333080328,0.2881423900802871,0.20000000022946787
2025-09-05,1.0,5.706055104738325,6.463550090789795,event_stress,58.0,57.0,43.75,0.0014621121095695628,0.002955662506083989,0.001493550396514426,0.0029556625031283267,0.17675565214190844,0.2,0.2,0.2,0.2,0.2,0.1494923678690443,0.1488388692717649,0.23284674468320501,0.26882201782319726,0.20000000035278853,0.1494923677195519,0.14883886912292602,0.23284674445035825,0.26882201755437524,0.20000000015278852
2025-09-12,1.0,5.62712985277757,5.523102760314941,bull_normal,61.6,56.6,42.949999999999996,0.0015472800187861014,0.003008030695981916,0.0014607506771958144,0.0030080306929738845,0.16173540258261232,0.1,0.05,0.5,0.2,0.15,0.11707297201227373,0.1184438889938744,0.25112182440525554,0.3133613140221026,0.2000000005664938,0.11707297189520076,0.1184438888754305,0.2511218241541337,0.31336131370874126,0.2000000003664938
2025-09-19,1.0,5.548260515934079,4.7755608558654785,bull_normal,58.8,55.5,34.25,-0.0033374990439579166,-0.0035202168217041323,-0.00018271777774621573,-0.003520216818183916,0.14840387507284492,0.2,0.2,0.2,0.2,0.2,0.13623061431786324,0.13280004704957774,0.24467228918283854,0.2862970490129326,0.2000000004367878,0.13623061418163265,0.13280004691677771,0.24467228893816628,0.28629704872663564,0.20000000023678785
2025-09-26,1.0,5.523887424176782,38.296531677246094,event_stress,62.5,56.4,45.5,-0.007250262080502361,-0.0076124600404564365,-0.0003621979599540753,-0.007612460032843976,0.21124350211672202,0.2,0.2,0.2,0.2,0.2,0.14286796539764154,0.13973147789286341,0.23220682498383446,0.285193731292081,0.20000000043357954,0.14286796525477358,0.13973147775313194,0.23220682475162763,0.2851937310068872,0.20000000023357953
2025-10-03,1.0,5.472135780757516,24.008583068847656,event_stress,61.67,55.10999999999999,47.345,0.002977831931867308,0.003822323237534915,0.0008444913056676073,0.0038223232337125925,0.18597140742554946,0.1,0.05,0.5,0.2,0.15,0.06171283335442179,0.061712819308231984,0.27657434642578005,0.4000000006077107,0.20000000030385534,0.06171283329270897,0.061712819246519175,0.27657434614920573,0.40000000020771076,0.20000000010385538
2025-10-10,1.0,5.430482088035196,31.567935943603516,event_stress,67.2,67.1,45.2,0.007065732491970743,0.00898408072449984,0.0019183482325290978,0.008984080715515758,0.20516245751302986,0.1,0.05,0.5,0.2,0.15,0.05461034048337161,0.05460628064361411,0.24419174098884286,0.40239748249180585,0.24419415539236564,0.05461034042876126,0.05460628058900782,0.2441917407446511,0.40239748208940834,0.24419415514817147
2025-10-17,1.0,5.408042952424139,41.91748809814453,event_stress,68.9,67.6,42.3,0.008124045094333166,0.015847825776602147,0.00772378068226898,0.015847825760754313,0.28897287178231607,0.1,0.05,0.5,0.2,0.15,0.06171809261766888,0.06171779266814126,0.27656411380290197,0.40000000060752533,0.20000000030376267,0.06171809255595077,0.06171779260642345,0.27656411352633775,0.4000000002075252,0.2000000001037626
2025-10-24,1.0,5.3616967260895665,30.05729866027832,event_stress,70.2,74.8,40.55,-0.004706669147667265,-0.009521527396862364,-0.0048148582491950994,-0.009521527387340837,0.3354443429286414,0.1,0.05,0.5,0.2,0.15,0.061712436527044646,0.06171242886375538,0.27657513369761005,0.40000000060772667,0.20000000030386333,0.061712436465332206,0.061712428802042946,0.2765751334210349,0.40000000020772664,0.20000000010386332
2025-10-31,1.0,5.293085807567685,15.441778182983398,event_stress,66.1,64.3,45.05,0.004196222271050027,-0.0005262162228881923,-0.00472243849393822,-0.0005262162223619763,0.3325678062850394,0.1,0.05,0.5,0.2,0.15,0.061720622906014315,0.06172025985845784,0.27655911632437646,0.40000000060743424,0.20000000030371712,0.061720622844293686,0.06172025979673757,0.2765591160478173,0.4000000002074342,0.2000000001037171
2025-11-07,1.0,5.223736232524961,13.207138061523438,event_stress,61.0,57.5,42.75,-0.0015442150751063155,-0.0012012692221514789,0.00034294585295483663,-0.0012012692209502096,0.2888394787261032,0.1,0.05,0.5,0.2,0.15,0.0633530838865087,0.06329560288778249,0.2733513119039175,0.40000000088119425,0.20000000044059713,0.06335308382315562,0.06329560282448689,0.27335131163056614,0.4000000004811942,0.2000000002405971
2025-11-14,1.0,5.150296449667066,12.085710525512695,event_stress,68.0,58.5,47.75,0.0011247659805972597,0.0037388420019570825,0.0026140760213598227,0.0037388419982182404,0.2587704887132377,0.1,0.05,0.5,0.2,0.15,0.06537385808090859,0.06523325402387917,0.2693928868335064,0.40000000070780395,0.20000000035390197,0.06537385801553473,0.0652332539586459,0.2693928865641135,0.4000000003078039,0.20000000015390196
2025-11-21,1.0,5.0793265700398385,12.60196304321289,event_stress,63.1,56.8,49.7,-0.006618441710673633,-0.009267873143642438,-0.0026494314329688047,-0.009267873134374563,0.24923043527434408,0.1,0.05,0.5,0.2,0.15,0.06661474731465121,0.06647276743002074,0.2669124837805598,0.4000000009831788,0.2000000004915894,0.06661474724803645,0.06647276736354797,0.2669124835136473,0.40000000058317875,0.20000000029158937
2025-11-28,1.0,5.012562078243345,13.462798118591309,event_stress,56.5,53.5,59.25,0.002638069935137358,0.005110638786791698,0.0024725688516543396,0.005110638781681058,0.23134109471522726,0.1,0.05,0.5,0.2,0.15,0.065024491795731,0.0650522858995105,0.2699232211836587,0.40000000074739994,0.20000000037369997,0.0650244917307065,0.0650522858344582,0.26992322091373544,0.4000000003473999,0.20000000017369995
2025-12-05,1.0,5.0,10.849811553955078,event_stress,54.5,56.0,29.5,-0.0029251171887393185,-0.003655664390570589,-0.0007305472018312707,-0.0036556643869149236,0.22711679201446044,0.1,0.05,0.5,0.2,0.15,0.06415604251559219,0.06415702413953787,0.27168693225083584,0.40000000072935615,0.20000000036467808,0.06415604245143613,0.06415702407538083,0.27168693197914884,0.400000000329356,0.200000000164678
2025-12-12,1.0,5.0,9.410663604736328,event_stress,54.19,53.69,34.84,0.0006901946851835475,-4.49053532107858e-05,-0.0007351000383943333,-4.4905353165880415e-05,0.19505570352501542,0.1,0.05,0.5,0.2,0.15,0.0681709714663135,0.06808763840259438,0.26374138898437727,0.4000000007644766,0.2000000003822383,0.06817097139814252,0.06808763833450673,0.26374138872063585,0.4000000003644766,0.2000000001822383
2025-12-19,1.0,5.0,9.18536376953125,event_stress,59.3,53.1,51.2,0.001205940419560892,0.00021735299053667165,-0.0009885874290242204,0.0002173529903193186,0.17267531695966432,0.1,0.05,0.5,0.2,0.15,0.07213079365139788,0.07392659475801591,0.2630945636475265,0.3908480470625079,0.20000000088055192,0.07213079357926708,0.07392659468408931,0.2630945633844319,0.39084804667165984,0.2000000006805519
2025-12-26,1.0,5.0,16.54559898376465,event_stress,60.2,50.5,54.45,-0.00227997366220387,0.003093437341330104,0.005373411003533974,0.003093437338236666,0.17115913463159332,0.1,0.05,0.5,0.2,0.15,0.07375555404420982,0.07400468405145061,0.25795809198547204,0.39428166898827877,0.2000000009305888,0.07375555397045426,0.07400468397744592,0.25795809172751394,0.39428166859399705,0.2000000007305888
2026-01-02,1.0,5.0,19.414474487304688,event_stress,60.0,60.5,40.75,-0.014387429868182238,-0.01324695832196605,0.0011404715462161874,-0.013246958308719092,0.18740479523015882,0.1,0.05,0.5,0.2,0.15,0.06248493278273834,0.062454659167353745,0.27506040660632,0.40000000096239197,0.20000000048119598,0.0624849327202534,0.06245465910489908,0.27506040633125955,0.40000000056239193,0.20000000028119597
2026-01-09,1.0,5.0,11.625614166259766,event_stress,61.34000000000001,61.720000000000006,42.75,0.0024416373889188355,0.0052017019949545445,0.002760064606035709,0.005201701989752842,0.18411963420232205,0.1,0.05,0.5,0.2,0.15,0.0619614103257283,0.061951635420697926,0.2760869527578322,0.40000000099716104,0.20000000049858052,0.061961410263766885,0.06195163535874629,0.2760869524817452,0.400000000597161,0.2000000002985805
2026-01-16,1.0,5.0,17.040992736816406,event_stress,61.739999999999995,62.73,43.65,0.004068455124500157,0.0028195466287060564,-0.0012489084957941006,0.0028195466258865098,0.17781717939363986,0.1,0.05,0.5,0.2,0.15,0.06665458347902098,0.06687913054397754,0.2664662847584854,0.4000000008123441,0.20000000040617205,0.0666545834123664,0.0668791304770984,0.2664662844920191,0.40000000041234407,0.20000000020617203
2026-01-23,1.0,5.0,26.412689208984375,event_stress,61.34000000000001,60.85,45.949999999999996,0.004616912304698206,0.009385074384562889,0.004768162079864683,0.009385074375177814,0.21389570558978127,0.1,0.05,0.5,0.2,0.15,0.06232069920207482,0.06231876416237441,0.2753605351768981,0.40000000097243504,0.20000000048621752,0.06232069913975412,0.06231876410005564,0.27536053490153756,0.400000000572435,0.2000000002862175
2026-01-30,1.0,5.0,32.2911262512207,event_stress,58.8,52.0,37.75,0.0032746907509739044,0.0045706505702476155,0.0012959598192737111,0.004570650565676964,0.18803668798262413,0.1,0.05,0.5,0.2,0.15,0.061726379658306095,0.06172596086427466,0.27654765856676994,0.40000000060709956,0.20000000030354978,0.06172637959657971,0.0617259608025487,0.27654765829022226,0.4000000002070995,0.20000000010354976
2026-02-06,1.0,5.0,35.58478546142578,event_stress,64.2,66.8,53.55,-0.0035223674654596953,-0.008711186258545318,-0.005188818793085623,-0.00871118624983413,0.2129607573376906,0.1,0.05,0.5,0.2,0.15,0.06171378099572985,0.061713729731908896,0.2765724883608335,0.4000000006076852,0.2000000003038426,0.06171378093401606,0.061713729670195165,0.276572488084261,0.40000000020768517,0.20000000010384258
2026-02-13,1.0,5.0,27.665264129638672,event_stress,65.6,65.7,55.55,0.005006368949284729,0.004260809477704508,-0.0007455594715802209,0.004260809473443699,0.1840763812328235,0.1,0.05,0.5,0.2,0.15,0.06171270119428344,0.06171268831543717,0.27657460957870095,0.40000000060771895,0.20000000030385948,0.06171270113257075,0.061712688253724494,0.27657460930212635,0.40000000020771903,0.20000000010385952
2026-02-20,1.0,5.0,27.665264129638672,event_stress,66.22,64.47999999999999,55.05,0.005006368949284729,0.004270554031544924,-0.0007358149177398047,0.0042705540272743705,0.16096880841894406,0.1,0.05,0.5,0.2,0.15,0.05449992725879721,0.054499658154181035,0.24419881849080277,0.40260015542042177,0.24420144067579724,0.05449992720429728,0.054499658099681374,0.24419881824660394,0.4026001550178216,0.24420144043159578
2026-02-27,1.0,5.0,18.004833221435547,event_stress,64.46000000000001,61.77,57.05,0.00041415282429494257,0.0019320900399926492,0.0015179372156977067,0.0019320900380605589,0.15736346753760425,0.1,0.05,0.5,0.2,0.15,0.06172122935653148,0.06172100146861563,0.2765577682636737,0.4000000006074528,0.2000000003037264,0.06172122929481025,0.06172100140689463,0.2765577679871159,0.40000000020745274,0.20000000010372637
2026-03-06,1.0,5.0,26.89455795288086,event_stress,66.2,62.3,56.25,0.005490981347991533,0.005064360431099724,-0.00042662091689180896,0.0050643604260353645,0.2562911656327898,0.1,0.05,0.5,0.2,0.15,0.06213421944651327,0.062131286934723806,0.27573449213467144,0.40000000098939426,0.20000000049469713,0.06213421938437906,0.06213128687259253,0.275734491858937,0.40000000058939433,0.20000000029469717
2026-03-13,1.0,5.0,49.55207824707031,event_stress,59.3,64.1,54.2,0.003979711643894957,0.0061839525469068075,0.0022042409030118507,0.006183952540722855,0.39830915152242885,0.1,0.05,0.5,0.2,0.15,0.061723382949263196,0.061723947277225306,0.276552668862565,0.4000000006072976,0.2000000003036488,0.061723382887539806,0.061723947215501354,0.27655266858601235,0.4000000002072976,0.2000000001036488
2026-03-20,1.0,5.0,49.86677169799805,event_stress,60.220000000000006,63.1,56.86,-0.01050344558761116,-0.017573938154611307,-0.007070492567000148,-0.01757393813703737,0.4113239507281034,0.1,0.05,0.5,0.2,0.15,0.06171231040250803,0.061712310396385646,0.27657537828950995,0.4000000006077309,0.20000000030386544,0.06171231034079572,0.06171231033467333,0.2765753780129346,0.40000000020773085,0.20000000010386543
2026-03-27,1.0,5.0,41.9107666015625,event_stress,62.1,64.8,54.9,-0.013831361189522582,-0.014132861611288147,-0.00030150042176556487,-0.014132861597155284,0.35502259806112546,0.1,0.05,0.5,0.2,0.15,0.06171231030933205,0.061712310272983545,0.27657537850608804,0.4000000006077309,0.20000000030386544,0.06171231024761974,0.06171231021127123,0.27657537822951267,0.40000000020773085,0.20000000010386543
2026-04-03,1.0,5.0,30.00213623046875,event_stress,62.5,64.0,55.15,-0.0006134735197462725,-0.000308937164996723,0.0003045363547495495,-0.0003089371646877858,0.31911296654441657,0.1,0.05,0.5,0.2,0.15,0.0617123392372068,0.06171233838692758,0.2765753214642706,0.40000000060773006,0.20000000030386503,0.06171233917549444,0.06171233832521522,0.2765753211876952,0.4000000002077299,0.20000000010386496
2026-04-10,1.0,5.0,32.401092529296875,event_stress,64.1,65.52000000000001,54.949999999999996,0.003048476824963943,0.003557081103611395,0.0005086042786474521,0.0035570811000543144,0.3161337671621579,0.1,0.05,0.5,0.2,0.15,0.061715429103781,0.06171578000892438,0.27656878997590684,0.4000000006075919,0.20000000030379594,0.06171542904206557,0.061715779947208595,0.276568789699338,0.40000000020759185,0.20000000010379593
2026-04-17,1.0,5.0,34.855133056640625,event_stress,58.1,67.0,47.75,0.006557007463751456,0.006881984778344383,0.00032497731459292696,0.006881984771462397,0.3553243671872032,0.1,0.05,0.5,0.2,0.15,0.06171339946946874,0.06171361866499393,0.2765729809540344,0.4000000006076686,0.2000000003038343,0.06171339940775533,0.06171361860328031,0.2765729806774614,0.40000000020766857,0.20000000010383429
2026-04-24,1.0,5.0,34.855133056640625,event_stress,55.19,63.65999999999999,50.12,0.006557007463751456,0.006881940575958417,0.0003249331122069611,0.006881940569076476,0.3866774108396753,0.1,0.05,0.5,0.2,0.15,0.061712689209028046,0.061712777114998174,0.27657453276441113,0.40000000060770846,0.20000000030385423,0.06171268914731535,0.06171277705328539,0.2765745324878366,0.40000000020770843,0.20000000010385421
