date,alpha,tau,ae_error,regime_label,llm_macro,llm_sentiment,llm_risk,r_normal,r_event,edge_event_minus_normal,week_return_fused,regret_ema_norm,w_normal_broad,w_normal_satellite,w_normal_fi,w_normal_safe,w_normal_cash,w_event_broad,w_event_satellite,w_event_fi,w_event_safe,w_event_cash,w_fused_broad,w_fused_satellite,w_fused_fi,w_fused_safe,w_fused_cash
2015-01-02,0.42775266617536545,20.0,0.0,bull_normal,50.0,50.0,50.0,-0.0008947655115443911,-0.0003517314090903173,0.0005430341024540738,-0.0006624812257330331,1.0,0.2,0.2,0.2,0.2,0.2,0.18,0.12,0.28,0.22,0.2,0.19144494648504773,0.16577978654019096,0.23422021305980903,0.20855505311495226,0.1999999998
2015-01-09,0.39644355326890945,20.0,0.0,bull_normal,50.0,50.0,50.0,-0.002006602996274015,-0.0027644826867337215,-0.0007578796904597067,-0.0023070595114031427,1.0,0.2,0.2,0.2,0.2,0.2,0.18,0.12,0.28,0.22,0.2,0.19207112874255067,0.16828451557020271,0.23171548402979728,0.2079288708574493,0.1999999998
2015-01-16,0.38363950978964567,20.0,0.0,bull_normal,50.0,50.0,50.0,0.008494125485847744,0.008597334244700348,0.00010320875885260448,0.008533720434966233,1.0,0.2,0.2,0.2,0.2,0.2,0.1800224358763864,0.120798535286757,0.2795069954528582,0.22034692403169376,0.19932510935230469,0.19233581690048981,0.16961518873317433,0.23050202452988008,0.20780588375344025,0.19974108508301544
2015-01-23,0.37851977813988924,20.0,0.0,bull_normal,50.0,50.0,50.0,-0.0006239875251497816,0.0017603876205123077,0.0023843751456620894,0.0002785456257099538,1.0,0.2,0.2,0.2,0.2,0.2,0.18,0.12,0.28,0.22,0.2,0.1924296042447726,0.16971841757909042,0.23028158202090956,0.20757039535522737,0.1999999998
2015-01-30,0.3764903014525771,20.0,0.0,bull_normal,50.0,50.0,50.0,-0.008016739578981268,-0.007188337700421926,0.0008284018785593419,-0.007704854298293725,1.0,0.2,0.2,0.2,0.2,0.2,0.18027455208498006,0.12225361585017903,0.2787184731198814,0.2203630679747015,0.19839029097025807,0.19257355997561348,0.17072924022385677,0.229636741445154,0.20766649739262819,0.19939395996274756
2015-02-06,0.37568850605748594,20.0,0.0,bull_normal,50.0,50.0,50.0,2.4479238887966223e-05,0.0010295150338915382,0.001005035795003572,0.00040205963484509725,1.0,0.2,0.2,0.2,0.2,0.2,0.17961543251103507,0.12461690652874106,0.2777738133713514,0.22247399308920848,0.195519854499664,0.19234175210110105,0.1716794380601115,0.229218727526658,0.20844322068038781,0.19831686063174178
2015-02-13,0.37537213022005744,20.0,0.0,bull_normal,50.0,50.0,50.0,-0.0008171326915218766,-0.0013901703757994307,-0.0005730376842775541,-0.0010322350667332754,1.0,0.2,0.2,0.2,0.2,0.2,0.18,0.12,0.28,0.22,0.2,0.19249255720310626,0.16997022941242518,0.2300297701875748,0.2075074423968937,0.1999999998
2015-02-20,0.37524737769854255,20.0,0.0,bull_normal,50.0,50.0,50.0,-0.008251099517387905,-0.00755820760439825,0.0006928919129896545,-0.007991093636018916,1.0,0.2,0.2,0.2,0.2,0.2,0.18,0.12,0.28,0.22,0.2,0.19249505225353408,0.16998020961413637,0.23001978998586362,0.2075049473464659,0.1999999998
2015-02-27,0.37519818896544166,20.0,0.0,bull_normal,50.0,50.0,50.0,0.005213946358080255,0.005258085252282926,4.41388942026711e-05,0.0052305071860175275,0.9213821495318508,0.2,0.2,0.2,0.2,0.2,0.18,0.12,0.28,0.22,0.2,0.19249603602819512,0.1699841447127805,0.23001585488721948,0.20750396357180487,0.1999999998
2015-03-06,0.3751788081426639,20.0,0.0,bull_normal,50.0,50.0,50.0,-0.0046227201253607655,-0.0066866705308523304,-0.002063950405491565,-0.005397070573161589,1.0,0.2,0.2,0.2,0.2,0.2,0.18,0.12,0.28,0.22,0.2,0.19249642364465028,0.16998569517860115,0.23001430442139884,0.20750357595534968,0.1999999998
2015-03-13,0.3751711191434879,20.0,0.0,bull_normal,50.0,50.0,50.0,-0.005873403859532631,-0.006752990705784261,-0.0008795868462516303,-0.0062033994348213465,0.9415892596650998,0.2,0.2,0.2,0.2,0.2,0.18,0.12,0.28,0.22,0.2,0.19249657742463364,0.16998631029853464,0.23001368930146535,0.20750342217536635,0.1999999998
2015-03-20,0.3751681184221525,20.0,0.0,bull_normal,50.0,50.0,50.0,0.007488050981971916,0.00969272858766098,0.0022046776056890644,0.008315175722710563,0.8829163793266503,0.2,0.2,0.2,0.2,0.2,0.18,0.12,0.28,0.22,0.2,0.1924966374390603,0.16998655035624124,0.23001344924375874,0.20750336216093968,0.1999999998
2015-03-27,0.37516692260396667,20.0,0.0,bull_normal,50.0,50.0,50.0,-0.0020633467686857914,-0.0016838201894961876,0.00037952657918960387,-0.0019209609480038557,0.8437141978644744,0.2,0.2,0.2,0.2,0.2,0.18,0.12,0.28,0.22,0.2,0.19249666135542398,0.16998664602169603,0.230013353578304,0.207503338244576,0.1999999998
2015-04-03,0.37516650164616294,20.0,0.0,bull_normal,50.0,50.0,50.0,0.0047096651785651965,0.0032292502096944635,-0.001480414968870733,0.0041542630695550874,0.8342925436854577,0.2,0.2,0.2,0.2,0.2,0.17982570169498596,0.1233664870451535,0.2780194047318838,0.22197177393689332,0.19681663259108326,0.1924312788893105,0.17124967286462467,0.22927026690450664,0.20824307335462153,0.1988057069869366
2015-04-10,0.375166315381648,20.0,0.0,bull_normal,50.0,50.0,50.0,0.0023713052620624882,0.003966832596909176,0.0015955273348466875,0.002969893370397727,0.8678334906677913,0.2,0.2,0.2,0.2,0.2,0.18001712814173088,0.12014056764561631,0.27991826982407464,0.2200247166730423,0.199899317715536,0.19250309940168642,0.17003943084509646,0.22998264259159176,0.20751259896327412,0.1999622271983512
2015-04-17,0.37516622969997115,20.0,0.0,bull_normal,50.0,50.0,50.0,-0.0004324718582085567,-0.001637692392650281,-0.0012052205344417243,-0.0008846299011874128,0.8689023022785817,0.2,0.2,0.2,0.2,0.2,0.18002312094877101,0.12027270001367386,0.2798306330289009,0.22008385494685545,0.19978969106179886,0.19250534941267272,0.17008900928988244,0.22994975737806495,0.2075347839307181,0.19992109898866178
2015-04-24,0.37516620362293907,20.0,0.0,bull_normal,50.0,50.0,50.0,0.0027670328417069142,0.0025881105343399857,-0.00017892230736692855,0.0026999072362087003,1.0,0.2,0.2,0.2,0.2,0.2,0.18000685551667636,0.12287438446157084,0.27845413502889343,0.22115518561756511,0.19750943937529422,0.19249924769320728,0.1710650754453001,0.22943333976787805,0.2079367104671438,0.1990656256264707
2015-05-01,0.3751661700953264,20.0,0.0,bull_normal,50.0,50.0,50.0,0.001119738589744209,0.002765162730886382,0.001645424141142173,0.0017370460612218636,1.0,0.2,0.2,0.2,0.2,0.2,0.18,0.12,0.28,0.22,0.2,0.19249667640559678,0.16998670622238718,0.2300132933776128,0.20750332319440318,0.1999999998
2015-05-08,0.3751661589194555,20.0,0.0,bull_normal,50.0,50.0,50.0,0.0009924150087745258,-0.0005982218986653185,-0.0015906369074398443,0.00039566186957913575,0.984288398628845,0.2,0.2,0.2,0.2,0.2,0.18021500309810057,0.12559310855924075,0.2771771605841707,0.22156676596438588,0.1954479617941021,0.19257733851550374,0.17208505216894837,0.22895425866371907,0.20809112053908238,0.19829222911274644
2015-05-15,0.3751661440182943,20.0,0.0,bull_normal,50.0,50.0,50.0,-0.002121426662336201,-0.0021012325223352334,2.0194140000967704e-05,-0.0021138505025864213,0.9102910513367314,0.2,0.2,0.2,0.2,0.2,0.18,0.12,0.28,0.22,0.2,0.19249667692713743,0.16998670830854973,0.23001329129145023,0.20750332267286253,0.1999999998
2015-05-22,0.3751661291171331,20.0,0.0,bull_normal,50.0,50.0,50.0,0.0019150968050415961,0.001928098343775777,1.3001538734180862e-05,0.0019199745400810904,0.8814374767432474,0.2,0.2,0.2,0.2,0.2,0.18,0.12,0.28,0.22,0.2,0.19249667722516067,0.16998670950064262,0.23001329009935736,0.20750332237483932,0.1999999998
2015-05-29,0.37516614215564914,20.0,0.0,bull_normal,50.0,50.0,50.0,0.0007818340722531349,2.5706466878306785e-05,-0.0007561276053748282,0.0004981605950691113,0.8321925509651915,0.2,0.2,0.2,0.2,0.2,0.18,0.12,0.28,0.22,0.2,0.19249667696439032,0.16998670845756134,0.23001329114243865,0.20750332263560964,0.1999999998
2015-06-05,0.37516612725448795,20.0,0.0,bull_normal,50.0,50.0,50.0,-0.007099267352954911,-0.005256223506612214,0.0018430438463426973,-0.006407819724354486,0.7716120978000142,0.2,0.2,0.2,0.2,0.2,0.18002332899876666,0.12086293269862743,0.2795027317813048,0.22033595419054947,0.19927505233075177,0.1925054295125248,0.17031045276795584,0.22982673175871768,0.20762936097006374,0.19972802399073794
2015-06-12,0.375166140293004,20.0,0.0,bull_normal,50.0,50.0,50.0,0.005474932068452251,0.004676005283370625,-0.0007989267850816257,0.005175201784941277,0.7624288826245763,0.2,0.2,0.2,0.2,0.2,0.18000443500986657,0.12010209245403869,0.2799389932028486,0.22003838646356963,0.19991609286967646,0.19249834086717538,0.17002501023846942,0.22999040330883097,0.20751772389971926,0.19996852068580492
2015-06-19,0.3751661253918428,20.0,0.0,bull_normal,50.0,50.0,50.0,-0.000239779229698789,0.001411186641771902,0.0016509658714706909,0.0003796072390754298,0.8294420912538938,0.2,0.2,0.2,0.2,0.2,0.18002366808952835,0.12091880187976234,0.27947146887138297,0.2203593379917239,0.19922672316760237,0.19250555676510134,0.17033141313955436,0.22981500282586018,0.20763813374225984,0.1997098925272242
2015-06-26,0.37516613843035884,20.0,0.0,bull_normal,50.0,50.0,50.0,-0.0030429002150744234,-0.0028651051787936233,0.0001777950362808001,-0.0029761975349046725,0.8407834449469525,0.2,0.2,0.2,0.2,0.2,0.18,0.12,0.28,0.22,0.2,0.19249667703889614,0.16998670875558458,0.2300132908444154,0.20750332256110382,0.1999999998
2015-07-03,0.37516612352919765,20.0,0.0,bull_normal,50.0,50.0,50.0,-0.001723126643223319,-0.002453444929679628,-0.000730318286456309,-0.001997117321698501,0.7785938045802091,0.2,0.2,0.2,0.2,0.2,0.18,0.12,0.28,0.22,0.2,0.19249667733691936,0.16998670994767748,0.2300132896523225,0.2075033222630806,0.1999999998
2015-07-10,0.3751661365677137,20.0,0.0,bull_normal,50.0,50.0,50.0,0.004519178115180319,0.0033113815624253307,-0.0012077965527549882,0.004066053744657373,0.7890697262795004,0.2,0.2,0.2,0.2,0.2,0.18001842355104292,0.12147213648235054,0.27916868219180785,0.22060292763480513,0.1987378301399935,0.19250358896860878,0.1705390046606277,0.2297014084053563,0.20772952055500452,0.19952647641040266
2015-07-17,0.3751661216665525,20.0,0.0,bull_normal,50.0,50.0,50.0,-0.0007609877111008438,-0.0025402548090122795,-0.0017792670979114356,-0.0014285084462046709,0.7757322386939818,0.2,0.2,0.2,0.2,0.2,0.1800699396649506,0.12185694160568608,0.27893012164158265,0.22067702920137486,0.19846596788640572,0.1925229163669962,0.17068337167635894,0.22961190738932988,0.20775732064530852,0.1994244829220064
2015-07-24,0.37516613470506854,20.0,0.0,bull_normal,50.0,50.0,50.0,-0.00885572473848506,-0.008506757244472777,0.00034896749401228284,-0.008724803943893954,0.7978632778953789,0.2,0.2,0.2,0.2,0.2,0.18,0.12,0.28,0.22,0.2,0.19249667711340196,0.1699867090536078,0.23001329054639216,0.20750332248659803,0.1999999998
2015-07-31,0.37516611980390735,20.0,0.0,bull_normal,50.0,50.0,50.0,0.004209529714425031,0.0035002179532466243,-0.000709311761178407,0.0039434199693090324,0.7308597634711178,0.2,0.2,0.2,0.2,0.2,0.18,0.12,0.28,0.22,0.2,0.19249667741142518,0.1699867102457007,0.2300132893542993,0.2075033221885748,0.1999999998
2015-08-07,0.3751661328424234,20.0,0.0,bull_normal,50.0,50.0,50.0,-0.005964023537285813,-0.005860780584583658,0.00010324295270215493,-0.005925290272052021,0.6677308272142418,0.2,0.2,0.2,0.2,0.2,0.18,0.12,0.28,0.22,0.2,0.19249667715065485,0.1699867092026194,0.23001329039738058,0.2075033224493451,0.1999999998
2015-08-14,0.37516614588093944,20.0,0.0,bull_normal,50.0,50.0,50.0,-0.0007393326332933511,-0.0006744592118379407,6.487342145541041e-05,-0.0007149943210808209,0.7502896412193871,0.2,0.2,0.2,0.2,0.2,0.1800159402088023,0.12156439182246725,0.27911947984476676,0.2206457835163,0.1986544046076638,0.19250265711657943,0.17057361500963392,0.22968295008778286,0.20774559882275687,0.1994951779632469
2015-08-21,0.37516613097977825,20.0,0.0,bull_normal,50.0,50.0,50.0,0.0021255489759356436,0.002030203127387285,-9.534584854835847e-05,0.0020897784407409936,0.7419401903910791,0.2,0.2,0.2,0.2,0.2,0.17945641099640303,0.12734017313748763,0.2768235092043924,0.22335652282179944,0.1930233838399175,0.19229274100478905,0.17274049370559016,0.2288215784876797,0.2087625760914328,0.19738260971050822
2015-08-28,0.3751661440182943,20.0,0.0,bull_normal,50.0,50.0,50.0,-0.0005780308701341716,-0.0017854423468134154,-0.0012074114766792436,-0.001031010777052347,0.8205186085949494,0.2,0.2,0.2,0.2,0.2,0.18,0.12,0.28,0.22,0.2,0.19249667692713743,0.16998670830854973,0.23001329129145023,0.20750332267286253,0.1999999998
2015-09-04,0.3751661291171331,20.0,0.0,bull_normal,50.0,50.0,50.0,0.0022915250384550126,0.0020930621512626497,-0.00019846288719236292,0.0022170684830765753,0.8401331453658143,0.2,0.2,0.2,0.2,0.2,0.1800233267609014,0.12094745205889387,0.2794220711264438,0.2204111272959387,0.1991960227578224,0.1925054286357441,0.17034216142174644,0.22979647076117707,0.2076575634108768,0.19969837477045557
2015-09-11,0.37516614215564914,20.0,0.0,bull_normal,50.0,50.0,50.0,0.0029097372814757163,0.0031943462967075615,0.0002846090152318452,0.0030165129447264527,0.8768433328422736,0.2,0.2,0.2,0.2,0.2,0.18,0.12,0.28,0.22,0.2,0.19249667696439032,0.16998670845756134,0.23001329114243865,0.20750332263560964,0.1999999998
2015-09-18,0.37516612725448795,20.0,0.0,bull_normal,50.0,50.0,50.0,-0.003045730768354884,-0.0028475480595701354,0.00019818270878474865,-0.002971379326039926,0.9344756722669063,0.2,0.2,0.2,0.2,0.2,0.18,0.12,0.28,0.22,0.2,0.19249667726241357,0.16998670964965426,0.23001328995034573,0.20750332233758642,0.1999999998
2015-09-25,0.375166140293004,20.0,0.0,bull_normal,50.0,50.0,50.0,-0.0011177267527174967,-0.0015784150528453252,-0.0004606883001278285,-0.0012905614028640377,0.874721155512854,0.2,0.2,0.2,0.2,0.2,0.18,0.12,0.28,0.22,0.2,0.19249667700164325,0.16998670860657297,0.23001329099342702,0.20750332259835674,0.1999999998
2015-10-02,0.3751661253918428,20.0,0.0,bull_normal,50.0,50.0,50.0,-0.005443640901929965,-0.004046802613661419,0.0013968382882685463,-0.004919594488601686,0.8450426656058656,0.2,0.2,0.2,0.2,0.2,0.17987100025550568,0.12322194815402118,0.27826679537761645,0.22161173613239554,0.19702852008046115,0.19244828096539637,0.1711954756026146,0.2293630501392935,0.20810799109967373,0.19888520119302175
2015-10-09,0.37516613843035884,20.0,0.0,bull_normal,50.0,50.0,50.0,0.005155278319361918,0.004687766199552402,-0.00046751211980951626,0.0049798835977237065,0.7904562142505531,0.2,0.2,0.2,0.2,0.2,0.17980628998422762,0.12464152977970036,0.27770258741281334,0.22210933226914562,0.195740260554113,0.1924240036003762,0.17172805355770293,0.2291513794365612,0.2082946726023944,0.1984018898029652
2015-10-16,0.37516612352919765,20.0,0.0,bull_normal,50.0,50.0,50.0,-0.007149936480697258,-0.006594599872329048,0.00055533660836821,-0.00694159299114031,0.8604037325161852,0.2,0.2,0.2,0.2,0.2,0.18,0.12,0.28,0.22,0.2,0.19249667733691936,0.16998670994767748,0.2300132896523225,0.2075033222630806,0.1999999998
2015-10-23,0.3751661365677137,20.0,0.0,bull_normal,50.0,50.0,50.0,-0.002248512089752479,-0.004716737309590474,-0.002468225219837995,-0.0031745066064835883,1.0,0.2,0.2,0.2,0.2,0.2,0.17990380160924596,0.12290061176405276,0.27828475182343126,0.22158407287957868,0.19732676192369134,0.19246058669758187,0.17107492021271048,0.22936978766438915,0.20809761302552984,0.19899709139978844
2015-10-30,0.3751661216665525,20.0,0.0,bull_normal,50.0,50.0,50.0,-0.004842707916647468,-0.005987396428378943,-0.0011446885117314754,-0.005272156260837867,0.9682811502744143,0.2,0.2,0.2,0.2,0.2,0.18,0.12,0.28,0.22,0.2,0.19249667737417225,0.1699867100966891,0.2300132895033109,0.2075033222258277,0.1999999998
2015-11-06,0.37516613470506854,20.0,0.0,bull_normal,50.0,50.0,50.0,-0.0014932070935701812,0.0005630691391017511,0.002056276232671932,-0.0007217618867509904,0.9481003777744674,0.2,0.2,0.2,0.2,0.2,0.18,0.12,0.28,0.22,0.2,0.19249667711340196,0.1699867090536078,0.23001329054639216,0.20750332248659803,0.1999999998
2015-11-13,0.37516611980390735,20.0,0.0,bull_normal,50.0,50.0,50.0,0.008530088658993473,0.00738855197152909,-0.0011415366874643826,0.008101822761241832,0.9898936945841986,0.2,0.2,0.2,0.2,0.2,0.18,0.12,0.28,0.22,0.2,0.19249667741142518,0.1699867102457007,0.2300132893542993,0.2075033221885748,0.1999999998
2015-11-20,0.3751661328424234,20.0,0.0,bull_normal,50.0,50.0,50.0,0.0012968724194189897,0.0009849274124552568,-0.00031194500696373286,0.0011798412163170622,0.9560979120710644,0.2,0.2,0.2,0.2,0.2,0.18,0.12,0.28,0.22,0.2,0.19249667715065485,0.1699867092026194,0.23001329039738058,0.2075033224493451,0.1999999998
2015-11-27,0.37516614588093944,20.0,0.0,bull_normal,50.0,50.0,50.0,-0.0011362694718462531,0.00022738681841142405,0.0013636562902576773,-0.0006246717964993094,1.0,0.2,0.2,0.2,0.2,0.2,0.17975361571714982,0.1238061401402826,0.2779652116264956,0.2221068766940538,0.19636815582201814,0.19240424184817442,0.17141464308522275,0.22924990772945425,0.20829375151847956,0.19863745481866896
2015-12-04,0.37516613097977825,20.0,0.0,bull_normal,50.0,50.0,50.0,0.003961627688233009,0.0034761889318030348,-0.0004854387564299746,0.0037795075043760337,0.9150492064248625,0.2,0.2,0.2,0.2,0.2,0.18,0.12,0.28,0.22,0.2,0.19249667718790775,0.16998670935163104,0.23001329024836897,0.20750332241209224,0.1999999998
2015-12-11,0.3751661440182943,20.0,0.0,bull_normal,50.0,50.0,50.0,0.007633106599278954,0.008242804133053538,0.0006096975337745838,0.007861844464180782,0.8597293167470806,0.2,0.2,0.2,0.2,0.2,0.18009993903894528,0.12178315631273137,0.27899925411978,0.2205434534471749,0.19857419708136856,0.19253417067097792,0.17065568818591004,0.22963784531880133,0.20770720800688872,0.19946508681742192
2015-12-18,0.3751661291171331,20.0,0.0,bull_normal,50.0,50.0,50.0,-0.0002812954938305177,-0.001676455854147085,-0.0013951603603165673,-0.0008047124049034367,0.8722416146902793,0.2,0.2,0.2,0.2,0.2,0.17999611154321793,0.12202282277880937,0.2788809438729908,0.22086918122485924,0.1982309405801227,0.19249521840788292,0.17074560409169962,0.22959345814434232,0.20782940973014496,0.1993363086259301
2015-12-25,0.37516614215564914,20.0,0.0,bull_normal,50.0,50.0,50.0,0.0064638262043682435,0.007209937145455975,0.0007461109410877315,0.006743741761012507,0.9596628716188673,0.2,0.2,0.2,0.2,0.2,0.18,0.12,0.28,0.22,0.2,0.19249667696439032,0.16998670845756134,0.23001329114243865,0.20750332263560964,0.1999999998
2016-01-01,0.37516612725448795,20.0,0.0,bull_normal,50.0,50.0,50.0,0.0005565827342809577,-0.0017733464326185264,-0.002329929166899484,-0.00031752776772446984,0.9191836958204027,0.2,0.2,0.2,0.2,0.2,0.17940994239038807,0.1250072565397251,0.2776917137403547,0.22296077015335616,0.19493031717617598,0.19227530763437975,0.17186526269195407,0.22914729913458584,0.20861410300860095,0.1980980265304793
2016-01-08,0.375166140293004,20.0,0.0,bull_normal,50.0,50.0,50.0,0.007843142133222913,0.00840158774189628,0.0005584456086733681,0.008052652008739824,0.8309721413259887,0.2,0.2,0.2,0.2,0.2,0.1799771589087921,0.12256095486342787,0.2786078021370055,0.2211134673854914,0.1977406167052832,0.19248810779762324,0.170947492157189,0.22949098549516544,0.20792105785929593,0.1991523556907262
2016-01-15,0.3751661253918428,20.0,0.0,bull_normal,50.0,50.0,50.0,0.0037588758511669924,0.0027157609559626227,-0.0010431148952043698,0.0033675344742271165,0.7505126982097593,0.2,0.2,0.2,0.2,0.2,0.18,0.12,0.28,0.22,0.2,0.19249667729966646,0.16998670979866584,0.23001328980133412,0.20750332230033353,0.1999999998
2016-01-22,0.37516613843035884,20.0,0.0,bull_normal,50.0,50.0,50.0,-0.001359259003455214,-0.0001250094418557182,0.0012342495615994958,-0.0008962103606743571,0.8036763790108059,0.2,0.2,0.2,0.2,0.2,0.18,0.12,0.28,0.22,0.2,0.19249667703889614,0.16998670875558458,0.2300132908444154,0.20750332256110382,0.1999999998
2016-01-29,0.37516612352919765,20.0,0.0,bull_normal,50.0,50.0,50.0,-0.001240355344074312,-0.0003727166303823602,0.0008676387136919519,-0.0009148466903197958,0.7789669625412758,0.2,0.2,0.2,0.2,0.2,0.17998315388631567,0.1221067423629225,0.2786814886533413,0.22111192022818668,0.19811669486923383,0.19249035724575816,0.17077708831245947,0.22951862886206195,0.20792047706434597,0.19929344751537434
2016-02-05,0.3751661365677137,20.0,0.0,bull_normal,50.0,50.0,50.0,-0.002250794246227112,-0.0021280612465508007,0.0001227329996763113,-0.0022047489787044346,0.7486884355385259,0.2,0.2,0.2,0.2,0.2,0.17520616279550186,0.12748348924972802,0.27966265016285374,0.22987888340998708,0.18776881438192922,0.1906981916946014,0.17279426065165512,0.22988672846045646,0.21120954504267248,0.19541127315061452
2016-02-12,0.3751661216665525,20.0,0.0,bull_normal,50.0,50.0,50.0,0.008307474015523219,0.008232591293442587,-7.488272208063147e-05,0.008279380546821011,0.8379113874501628,0.2,0.2,0.2,0.2,0.2,0.17979649391654498,0.12499129938403293,0.27756046002318197,0.22222130547477653,0.1954304412014637,0.19242032878618323,0.1718592765268008,0.2290980567524728,0.20833668078500295,0.1982856561495402
2016-02-19,0.37516613470506854,20.0,0.0,bull_normal,50.0,50.0,50.0,0.0020349924908855494,0.002366398764795742,0.0003314062739101925,0.0021593248995261205,0.8332402806174746,0.2,0.2,0.2,0.2,0.2,0.17989012890993303,0.1231055627106048,0.2783501391359799,0.22149603273684454,0.19715813650663763,0.19245545720126692,0.1711518110106645,0.22939431862385556,0.208064583305311,0.19893382885890196
2016-02-26,0.37516611980390735,20.0,0.0,bull_normal,50.0,50.0,50.0,0.0016465139097551326,-0.0009435790115924952,-0.002590092921347628,0.0006747987978467774,0.9621362902949406,0.2,0.2,0.2,0.2,0.2,0.1800542452258424,0.12063571332816173,0.2796326877189358,0.22016284673981765,0.1995145069872425,0.19251702838230197,0.17022520834809626,0.22987548623119392,0.20756441676801382,0.19981785927039397
2016-03-04,0.3751661328424234,20.0,0.0,bull_normal,50.0,50.0,50.0,-0.010549867733488321,-0.009797440256354555,0.0007524274771337665,-0.010267582416380082,0.8928169401300095,0.2,0.2,0.2,0.2,0.2,0.18,0.12,0.28,0.22,0.2,0.19249667715065485,0.1699867092026194,0.23001329039738058,0.2075033224493451,0.1999999998
2016-03-11,0.37516614588093944,20.0,0.0,bull_normal,50.0,50.0,50.0,0.001980244788906057,0.0028457162926941977,0.0008654715037881406,0.0023049403950470937,0.9211355318919542,0.2,0.2,0.2,0.2,0.2,0.1792481748113613,0.12522222695085047,0.27742832369114034,0.22359378049050452,0.19450749405614337,0.19221461753176877,0.17194591091564507,0.22904848555217847,0.2088515874845319,0.19793939751587575
2016-03-18,0.37516613097977825,20.0,0.0,bull_normal,50.0,50.0,50.0,0.004766842908381949,0.004738611040811772,-2.8231867570177246e-05,0.00475625126309906,1.0,0.2,0.2,0.2,0.2,0.2,0.18,0.12,0.28,0.22,0.2,0.19249667718790775,0.16998670935163104,0.23001329024836897,0.20750332241209224,0.1999999998
2016-03-25,0.3751661440182943,20.0,0.0,bull_normal,50.0,50.0,50.0,-0.005288286668998637,-0.005118995790705775,0.0001692908782928628,-0.005224774457747257,1.0,0.2,0.2,0.2,0.2,0.2,0.18026387249106723,0.1253634944725447,0.277260209970411,0.22140688880654016,0.19570553425943688,0.19259567295202462,0.17199890984626556,0.22898541483165744,0.20803113972094692,0.19838886164910538
2016-04-01,0.3751661291171331,20.0,0.0,bull_normal,50.0,50.0,50.0,0.002029906448201683,0.0023223130650543954,0.0002924066168527124,0.0021396075046349436,0.9586598480433505,0.2,0.2,0.2,0.2,0.2,0.18001505859343814,0.12019304857813987,0.27987938318526784,0.22006322463929628,0.19984928500385785,0.19250232669936512,0.1700591347883625,0.2299680387559131,0.2075270421180052,0.19994345663835397
2016-04-08,0.37516614215564914,20.0,0.0,bull_normal,50.0,50.0,50.0,-0.0007331435422039083,-0.002077939259431412,-0.0013447957172275037,-0.0012376653621859247,0.9454151420075831,0.2,0.2,0.2,0.2,0.2,0.17982643209938945,0.12351187501641288,0.278189900729337,0.22174157779180118,0.19673021436305943,0.19243156016478136,0.17130424505788425,0.22933420318282433,0.2081567036563703,0.19877328693813975
2016-04-15,0.37516612725448795,20.0,0.0,bull_normal,50.0,50.0,50.0,-0.001955357727134995,-0.000535466107558257,0.001419891619576738,-0.0014226624856746248,0.8349154546934812,0.2,0.2,0.2,0.2,0.2,0.17998957371603977,0.1221299238982379,0.27882673174223055,0.2209240289655717,0.1981297416779201,0.19249276567384246,0.17078578494910387,0.22957311944228792,0.20784998670572424,0.19929834222904147
2016-04-22,0.375166140293004,20.0,0.0,bull_normal,50.0,50.0,50.0,0.002004925354929541,0.0036221021568658535,0.0016171768019363126,0.0026116353312717355,0.980887410756515,0.2,0.2,0.2,0.2,0.2,0.18,0.12,0.28,0.22,0.2,0.19249667700164325,0.16998670860657297,0.23001329099342702,0.20750332259835674,0.1999999998
2016-04-29,0.3751661253918428,20.0,0.0,bull_normal,50.0,50.0,50.0,0.0034954419280034746,0.004903097459866107,0.0014076555318626328,0.004023546595755225,1.0,0.2,0.2,0.2,0.2,0.2,0.1800265367250454,0.1213742680668075,0.27922113833462175,0.2205444815062747,0.19883357536725063,0.19250663297997236,0.17050228862402417,0.22972108728841012,0.20770759331718583,0.19956239679040738
2016-05-06,0.37516613843035884,20.0,0.0,bull_normal,50.0,50.0,50.0,0.003611199485595548,0.003856990654833347,0.0002457911692377991,0.0037034120057153636,0.874921043769896,0.2,0.2,0.2,0.2,0.2,0.18000681347812197,0.12291997347780306,0.27843203037709313,0.22117106392593538,0.19747011874104647,0.19249923322516987,0.17108218392847552,0.22942504173640157,0.20794266609161274,0.1990508740183402
2016-05-13,0.37516612352919765,20.0,0.0,bull_normal,50.0,50.0,50.0,0.00900668949993636,0.008574125437699927,-0.0004325640622364329,0.00884440610868467,0.9003190191760613,0.2,0.2,0.2,0.2,0.2,0.17962471387308795,0.12438202091603295,0.2778676831986489,0.22239436404254104,0.19573121796968904,0.19235588269561227,0.17163069574632545,0.2292133166246234,0.20840160653834017,0.19839849739509863
2016-05-20,0.3751661365677137,20.0,0.0,bull_normal,50.0,50.0,50.0,-0.003956871620607749,-0.005636657599830425,-0.0016797859792226756,-0.004587070432106262,0.8444148578521444,0.2,0.2,0.2,0.2,0.2,0.17999654926505598,0.12197070097267854,0.2788522110503519,0.2209126110784969,0.1982679276334167,0.19249538247725304,0.17072604917410686,0.22958267914999977,0.2078457032960171,0.199350184902623
2016-05-27,0.3751661216665525,20.0,0.0,bull_normal,50.0,50.0,50.0,-0.005116998770644015,-0.00521701050320055,-0.00010001173255653507,-0.005154519779313882,0.8811157678775047,0.2,0.2,0.2,0.2,0.2,0.18,0.12,0.28,0.22,0.2,0.19249667737417225,0.1699867100966891,0.2300132895033109,0.2075033222258277,0.1999999998
2016-06-03,0.37516613470506854,20.0,0.0,bull_normal,50.0,50.0,50.0,-0.000451489549993682,-0.00043521035427309285,1.627919572058916e-05,-0.00044538214661369864,0.8721280710497573,0.2,0.2,0.2,0.2,0.2,0.18,0.12,0.28,0.22,0.2,0.19249667711340196,0.1699867090536078,0.23001329054639216,0.20750332248659803,0.1999999998
2016-06-10,0.37516611980390735,20.0,0.0,bull_normal,50.0,50.0,50.0,-0.0009020423799681284,-0.00284986282074835,-0.0019478204407802214,-0.0016327986151775818,0.866417572648316,0.2,0.2,0.2,0.2,0.2,0.18006184248894935,0.12165511326722785,0.2790691337874738,0.22057829321505043,0.1986356172412987,0.1925198786180201,0.1706076526673816,0.2296640598896385,0.20772027820995725,0.19948812961500254
2016-06-17,0.3751661328424234,20.0,0.0,bull_normal,50.0,50.0,50.0,0.0033565435468071985,0.004969880461492968,0.0016133369146857698,0.003961812914099972,0.8228129341572379,0.2,0.2,0.2,0.2,0.2,0.18,0.12,0.28,0.22,0.2,0.19249667715065485,0.1699867092026194,0.23001329039738058,0.2075033224493451,0.1999999998
2016-06-24,0.37516614588093944,20.0,0.0,bull_normal,50.0,50.0,50.0,0.0005159729327828986,-0.00019336115064458892,-0.0007093340834274875,0.00024985479831156435,0.8170309307005412,0.2,0.2,0.2,0.2,0.2,0.1792967502757285,0.12526886470737658,0.27763664600135013,0.2232302867351634,0.19456745228038136,0.19223284140150157,0.17196340782299602,0.2291266410303227,0.20871521693342512,0.1979618918117545
2016-07-01,0.37516613097977825,20.0,0.0,bull_normal,50.0,50.0,50.0,0.0061455328459731895,0.005721148152968631,-0.0004243846930045581,0.0059863180766653095,0.7506908593716239,0.2,0.2,0.2,0.2,0.2,0.17976318048877535,0.1237361177468874,0.2779514799429584,0.22211566915588865,0.1964335526654902,0.19240783052822993,0.171388374190214,0.22924475490510274,0.2082970498229465,0.1986619895535068
2016-07-08,0.3751661440182943,20.0,0.0,bull_normal,50.0,50.0,50.0,-0.009653990551030337,-0.010682762561088464,-0.001028772010058127,-0.010039950969077843,0.7179709157501216,0.2,0.2,0.2,0.2,0.2,0.1798648032539626,0.12328169960681595,0.27828286573842803,0.221594649014119,0.19697598238667438,0.19244595568529352,0.17121789089463407,0.22936908065241882,0.2081015809939539,0.19886549077369978
2016-07-15,0.3751661291171331,20.0,0.0,bull_normal,50.0,50.0,50.0,-0.002016559342948248,-0.0023886814635730893,-0.0003721221206248412,-0.002156166956345762,0.6786478542479021,0.2,0.2,0.2,0.2,0.2,0.18011368890702,0.1234704547855524,0.27815009137757524,0.22113161915228843,0.19713414577756402,0.19253932945228824,0.17128870658751236,0.22931926704295585,0.20792786755141363,0.19892482836582984
2016-07-22,0.37516614215564914,20.0,0.0,bull_normal,50.0,50.0,50.0,0.002449156566347993,0.0011737087290126058,-0.001275447837335387,0.0019706517197234587,0.6660797795329261,0.2,0.2,0.2,0.2,0.2,0.18011606865548507,0.12106909223490105,0.279389117160245,0.22020845049061882,0.19921727145874996,0.19254022199405033,0.17038779566653664,0.22978410858436782,0.20758152620192735,0.19970634655311775
2016-07-29,0.37516612725448795,20.0,0.0,bull_normal,50.0,50.0,50.0,0.005267808626153602,0.0070041167597348734,0.0017363081335812717,0.005919212618430542,0.7408541333432677,0.2,0.2,0.2,0.2,0.2,0.17967952403319662,0.12418310635823256,0.27793442187705036,0.22223301190960618,0.1959699358219143,0.19237644553519004,0.17155606946039662,0.22923835500619205,0.20834107276698877,0.1984880562312325
2016-08-05,0.375166140293004,20.0,0.0,bull_normal,50.0,50.0,50.0,0.0011495875772892477,0.0035299514635908267,0.002380363886301579,0.0020426195069632464,0.7368075022863658,0.2,0.2,0.2,0.2,0.2,0.18000035927219282,0.12000793178388121,0.27999531404201466,0.2200028860464833,0.19999350885542794,0.192496811788405,0.16998968434331435,0.23001153298065785,0.2075044053452755,0.19999756454234724
2016-08-12,0.3751661253918428,20.0,0.0,bull_normal,50.0,50.0,50.0,-0.0029657503153839343,-0.00230138815665417,0.0006643621587297645,-0.002716504135719823,0.691804408284978,0.2,0.2,0.2,0.2,0.2,0.1792245640962066,0.12525637067746717,0.27740312146106605,0.22367025662588377,0.1944456871393765,0.1922057600164415,0.1719587220173825,0.2290390289427433,0.2088802782564831,0.19791620976694957
2016-08-19,0.37516613843035884,20.0,0.0,bull_normal,50.0,50.0,50.0,0.0013793800386655204,0.00161607566092714,0.0002366956222616197,0.0014681802197846023,0.7225418886505032,0.2,0.2,0.2,0.2,0.2,0.18,0.12,0.28,0.22,0.2,0.19249667703889614,0.16998670875558458,0.2300132908444154,0.20750332256110382,0.1999999998
2016-08-26,0.37516612352919765,20.0,0.0,bull_normal,50.0,50.0,50.0,-0.005604249174915499,-0.004871734549469089,0.00073251462544641,-0.005329434497128892,0.6555674582422834,0.2,0.2,0.2,0.2,0.2,0.18019267781028867,0.12232988887987976,0.2787016887341563,0.22055561665557363,0.19822012792010163,0.19256896352402317,0.17086080532612163,0.22952620724806871,0.20771177080971198,0.1993322520920744
2016-09-02,0.3751661365677137,20.0,0.0,bull_normal,50.0,50.0,50.0,0.0013538936144250895,0.0017910593136286539,0.0004371656992035644,0.0015179033793173103,0.59408162443619,0.2,0.2,0.2,0.2,0.2,0.18,0.12,0.28,0.22,0.2,0.19249667707614904,0.1699867089045962,0.2300132906954038,0.20750332252385095,0.1999999998
2016-09-09,0.3751661216665525,20.0,0.0,bull_normal,50.0,50.0,50.0,-0.008219827967931513,-0.008169816137278069,5.0011830653444445e-05,-0.00820106521518675,0.6132449683838193,0.2,0.2,0.2,0.2,0.2,0.1797857508505394,0.12372411034840848,0.27810453117381134,0.2218889200213785,0.1964966876058621,0.19241629835177917,0.1713838701313626,0.22930217381576096,0.20821198102367794,0.19868567567741924
2016-09-16,0.37516613470506854,20.0,0.0,bull_normal,50.0,50.0,50.0,0.004844993320474934,0.006578460852167335,0.0017334675316924017,0.005495331628481376,0.5808856385492647,0.2,0.2,0.2,0.2,0.2,0.18002751365988462,0.12028823843637684,0.27982788623285265,0.22007352677495262,0.19978283489593335,0.19250699930682214,0.1700948463535486,0.22994871928970656,0.20753090724252674,0.19991852680739594
2016-09-23,0.37516611980390735,20.0,0.0,bull_normal,50.0,50.0,50.0,0.005062080214283193,0.005906032494530384,0.0008439522802471911,0.005378702511184488,0.5510620445343309,0.2,0.2,0.2,0.2,0.2,0.18,0.12,0.28,0.22,0.2,0.19249667741142518,0.1699867102457007,0.2300132893542993,0.2075033221885748,0.1999999998
2016-09-30,0.3751661328424234,20.0,0.0,bull_normal,50.0,50.0,50.0,-0.0015665973509795916,-0.000381544553759763,0.0011850527972198286,-0.001122005674710526,0.5337165466037594,0.2,0.2,0.2,0.2,0.2,0.17952451054980778,0.12469931848375136,0.2777713879219405,0.22266955194369462,0.19533523110080572,0.19231828961259725,0.1717497343434003,0.22917719062328518,0.2085048479274815,0.19824993649323572
2016-10-07,0.37516614588093944,20.0,0.0,bull_normal,50.0,50.0,50.0,-0.0012791176485802626,-0.003489186701462049,-0.0022100690528817865,-0.0021082607351723998,0.5806210100412619,0.2,0.2,0.2,0.2,0.2,0.18,0.12,0.28,0.22,0.2,0.19249667688988453,0.16998670815953812,0.23001329144046187,0.20750332271011546,0.1999999998
2016-10-14,0.37516613097977825,20.0,0.0,bull_normal,50.0,50.0,50.0,-0.005252390614045452,-0.0041321785864048485,0.0011202120276406031,-0.00483212499692639,0.6184382542328462,0.2,0.2,0.2,0.2,0.2,0.18002370393398553,0.12027307636413738,0.2798389941655813,0.2200727505544727,0.19979147498182317,0.1925055701011012,0.17008915835452404,0.22995288631246533,0.2075306159561131,0.19992176827579636
2016-10-21,0.3751661440182943,20.0,0.0,bull_normal,50.0,50.0,50.0,0.00564904048829774,0.003971491198853516,-0.0016775492894442242,0.005019680784956639,0.5843148552809815,0.2,0.2,0.2,0.2,0.2,0.1764129571946954,0.1276388866200986,0.2786750988083177,0.22819473513591876,0.18907832224096957,0.19115093991078846,0.1728525599435392,0.22951623322065862,0.21057770985198204,0.19590255607303161
2016-10-28,0.3751661291171331,20.0,0.0,bull_normal,50.0,50.0,50.0,0.003177055741619238,0.001640143071491148,-0.00153691267012809,0.002600458161775747,0.6403521237825521,0.2,0.2,0.2,0.2,0.2,0.18009008894634124,0.12394013583664212,0.2779356885119721,0.22133340653999664,0.19670068016504783,0.19253047554640199,0.17146491500919317,0.2292388303498764,0.20800357134448913,0.19876220675003944
2016-11-04,0.37516614215564914,20.0,0.0,bull_normal,50.0,50.0,50.0,0.0012756483592536708,-0.000933560826127585,-0.0022092091853812557,0.00044682787151253234,0.6331783498520505,0.2,0.2,0.2,0.2,0.2,0.18,0.12,0.28,0.22,0.2,0.19249667696439032,0.16998670845756134,0.23001329114243865,0.20750332263560964,0.1999999998
2016-11-11,0.37516612725448795,20.0,0.0,bull_normal,50.0,50.0,50.0,0.006412375603228125,0.005076807827034292,-0.0013355677761938333,0.005911315807036281,0.6258336363784016,0.2,0.2,0.2,0.2,0.2,0.18001021599360265,0.12025366825494621,0.27985115087095913,0.2200940754608485,0.19979088941964354,0.19250050995716572,0.17008187738637467,0.22995744679911415,0.20753861626386738,0.19992154859347822
2016-11-18,0.375166140293004,20.0,0.0,bull_normal,50.0,50.0,50.0,0.0045051766625597844,0.003551052887255852,-0.0009541237753039325,0.004147221724269997,0.5663030069747734,0.2,0.2,0.2,0.2,0.2,0.1763652552671344,0.12703073866832026,0.27814979337515294,0.22904360579218166,0.18941060689721076,0.19113304385062735,0.17262440369353776,0.22931915611593273,0.21089617727434815,0.19602721806555398
2016-11-25,0.3751661253918428,20.0,0.0,bull_normal,50.0,50.0,50.0,-0.0032035009469204906,-0.0028401244332080123,0.00036337651371247826,-0.00306717438514541,0.5944207802852585,0.2,0.2,0.2,0.2,0.2,0.18,0.12,0.28,0.22,0.2,0.19249667729966646,0.16998670979866584,0.23001328980133412,0.20750332230033353,0.1999999998
2016-12-02,0.37516613843035884,20.0,0.0,bull_normal,50.0,50.0,50.0,0.0016960865887143508,0.00041721541737667274,-0.001278871171337678,0.0012162974285973868,0.6028202408278527,0.2,0.2,0.2,0.2,0.2,0.18,0.12,0.28,0.22,0.2,0.19249667703889614,0.16998670875558458,0.2300132908444154,0.20750332256110382,0.1999999998
2016-12-09,0.37516612352919765,20.0,0.0,bull_normal,50.0,50.0,50.0,0.0029660477590662078,0.004021726001974803,0.0010556782429085951,0.003362102469790237,0.6412883466061962,0.2,0.2,0.2,0.2,0.2,0.18002381975917886,0.1209598418952682,0.27944858147597895,0.22037665092605854,0.19919110594351533,0.19250561370362496,0.17034681011036606,0.22980641610243022,0.20764462893079236,0.19969653015278632
2016-12-16,0.3751661365677137,20.0,0.0,bull_normal,50.0,50.0,50.0,0.003581563463597594,0.005230115104672144,0.0016485516410745496,0.004200044209511852,0.7589837187927402,0.2,0.2,0.2,0.2,0.2,0.18,0.12,0.28,0.22,0.2,0.19249667707614904,0.1699867089045962,0.2300132906954038,0.20750332252385095,0.1999999998
2016-12-23,0.3751661216665525,20.0,0.0,bull_normal,50.0,50.0,50.0,-0.0049250007327044576,-0.005153921278025242,-0.0002289205453207847,-0.005010883960851363,0.6463400843390795,0.2,0.2,0.2,0.2,0.2,0.177341991692904,0.12861625966986567,0.2776381200327042,0.22703411102251048,0.18936951758201562,0.19149948270723874,0.17321923881707194,0.22912719215702465,0.21014228237487592,0.19601180294378845
2016-12-30,0.37516613470506854,20.0,0.0,bull_normal,50.0,50.0,50.0,0.006146423052672841,0.003458870507523029,-0.0026875525451498117,0.0051381443473540725,0.7803492591411448,0.2,0.2,0.2,0.2,0.2,0.17928830552070593,0.12528580674737147,0.27763183003122116,0.22325176620182796,0.19454229149887356,0.19222967344678127,0.17196976473783407,0.22912483337376924,0.20872327504228247,0.19795245239933293
2017-01-06,0.37516611980390735,20.0,0.0,bull_normal,50.0,50.0,50.0,0.0034466102085624296,0.003669131172132756,0.00022252096357032632,0.0035300925315100424,0.7271392474033164,0.2,0.2,0.2,0.2,0.2,0.18,0.12,0.28,0.22,0.2,0.19249667741142518,0.1699867102457007,0.2300132893542993,0.2075033221885748,0.1999999998
2017-01-13,0.3751661328424234,20.0,0.0,bull_normal,50.0,50.0,50.0,-0.0014789144383220848,-0.00015502137404519706,0.0013238930642768877,-0.0009822345961181841,0.7426616284002592,0.2,0.2,0.2,0.2,0.2,0.18000994108732962,0.12024585061912951,0.2798557063826805,0.22009112053678187,0.19979738137407846,0.1925004067099408,0.1700789440285629,0.2299591563190311,0.20753750778871793,0.19992398415374718
2017-01-20,0.37516614588093944,20.0,0.0,bull_normal,50.0,50.0,50.0,0.006244199287116003,0.005384574320616034,-0.0008596249664999684,0.0059216970956094805,0.7290009454336643,0.2,0.2,0.2,0.2,0.2,0.18002746979074782,0.12441331174568462,0.2774956371904738,0.22188584355711702,0.19617773771597669,0.19250698262539723,0.17164243331608198,0.2290737392982639,0.20821082736846597,0.19856601639179086
2017-01-27,0.37516613097977825,20.0,0.0,bull_normal,50.0,50.0,50.0,-0.006446679696998444,-0.006983249687490357,-0.0005365699904919131,-0.006647982577683168,0.670926709713289,0.2,0.2,0.2,0.2,0.2,0.17995678924759803,0.12244611650148672,0.2785303314629996,0.2212749262013033,0.1977918365866123,0.1924804659771286,0.17090440941450188,0.22946192039007118,0.2079816315418416,0.19917157167645666
2017-02-03,0.3751661440182943,20.0,0.0,bull_normal,50.0,50.0,50.0,-0.0022907465957775403,-0.00129280390413771,0.0009979426916398304,-0.0019163522822874355,0.7452736356878752,0.2,0.2,0.2,0.2,0.2,0.1799409225937298,0.12270311022305294,0.27854746759366006,0.22123661118719853,0.19757188840235862,0.19247451308445063,0.17100082374677486,0.22946835031004706,0.20796725732314983,0.19908905453557776
2017-02-10,0.3751661291171331,20.0,0.0,bull_normal,50.0,50.0,50.0,-0.0019624423536323448,-0.0030054578790260273,-0.0010430155253936826,-0.0023537464485496188,0.7724754526990624,0.2,0.2,0.2,0.2,0.2,0.18002098241445597,0.12134749423132717,0.279234119874613,0.2205480704606007,0.1988493330190032,0.19250454911636375,0.17049224369491178,0.22972595781763547,0.2077089398478207,0.1995683085232682
2017-02-17,0.37516614215564914,20.0,0.0,bull_normal,50.0,50.0,50.0,-0.007579647580494047,-0.007988676760037111,-0.00040902917954306443,-0.007733101472079205,0.7307457985517248,0.2,0.2,0.2,0.2,0.2,0.1800207392477096,0.12133023627318429,0.2792211637458787,0.2205673318084728,0.19886052892475475,0.19250445762793694,0.1704857680678283,0.22972109814990113,0.20771616632130369,0.1995725088330297
2017-02-24,0.37516612725448795,20.0,0.0,bull_normal,50.0,50.0,50.0,0.00135639247987263,0.0018731198152734268,0.0005167273354007968,0.001550251071591227,0.6673323774748139,0.2,0.2,0.2,0.2,0.2,0.17909232391474805,0.12566292369135243,0.2775806897280999,0.22368355597246165,0.19398050669333805,0.1921561479410486,0.17211124679775208,0.2291056466859176,0.20888526776491806,0.1977416898103636
2017-03-03,0.375166140293004,20.0,0.0,bull_normal,50.0,50.0,50.0,-0.0013970428555281722,-0.0017274446547061093,-0.00033040179917793707,-0.0015209984217506244,0.7394282929899757,0.2,0.2,0.2,0.2,0.2,0.18,0.12,0.28,0.22,0.2,0.19249667700164325,0.16998670860657297,0.23001329099342702,0.20750332259835674,0.1999999998
2017-03-10,0.3751661253918428,20.0,0.0,bull_normal,50.0,50.0,50.0,0.0029308504149424667,0.001821793228369514,-0.0011090571865729527,0.0025147697249031445,0.6529848283153057,0.2,0.2,0.2,0.2,0.2,0.18,0.12,0.28,0.22,0.2,0.19249667729966646,0.16998670979866584,0.23001328980133412,0.20750332230033353,0.1999999998
2017-03-17,0.37516613843035884,20.0,0.0,bull_normal,50.0,50.0,50.0,0.01243435346317725,0.013565011294055592,0.001130657830878342,0.012858537982615385,0.6169680786728998,0.2,0.2,0.2,0.2,0.2,0.180047549795291,0.12037664214613478,0.2797648982613415,0.22008103433060536,0.19972987546662735,0.19251451611196077,0.17012801213497877,0.22992508863307284,0.20753372389796695,0.1998986582220206
2017-03-24,0.37516612352919765,20.0,0.0,bull_normal,50.0,50.0,50.0,-0.004022085383710978,-0.0027609662024170654,0.0012611191812939124,-0.003548956185607669,0.618509577313754,0.2,0.2,0.2,0.2,0.2,0.18,0.12,0.28,0.22,0.2,0.19249667733691936,0.16998670994767748,0.2300132896523225,0.2075033222630806,0.1999999998
2017-03-31,0.3751661365677137,20.0,0.0,bull_normal,50.0,50.0,50.0,-0.002840039484580182,-0.004053024947884481,-0.0012129854633042988,-0.003295110551265743,0.6777444847250307,0.2,0.2,0.2,0.2,0.2,0.17913547055530946,0.12886945325088273,0.27650322881339734,0.22414141923798528,0.19135042814242528,0.1921723349047598,0.17331422741087027,0.22870142056017664,0.20905704277771936,0.19675497334647388
2017-04-07,0.3751661216665525,20.0,0.0,bull_normal,50.0,50.0,50.0,0.005463255811878846,0.003929899288041854,-0.0015333565238369916,0.004887992386810822,0.6553429136422949,0.2,0.2,0.2,0.2,0.2,0.17967674757011037,0.12439087851647211,0.27784767925090437,0.22229516286121692,0.19578953180129616,0.19237540401385256,0.1716340189587756,0.22920581167609771,0.20836438957420253,0.19842037477707153
2017-04-14,0.37516613470506854,20.0,0.0,bull_normal,50.0,50.0,50.0,-0.0034803748536964365,-0.004276926341304665,-0.0007965514876082289,-0.003779213992616774,0.5981291087775215,0.2,0.2,0.2,0.2,0.2,0.18,0.12,0.28,0.22,0.2,0.19249667711340196,0.1699867090536078,0.23001329054639216,0.20750332248659803,0.1999999998
2017-04-21,0.37516611980390735,20.0,0.0,bull_normal,50.0,50.0,50.0,-0.00244764250516581,-0.0033369330678278642,-0.0008892905626620541,-0.0027812741921566923,0.6344485993554179,0.2,0.2,0.2,0.2,0.2,0.18,0.12,0.28,0.22,0.2,0.19249667741142518,0.1699867102457007,0.2300132893542993,0.2075033221885748,0.1999999998
2017-04-28,0.3751661328424234,20.0,0.0,bull_normal,50.0,50.0,50.0,0.0005461033664192142,-0.000865981740130312,-0.0014120851065495261,1.6336857734311133e-05,0.7184084689585468,0.2,0.2,0.2,0.2,0.2,0.1799897477755871,0.12210454223529335,0.27881027338526915,0.22094812210526066,0.19814731449858972,0.19249283086327268,0.1707762621736484,0.2295669452646386,0.2078590257526825,0.19930493494575774
2017-05-05,0.37516614588093944,20.0,0.0,bull_normal,50.0,50.0,50.0,-0.0002910493739152504,-0.0015745061139279626,-0.0012834567400127122,-0.0007725588916981756,0.6878239107995765,0.2,0.2,0.2,0.2,0.2,0.18,0.12,0.28,0.22,0.2,0.19249667688988453,0.16998670815953812,0.23001329144046187,0.20750332271011546,0.1999999998
2017-05-12,0.37516613097977825,20.0,0.0,bull_normal,50.0,50.0,50.0,0.0017984971614302208,0.0010082994094882166,-0.0007901977519420042,0.001502041726623179,0.6377618352013583,0.2,0.2,0.2,0.2,0.2,0.18,0.12,0.28,0.22,0.2,0.19249667718790775,0.16998670935163104,0.23001329024836897,0.20750332241209224,0.1999999998
2017-05-19,0.3751661440182943,20.0,0.0,bull_normal,50.0,50.0,50.0,-0.005960710781216667,-0.007901996862643684,-0.0019412860814270166,-0.006689015588133009,0.6062353944268298,0.2,0.2,0.2,0.2,0.2,0.17971752368287777,0.12439260954623756,0.2776991641099033,0.22237224227730762,0.19581846038367373,0.19239070137657216,0.17163466669254165,0.22915009556340696,0.20839330765982725,0.1984312277076519
2017-05-26,0.3751661291171331,20.0,0.0,bull_normal,50.0,50.0,50.0,-0.00511848992158577,-0.0049896123392179975,0.0001288775823677724,-0.005070139412808737,0.6147208133100271,0.2,0.2,0.2,0.2,0.2,0.18,0.12,0.28,0.22,0.2,0.19249667722516067,0.16998670950064262,0.23001329009935736,0.20750332237483932,0.1999999998
2017-06-02,0.37516614215564914,20.0,0.0,bull_normal,50.0,50.0,50.0,0.002276301117752469,0.002279486293578601,3.1851758261320327e-06,0.0022774960856017505,0.5889673504135344,0.2,0.2,0.2,0.2,0.2,0.18,0.12,0.28,0.22,0.2,0.19249667696439032,0.16998670845756134,0.23001329114243865,0.20750332263560964,0.1999999998
2017-06-09,0.37516612725448795,20.0,0.0,bull_normal,50.0,50.0,50.0,0.0004987557182374527,-0.0004921264269525167,-0.0009908821451899694,0.0001270103011339024,0.5963185152186037,0.2,0.2,0.2,0.2,0.2,0.18,0.12,0.28,0.22,0.2,0.19249667726241357,0.16998670964965426,0.23001328995034573,0.20750332233758642,0.1999999998
2017-06-16,0.375166140293004,20.0,0.0,bull_normal,50.0,50.0,50.0,0.004283306338730358,0.0027976433914244656,-0.0014856629473058922,0.0037259359012873413,0.6701059319916198,0.2,0.2,0.2,0.2,0.2,0.18000305898808555,0.12002962294219312,0.2799824388100461,0.22000687367830885,0.1999780055813663,0.19249782463039533,0.16999782213144857,0.23000670262957965,0.2075059013697149,0.19999174823886143
2017-06-23,0.3751661253918428,20.0,0.0,bull_normal,50.0,50.0,50.0,0.0011330002136935987,0.0005936843672179722,-0.0005393158464756265,0.0009306671762782485,0.6188004032571918,0.2,0.2,0.2,0.2,0.2,0.18,0.12,0.28,0.22,0.2,0.19249667729966646,0.16998670979866584,0.23001328980133412,0.20750332230033353,0.1999999998
2017-06-30,0.37516613843035884,20.0,0.0,bull_normal,50.0,50.0,50.0,0.0014338236970496431,-0.0009354573599740284,-0.0023692810570236714,0.0005449496714849244,0.6741710483302829,0.2,0.2,0.2,0.2,0.2,0.18,0.12,0.28,0.22,0.2,0.19249667703889614,0.16998670875558458,0.2300132908444154,0.20750332256110382,0.1999999998
2017-07-07,0.37516612352919765,20.0,0.0,bull_normal,50.0,50.0,50.0,-0.000583948689339192,-0.0020562240336962677,-0.0014722753443570757,-0.0011362965219129536,0.668895141833065,0.2,0.2,0.2,0.2,0.2,0.18,0.12,0.28,0.22,0.2,0.19249667733691936,0.16998670994767748,0.2300132896523225,0.2075033222630806,0.1999999998
2017-07-14,0.3751661365677137,20.0,0.0,bull_normal,50.0,50.0,50.0,0.0012285613604516572,0.0002066426945665656,-0.0010219186658850916,0.0008451720818399429,0.6647724512674029,0.2,0.2,0.2,0.2,0.2,0.1796378366000529,0.12430134806318269,0.2778404371385952,0.22241284562436725,0.1958075325738021,0.19236080563272048,0.1716004290378797,0.2292030958408256,0.20840854049397387,0.19842712799460016
2017-07-21,0.3751661216665525,20.0,0.0,bull_normal,50.0,50.0,50.0,-0.0006687311788350368,0.001332072612515498,0.002000803791350535,8.190261969977452e-05,0.6569431062898895,0.2,0.2,0.2,0.2,0.2,0.18,0.12,0.28,0.22,0.2,0.19249667737417225,0.1699867100966891,0.2300132895033109,0.2075033222258277,0.1999999998
2017-07-28,0.37516613470506854,20.0,0.0,bull_normal,50.0,50.0,50.0,0.0021714208990408533,0.002326964930323792,0.00015554403128293856,0.002229775749803942,0.632269980242834,0.2,0.2,0.2,0.2,0.2,0.17999795742588742,0.12199013747844455,0.2788976072424561,0.22085265090616424,0.19826164694704768,0.19249591080876802,0.1707333412381809,0.22959971011703115,0.20782320823099656,0.1993478286050233
2017-08-04,0.37516611980390735,20.0,0.0,bull_normal,50.0,50.0,50.0,-0.006669453891066204,-0.005398506339523197,0.0012709475515430071,-0.006192637423486898,0.72586369179609,0.2,0.2,0.2,0.2,0.2,0.18,0.12,0.28,0.22,0.2,0.19249667741142518,0.1699867102457007,0.2300132893542993,0.2075033221885748,0.1999999998
2017-08-11,0.3751661328424234,20.0,0.0,bull_normal,50.0,50.0,50.0,-0.002527645027947263,-0.004480345205199336,-0.0019527001772520732,-0.003260231998787405,0.685452249131978,0.2,0.2,0.2,0.2,0.2,0.18,0.12,0.28,0.22,0.2,0.19249667715065485,0.1699867092026194,0.23001329039738058,0.2075033224493451,0.1999999998
2017-08-18,0.37516614588093944,20.0,0.0,bull_normal,50.0,50.0,50.0,0.0017639698497582618,0.0020661624274065913,0.0003021925776483295,0.0018773422725510691,0.7755055975812758,0.2,0.2,0.2,0.2,0.2,0.18000802218624784,0.12019170580262972,0.27987378720800105,0.22008627514264065,0.19984020966048074,0.19249968654257762,0.17005862968658175,0.22996594067377404,0.20753569022283286,0.19994005187423344
2017-08-25,0.37516613097977825,20.0,0.0,bull_normal,50.0,50.0,50.0,-0.0023707451191970898,-0.00409903537624353,-0.0017282902570464405,-0.0030191410851241086,0.7413231033006549,0.2,0.2,0.2,0.2,0.2,0.17988225700596006,0.12316926408412443,0.2783355468318021,0.22151745153856134,0.19709548053955195,0.19245250400442798,0.17117570989493616,0.22938884379368357,0.20807261883419428,0.19891032247275792
2017-09-01,0.3751661440182943,20.0,0.0,bull_normal,50.0,50.0,50.0,0.003319575790174938,0.003115688777331683,-0.00020388701284325492,0.0032430842825080406,0.6936048021134178,0.2,0.2,0.2,0.2,0.2,0.18,0.12,0.28,0.22,0.2,0.19249667692713743,0.16998670830854973,0.23001329129145023,0.20750332267286253,0.1999999998
2017-09-08,0.3751661291171331,20.0,0.0,bull_normal,50.0,50.0,50.0,-0.0022516641361901082,-0.00280834078668534,-0.0005566766504952318,-0.002460510357865785,0.6669941177912765,0.2,0.2,0.2,0.2,0.2,0.18,0.12,0.28,0.22,0.2,0.19249667722516067,0.16998670950064262,0.23001329009935736,0.20750332237483932,0.1999999998
2017-09-15,0.37516614215564914,20.0,0.0,bull_normal,50.0,50.0,50.0,-0.008970180697536663,-0.012481508323323872,-0.0035113276257872084,-0.010287511926460291,0.9380413998795976,0.2,0.2,0.2,0.2,0.2,0.18025967044944644,0.12466696885396866,0.2775671049615638,0.22121117631671397,0.1962950794183072,0.19259409652504356,0.17173759715631445,0.2291005512975116,0.20795771498136714,0.1986100390397632
2017-09-22,0.37516612725448795,20.0,0.0,bull_normal,50.0,50.0,50.0,0.005564921748215195,0.006655075202568142,0.0010901534543529467,0.005973910391823979,0.8495474244641029,0.2,0.2,0.2,0.2,0.2,0.1800848399865033,0.12076903763183984,0.2795476489527096,0.220161776357566,0.19943669707138115,0.19252850635155444,0.170275226519416,0.22984358315994396,0.20756401534707508,0.19978866762201022
2017-09-29,0.375166140293004,20.0,0.0,bull_normal,50.0,50.0,50.0,0.004241763691392625,0.00335711832632047,-0.0008846453650721555,0.003909874700340535,0.7825486510869754,0.2,0.2,0.2,0.2,0.2,0.18,0.12,0.28,0.22,0.2,0.19249667700164325,0.16998670860657297,0.23001329099342702,0.20750332259835674,0.1999999998
2017-10-06,0.3751661253918428,20.0,0.0,bull_normal,50.0,50.0,50.0,-0.004163280458992575,-0.0035441582606585654,0.0006191221983340095,-0.0039310067787685175,0.7229096024922178,0.2,0.2,0.2,0.2,0.2,0.18,0.12,0.28,0.22,0.2,0.19249667729966646,0.16998670979866584,0.23001328980133412,0.20750332230033353,0.1999999998
2017-10-13,0.37516613843035884,20.0,0.0,bull_normal,50.0,50.0,50.0,0.0020175776609165424,0.0011884197526965748,-0.0008291579082199676,0.0017065056886341572,0.6650458435631833,0.2,0.2,0.2,0.2,0.2,0.18006991735615366,0.12086578808140076,0.27950236903039505,0.22022792154344742,0.19933400398860313,0.19252290766338734,0.17031152312645792,0.22982659655537208,0.2075888310063386,0.19975014064844404
2017-10-20,0.37516612352919765,20.0,0.0,bull_normal,50.0,50.0,50.0,0.010336158719178708,0.008665024140013371,-0.0016711345791653367,0.009709205627508445,0.7324476937763136,0.2,0.2,0.2,0.2,0.2,0.18,0.12,0.28,0.22,0.2,0.19249667733691936,0.16998670994767748,0.2300132896523225,0.2075033222630806,0.1999999998
2017-10-27,0.3751661365677137,20.0,0.0,bull_normal,50.0,50.0,50.0,0.00049268329244761,0.0008632848271968509,0.0003706015347492409,0.0006317204378138275,0.6289598140119939,0.2,0.2,0.2,0.2,0.2,0.18001869684569605,0.12055033144112737,0.27967983105323685,0.22020892913706572,0.199542211522874,0.19250369149950783,0.17019317462498923,0.22989317414871782,0.20758170566094192,0.19982825306584318
2017-11-03,0.3751661216665525,20.0,0.0,bull_normal,50.0,50.0,50.0,-0.00681800759918686,-0.00507415012868472,0.0017438574705021396,-0.006163771349075556,0.7257962508440442,0.2,0.2,0.2,0.2,0.2,0.18,0.12,0.28,0.22,0.2,0.19249667737417225,0.1699867100966891,0.2300132895033109,0.2075033222258277,0.1999999998
2017-11-10,0.37516613470506854,20.0,0.0,bull_normal,50.0,50.0,50.0,0.004194845920570483,0.006480333102130043,0.00228548718155956,0.005052283307341879,0.8132570386504987,0.2,0.2,0.2,0.2,0.2,0.18,0.12,0.28,0.22,0.2,0.19249667711340196,0.1699867090536078,0.23001329054639216,0.20750332248659803,0.1999999998
2017-11-17,0.37516611980390735,20.0,0.0,bull_normal,50.0,50.0,50.0,-0.0040310923004022855,-0.003805749573797385,0.00022534272660490072,-0.00394655134008934,0.7697353304159139,0.2,0.2,0.2,0.2,0.2,0.18001889297954157,0.12056051621616888,0.2796675863594766,0.22022045443584062,0.1995325500089723,0.1925037654172442,0.17019699693939763,0.22988857901873894,0.20758602922377997,0.19982462840083912
2017-11-24,0.3751661328424234,20.0,0.0,bull_normal,50.0,50.0,50.0,-0.003437663008404128,-0.003859636753740458,-0.00042197374533632995,-0.003595973263007019,0.7719649103759328,0.2,0.2,0.2,0.2,0.2,0.17981980730032898,0.12354824865273077,0.27817499347924524,0.22176634563373654,0.1966906049339584,0.19242907495242043,0.17131789192669658,0.22932860975926148,0.2081659955093545,0.1987584268522669
2017-12-01,0.37516614588093944,20.0,0.0,bull_normal,50.0,50.0,50.0,0.0001974610256978889,-0.0014966659126841254,-0.0016941269383820142,-0.00043811804796984894,0.7617328134896378,0.2,0.2,0.2,0.2,0.2,0.18,0.12,0.28,0.22,0.2,0.19249667688988453,0.16998670815953812,0.23001329144046187,0.20750332271011546,0.1999999998
2017-12-08,0.37516613097977825,20.0,0.0,bull_normal,50.0,50.0,50.0,-0.0018536336433895297,-0.0007918942027066546,0.001061739440682875,-0.0014553049638645968,0.7503360421538176,0.2,0.2,0.2,0.2,0.2,0.18,0.12,0.28,0.22,0.2,0.19249667718790775,0.16998670935163104,0.23001329024836897,0.20750332241209224,0.1999999998
2017-12-15,0.3751661440182943,20.0,0.0,bull_normal,50.0,50.0,50.0,0.0012092098617440211,0.0016254988299631678,0.0004162889682191467,0.0013653873873827648,0.782908485863539,0.2,0.2,0.2,0.2,0.2,0.18,0.12,0.28,0.22,0.2,0.19249667692713743,0.16998670830854973,0.23001329129145023,0.20750332267286253,0.1999999998
2017-12-22,0.3751661291171331,20.0,0.0,bull_normal,50.0,50.0,50.0,-1.1717022884495087e-05,-0.0003373458894240671,-0.000325628866539572,-0.0001338819441390642,0.7024224265504884,0.2,0.2,0.2,0.2,0.2,0.18,0.12,0.28,0.22,0.2,0.19249667722516067,0.16998670950064262,0.23001329009935736,0.20750332237483932,0.1999999998
2017-12-29,0.37516614215564914,20.0,0.0,bull_normal,50.0,50.0,50.0,0.004941505877446497,0.006205794132892634,0.001264288255446137,0.0054158240193990966,0.7086375284944351,0.2,0.2,0.2,0.2,0.2,0.18,0.12,0.28,0.22,0.2,0.19249667696439032,0.16998670845756134,0.23001329114243865,0.20750332263560964,0.1999999998
2018-01-05,0.37516612725448795,20.0,0.0,bull_normal,50.0,50.0,50.0,0.00472209033075318,0.004500559462920356,-0.000221530867832824,0.004638979448362035,0.7126340767854131,0.2,0.2,0.2,0.2,0.2,0.18,0.12,0.28,0.22,0.2,0.19249667726241357,0.16998670964965426,0.23001328995034573,0.20750332233758642,0.1999999998
2018-01-12,0.375166140293004,20.0,0.0,bull_normal,50.0,50.0,50.0,0.005010393431096092,0.00491052998041241,-9.986345068368173e-05,0.004972928040773826,0.7908755152076183,0.2,0.2,0.2,0.2,0.2,0.18000630205951193,0.12012039291287374,0.2799209482217451,0.22005101152650233,0.19990134527936687,0.19249904132098386,0.1700318759509693,0.2299836334429255,0.20752246039584596,0.1999629878892754
2018-01-19,0.3751661253918428,20.0,0.0,bull_normal,50.0,50.0,50.0,0.0011956365493200549,0.0017437283847772803,0.0005480918354572254,0.0014012620381861835,0.6810171774693629,0.2,0.2,0.2,0.2,0.2,0.18,0.12,0.28,0.22,0.2,0.19249667729966646,0.16998670979866584,0.23001328980133412,0.20750332230033353,0.1999999998
2018-01-26,0.37516613843035884,20.0,0.0,bull_normal,50.0,50.0,50.0,0.0004907618564765735,-0.0023743006021347828,-0.002865062458611356,-0.000584112561898326,0.7097261212135636,0.2,0.2,0.2,0.2,0.2,0.18,0.12,0.28,0.22,0.2,0.19249667703889614,0.16998670875558458,0.2300132908444154,0.20750332256110382,0.1999999998
2018-02-02,0.37516612352919765,20.0,0.0,bull_normal,50.0,50.0,50.0,0.0033704906613670105,0.003441422980874812,7.09323195078014e-05,0.0033971020613125843,0.6533133303909704,0.2,0.2,0.2,0.2,0.2,0.18,0.12,0.28,0.22,0.2,0.19249667733691936,0.16998670994767748,0.2300132896523225,0.2075033222630806,0.1999999998
2018-02-09,0.3751661365677137,20.0,0.0,bull_normal,50.0,50.0,50.0,-0.0007515030500320301,-0.0015279251397670023,-0.0007764220897349722,-0.0010427903247409401,0.6079006665061539,0.2,0.2,0.2,0.2,0.2,0.18,0.12,0.28,0.22,0.2,0.19249667707614904,0.1699867089045962,0.2300132906954038,0.20750332252385095,0.1999999998
2018-02-16,0.3751661216665525,20.0,0.0,bull_normal,50.0,50.0,50.0,-0.0039448317204413795,-0.0030383273116445304,0.000906504408796849,-0.0036047419735146928,0.54524212859847,0.2,0.2,0.2,0.2,0.2,0.1800015729804504,0.12003489631975509,0.2799778775526243,0.22001445789956753,0.1999711952476026,0.19249726750314672,0.16999980201361894,0.23000498991053547,0.2075087463399305,0.1999891932327683
2018-02-23,0.37516613470506854,20.0,0.0,bull_normal,50.0,50.0,50.0,0.0032410725831420115,0.0015964108620996336,-0.0016446617210423779,0.002624051199737106,0.5365675178308374,0.2,0.2,0.2,0.2,0.2,0.18,0.12,0.28,0.22,0.2,0.19249667711340196,0.1699867090536078,0.23001329054639216,0.20750332248659803,0.1999999998
2018-03-02,0.37516611980390735,20.0,0.0,bull_normal,50.0,50.0,50.0,0.0012308339566094535,0.0013345853009588849,0.00010375134434943136,0.0012697579446237105,0.5937929645132641,0.2,0.2,0.2,0.2,0.2,0.17782654845926485,0.1267779618878353,0.27754109970666274,0.22641971068150765,0.19143467926472943,0.19168127203112115,0.1725295719047958,0.22909079327318577,0.20991178013281125,0.196786581658086
2018-03-09,0.3751661328424234,20.0,0.0,bull_normal,50.0,50.0,50.0,0.0017433476158473275,0.0022627868752419047,0.0005194392593945772,0.0019382236321026998,0.6095029697857942,0.2,0.2,0.2,0.2,0.2,0.18,0.12,0.28,0.22,0.2,0.19249667715065485,0.1699867092026194,0.23001329039738058,0.2075033224493451,0.1999999998
2018-03-16,0.37516614588093944,20.0,0.0,bull_normal,50.0,50.0,50.0,-0.007918806371950401,-0.00845861904044003,-0.0005398126684896289,-0.008121325802164035,0.5975684673083126,0.2,0.2,0.2,0.2,0.2,0.18,0.12,0.28,0.22,0.2,0.19249667688988453,0.16998670815953812,0.23001329144046187,0.20750332271011546,0.1999999998
2018-03-23,0.37516613097977825,20.0,0.0,bull_normal,50.0,50.0,50.0,-0.001455462125762417,-0.00039473786465504574,0.0010607242611073713,-0.0010575143076288665,0.6136989237930761,0.2,0.2,0.2,0.2,0.2,0.18,0.12,0.28,0.22,0.2,0.19249667718790775,0.16998670935163104,0.23001329024836897,0.20750332241209224,0.1999999998
2018-03-30,0.3751661440182943,20.0,0.0,bull_normal,50.0,50.0,50.0,0.0015377883346817237,0.0014913099391575069,-4.6478395524216865e-05,0.0015203512127323943,0.6148113386113848,0.2,0.2,0.2,0.2,0.2,0.1798588864201234,0.12316705624820691,0.2780994782304105,0.22184516069972976,0.19702941840152938,0.19244373588955946,0.17117488058789038,0.22930027986824353,0.208195564496982,0.19888553815732454
2018-04-06,0.3751661291171331,20.0,0.0,bull_normal,50.0,50.0,50.0,0.002636286041456479,0.0036174126334722894,0.0009811265920158102,0.0030043715041525635,0.5732889800622684,0.2,0.2,0.2,0.2,0.2,0.18,0.12,0.28,0.22,0.2,0.19249667722516067,0.16998670950064262,0.23001329009935736,0.20750332237483932,0.1999999998
2018-04-13,0.37516614215564914,20.0,0.0,bull_normal,50.0,50.0,50.0,0.0018997554954063955,0.0018299925937656789,-6.976290164071664e-05,0.0018735828148586811,0.7003513191872842,0.2,0.2,0.2,0.2,0.2,0.18023431220376207,0.12466471016314677,0.2775742731117627,0.22126206500195997,0.19626463951936843,0.19258458296984785,0.17173674977199332,0.22910324054476547,0.20797680669307114,0.19859861902032216
2018-04-20,0.37516612725448795,20.0,0.0,bull_normal,50.0,50.0,50.0,-0.004003058281675018,-0.0034155786399656294,0.0005874796417093884,-0.0037826558158713967,0.6880551630380377,0.2,0.2,0.2,0.2,0.2,0.18,0.12,0.28,0.22,0.2,0.19249667726241357,0.16998670964965426,0.23001328995034573,0.20750332233758642,0.1999999998
2018-04-27,0.375166140293004,20.0,0.0,bull_normal,50.0,50.0,50.0,-0.00029755519610073674,0.0020923332479603793,0.002389888444061116,0.0005990500265894749,0.7222384327837179,0.2,0.2,0.2,0.2,0.2,0.18,0.12,0.28,0.22,0.2,0.19249667700164325,0.16998670860657297,0.23001329099342702,0.20750332259835674,0.1999999998
2018-05-04,0.3751661253918428,20.0,0.0,bull_normal,50.0,50.0,50.0,-0.0021286486808402946,-0.003024745794170729,-0.0008960971133304342,-0.0024648339603584547,0.7456625057757245,0.2,0.2,0.2,0.2,0.2,0.18,0.12,0.28,0.22,0.2,0.19249667729966646,0.16998670979866584,0.23001328980133412,0.20750332230033353,0.1999999998
2018-05-11,0.37516613843035884,20.0,0.0,bull_normal,50.0,50.0,50.0,-0.0007290471704494792,9.299216855044212e-05,0.0008220393389999213,-0.0004206458455783884,0.6841068555312145,0.2,0.2,0.2,0.2,0.2,0.18002229913866036,0.12098764159221198,0.279328074206016,0.2205136285525966,0.19914835651051502,0.19250504292062934,0.17035723843751743,0.2297612070392268,0.2076960186015764,0.19968049200105012
2018-05-18,0.37516612352919765,20.0,0.0,bull_normal,50.0,50.0,50.0,0.006701124739250195,0.005866143713372296,-0.000834981025877899,0.006387868138163283,0.7311765776114624,0.2,0.2,0.2,0.2,0.2,0.18,0.12,0.28,0.22,0.2,0.19249667733691936,0.16998670994767748,0.2300132896523225,0.2075033222630806,0.1999999998
2018-05-25,0.3751661365677137,20.0,0.0,bull_normal,50.0,50.0,50.0,0.0002591646804210162,-0.0011918516371203023,-0.0014510163175413186,-0.0002852075052424633,0.6571412647570812,0.2,0.2,0.2,0.2,0.2,0.18,0.12,0.28,0.22,0.2,0.19249667707614904,0.1699867089045962,0.2300132906954038,0.20750332252385095,0.1999999998
2018-06-01,0.3751661216665525,20.0,0.0,bull_normal,50.0,50.0,50.0,-0.0021816132835757287,-0.003630987186009285,-0.0014493739024335562,-0.0027253692666710724,0.7293019079082844,0.2,0.2,0.2,0.2,0.2,0.18,0.12,0.28,0.22,0.2,0.19249667737417225,0.1699867100966891,0.2300132895033109,0.2075033222258277,0.1999999998
2018-06-08,0.37516613470506854,20.0,0.0,bull_normal,50.0,50.0,50.0,-0.0014257006833349082,-0.00018608902500467757,0.0012396116583302307,-0.0009606403679831749,0.6691985208564327,0.2,0.2,0.2,0.2,0.2,0.18005066655164845,0.12036708497868874,0.279784777336336,0.22005287257636244,0.1997445985569644,0.19251568548772371,0.17012442690603302,0.22993254629164517,0.207523158486684,0.19990418182791403
2018-06-15,0.37516611980390735,20.0,0.0,bull_normal,50.0,50.0,50.0,0.0070847216297839554,0.006976430453758148,-0.00010829117602580759,0.007044094442421256,0.6002861569590106,0.2,0.2,0.2,0.2,0.2,0.18,0.12,0.28,0.22,0.2,0.19249667741142518,0.1699867102457007,0.2300132893542993,0.2075033221885748,0.1999999998
2018-06-22,0.3751661328424234,20.0,0.0,bull_normal,50.0,50.0,50.0,-0.0020052243422235094,-0.0015758149255805192,0.00042940941664299024,-0.0018441244701313138,0.6227897480685406,0.2,0.2,0.2,0.2,0.2,0.18,0.12,0.28,0.22,0.2,0.19249667715065485,0.1699867092026194,0.23001329039738058,0.2075033224493451,0.1999999998
2018-06-29,0.37516614588093944,20.0,0.0,bull_normal,50.0,50.0,50.0,-0.0030059380815798697,-0.0026954098373799017,0.000310528244199968,-0.0028894383941267536,0.6617989588114402,0.2,0.2,0.2,0.2,0.2,0.18,0.12,0.28,0.22,0.2,0.19249667688988453,0.16998670815953812,0.23001329144046187,0.20750332271011546,0.1999999998
2018-07-06,0.37516613097977825,20.0,0.0,bull_normal,50.0,50.0,50.0,-0.0008278344123499057,-0.0011814767178229932,-0.0003536423054730875,-0.0009605090268845035,0.5739359557546645,0.2,0.2,0.2,0.2,0.2,0.18,0.12,0.28,0.22,0.2,0.19249667718790775,0.16998670935163104,0.23001329024836897,0.20750332241209224,0.1999999998
2018-07-13,0.3751661440182943,20.0,0.0,bull_normal,50.0,50.0,50.0,0.003346010634962723,0.004825902400618809,0.001479891765656086,0.0039012159183471258,0.5667128726641749,0.2,0.2,0.2,0.2,0.2,0.18,0.12,0.28,0.22,0.2,0.19249667692713743,0.16998670830854973,0.23001329129145023,0.20750332267286253,0.1999999998
2018-07-20,0.3751661291171331,20.0,0.0,bull_normal,50.0,50.0,50.0,0.0025571723676935643,0.002432082343592185,-0.00012509002410137932,0.0025102428250500376,0.6096623234809022,0.2,0.2,0.2,0.2,0.2,0.18,0.12,0.28,0.22,0.2,0.19249667722516067,0.16998670950064262,0.23001329009935736,0.20750332237483932,0.1999999998
2018-07-27,0.37516614215564914,20.0,0.0,bull_normal,50.0,50.0,50.0,-0.0015198331726642208,-0.002053314609759914,-0.0005334814370956933,-0.001719977343611086,0.5938116228899205,0.2,0.2,0.2,0.2,0.2,0.18,0.12,0.28,0.22,0.2,0.19249667696439032,0.16998670845756134,0.23001329114243865,0.20750332263560964,0.1999999998
2018-08-03,0.37516612725448795,20.0,0.0,bull_normal,50.0,50.0,50.0,-0.004724397911103295,-0.005475715209421032,-0.0007513172983177364,-0.005006266707246197,0.5502714877935558,0.2,0.2,0.2,0.2,0.2,0.18,0.12,0.28,0.22,0.2,0.19249667726241357,0.16998670964965426,0.23001328995034573,0.20750332233758642,0.1999999998
2018-08-10,0.375166140293004,20.0,0.0,bull_normal,50.0,50.0,50.0,0.0031183474245639023,0.0035252215460835805,0.0004068741215196782,0.0032709928150485537,0.60732569674969,0.2,0.2,0.2,0.2,0.2,0.18002238725265354,0.12117949639428087,0.2792866723051535,0.22052010805426828,0.19899133599364377,0.19250507594080463,0.17042921571586234,0.22974567459565498,0.20769844952941674,0.1996215832182613
2018-08-17,0.3751661253918428,20.0,0.0,bull_normal,50.0,50.0,50.0,-0.009114515271881691,-0.009623035364818254,-0.0005085200929365631,-0.009305294775527304,0.5705398881991012,0.2,0.2,0.2,0.2,0.2,0.18003494127434352,0.12036880423705293,0.2797755367551465,0.22009959440154953,0.1997211233319075,0.19250978608216504,0.17012507265517074,0.22992907879555374,0.2075406867460362,0.19989537472107416
2018-08-24,0.37516613843035884,20.0,0.0,bull_normal,50.0,50.0,50.0,0.00045731013467247125,0.0009053067962255018,0.00044799666155303055,0.0006253833115916306,0.5061819597414849,0.2,0.2,0.2,0.2,0.2,0.17991165288138802,0.12355663339237134,0.2781241523018419,0.22161077238897575,0.1967967890354231,0.19246353219159817,0.17132103716987868,0.2293095363079177,0.2081076298175618,0.1987982635130436
2018-08-31,0.37516612352919765,20.0,0.0,bull_normal,50.0,50.0,50.0,0.0010393354262340745,0.0019454292266490563,0.0009060938004149819,0.0013792711235103303,0.5048409430997984,0.2,0.2,0.2,0.2,0.2,0.18,0.12,0.28,0.22,0.2,0.19249667733691936,0.16998670994767748,0.2300132896523225,0.2075033222630806,0.1999999998
2018-09-07,0.3751661365677137,20.0,0.0,bull_normal,50.0,50.0,50.0,-0.0033341089621374293,-0.0019777375630260744,0.001356371399111355,-0.002825244341756633,0.5903250695977481,0.2,0.2,0.2,0.2,0.2,0.18,0.12,0.28,0.22,0.2,0.19249667707614904,0.1699867089045962,0.2300132906954038,0.20750332252385095,0.1999999998
2018-09-14,0.3751661216665525,20.0,0.0,bull_normal,50.0,50.0,50.0,-0.0034265173355112603,-0.0031341172431574135,0.00029240009235384674,-0.0033168187235711063,0.5463975266047236,0.2,0.2,0.2,0.2,0.2,0.17886845695203651,0.1260103124899731,0.27756609082474504,0.22414400002061644,0.19341113971262894,0.19207216075779351,0.17224157572130142,0.22910016923845494,0.20905801064019378,0.1975280826422561
2018-09-21,0.37516613470506854,20.0,0.0,bull_normal,50.0,50.0,50.0,-0.0006590434506272689,0.0024407185648060033,0.003099762015433272,0.0005038822827045415,0.5864346493046825,0.2,0.2,0.2,0.2,0.2,0.18,0.12,0.28,0.22,0.2,0.19249667711340196,0.1699867090536078,0.23001329054639216,0.20750332248659803,0.1999999998
2018-09-28,0.37516611980390735,20.0,0.0,bull_normal,50.0,50.0,50.0,-0.005058422534531256,-0.005114609755053036,-5.6187220521779734e-05,-0.005079502070957477,0.6391572484817597,0.2,0.2,0.2,0.2,0.2,0.18015446566855575,0.1215160384884771,0.2791366935471468,0.22031560809948783,0.19887719419633249,0.19255462769688222,0.17055547652232728,0.2296894060225046,0.20762172765451997,0.19957876110376602
2018-10-05,0.3751661328424234,20.0,0.0,bull_normal,50.0,50.0,50.0,-0.003460635686982682,-0.005093270979211055,-0.0016326352922283725,-0.004073145151836915,0.645121833803865,0.2,0.2,0.2,0.2,0.2,0.18,0.12,0.28,0.22,0.2,0.19249667715065485,0.1699867092026194,0.23001329039738058,0.2075033224493451,0.1999999998
2018-10-12,0.37516614588093944,20.0,0.0,bull_normal,50.0,50.0,50.0,-0.008411350497253929,-0.006104027975225474,0.002307322522028455,-0.007545721191814503,0.6619769519380155,0.2,0.2,0.2,0.2,0.2,0.179909465027131,0.12297123292190659,0.2784237562772104,0.2213949584361278,0.19730058733762426,0.1924627112330798,0.17110141416224967,0.2294219381586052,0.20802666388973828,0.19898727155632698
2018-10-19,0.37516613097977825,20.0,0.0,bull_normal,50.0,50.0,50.0,0.0005141672916438707,0.00039576238584744825,-0.00011840490579642242,0.0004697457807774559,0.6611414787203715,0.2,0.2,0.2,0.2,0.2,0.18013520585095172,0.12211604472422796,0.2787964337448777,0.2206249693413567,0.19832734633858592,0.1925474018438444,0.17078057766300594,0.22956175295350847,0.20773778974163556,0.19937247679800565
2018-10-26,0.3751661440182943,20.0,0.0,bull_normal,50.0,50.0,50.0,0.01200044196454369,0.011716471076069521,-0.00028397088847416894,0.011893905689407482,0.5709979793195715,0.2,0.2,0.2,0.2,0.2,0.18001300067487588,0.12163553866422941,0.2790610269151897,0.2207049336935349,0.19858550005217004,0.19250155434019542,0.17060030704198795,0.2296610203802373,0.2077677899281902,0.19946932730938924
2018-11-02,0.3751661291171331,20.0,0.0,bull_normal,50.0,50.0,50.0,-0.002855956985286295,-0.0038963785379883334,-0.0010404215527020384,-0.0032462879086172687,0.6471056861378209,0.2,0.2,0.2,0.2,0.2,0.18,0.12,0.28,0.22,0.2,0.19249667722516067,0.16998670950064262,0.23001329009935736,0.20750332237483932,0.1999999998
2018-11-09,0.37516614215564914,20.0,0.0,bull_normal,50.0,50.0,50.0,-0.0011639767022731608,-0.002098987121368245,-0.0009350104190950842,-0.0015147609525656396,0.7279274468164667,0.2,0.2,0.2,0.2,0.2,0.18,0.12,0.28,0.22,0.2,0.19249667696439032,0.16998670845756134,0.23001329114243865,0.20750332263560964,0.1999999998
2018-11-16,0.37516612725448795,20.0,0.0,bull_normal,50.0,50.0,50.0,0.0028278400293664623,0.0025110863563108,-0.00031675367305566233,0.0027090047778435306,0.6974893538079109,0.2,0.2,0.2,0.2,0.2,0.18,0.12,0.28,0.22,0.2,0.19249667726241357,0.16998670964965426,0.23001328995034573,0.20750332233758642,0.1999999998
2018-11-23,0.375166140293004,20.0,0.0,bull_normal,50.0,50.0,50.0,0.00031573629556925966,-0.00018352457102976082,-0.0004992608665990205,0.00012843052311953463,0.689833286970856,0.2,0.2,0.2,0.2,0.2,0.18,0.12,0.28,0.22,0.2,0.19249667700164325,0.16998670860657297,0.23001329099342702,0.20750332259835674,0.1999999998
2018-11-30,0.3751661253918428,20.0,0.0,bull_normal,50.0,50.0,50.0,-0.0032244790001622983,-0.0035741603980481403,-0.000349681397885842,-0.003355667611973065,0.6578212217692978,0.2,0.2,0.2,0.2,0.2,0.18006100654024004,0.1212545117704946,0.27919877001577975,0.220516303950062,0.19896940772342359,0.19251956488696897,0.17045736011839013,0.22971269545290704,0.2076970220526091,0.1996133564891247
2018-12-07,0.37516613843035884,20.0,0.0,bull_normal,50.0,50.0,50.0,-0.004593112845842831,-0.00591437956208923,-0.0013212667162463988,-0.005088807372524745,0.6210211355988372,0.2,0.2,0.2,0.2,0.2,0.18,0.12,0.28,0.22,0.2,0.19249667703889614,0.16998670875558458,0.2300132908444154,0.20750332256110382,0.1999999998
2018-12-14,0.37516612352919765,20.0,0.0,bull_normal,50.0,50.0,50.0,-0.0023487681693057875,-0.00341172331300849,-0.0010629551437027025,-0.002747552927306598,0.6422119055606381,0.2,0.2,0.2,0.2,0.2,0.18,0.12,0.28,0.22,0.2,0.19249667733691936,0.16998670994767748,0.2300132896523225,0.2075033222630806,0.1999999998
2018-12-21,0.3751661365677137,20.0,0.0,bull_normal,50.0,50.0,50.0,-0.0015363312997636984,-0.002126459293258664,-0.0005901279934949657,-0.0017577273374059336,0.6162537759402195,0.2,0.2,0.2,0.2,0.2,0.18022901871395977,0.12136952967537887,0.27921438134158894,0.22008462899102021,0.19910244127805227,0.19258259714218112,0.1705005100613091,0.22971855317880693,0.20753507245542185,0.19966326616228092
2018-12-28,0.3751661216665525,20.0,0.0,bull_normal,50.0,50.0,50.0,-0.007209887872199762,-0.007316139757179351,-0.00010625188497958866,-0.007249749972557564,0.5272959731003992,0.2,0.2,0.2,0.2,0.2,0.18,0.12,0.28,0.22,0.2,0.19249667737417225,0.1699867100966891,0.2300132895033109,0.2075033222258277,0.1999999998
2019-01-04,0.37516613470506854,20.0,0.0,bull_normal,50.0,50.0,50.0,0.0012336716993982064,0.0014441690981550372,0.00021049739875683075,0.0013126431935426342,0.5561239094584322,0.2,0.2,0.2,0.2,0.2,0.18,0.12,0.28,0.22,0.2,0.19249667711340196,0.1699867090536078,0.23001329054639216,0.20750332248659803,0.1999999998
2019-01-11,0.37516611980390735,20.0,0.0,bull_normal,50.0,50.0,50.0,0.003014410272041844,0.004593883575968168,0.0015794733039263243,0.003606975139202765,0.5824053636794562,0.2,0.2,0.2,0.2,0.2,0.18,0.12,0.28,0.22,0.2,0.19249667741142518,0.1699867102457007,0.2300132893542993,0.2075033221885748,0.1999999998
2019-01-18,0.3751661328424234,20.0,0.0,bull_normal,50.0,50.0,50.0,0.0007701629126248579,0.0005078945653707574,-0.00026226834725410044,0.0006717687103467945,0.6427588073840594,0.2,0.2,0.2,0.2,0.2,0.18,0.12,0.28,0.22,0.2,0.19249667715065485,0.1699867092026194,0.23001329039738058,0.2075033224493451,0.1999999998
2019-01-25,0.37516614588093944,20.0,0.0,bull_normal,50.0,50.0,50.0,0.0012360230478422132,0.002926457788889803,0.0016904347410475896,0.001870216932634064,0.6018797531249725,0.2,0.2,0.2,0.2,0.2,0.1798176820492448,0.1235478510128485,0.27815689722373416,0.22179228833660533,0.19668528137756727,0.19242827736704318,0.17131774174885725,0.2293218216761192,0.20817572861699463,0.1987564295909857
2019-02-01,0.37516613097977825,20.0,0.0,bull_normal,50.0,50.0,50.0,0.003447379183598687,0.004105569717625201,0.0006581905340265143,0.0036943099760026192,0.6521980445082004,0.2,0.2,0.2,0.2,0.2,0.17991117201577905,0.12295283562945818,0.27842458360186767,0.22139400263777173,0.19731740611512338,0.19246335193677816,0.1710945132690463,0.2294222473741906,0.20802630498775768,0.19899358143222723
2019-02-08,0.3751661440182943,20.0,0.0,bull_normal,50.0,50.0,50.0,-0.0032849486814602344,-0.0026926400005347195,0.0005923086809255149,-0.003062734514506112,0.5859614029988077,0.2,0.2,0.2,0.2,0.2,0.17996395995992434,0.1226079934109981,0.27853532070067366,0.22121777625617847,0.19767494967222535,0.1924831559242855,0.17096513913920056,0.22946379320704804,0.2079601910947132,0.19912771963475256
2019-02-15,0.3751661291171331,20.0,0.0,bull_normal,50.0,50.0,50.0,0.005894360936036821,0.006565551851456308,0.0006711909154194862,0.0061461690275271645,0.6183228288617043,0.2,0.2,0.2,0.2,0.2,0.17957577520943568,0.12454357652064967,0.27781699771242435,0.22253157782084518,0.19553207273664513,0.19233752245276825,0.17169130551453765,0.22919430158209272,0.20845308462549483,0.19832378482510643
2019-02-22,0.37516614215564914,20.0,0.0,bull_normal,50.0,50.0,50.0,0.004060603777071369,0.006022222681564361,0.001961618904492992,0.004796536769053059,0.6292090670273146,0.2,0.2,0.2,0.2,0.2,0.1799100073926249,0.122967009859176,0.27842566748106945,0.22139239901292296,0.1973049162542067,0.19246291478509264,0.17109983009905305,0.2294226548854319,0.20802570360110692,0.19898889562931543
2019-03-01,0.37516612725448795,20.0,0.0,bull_normal,50.0,50.0,50.0,-0.00857968257147594,-0.010294178954673733,-0.001714496383197794,-0.009222903530529177,0.6412023230382432,0.2,0.2,0.2,0.2,0.2,0.18,0.12,0.28,0.22,0.2,0.19249667726241357,0.16998670964965426,0.23001328995034573,0.20750332233758642,0.1999999998
2019-03-08,0.375166140293004,20.0,0.0,bull_normal,50.0,50.0,50.0,0.005167067877631924,0.006232684489539857,0.0010656166119079333,0.00556685114338668,0.6353669734387417,0.2,0.2,0.2,0.2,0.2,0.18,0.12,0.28,0.22,0.2,0.19249667700164325,0.16998670860657297,0.23001329099342702,0.20750332259835674,0.1999999998
2019-03-15,0.3751661253918428,20.0,0.0,bull_normal,50.0,50.0,50.0,-0.001964365941778084,-0.001750733700980338,0.00021363224079774595,-0.0018842183598549982,0.5856963909021643,0.2,0.2,0.2,0.2,0.2,0.17913958066936578,0.1257132606918319,0.2775413051616662,0.22360892422201123,0.19399692925512488,0.19217387711350298,0.17213013167363053,0.22909087078623794,0.20885726841618427,0.1977478510104442
2019-03-22,0.37516613843035884,20.0,0.0,bull_normal,50.0,50.0,50.0,-0.007854667283960611,-0.007527047826972714,0.0003276194569878975,-0.007731755549676054,0.5880994266120967,0.2,0.2,0.2,0.2,0.2,0.18,0.12,0.28,0.22,0.2,0.19249667703889614,0.16998670875558458,0.2300132908444154,0.20750332256110382,0.1999999998
2019-03-29,0.37516612352919765,20.0,0.0,bull_normal,50.0,50.0,50.0,0.00903600487752162,0.008565611501374335,-0.0004703933761472847,0.008859529209199099,0.5484927723340625,0.2,0.2,0.2,0.2,0.2,0.18,0.12,0.28,0.22,0.2,0.19249667733691936,0.16998670994767748,0.2300132896523225,0.2075033222630806,0.1999999998
2019-04-05,0.3751661365677137,20.0,0.0,bull_normal,50.0,50.0,50.0,0.00045151148111558415,8.674585458466598e-05,-0.00036476562653091815,0.0003146637699426141,0.5689511268454105,0.2,0.2,0.2,0.2,0.2,0.18001827918313654,0.12031659586629508,0.27981429947133934,0.22010452971123715,0.19974629576799194,0.19250353480665913,0.17010548495248867,0.22994362214557726,0.2075425385317331,0.19990481856354184
2019-04-12,0.3751661216665525,20.0,0.0,bull_normal,50.0,50.0,50.0,0.0022819530704010346,0.001990448071512773,-0.00029150499888826176,0.0021725902683491227,0.5686661151492935,0.2,0.2,0.2,0.2,0.2,0.1800374172749302,0.12073137079921673,0.27957737673851696,0.22024524326711475,0.19940859192022137,0.19251071506807713,0.170261095642657,0.2298547355735328,0.20759532919112397,0.19977812352460905
2019-04-19,0.37516613470506854,20.0,0.0,bull_normal,50.0,50.0,50.0,8.82841245716049e-05,-0.0011032396005172017,-0.0011915237250888066,-0.0003587352254206116,0.6620325191683226,0.2,0.2,0.2,0.2,0.2,0.18,0.12,0.28,0.22,0.2,0.19249667711340196,0.1699867090536078,0.23001329054639216,0.20750332248659803,0.1999999998
2019-04-26,0.37516611980390735,20.0,0.0,bull_normal,50.0,50.0,50.0,0.0052715793096123394,0.0062844854629817825,0.001012906153369443,0.005651587375245867,0.6767146351586426,0.2,0.2,0.2,0.2,0.2,0.18003398452737826,0.126258465566112,0.27678228729564514,0.22229970193317783,0.1946255606776868,0.19250942725468229,0.17233467448571732,0.2288061125655699,0.20836609243868792,0.19798369225534249
2019-05-03,0.3751661328424234,20.0,0.0,bull_normal,50.0,50.0,50.0,0.0014000176228461372,-0.0009234144938463652,-0.0023234321166925023,0.0005283445801763811,0.73141494385425,0.2,0.2,0.2,0.2,0.2,0.18,0.12,0.28,0.22,0.2,0.19249667715065485,0.1699867092026194,0.23001329039738058,0.2075033224493451,0.1999999998
2019-05-10,0.37516614588093944,20.0,0.0,bull_normal,50.0,50.0,50.0,-0.004011854988174511,-0.004256881010977988,-0.00024502602280347674,-0.004103780452686447,0.7013476606325485,0.2,0.2,0.2,0.2,0.2,0.1800001357656596,0.12000299079509895,0.2799982328548583,0.22000108781220662,0.19999755277217654,0.19249672782456373,0.1699878302046074,0.2300126284674305,0.20750373082042806,0.1999990816829703
2019-05-17,0.37516613097977825,20.0,0.0,bull_normal,50.0,50.0,50.0,-0.00014060732174579527,0.0008928934695365266,0.001033500791282322,0.0002471271712370059,0.6969495227362719,0.2,0.2,0.2,0.2,0.2,0.1800858585125952,0.12339308107329539,0.2781918260719277,0.22116437400558123,0.19716486033660038,0.19252888839385754,0.171259678448727,0.22933492463231395,0.20794015610234273,0.1989363514227587
2019-05-24,0.3751661440182943,20.0,0.0,bull_normal,50.0,50.0,50.0,0.0030363816085742616,0.0038807398663805817,0.00084435825780632,0.0033531562369723067,0.7213981094097741,0.2,0.2,0.2,0.2,0.2,0.18,0.12,0.28,0.22,0.2,0.19249667692713743,0.16998670830854973,0.23001329129145023,0.20750332267286253,0.1999999998
2019-05-31,0.3751661291171331,20.0,0.0,bull_normal,50.0,50.0,50.0,0.0015978355272641665,0.000905175239326203,-0.0006926602879379635,0.001337972846907349,0.6770333642651016,0.2,0.2,0.2,0.2,0.2,0.18003606869101765,0.1218905847067963,0.2787511486673626,0.22095527989434754,0.19836691804047596,0.19251020897633853,0.17069599284615017,0.22954476337951754,0.20786171103466672,0.199387322763327
2019-06-07,0.37516614215564914,20.0,0.0,bull_normal,50.0,50.0,50.0,-0.0039625985862765155,-0.005094245391682712,-0.0011316468054061966,-0.004387154148156368,0.7114834813420285,0.2,0.2,0.2,0.2,0.2,0.1800117497444951,0.12016544676859528,0.2798977563687043,0.2200555555791886,0.19986949153901687,0.19250108507069946,0.1700487784834053,0.22997493279376377,0.2075241652079082,0.19995103744422324
2019-06-14,0.37516612725448795,20.0,0.0,bull_normal,50.0,50.0,50.0,0.0031350602774634574,0.005854016173687622,0.0027189558962241642,0.004155120427070511,0.7058135484072906,0.2,0.2,0.2,0.2,0.2,0.18,0.12,0.28,0.22,0.2,0.19249667726241357,0.16998670964965426,0.23001328995034573,0.20750332233758642,0.1999999998
2019-06-21,0.375166140293004,20.0,0.0,bull_normal,50.0,50.0,50.0,0.004237071592307746,0.003255556557512211,-0.0009815150347955346,0.0038688403811951108,0.7011212129695131,0.2,0.2,0.2,0.2,0.2,0.180023864216069,0.12104700670812862,0.27940019190241383,0.22041380895734555,0.1991151282160429,0.192505630047468,0.17037951007172966,0.22978826330476418,0.2076585697075475,0.1996680258684906
2019-06-28,0.3751661253918428,20.0,0.0,bull_normal,50.0,50.0,50.0,0.005764241649665397,0.006060530744324399,0.0002962890946590019,0.005875399275429071,0.6158347014646494,0.2,0.2,0.2,0.2,0.2,0.18,0.12,0.28,0.22,0.2,0.19249667729966646,0.16998670979866584,0.23001328980133412,0.20750332230033353,0.1999999998
2019-07-05,0.37516613843035884,20.0,0.0,bull_normal,50.0,50.0,50.0,0.005615135816196293,0.005170303552543487,-0.0004448322636528062,0.005448249808144184,0.547271242265763,0.2,0.2,0.2,0.2,0.2,0.18,0.12,0.28,0.22,0.2,0.19249667703889614,0.16998670875558458,0.2300132908444154,0.20750332256110382,0.1999999998
2019-07-12,0.37516612352919765,20.0,0.0,bull_normal,50.0,50.0,50.0,-0.0032199764381844113,-0.003225784800314482,-5.8083621300706635e-06,-0.003222155535666648,0.5838803323653196,0.2,0.2,0.2,0.2,0.2,0.18,0.12,0.28,0.22,0.2,0.19249667733691936,0.16998670994767748,0.2300132896523225,0.2075033222630806,0.1999999998
2019-07-19,0.3751661365677137,20.0,0.0,bull_normal,50.0,50.0,50.0,0.006387899886171277,0.004106690445489334,-0.0022812094406819425,0.0055320673480767696,0.6712016664560414,0.2,0.2,0.2,0.2,0.2,0.18,0.12,0.28,0.22,0.2,0.19249667707614904,0.1699867089045962,0.2300132906954038,0.20750332252385095,0.1999999998
2019-07-26,0.3751661216665525,20.0,0.0,bull_normal,50.0,50.0,50.0,0.005525565701702299,0.0036386407436343597,-0.0018869249580679395,0.004817655378490474,0.7333699123868336,0.2,0.2,0.2,0.2,0.2,0.18,0.12,0.28,0.22,0.2,0.19249667737417225,0.1699867100966891,0.2300132895033109,0.2075033222258277,0.1999999998
2019-08-02,0.37516613470506854,20.0,0.0,bull_normal,50.0,50.0,50.0,-0.008802056565803492,-0.009046283484127973,-0.00024422691832448086,-0.008893682225848534,0.764629272644294,0.2,0.2,0.2,0.2,0.2,0.18,0.12,0.28,0.22,0.2,0.19249667711340196,0.1699867090536078,0.23001329054639216,0.20750332248659803,0.1999999998
2019-08-09,0.37516611980390735,20.0,0.0,bull_normal,50.0,50.0,50.0,0.004797211840514902,0.004742150386899205,-5.5061453615696566e-05,0.0047765546438345826,0.6852798081297826,0.2,0.2,0.2,0.2,0.2,0.17999429509951015,0.12205385072860905,0.27886517648743875,0.22088496280012548,0.19820171488431662,0.19249453712604667,0.17075724545343882,0.22958754202085518,0.20783533024813666,0.1993253441515226
2019-08-16,0.3751661328424234,20.0,0.0,bull_normal,50.0,50.0,50.0,0.0023918852542313762,0.0027093530375359005,0.0003174677833045242,0.0025109884122848027,0.6392504479368405,0.2,0.2,0.2,0.2,0.2,0.18,0.12,0.28,0.22,0.2,0.19249667715065485,0.1699867092026194,0.23001329039738058,0.2075033224493451,0.1999999998
2019-08-23,0.37516614588093944,20.0,0.0,bull_normal,50.0,50.0,50.0,-0.005768864842771864,-0.004242262917858409,0.0015266019249134547,-0.005196135477111523,0.6269753880833823,0.2,0.2,0.2,0.2,0.2,0.18001995299433837,0.12061209744350655,0.27964101896596205,0.22023765790923777,0.19948927268695513,0.19250416257786174,0.1702163463980924,0.22987861390961215,0.20759248391187315,0.19980839220256041
2019-08-30,0.37516613097977825,20.0,0.0,bull_normal,50.0,50.0,50.0,0.006627553597768682,0.005621732523596884,-0.0010058210741717985,0.00625020359066352,0.6111355165880095,0.2,0.2,0.2,0.2,0.2,0.18,0.12,0.28,0.22,0.2,0.19249667718790775,0.16998670935163104,0.23001329024836897,0.20750332241209224,0.1999999998
2019-09-06,0.3751661440182943,20.0,0.0,bull_normal,50.0,50.0,50.0,-6.841459572488447e-05,0.0005858040520486605,0.000654218647773545,0.0001770260915281528,0.6083337224901146,0.2,0.2,0.2,0.2,0.2,0.18,0.12,0.28,0.22,0.2,0.19249667692713743,0.16998670830854973,0.23001329129145023,0.20750332267286253,0.1999999998
2019-09-13,0.3751661291171331,20.0,0.0,bull_normal,50.0,50.0,50.0,0.0012851411129544456,0.0007911976322851519,-0.0004939434806692937,0.001099830248209273,0.5580515390862432,0.2,0.2,0.2,0.2,0.2,0.17964652213280607,0.12430536053812721,0.2778928590264706,0.22233122528550717,0.19582403301708898,0.19236406430212954,0.17160193494657025,0.22922276217760473,0.20837791914042844,0.198433318433267
2019-09-20,0.37516614215564914,20.0,0.0,bull_normal,50.0,50.0,50.0,0.005758054169649348,0.008446450032165124,0.0026883958625157764,0.00676664926720995,0.6619894169458951,0.2,0.2,0.2,0.2,0.2,0.18002306980995356,0.12106658853301043,0.27934469224247144,0.22047565543380224,0.1990899939807624,0.1925053319759822,0.17038685636235817,0.22976744185936782,0.20768177244952615,0.19965859635276562
2019-09-27,0.37516612725448795,20.0,0.0,bull_normal,50.0,50.0,50.0,-0.004919418218697182,-0.005350224919829998,-0.00043080670113281646,-0.005081042295275419,0.6119054851906572,0.2,0.2,0.2,0.2,0.2,0.18000835975040394,0.12174248433498813,0.2789877536929121,0.22077747829735067,0.19848392392434525,0.1924998135575943,0.17064043074875962,0.22963352942386767,0.2077950058591362,0.19943121941064218
2019-10-04,0.375166140293004,20.0,0.0,bull_normal,50.0,50.0,50.0,0.004253591265979757,0.0037288144257237345,-0.0005247768402560221,0.0040567127602490335,0.6134406386595258,0.2,0.2,0.2,0.2,0.2,0.18000284278076603,0.1200643247714012,0.2799617126936388,0.22002389923102175,0.19994722052317218,0.19249774351672985,0.17001084108276066,0.22999892689249166,0.20751228878060618,0.1999801987274116
2019-10-11,0.3751661253918428,20.0,0.0,bull_normal,50.0,50.0,50.0,0.007209621313636622,0.006986282031294805,-0.00022333928234181694,0.007125831973306815,0.6163201252401104,0.2,0.2,0.2,0.2,0.2,0.18000564815742168,0.12180926991460556,0.2789575139308337,0.22080439438050548,0.1984231736166336,0.1924987962969998,0.17066548658163766,0.22962218434238113,0.20780510382305292,0.19940842795592836
2019-10-18,0.37516613843035884,20.0,0.0,bull_normal,50.0,50.0,50.0,0.007922602292303882,0.008014841716367703,9.223942406382142e-05,0.007957207392883737,0.5134943156463553,0.2,0.2,0.2,0.2,0.2,0.18,0.12,0.28,0.22,0.2,0.19249667703889614,0.16998670875558458,0.2300132908444154,0.20750332256110382,0.1999999998
2019-10-25,0.37516612352919765,20.0,0.0,bull_normal,50.0,50.0,50.0,0.0010662406032082184,0.002187775194151978,0.0011215345909437594,0.0014870023866094904,0.4939777277048719,0.2,0.2,0.2,0.2,0.2,0.17984890325527303,0.12330193129972167,0.2781548856626366,0.22177518307802965,0.19691909670433913,0.19243999095697895,0.171225482712315,0.22932106525959794,0.20816931081635365,0.1988441492547544
2019-11-01,0.3751661365677137,20.0,0.0,bull_normal,50.0,50.0,50.0,3.843149401005875e-05,0.0007142957580025346,0.0006758642639924759,0.0002919928784843044,0.5642695436994001,0.2,0.2,0.2,0.2,0.2,0.18,0.12,0.28,0.22,0.2,0.19249667707614904,0.1699867089045962,0.2300132906954038,0.20750332252385095,0.1999999998
2019-11-08,0.3751661216665525,20.0,0.0,bull_normal,50.0,50.0,50.0,0.002326328415625461,0.0003287842400523716,-0.0019975441755730895,0.0015769175128411772,0.5912119999833706,0.2,0.2,0.2,0.2,0.2,0.18,0.12,0.28,0.22,0.2,0.19249667737417225,0.1699867100966891,0.2300132895033109,0.2075033222258277,0.1999999998
2019-11-15,0.37516613470506854,20.0,0.0,bull_normal,50.0,50.0,50.0,-0.0018943483369381843,-0.0020684345510673103,-0.00017408621412912605,-0.001959659587038787,0.6578911501415838,0.2,0.2,0.2,0.2,0.2,0.18,0.12,0.28,0.22,0.2,0.19249667711340196,0.1699867090536078,0.23001329054639216,0.20750332248659803,0.1999999998
2019-11-22,0.37516611980390735,20.0,0.0,bull_normal,50.0,50.0,50.0,0.010972287118546246,0.007951181996797275,-0.0030211051217489716,0.009838870822661102,0.8473813382725026,0.2,0.2,0.2,0.2,0.2,0.18,0.12,0.28,0.22,0.2,0.19249667741142518,0.1699867102457007,0.2300132893542993,0.2075033221885748,0.1999999998
2019-11-29,0.3751661328424234,20.0,0.0,bull_normal,50.0,50.0,50.0,-0.0070244928509256835,-0.009285711408324829,-0.0022612185573991457,-0.007872825464743818,0.7805344886302854,0.2,0.2,0.2,0.2,0.2,0.18,0.12,0.28,0.22,0.2,0.19249667715065485,0.1699867092026194,0.23001329039738058,0.2075033224493451,0.1999999998
2019-12-06,0.37516614588093944,20.0,0.0,bull_normal,50.0,50.0,50.0,-0.0033828576418665074,-0.0030794137743018193,0.0003034438675646881,-0.0032690157723120413,0.8015275925127712,0.2,0.2,0.2,0.2,0.2,0.18,0.12,0.28,0.22,0.2,0.19249667688988453,0.16998670815953812,0.23001329144046187,0.20750332271011546,0.1999999998
2019-12-13,0.37516613097977825,20.0,0.0,bull_normal,50.0,50.0,50.0,-0.0016302118796386344,-0.0007491415567747421,0.0008810703228638923,-0.0012996641341890198,0.7921257469115376,0.2,0.2,0.2,0.2,0.2,0.1800557502620916,0.12138631563923731,0.27921394815597506,0.22048259126803446,0.19886139467466152,0.19251759279801683,0.17050680802580034,0.2297183902195915,0.2076843743107843,0.19957283364580694
2019-12-20,0.3751661440182943,20.0,0.0,bull_normal,50.0,50.0,50.0,0.003511034813353224,0.002888757605389598,-0.000622277207963626,0.003277577469453463,0.8574366536130199,0.2,0.2,0.2,0.2,0.2,0.18000483332180972,0.1218102443144252,0.2789374235492927,0.2208293163246667,0.1984181824898056,0.19249849022584176,0.17066585068704454,0.2296146485821124,0.20781445408024804,0.1994065554247532
2019-12-27,0.3751661291171331,20.0,0.0,bull_normal,50.0,50.0,50.0,-0.0027684801867268963,-0.002246354910498624,0.0005221252762282725,-0.0025725964653575246,0.790110381991505,0.2,0.2,0.2,0.2,0.2,0.1800238689605098,0.12098324468574838,0.2794355597604931,0.22038657549386068,0.1991707510993881,0.1925056320506722,0.17035558960300098,0.22980153123979538,0.20764835240633753,0.1996888937001939
2020-01-03,0.3481227958400268,20.0,0.0,bull_normal,53.0,56.8,47.25,-0.0013135340005329549,0.0005433027783883614,0.0018568367789213163,-0.0006671267889691494,0.8181209595876371,0.2,0.2,0.2,0.2,0.2,0.18251585852492347,0.13493427518799478,0.27166948413366165,0.22060654459319454,0.19027383756022553,0.1939133715929204,0.17734913778773778,0.22494978096807294,0.20717360770921145,0.19661410094205733
2020-01-10,0.3708180056710262,20.0,0.0,bull_normal,54.7,60.0,37.75,0.0029223138423108133,0.0033106742285484393,0.000388360386237626,0.0030663248631507536,0.7837406685376491,0.2,0.2,0.2,0.2,0.2,0.18642437689347277,0.153840904085833,0.2612939136060893,0.2195022094007259,0.178938596013879,0.19496591431893012,0.18288337592664758,0.22272888658045328,0.20723177018892414,0.1921900519850447
2020-01-17,0.37246428467915393,20.0,0.0,bull_normal,55.35,61.779999999999994,36.949999999999996,-0.0009820474166713899,-0.0008812424529384392,0.00010080496373295067,-0.0009445011670179865,0.7928880653393336,0.2,0.2,0.2,0.2,0.2,0.18597536497916153,0.1625259631983161,0.2588737451529437,0.2214757779226219,0.17114914874695666,0.19477632415430085,0.18604225950257827,0.22192836715284558,0.20799896005387877,0.18925408813639644
2020-01-24,0.3721244311600458,20.0,0.0,bull_normal,55.82000000000001,61.81,36.849999999999994,-0.004431680686723087,-0.006148919273357667,-0.0017172385866345806,-0.0050707071138698535,0.752324432216516,0.2,0.2,0.2,0.2,0.2,0.18876700045802716,0.1564402235371531,0.25866627546871657,0.2165614935540811,0.1795650069820221,0.19581992623940236,0.18379034277851397,0.22183115416524354,0.20616293616181028,0.19239563965502982
2020-01-31,0.37144939313293435,20.0,0.0,bull_normal,54.419999999999995,59.65,39.635,0.0011320023517048892,0.0016753879744677948,0.0005433856227629057,0.0013338426101834897,0.7103472842797318,0.2,0.2,0.2,0.2,0.2,0.18560492333942138,0.1460090303859675,0.2646039853833071,0.21925182909264337,0.18453023179866063,0.19465295731567306,0.17994508692226382,0.22399711094060126,0.20715108002601026,0.19425376379545156
2020-02-07,0.3337133535242174,20.0,0.0,bull_normal,58.17999999999999,65.84,38.55,-0.0003504600848590998,0.000464591717734155,0.0008150518025932549,-7.846641444128009e-05,0.8241999911759884,0.2,0.2,0.2,0.2,0.2,0.19116093314653257,0.16921764948915774,0.2520017742473337,0.21598602936416322,0.17163361375281275,0.19705028516125433,0.18972751839194138,0.21735368625593332,0.20533475126331674,0.19053375792755411
2020-02-14,0.39892924661398865,20.0,0.0,bull_normal,55.8,56.0,35.2,-0.006380850252286072,-0.006936839994952245,-0.0005559897426661731,-0.006602650814850342,0.7168945183493278,0.2,0.2,0.2,0.2,0.2,0.18740614867961275,0.1516186894504143,0.2608336559474263,0.2182396574428521,0.18190184847969446,0.19497594418581338,0.18069928005155705,0.224268324311613,0.20727633259489786,0.1927801178561186
2020-02-21,0.39893916426808573,20.0,0.0,bull_normal,56.95,59.55,35.449999999999996,0.007110815848371257,0.007500938943072925,0.00039012309470166755,0.007266451222466768,0.7278249722811552,0.2,0.2,0.2,0.2,0.2,0.18800798066369628,0.16126886227318368,0.25694225708708696,0.219275723671555,0.17450517630447804,0.19521591363287236,0.18454863209956313,0.22271649623114445,0.20768984088450287,0.18982911615191717
2020-02-28,0.40965712154866196,20.0,0.0,bull_normal,55.25,57.010000000000005,36.775,0.0024180483085914114,0.0026012482993812364,0.00018319999078982496,0.0024930974869930155,0.7158297337105078,0.2,0.2,0.2,0.2,0.2,0.19057314524165642,0.15779201515152996,0.2582145730698698,0.2126129810663951,0.18080728547054875,0.19613822161830144,0.18270919823789702,0.2238480142121391,0.20516699731264018,0.19213756761902223
2020-03-06,0.40308586732135154,20.0,0.0,bull_normal,55.790000000000006,58.239999999999995,37.224999999999994,-0.0021855457621094633,-0.002692450058055815,-0.0005069042959463515,-0.002389871717500046,0.7034670714594528,0.2,0.2,0.2,0.2,0.2,0.18667999283004896,0.1501283423319237,0.26226050987041,0.21858978937937348,0.18234136558824382,0.19463089316254273,0.17989743943421246,0.22509633139588744,0.2074932811678127,0.19288205383954451
2020-03-13,0.3503695413528476,20.0,0.0,bull_normal,54.9,59.8,45.2,-0.004016289890522582,-0.005299185916847666,-0.001282896026325084,-0.004465777578403713,0.7405404590964967,0.2,0.2,0.2,0.2,0.2,0.18376612814939197,0.13837727525194923,0.26889717118050727,0.2201804487998892,0.18877897661826235,0.19431214557100937,0.17840927401470338,0.22413947004288343,0.20707061438324115,0.19606849498816245
2020-03-20,0.3254705987928901,20.0,0.0,bull_normal,56.2,53.1,51.25,0.002019177671295554,0.001359248605725748,-0.000659929065569806,0.0018043901613593262,0.7314183891218233,0.2,0.2,0.2,0.2,0.2,0.18105586230887555,0.12777582656617875,0.2752797499753699,0.2213468213482685,0.19454173980130732,0.19383423996822052,0.17649315484867947,0.22450134507696135,0.206947762519598,0.1982234965865406
2020-03-27,0.30748744719312526,20.0,0.0,bull_normal,57.290000000000006,54.65,50.75,0.004522394463474801,0.005063090521846561,0.0005406960583717599,0.004688651709482266,0.6575265446602949,0.2,0.2,0.2,0.2,0.2,0.1816490560905902,0.13889339473912943,0.2705467836370838,0.22306133332999395,0.1858494322032026,0.194357314909354,0.18121048576048643,0.22169225018656036,0.20709107030741847,0.19564887783618062
2020-04-03,0.2668117400316987,20.0,0.0,bull_normal,60.11,57.85,52.41,0.00271387777032887,0.0034689438271744417,0.0007550660568455716,0.002915338255879373,0.7223486526727195,0.2,0.2,0.2,0.2,0.2,0.18430116555869133,0.13958187140077363,0.2683290395533076,0.2193405276841675,0.18844739580306002,0.19581136647043348,0.18387973379510175,0.21823098971968177,0.20516027963938369,0.1969176293753993
2020-04-10,0.3546734046249185,20.0,0.0,bull_normal,57.5,58.0,36.0,-0.005894590140818756,-0.006627565019852369,-0.0007329748790336132,-0.006154556830515588,0.8013645728667959,0.2,0.2,0.2,0.2,0.2,0.1838349068102956,0.1623061334467786,0.26087735360475933,0.22415932849687964,0.1688222776412868,0.19426667116806176,0.1866309878294606,0.22159157804596344,0.20856867108287144,0.18894209087364264
2020-04-17,0.3615682934469078,20.0,0.0,bull_normal,59.0,59.0,38.5,0.0028282636850075686,0.002360256293766863,-0.0004680073912407055,0.00265904704857708,0.7909857473571138,0.2,0.2,0.2,0.2,0.2,0.18819520917220886,0.15422210004138417,0.25966462463142675,0.21720647003734103,0.1807115961176392,0.1957317617301661,0.18344816265093183,0.22157283628556249,0.20622131380142544,0.1930259245319142
2020-04-24,0.38859900171519257,20.0,0.0,bull_normal,58.5,55.5,37.75,-0.0010048735533137582,-0.0016098729543828562,-0.000604999401069098,-0.0012399757153675238,0.8665586344086712,0.2,0.2,0.2,0.2,0.2,0.18871935467393441,0.15709571048267512,0.25851663281183374,0.21670409052184958,0.1789642115097071,0.1956163522919714,0.1833274357409405,0.22273950487167357,0.20649119269485974,0.19182551340055473
2020-05-01,0.36264057728112675,20.0,0.0,bull_normal,59.8,58.1,41.0,-0.008209586564552165,-0.00899321036323407,-0.0007836237986819043,-0.00849376034278364,0.7907443010025237,0.2,0.2,0.2,0.2,0.2,0.1877600465879899,0.1536175959822172,0.26044546621402626,0.21744016818753373,0.18073672302823296,0.19556129603321323,0.18317985804812492,0.22191997853996132,0.20632451245308261,0.19301435392561778
2020-05-08,0.0,20.0,22.480093002319336,event_stress,57.0,57.2,33.0,0.0003314439477795142,-0.00105763853636144,-0.0013890824841409541,0.0003314439474480706,0.7292157526106441,0.2,0.2,0.2,0.2,0.2,0.1903877407592516,0.1608559458452078,0.2559154481061983,0.21504401504517634,0.17779685024416592,0.1999999998,0.1999999998,0.1999999998,0.1999999998,0.1999999998
2020-05-15,0.0,20.0,18.325870513916016,bull_normal,57.45,57.4,34.72,-0.0028234730604965283,-0.00241672606532137,0.00040674699517515836,-0.0028234730576730555,0.6492417143744021,0.2,0.2,0.2,0.2,0.2,0.1883499600387692,0.15575503963477697,0.2588553873907586,0.21745522708785672,0.17958438584783837,0.1999999998,0.1999999998,0.1999999998,0.1999999998,0.1999999998
2020-05-22,0.0,20.0,12.185969352722168,bull_normal,57.61,57.410000000000004,36.125,-0.0033464683827753223,-0.003655276264055844,-0.00030880788128052157,-0.003346468379428854,0.6581255652894246,0.2,0.2,0.2,0.2,0.2,0.18772794595357617,0.1535295562328367,0.26013258416786844,0.21789540131261315,0.18071451233310556,0.1999999998,0.1999999998,0.1999999998,0.1999999998,0.1999999998
2020-05-29,0.0,20.0,14.688297271728516,bull_normal,61.0,61.0,47.25,-0.0020281855317475514,-0.0035897524251969457,-0.0015615668934493942,-0.0020281855297193657,0.6129686875546786,0.2,0.2,0.2,0.2,0.2,0.1860361971470867,0.1452978650924572,0.26467096606477736,0.21832884646879566,0.185666125226883,0.1999999998,0.1999999998,0.1999999998,0.1999999998,0.1999999998
2020-06-05,0.0,20.0,16.467313766479492,bull_normal,61.470000000000006,61.67,49.48,0.00016669058836199011,-0.0019260058765618675,-0.0020926964649238575,0.00016669058819529942,0.6133104867245294,0.2,0.2,0.2,0.2,0.2,0.18627309208078455,0.14914923884376127,0.26340402007911684,0.2184189330736934,0.18275471592264395,0.1999999998,0.1999999998,0.1999999998,0.1999999998,0.1999999998
2020-06-12,0.0,20.0,9.892292022705078,bull_normal,61.0,59.5,44.25,0.0004384023119326199,0.0008712023016852124,0.0004327999897525925,0.0004384023114942175,0.5434692695852068,0.2,0.2,0.2,0.2,0.2,0.18695816989409117,0.14875196299190058,0.2627765720409121,0.21764450210296915,0.183868792970127,0.1999999998,0.1999999998,0.1999999998,0.1999999998,0.1999999998
2020-06-19,0.0,20.0,16.091083526611328,bull_normal,64.12,62.379999999999995,43.449999999999996,-0.0026101457095259258,-0.0037949843665819583,-0.0011848386570560325,-0.0026101457069157797,0.5362206797614772,0.2,0.2,0.2,0.2,0.2,0.19050973039847652,0.15955515265738646,0.25628917433059484,0.21460870492182943,0.17903723769171276,0.1999999998,0.1999999998,0.1999999998,0.1999999998,0.1999999998
2020-06-26,0.0,20.0,15.091196060180664,bull_normal,63.23,61.980000000000004,44.94,0.0042504439861097126,0.003643182066681743,-0.0006072619194279695,0.004250443981859268,0.5018073604268561,0.2,0.2,0.2,0.2,0.2,0.1890263901373829,0.15480843007033598,0.25913403077112646,0.21577046171159417,0.18126068730956044,0.1999999998,0.1999999998,0.1999999998,0.1999999998,0.1999999998
2020-07-03,0.0,20.0,26.05910873413086,event_stress,59.5,61.5,36.25,0.01075329834166771,0.009727485112188818,-0.0010258132294788912,0.01075329833091441,0.514679141093317,0.2,0.2,0.2,0.2,0.2,0.19040031574612434,0.16958780849362068,0.2530554940195812,0.2164479298820681,0.17050845185860578,0.1999999998,0.1999999998,0.1999999998,0.1999999998,0.1999999998
2020-07-10,0.0,20.0,40.52382278442383,event_stress,59.7,63.6,36.7,0.0040173934704818975,0.0028301304268187806,-0.001187263043663117,0.004017393466464503,0.5582814322841844,0.2,0.2,0.2,0.2,0.2,0.19131883123272722,0.17494266413824644,0.25101393703842106,0.21553348440817083,0.16719108318243453,0.1999999998,0.1999999998,0.1999999998,0.1999999998,0.1999999998
2020-07-17,0.0,20.0,21.38831329345703,event_stress,58.95,62.45,37.699999999999996,-0.004871491997339028,-0.003927864046676846,0.0009436279506621816,-0.004871491992467534,0.5881398844336387,0.2,0.2,0.2,0.2,0.2,0.18930820327911724,0.16919779217358535,0.2543118459263461,0.21760601913969277,0.16957613948125866,0.1999999998,0.1999999998,0.1999999998,0.1999999998,0.1999999998
2020-07-24,0.0,20.0,23.901744842529297,event_stress,59.8,53.3,39.25,0.005658073571756514,0.006490656068087018,0.0008325824963305037,0.005658073566098441,0.585929119544058,0.2,0.2,0.2,0.2,0.2,0.1819616305473307,0.15145142456878502,0.26363213051803314,0.22764019573292046,0.1753146186329307,0.1999999998,0.1999999998,0.1999999998,0.1999999998,0.1999999998
2020-07-31,0.0,20.0,15.238004684448242,bull_normal,58.0,63.3,34.25,0.000522190226528042,0.000137729927771194,-0.000384460298756848,0.0005221902260058522,0.5613791515663556,0.2,0.2,0.2,0.2,0.2,0.19312454215130606,0.16916256157445544,0.2512458820388566,0.2123272549905882,0.17413975924479363,0.1999999998,0.1999999998,0.1999999998,0.1999999998,0.1999999998
2020-08-07,0.0,20.0,14.925023078918457,bull_normal,59.0,57.0,44.25,-0.0014853741647511682,-0.001139890769430864,0.0003454833953203042,-0.001485374163265794,0.5805945263913579,0.2,0.2,0.2,0.2,0.2,0.18456091958042437,0.141120948220028,0.26667868256789207,0.220318114486306,0.18732133514534946,0.1999999998,0.1999999998,0.1999999998,0.1999999998,0.1999999998
2020-08-14,0.0,20.0,13.823225021362305,bull_normal,58.5,58.8,39.25,-0.005818645591243921,-0.006470653873961791,-0.0006520082827178699,-0.005818645585425274,0.5601689379101078,0.2,0.2,0.2,0.2,0.2,0.18707467896891466,0.14987206773624162,0.26073704258710956,0.21949396047757067,0.18282225023016344,0.1999999998,0.1999999998,0.1999999998,0.1999999998,0.1999999998
2020-08-21,0.0,20.0,12.165945053100586,bull_normal,57.3,58.2,41.724999999999994,-0.002283213732234899,-0.002266748004914519,1.6465727320379934e-05,-0.002283213729951685,0.4516311080299876,0.2,0.2,0.2,0.2,0.2,0.18535903628313252,0.14391020734652957,0.2646145644798767,0.22025967761047704,0.18585651427998418,0.1999999998,0.1999999998,0.1999999998,0.1999999998,0.1999999998
2020-08-28,0.0,20.0,14.585526466369629,bull_normal,58.0,59.2,34.5,0.001056797219276877,7.9304074796319e-05,-0.000977493144480558,0.0010567972182200798,0.4208271531195806,0.2,0.2,0.2,0.2,0.2,0.18961597893837204,0.15916183444010185,0.25620997301457427,0.2168536293426653,0.17815858426428652,0.1999999998,0.1999999998,0.1999999998,0.1999999998,0.1999999998
2020-09-04,0.0,20.0,15.925451278686523,bull_normal,53.5,53.5,40.75,-0.0021964158173613103,-0.0016840186232741623,0.000512397194087148,-0.002196415815164894,0.4418250641951869,0.2,0.2,0.2,0.2,0.2,0.18258178320102125,0.13560763728283654,0.27076644859767596,0.221354115907232,0.1896900150112342,0.1999999998,0.1999999998,0.1999999998,0.1999999998,0.1999999998
2020-09-11,0.0,20.0,10.068678855895996,bull_normal,51.7,55.0,37.75,-0.0012730171180150508,-0.00034223324045137783,0.000930783877563673,-0.0012730171167420333,0.49399346445458736,0.2,0.2,0.2,0.2,0.2,0.18331200710734416,0.1390450972029744,0.26871369137599743,0.22130042159153906,0.18762878272214498,0.1999999998,0.1999999998,0.1999999998,0.1999999998,0.1999999998
2020-09-18,0.0,20.0,14.900884628295898,bull_normal,51.15,55.5,39.4,0.002616911545528097,0.002497652581186962,-0.00011925896434113485,0.002616911542911185,0.5223750343100881,0.2,0.2,0.2,0.2,0.2,0.1817973686942792,0.14142405308717262,0.2690471164760386,0.22390948266507543,0.1838219790774341,0.1999999998,0.1999999998,0.1999999998,0.1999999998,0.1999999998
2020-09-25,0.0,20.0,14.763071060180664,bull_normal,57.0,56.5,42.25,-0.00984698650647858,-0.008813308564425092,0.0010336779420534875,-0.009846986496631592,0.5763132112557873,0.2,0.2,0.2,0.2,0.2,0.18432464814150668,0.1409649753436072,0.26702622798904097,0.22049640615730048,0.18718774236854469,0.1999999998,0.1999999998,0.1999999998,0.1999999998,0.1999999998
2020-10-02,0.0,20.0,11.913022994995117,bull_normal,57.3,56.3,43.97,-0.003423128105068492,-0.0033961968252080423,2.6931279860449922e-05,-0.003423128101645364,0.5315248491044773,0.2,0.2,0.2,0.2,0.2,0.18377983658643482,0.13874330719704178,0.2684337014339316,0.22060632459093557,0.18843683019165625,0.1999999998,0.1999999998,0.1999999998,0.1999999998,0.1999999998
2020-10-09,0.0,20.0,24.261320114135742,event_stress,56.58,55.029999999999994,45.849999999999994,0.006642974957390334,0.0055866773873554,-0.0010562975700349336,0.006642974950747358,0.6553085538904061,0.2,0.2,0.2,0.2,0.2,0.18253290022103463,0.133892934229067,0.2713782202981552,0.221127829883928,0.191068115367815,0.1999999998,0.1999999998,0.1999999998,0.1999999998,0.1999999998
2020-10-16,0.0,20.0,16.474544525146484,bull_normal,52.3,60.0,44.25,0.0011996179423844084,0.0007857742963712916,-0.0004138436460131168,0.00119961794118479,0.5658708734261978,0.2,0.2,0.2,0.2,0.2,0.18313708166787607,0.13777685618679736,0.2691059955554809,0.22152389693678573,0.1884561696530599,0.1999999998,0.1999999998,0.1999999998,0.1999999998,0.1999999998
2020-10-23,0.0,20.0,12.734755516052246,bull_normal,54.3,54.3,40.75,-0.0030620904034858103,-0.002223838017020284,0.0008382523864655261,-0.0030620904004237193,0.553511907887709,0.2,0.2,0.2,0.2,0.2,0.18305944628790075,0.1390288730206047,0.2690304702887767,0.2215219915055533,0.1873592188971645,0.1999999998,0.1999999998,0.1999999998,0.1999999998,0.1999999998
2020-10-30,0.0,20.0,11.300322532653809,bull_normal,56.5,56.0,40.75,-0.004099074211701901,-0.0036300392809517886,0.0004690349307501125,-0.004099074207602827,0.5187769811614553,0.2,0.2,0.2,0.2,0.2,0.18456970528963035,0.14242460797274956,0.2666553691556322,0.2200446625325065,0.18630565504948146,0.1999999998,0.1999999998,0.1999999998,0.1999999998,0.1999999998
2020-11-06,0.0,20.0,15.468669891357422,bull_normal,57.05,55.45,43.25,0.00719318054916979,0.00646123752464328,-0.0007319430245265098,0.007193180541976608,0.44560544864140217,0.2,0.2,0.2,0.2,0.2,0.18387851225516164,0.1406161503622408,0.2676215190743312,0.22091525957077243,0.186968558737494,0.1999999998,0.1999999998,0.1999999998,0.1999999998,0.1999999998
2020-11-13,0.0,20.0,14.71613883972168,bull_normal,57.0,54.5,40.5,-0.005067924297959409,-0.005505019768019457,-0.00043709547006004837,-0.005067924292891483,0.4218853394258948,0.2,0.2,0.2,0.2,0.2,0.18411317364329807,0.14118724928490767,0.26658959704838187,0.22144334976103527,0.18666663026237715,0.1999999998,0.1999999998,0.1999999998,0.1999999998,0.1999999998
2020-11-20,0.0,20.0,14.838322639465332,bull_normal,59.3,55.5,47.25,0.0014890360451505387,0.0009580032604583247,-0.000531032784692214,0.0014890360436615028,0.40209629817732906,0.2,0.2,0.2,0.2,0.2,0.1831752266131113,0.13578457413869352,0.27012486029437127,0.22068478444170056,0.19023055451212337,0.1999999998,0.1999999998,0.1999999998,0.1999999998,0.1999999998
2020-11-27,0.0,20.0,11.840664863586426,bull_normal,58.9,54.779999999999994,50.08,-0.0024050593064937707,-0.0024414028928446425,-3.6343586350871815e-05,-0.002405059304088711,0.3841134855079316,0.2,0.2,0.2,0.2,0.2,0.18200755503473146,0.13092332729024878,0.2730386497372079,0.22106070525723173,0.1929697626805802,0.1999999998,0.1999999998,0.1999999998,0.1999999998,0.1999999998
2020-12-04,0.0,20.0,12.943492889404297,bull_normal,57.7,58.7,39.25,-0.000628285533186892,-0.00025446617915913627,0.00037381935402775574,-0.0006282855325586068,0.3633422091060886,0.2,0.2,0.2,0.2,0.2,0.18656723732370978,0.14831516163382194,0.26160357154183544,0.22000044386934198,0.18351358563129086,0.1999999998,0.1999999998,0.1999999998,0.1999999998,0.1999999998
2020-12-11,0.0,20.0,7.790973663330078,bull_normal,53.8,56.8,46.8,-0.007273477720693138,-0.006282885415449291,0.0009905923052438478,-0.00727347771341966,0.3566224581092687,0.2,0.2,0.2,0.2,0.2,0.18188309573910108,0.13454207040132693,0.2713581626205743,0.22251568483251097,0.18970098640648675,0.1999999998,0.1999999998,0.1999999998,0.1999999998,0.1999999998
2020-12-18,0.0,20.0,9.832808494567871,bull_normal,60.0,64.5,44.25,0.006117158315098432,0.005783023754244862,-0.00033413456085357,0.006117158308981273,0.3497050885593429,0.2,0.2,0.2,0.2,0.2,0.18596348154547834,0.1633684121088608,0.25799641573688875,0.22233738215704407,0.17033430845172792,0.1999999998,0.1999999998,0.1999999998,0.1999999998,0.1999999998
2020-12-25,0.0,20.0,9.054994583129883,bull_normal,58.65,64.3,46.599999999999994,0.005074600405854416,0.005484359549245249,0.00040975914339083305,0.005074600400779816,0.3711571030592928,0.2,0.2,0.2,0.2,0.2,0.18660029135692374,0.14700066092695113,0.2633833237730977,0.218147125007897,0.18486859893513022,0.1999999998,0.1999999998,0.1999999998,0.1999999998,0.1999999998
2021-01-01,0.0,20.0,19.242372512817383,bull_normal,60.5,64.3,50.75,0.009430650655586544,0.008533794070401737,-0.0008968565851848066,0.009430650646155891,0.4388617057119146,0.2,0.2,0.2,0.2,0.2,0.1855890220754666,0.15396812965405962,0.26227396956314364,0.2202745311633099,0.17789434754402025,0.1999999998,0.1999999998,0.1999999998,0.1999999998,0.1999999998
2021-01-08,0.0,20.0,23.21727752685547,event_stress,58.5,60.5,47.25,0.007228603952611971,0.0064896114381184635,-0.0007389925144935076,0.007228603945383368,0.4281789771838555,0.2,0.2,0.2,0.2,0.2,0.1840799193071102,0.14872942567651878,0.2650558769189915,0.22167445652462872,0.1804603215727507,0.1999999998,0.1999999998,0.1999999998,0.1999999998,0.1999999998
2021-01-15,0.0,20.0,25.394426345825195,event_stress,58.1,59.6,49.599999999999994,0.0013282724158093218,0.0015743573408894874,0.0002460849250801656,0.0013282724144810494,0.5582991925225729,0.2,0.2,0.2,0.2,0.2,0.1827469742347418,0.14226024727421618,0.2673050667121687,0.22354736296465627,0.18414034881421704,0.1999999998,0.1999999998,0.1999999998,0.1999999998,0.1999999998
2021-01-22,0.0,20.0,19.092498779296875,bull_normal,58.220000000000006,58.120000000000005,50.25,-0.005061269393529692,-0.004920530029730562,0.00014073936379912968,-0.005061269388468422,0.5449831550073199,0.2,0.2,0.2,0.2,0.2,0.18290161185016668,0.13688230955516723,0.27016669708922614,0.22103387165124558,0.18901550985419438,0.1999999998,0.1999999998,0.1999999998,0.1999999998,0.1999999998
2021-01-29,0.0,20.0,29.021522521972656,event_stress,53.5,52.5,47.25,-0.008315541471694176,-0.00776301974167198,0.0005525217300221957,-0.008315541463378633,0.5093887624348744,0.2,0.2,0.2,0.2,0.2,0.18021419633656827,0.13254139937273304,0.2737693766407421,0.2240187098863598,0.18945631776359692,0.1999999998,0.1999999998,0.1999999998,0.1999999998,0.1999999998
2021-02-05,0.0,20.0,11.8753662109375,bull_normal,56.0,52.5,49.75,0.0005943853961258085,-9.064553000345337e-05,-0.0006850309261292618,0.0005943853955314229,0.4641516653733743,0.2,0.2,0.2,0.2,0.2,0.18043623880712206,0.13214647884616232,0.27375010971857394,0.2236118849444187,0.19005528768372307,0.1999999998,0.1999999998,0.1999999998,0.1999999998,0.1999999998
2021-02-12,0.0,20.0,13.067367553710938,bull_normal,57.5,59.5,39.0,0.00649456144526117,0.0052465291072778435,-0.0012480323379833267,0.006494561438766608,0.4780470331158837,0.2,0.2,0.2,0.2,0.2,0.18723949640700185,0.1530755692554423,0.260211423197146,0.2190323434700582,0.18044116767035154,0.1999999998,0.1999999998,0.1999999998,0.1999999998,0.1999999998
2021-02-19,0.0,20.0,13.92538833618164,bull_normal,57.529999999999994,59.470000000000006,41.045,0.0024153225865924076,0.0014836532144701273,-0.0009316693721222802,0.0024153225841770844,0.5251153136667756,0.2,0.2,0.2,0.2,0.2,0.18645238000507067,0.1482923007273621,0.2632264160963146,0.21839353755497948,0.18363536561627325,0.1999999998,0.1999999998,0.1999999998,0.1999999998,0.1999999998
2021-02-26,0.0,20.0,16.314613342285156,bull_normal,55.879999999999995,56.42999999999999,43.125,-0.01160866118949813,-0.009345434104858039,0.0022632270846400914,-0.01160866117788947,0.5834465812593548,0.2,0.2,0.2,0.2,0.2,0.1758856459838033,0.14621156205273686,0.2729453477719498,0.2320544881612434,0.17290295603026665,0.1999999998,0.1999999998,0.1999999998,0.1999999998,0.1999999998
2021-03-05,0.0,20.0,9.931452751159668,bull_normal,58.0,57.3,40.75,-0.00498521502670325,-0.0042131275390377655,0.0007720874876654847,-0.004985215021718034,0.6232160450195608,0.2,0.2,0.2,0.2,0.2,0.1840865828934114,0.15216248029594467,0.26263599252125175,0.22372132363982475,0.17739362064956735,0.1999999998,0.1999999998,0.1999999998,0.1999999998,0.1999999998
2021-03-12,0.0,20.0,15.837449073791504,bull_normal,58.3,55.9,44.0,-0.006752125040637251,-0.005953324651227404,0.0007988003894098469,-0.006752125033885125,0.6298877667944253,0.2,0.2,0.2,0.2,0.2,0.18396108550273005,0.14272374140067065,0.2667028472854832,0.2213342432760359,0.1852780825350801,0.1999999998,0.1999999998,0.1999999998,0.1999999998,0.1999999998
2021-03-19,0.0,20.0,16.068668365478516,bull_normal,59.3,59.8,43.75,-0.0023195541122752266,-0.002003241939065637,0.0003163121732095895,-0.0023195541099556723,0.6090811384856818,0.2,0.2,0.2,0.2,0.2,0.17930152690200254,0.15584469043818977,0.26682273536847373,0.22916206962357072,0.16886897766776315,0.1999999998,0.1999999998,0.1999999998,0.1999999998,0.1999999998
2021-03-26,0.0,20.0,15.919195175170898,bull_normal,57.5,56.0,45.25,0.0024728507536101777,0.0024907158898626273,1.7865136252449582e-05,0.0024728507511373268,0.5755757055266175,0.2,0.2,0.2,0.2,0.2,0.183340296343486,0.14035646586069814,0.26839125864003266,0.22132625833137504,0.18658572082440802,0.1999999998,0.1999999998,0.1999999998,0.1999999998,0.1999999998
2021-04-02,0.0,20.0,8.506269454956055,bull_normal,53.0,54.0,43.75,0.005148778988437524,0.005206711776874351,5.7932788436826366e-05,0.005148778983288745,0.4812243311251959,0.2,0.2,0.2,0.2,0.2,0.18129508302068165,0.135406134182697,0.27121920136715005,0.22385190738031888,0.18822767404915236,0.1999999998,0.1999999998,0.1999999998,0.1999999998,0.1999999998
2021-04-09,0.07526353001594543,20.0,3.9420175552368164,bull_normal,52.0,54.8,40.25,-0.0016590296203344982,-0.001053936074589044,0.0006050935457454542,-0.001613488142478342,0.4901487253328774,0.2,0.2,0.2,0.2,0.2,0.18260042435478976,0.13570367220156715,0.27056569422327836,0.22152261278644533,0.18960759643391922,0.19869044631747157,0.19516083120766672,0.2053110230399587,0.20161986761185433,0.19921783082304864
2021-04-16,0.055119192227721214,20.0,3.8919382095336914,bull_normal,55.7,53.8,47.25,-0.0006714577129161358,0.0007213454720457074,0.0013928031849618433,-0.0005946875258341537,0.5207679260066542,0.2,0.2,0.2,0.2,0.2,0.18164190289492668,0.13022447034001314,0.2738542191094003,0.22111359687801255,0.19316581077764733,0.19898811631774216,0.1961540289717261,0.2040707846958485,0.20116376420377402,0.1996233048109092
2021-04-23,0.0,20.0,8.050714492797852,bull_normal,53.0,51.5,41.75,0.008365303571213822,0.008173121472782152,-0.00019218209843166988,0.008365303562848519,0.4587061682541565,0.2,0.2,0.2,0.2,0.2,0.1802962394845251,0.1369666072985638,0.2717578843289667,0.2252054095966343,0.18577385929131016,0.1999999998,0.1999999998,0.1999999998,0.1999999998,0.1999999998
2021-04-30,0.0,20.0,6.358579635620117,bull_normal,53.5,56.0,46.75,-0.004983867433592355,-0.0049592721197572655,2.4595313835089512e-05,-0.004983867428608488,0.3989372629230965,0.2,0.2,0.2,0.2,0.2,0.18175180019693452,0.13148619382840784,0.27329065937337593,0.22124019143744758,0.19223115516383407,0.1999999998,0.1999999998,0.1999999998,0.1999999998,0.1999999998
2021-05-07,0.0,20.0,6.370876312255859,bull_normal,53.05,54.55,49.25,-0.0008315439033253855,0.0002515188782620196,0.0010830627815874051,-0.0008315439024938417,0.4242495428686823,0.2,0.2,0.2,0.2,0.2,0.1812802889949395,0.12687736473928998,0.27575938657283483,0.22046541645618814,0.19561754323674763,0.1999999998,0.1999999998,0.1999999998,0.1999999998,0.1999999998
2021-05-14,0.0,20.0,10.10379695892334,bull_normal,53.5,54.5,45.75,0.0009898452776788125,0.0009712231344988206,-1.8622143179991882e-05,0.0009898452766889667,0.39704316498164166,0.2,0.2,0.2,0.2,0.2,0.181615639085611,0.1304147357594434,0.2737617024751309,0.22124055640561707,0.1929673662741978,0.1999999998,0.1999999998,0.1999999998,0.1999999998,0.1999999998
2021-05-21,0.0,20.0,8.897092819213867,bull_normal,52.5,55.0,48.75,0.0023994055362430273,0.003891555843342007,0.0014921503070989797,0.002399405533843621,0.4627155321981371,0.2,0.2,0.2,0.2,0.2,0.18088262747806635,0.1264843567895323,0.2761609673442497,0.22100568674860135,0.19546636163955025,0.1999999998,0.1999999998,0.1999999998,0.1999999998,0.1999999998
2021-05-28,0.0,20.0,12.698261260986328,bull_normal,57.0,55.0,45.25,0.002343742329590488,0.001221514620092819,-0.001122227709497669,0.0023437423272467455,0.45733482834824773,0.2,0.2,0.2,0.2,0.2,0.1829348685424988,0.13625004130799404,0.27034773221087677,0.22088327082372453,0.18958408711490587,0.1999999998,0.1999999998,0.1999999998,0.1999999998,0.1999999998
2021-06-04,0.05066557228565216,20.0,4.607467174530029,bull_normal,50.7,49.8,45.25,-0.0039997568857516015,-0.003963514629244931,3.6242256506670636e-05,-0.003997920647086846,0.39577561995199045,0.2,0.2,0.2,0.2,0.2,0.17923153541525072,0.12976425765877392,0.27529143005948475,0.22512889628311417,0.1905838805833763,0.1989477536573716,0.1964414657229327,0.20381468318835427,0.2012731697098176,0.19952292672152377
2021-06-11,0.0,20.0,8.018877983093262,bull_normal,49.769999999999996,48.68,46.849999999999994,-2.415419536666444e-05,8.427197226771983e-05,0.00010842616763438427,-2.4154195342510155e-05,0.41116215085680946,0.2,0.2,0.2,0.2,0.2,0.18018028120775945,0.12306081021938071,0.27800701507475967,0.2212310320740304,0.1975208614240698,0.1999999998,0.1999999998,0.1999999998,0.1999999998,0.1999999998
2021-06-18,0.0,20.0,11.080519676208496,bull_normal,50.5,51.0,38.5,-0.012733266190668436,-0.01178808686719207,0.0009451793234763663,-0.012733266177935168,0.5024084717620311,0.2,0.2,0.2,0.2,0.2,0.1816296977203552,0.13216251195390108,0.2724019431549029,0.22240578950491394,0.19140005766592694,0.1999999998,0.1999999998,0.1999999998,0.1999999998,0.1999999998
2021-06-25,0.0,20.0,7.416897773742676,bull_normal,51.5,50.5,45.25,0.003765253154686125,0.003327543434129524,-0.00043770972055660103,0.0037652531509208714,0.4411136284484731,0.2,0.2,0.2,0.2,0.2,0.1805406486197015,0.12651109168531266,0.27614574735475983,0.2218091372141671,0.19499337512605894,0.1999999998,0.1999999998,0.1999999998,0.1999999998,0.1999999998
2021-07-02,0.0,20.0,12.77878189086914,bull_normal,51.5,48.5,40.25,0.003482170213890328,0.004948000620808407,0.0014658304069180795,0.0034821702104081576,0.642311344292157,0.2,0.2,0.2,0.2,0.2,0.1813620285134048,0.1312594019367186,0.27339380869530466,0.22207178186697532,0.19191297898759668,0.1999999998,0.1999999998,0.1999999998,0.1999999998,0.1999999998
2021-07-09,0.0,20.0,6.864459037780762,bull_normal,51.3,48.5,40.25,0.00028389911782886765,0.001426267514506214,0.0011423683966773463,0.00028389911754496844,0.6336851813124019,0.2,0.2,0.2,0.2,0.2,0.18135114262479293,0.13097733095447434,0.27336655651798936,0.2221891138518805,0.19211585605086287,0.1999999998,0.1999999998,0.1999999998,0.1999999998,0.1999999998
2021-07-16,0.0,20.0,8.422077178955078,bull_normal,52.15,48.9,42.25,0.0034245630547098723,0.0037156155417526425,0.00029105248704277024,0.0034245630512853087,0.526214287896009,0.2,0.2,0.2,0.2,0.2,0.18104655751528423,0.12933823100033429,0.2744757331355829,0.221962950252814,0.19317652809598465,0.1999999998,0.1999999998,0.1999999998,0.1999999998,0.1999999998
2021-07-23,0.0,20.0,9.367161750793457,bull_normal,51.5,49.5,38.5,-0.0011657778497295458,-0.0006084385598953241,0.0005573392898342217,-0.0011657778485637679,0.5134330601135874,0.2,0.2,0.2,0.2,0.2,0.18162715364646204,0.13270825179649212,0.27248996375784523,0.22219258422371607,0.19098204657548457,0.1999999998,0.1999999998,0.1999999998,0.1999999998,0.1999999998
2021-07-30,0.0,20.0,16.903968811035156,bull_normal,53.6,53.5,42.7,-0.0036814069075550176,-0.0011624590939175907,0.002518947813637427,-0.0036814069038736113,0.5903162881489622,0.2,0.2,0.2,0.2,0.2,0.1787559612138723,0.14031886654590264,0.2719289194802674,0.22785259663486654,0.18114365612509112,0.1999999998,0.1999999998,0.1999999998,0.1999999998,0.1999999998
2021-08-06,0.0,20.0,12.206250190734863,bull_normal,52.5,51.5,40.25,0.001119431744686196,0.0006985106409364957,-0.00042092110374970023,0.001119431743566764,0.554931103900801,0.2,0.2,0.2,0.2,0.2,0.17302026630495904,0.13814482794719235,0.2775412450164209,0.2351025693790934,0.1761910913523343,0.1999999998,0.1999999998,0.1999999998,0.1999999998,0.1999999998
2021-08-13,0.0,20.0,10.34262466430664,bull_normal,53.2,52.8,39.0,-0.0016420828396168392,-0.0025432629579675422,-0.0009011801183507031,-0.0016420828379747566,0.520491397635923,0.2,0.2,0.2,0.2,0.2,0.18275130409126933,0.1367420039286295,0.2701116423374505,0.22147563616658722,0.18891941347606336,0.1999999998,0.1999999998,0.1999999998,0.1999999998,0.1999999998
2021-08-20,0.0,20.0,15.734041213989258,bull_normal,53.8,50.5,43.75,-0.003009404706178223,-0.0008770438162884637,0.0021323608898897593,-0.003009404703168818,0.5789618210867533,0.2,0.2,0.2,0.2,0.2,0.1812139368275652,0.12930966924539206,0.2744274109366636,0.22163756113914596,0.19341142185123328,0.1999999998,0.1999999998,0.1999999998,0.1999999998,0.1999999998
2021-08-27,0.0,20.0,5.959560394287109,bull_normal,51.5,49.0,45.0,-0.0011219823422400326,-0.002464351333397012,-0.0013423689911569792,-0.0011219823411180501,0.5301926288107816,0.2,0.2,0.2,0.2,0.2,0.18051992987065169,0.12644815012767788,0.2762407649565203,0.22176067995105858,0.19503047509409158,0.1999999998,0.1999999998,0.1999999998,0.1999999998,0.1999999998
2021-09-03,0.0,20.0,6.926104545593262,bull_normal,51.0,48.5,53.75,0.0020157410270532344,0.0025503115486130014,0.000534570521559767,0.002015741025037493,0.4926283772289698,0.2,0.2,0.2,0.2,0.2,0.17996270410042467,0.12350780479768304,0.2779761061959459,0.22167438782805562,0.1968789970778907,0.1999999998,0.1999999998,0.1999999998,0.1999999998,0.1999999998
2021-09-10,0.0,20.0,14.124284744262695,bull_normal,49.3,58.0,45.25,0.0017438554080583418,-0.00017064047860343282,-0.0019144958866617746,0.0017438554063144867,0.5154271323864831,0.2,0.2,0.2,0.2,0.2,0.18168968748304273,0.13116021652347198,0.27355713302182544,0.22114568261670872,0.19244728035495123,0.1999999998,0.1999999998,0.1999999998,0.1999999998,0.1999999998
2021-09-17,0.0,20.0,18.120441436767578,bull_normal,51.8,57.0,45.7,-0.007807271313362366,-0.007596502309263686,0.00021076900409868014,-0.007807271305555094,0.5766828096988397,0.2,0.2,0.2,0.2,0.2,0.17535247263728523,0.13955691351227298,0.27514967469605056,0.2321679047572838,0.17777303439710754,0.1999999998,0.1999999998,0.1999999998,0.1999999998,0.1999999998
2021-09-24,0.0,20.0,9.29004955291748,bull_normal,51.03,55.92999999999999,47.209999999999994,-0.0029562694557949756,-0.002826420575384477,0.00012984888041049853,-0.002956269452838706,0.5251087637234583,0.2,0.2,0.2,0.2,0.2,0.18140732792168562,0.12837976124741188,0.2751227003807755,0.22058523418755055,0.1945049762625763,0.1999999998,0.1999999998,0.1999999998,0.1999999998,0.1999999998
2021-10-01,0.0,20.0,11.113815307617188,bull_normal,53.0,52.5,43.25,-0.0012592250598986068,-0.0006971879698261281,0.0005620370900724787,-0.0012592250586393814,0.5464577239780009,0.2,0.2,0.2,0.2,0.2,0.18157225849054243,0.13096459250819428,0.27349723892933286,0.22152882643435234,0.19243708363757805,0.1999999998,0.1999999998,0.1999999998,0.1999999998,0.1999999998
2021-10-08,0.0,20.0,9.358205795288086,bull_normal,51.3,58.1,48.3,6.478834098426245e-05,-6.30116235181177e-05,-0.00012779996450238014,6.478834091947446e-05,0.4963243941531292,0.2,0.2,0.2,0.2,0.2,0.18132390951850966,0.12859172901514862,0.2749760524931315,0.22090245922334567,0.19420584974986446,0.1999999998,0.1999999998,0.1999999998,0.1999999998,0.1999999998
2021-10-15,0.0,20.0,11.84499740600586,bull_normal,50.7,57.4,52.27499999999999,-0.0035703542378761697,-0.004530482854104378,-0.0009601286162282084,-0.003570354234305815,0.5298701150988981,0.2,0.2,0.2,0.2,0.2,0.18078870590240856,0.12713984924460064,0.27587269476799314,0.22141579692272953,0.19478295316226815,0.1999999998,0.1999999998,0.1999999998,0.1999999998,0.1999999998
2021-10-22,0.0,20.0,12.195123672485352,bull_normal,52.0,55.3,54.2,-0.0024651799180911518,-0.0036408864091177417,-0.00117570649102659,-0.0024651799156259714,0.47011222866656605,0.2,0.2,0.2,0.2,0.2,0.18061167110693374,0.1277675649860167,0.27550720811424806,0.22211359753656634,0.19399995825623503,0.1999999998,0.1999999998,0.1999999998,0.1999999998,0.1999999998
2021-10-29,0.0,20.0,10.787958145141602,bull_normal,53.3,52.2,48.25,-0.0015842221863028496,-0.0007361103387482588,0.0008481118475545908,-0.0015842221847186273,0.45704911934148207,0.2,0.2,0.2,0.2,0.2,0.18065693925641949,0.12545719908010095,0.27673684356234585,0.2210824687169186,0.19606654938421514,0.1999999998,0.1999999998,0.1999999998,0.1999999998,0.1999999998
2021-11-05,0.0,20.0,13.368719100952148,bull_normal,54.0,57.5,51.75,-0.0025451534028675398,-0.001183952551622058,0.0013612008512454818,-0.0025451534003223864,0.5176060558917591,0.2,0.2,0.2,0.2,0.2,0.18149377044065573,0.13164706589258313,0.27303267110610174,0.22210139446310778,0.19172509809755164,0.1999999998,0.1999999998,0.1999999998,0.1999999998,0.1999999998
2021-11-12,0.0,20.0,9.8818941116333,bull_normal,54.0,55.2,50.0,0.005992922830997901,0.00581190978405358,-0.00018101304694432066,0.005992922825004978,0.5372571221623251,0.2,0.2,0.2,0.2,0.2,0.1809385931649192,0.12637382560309537,0.27593068779544205,0.2211663298948778,0.1955905635416656,0.1999999998,0.1999999998,0.1999999998,0.1999999998,0.1999999998
2021-11-19,0.0,20.0,11.548362731933594,bull_normal,52.8,58.3,51.75,0.0018274350731719874,0.0020414247854019115,0.00021398971222992406,0.0018274350713445523,0.4685356167207793,0.2,0.2,0.2,0.2,0.2,0.181351503750152,0.12928242338583634,0.2743021399098243,0.22146992868583787,0.19359400426834938,0.1999999998,0.1999999998,0.1999999998,0.1999999998,0.1999999998
2021-11-26,0.0,20.0,11.64718246459961,bull_normal,53.0,58.5,51.75,-0.0014342158968357823,-0.0005119299159548865,0.0009222859808808957,-0.001434215895401566,0.5535287732960698,0.2,0.2,0.2,0.2,0.2,0.18139858410038615,0.12925953351832778,0.27389638541416833,0.22183533905354524,0.19361015791357242,0.1999999998,0.1999999998,0.1999999998,0.1999999998,0.1999999998
2021-12-03,0.0,20.0,15.403181076049805,bull_normal,52.3,54.0,42.25,-0.003985129692529685,-0.005965563455029191,-0.0019804337624995056,-0.003985129688544555,0.5371553416333569,0.2,0.2,0.2,0.2,0.2,0.18198056106891647,0.13290351505369818,0.27240311634141606,0.22143307887937858,0.19127972865659068,0.1999999998,0.1999999998,0.1999999998,0.1999999998,0.1999999998
2021-12-10,0.0,20.0,20.81270980834961,event_stress,51.0,57.3,52.25,0.006750002286260878,0.006098447427120895,-0.0006515548591399826,0.006750002279510875,0.49429048075682297,0.2,0.2,0.2,0.2,0.2,0.1808684423794592,0.12831478667374177,0.27528697994654927,0.22165648526214085,0.19387330573810893,0.1999999998,0.1999999998,0.1999999998,0.1999999998,0.1999999998
2021-12-17,0.0,20.0,15.549629211425781,bull_normal,52.2,53.8,47.25,0.002095500502476491,0.003634546424454611,0.0015390459219781199,0.0020955005003809907,0.5023535835227422,0.2,0.2,0.2,0.2,0.2,0.17887880891113778,0.13398596508596863,0.27425494411096724,0.22623757493005026,0.18664270696187607,0.1999999998,0.1999999998,0.1999999998,0.1999999998,0.1999999998
2021-12-24,0.0,20.0,10.449832916259766,bull_normal,52.8,57.3,43.75,0.00010972692834033582,6.921730837460397e-05,-4.0509619965731856e-05,0.00010972692823060902,0.49601306544971924,0.2,0.2,0.2,0.2,0.2,0.18270860690182006,0.13517160780429394,0.2710944569093434,0.2207747197868134,0.1902506085977292,0.1999999998,0.1999999998,0.1999999998,0.1999999998,0.1999999998
2021-12-31,0.0,20.0,12.955085754394531,bull_normal,58.5,56.5,54.0,0.00288495570196191,0.004340524948167593,0.0014555692462056833,0.0028849556990769546,0.5890216031882453,0.2,0.2,0.2,0.2,0.2,0.18246435507691758,0.1353792318597541,0.27080612062587517,0.2216290997527683,0.18972119268468474,0.1999999998,0.1999999998,0.1999999998,0.1999999998,0.1999999998
2022-01-07,0.0,20.0,9.08293342590332,bull_normal,52.8,46.5,45.25,-0.005662740964856608,-0.005740709034309595,-7.796806945298707e-05,-0.005662740959193867,0.5152223018247784,0.2,0.2,0.2,0.2,0.2,0.1807692615455368,0.12773905255074974,0.2754254091591298,0.22184958992230686,0.19421668682227672,0.1999999998,0.1999999998,0.1999999998,0.1999999998,0.1999999998
2022-01-14,0.0,20.0,14.195652961730957,bull_normal,54.5,54.6,51.2,0.00241219138142176,0.004900005631219502,0.002487814249797742,0.0024121913790095682,0.6164803977147821,0.2,0.2,0.2,0.2,0.2,0.18104598246978915,0.12758211461704405,0.2754837447990578,0.2211752810039543,0.19471287711015464,0.1999999998,0.1999999998,0.1999999998,0.1999999998,0.1999999998
2022-01-21,0.0,20.0,26.425655364990234,event_stress,60.0,54.0,44.25,0.007236528135220212,0.007923842508085515,0.0006873143728653034,0.007236528127983683,0.5943623161199905,0.2,0.2,0.2,0.2,0.2,0.18398526482351804,0.1408612250517081,0.2671929666457152,0.22111135162400322,0.18684919185505544,0.1999999998,0.1999999998,0.1999999998,0.1999999998,0.1999999998
2022-01-28,0.0,20.0,39.91114807128906,event_stress,60.370000000000005,54.3,47.15,-0.008274483345396719,-0.007427508498744846,0.0008469748466518731,-0.008274483337122236,0.7027960817870263,0.2,0.2,0.2,0.2,0.2,0.18356740531793805,0.13688709966069115,0.269765831336355,0.2199555325180927,0.18982413116692312,0.1999999998,0.1999999998,0.1999999998,0.1999999998,0.1999999998
2022-02-04,0.0,20.0,39.91114807128906,event_stress,54.5,57.0,43.75,-0.008274483345396719,-0.007432585767496624,0.0008418975779000953,-0.008274483337122236,0.789543094320655,0.2,0.2,0.2,0.2,0.2,0.18314206416257978,0.13678407235760048,0.27007128116323686,0.22060879774365044,0.18939378457293246,0.1999999998,0.1999999998,0.1999999998,0.1999999998,0.1999999998
2022-02-11,0.0,20.0,67.86438751220703,event_stress,52.0,44.5,45.25,0.007621513423052763,0.006061714433990156,-0.0015597989890626072,0.007621513415431249,0.9316215270377387,0.2,0.2,0.2,0.2,0.2,0.18058930450553623,0.12763637966227834,0.2755318536300528,0.22216503931334305,0.1940774228887897,0.1999999998,0.1999999998,0.1999999998,0.1999999998,0.1999999998
2022-02-18,0.0,20.0,45.61260986328125,event_stress,55.5,58.6,53.199999999999996,0.005516160037502188,0.005018158884735574,-0.0004980011527666141,0.005516160031986027,0.9221296598017583,0.2,0.2,0.2,0.2,0.2,0.18211232700984856,0.1333878997493475,0.2718388568590915,0.22167687371708736,0.1909840426646252,0.1999999998,0.1999999998,0.1999999998,0.1999999998,0.1999999998
2022-02-25,0.0,20.0,53.68067169189453,event_stress,56.1,54.6,61.199999999999996,-0.00028707353175020127,-0.00019368159522754463,9.339193652265664e-05,-0.0002870735314631281,0.8473336479597361,0.2,0.2,0.2,0.2,0.2,0.17942137385035198,0.13458480023919442,0.27181345867372525,0.227677903759897,0.18650246347683136,0.1999999998,0.1999999998,0.1999999998,0.1999999998,0.1999999998
2022-03-04,0.0,20.0,28.24494171142578,event_stress,56.720000000000006,53.85,63.849999999999994,-0.003934917558443116,-0.004324741395657665,-0.00038982383721454864,-0.0039349175545081985,0.7850889364957764,0.2,0.2,0.2,0.2,0.2,0.17972588745318868,0.13439292426723884,0.27172339926117556,0.2271184666019048,0.18703932241649218,0.1999999998,0.1999999998,0.1999999998,0.1999999998,0.1999999998
2022-03-11,0.0,20.0,66.02262878417969,event_stress,52.6,54.2,46.8,0.00282698807814616,0.0051499682894282535,0.0023229802112820935,0.0028269880753191714,0.8289231297375617,0.2,0.2,0.2,0.2,0.2,0.18110901660835416,0.1278544856554255,0.2751119747573499,0.22140100534280627,0.19452351763606424,0.1999999998,0.1999999998,0.1999999998,0.1999999998,0.1999999998
2022-03-18,0.0,20.0,47.755882263183594,event_stress,53.05,53.85,46.3,-0.0037147094258805353,-0.004026436326772415,-0.0003117269008918798,-0.0037147094221658254,0.7527646977705191,0.2,0.2,0.2,0.2,0.2,0.18119522505727664,0.12835766539695712,0.2746650045659625,0.22161050755436898,0.19417159742543486,0.1999999998,0.1999999998,0.1999999998,0.1999999998,0.1999999998
2022-03-25,0.0,20.0,33.04129409790039,event_stress,53.6,54.3,48.2,-0.0009533123614482244,-0.00030322388753525247,0.000650088473912972,-0.0009533123604949119,0.7017370683602883,0.2,0.2,0.2,0.2,0.2,0.18082975241648744,0.13162120661212304,0.273571062526338,0.22302102928099163,0.19095694916405986,0.1999999998,0.1999999998,0.1999999998,0.1999999998,0.1999999998
2022-04-01,0.0,20.0,46.55447769165039,event_stress,55.05,55.15,50.5,-0.004828405648749439,-0.0061987396938347535,-0.0013703340450853148,-0.004828405643921033,0.7544358007072247,0.2,0.2,0.2,0.2,0.2,0.18117165024621035,0.1277601198668003,0.2751485920899717,0.2212339331903527,0.19468570460666482,0.1999999998,0.1999999998,0.1999999998,0.1999999998,0.1999999998
2022-04-08,0.0,20.0,28.94109535217285,event_stress,55.010000000000005,56.010000000000005,52.5,0.0003480455363323803,0.0014596022462104565,0.0011115567098780761,0.0003480455359843345,0.7503508917949231,0.2,0.2,0.2,0.2,0.2,0.18139599887131855,0.13013031985321305,0.27399467844597647,0.22154050764847527,0.19293849518101655,0.1999999998,0.1999999998,0.1999999998,0.1999999998,0.1999999998
2022-04-15,0.0,20.0,20.463573455810547,event_stress,58.0,53.0,47.75,0.0004879661671805463,0.000496588915118569,8.622747938022673e-06,0.00048796616669258,0.747840731271081,0.2,0.2,0.2,0.2,0.2,0.18194413518412222,0.13171538926161597,0.27291767321212496,0.22117730415981407,0.19224549818232284,0.1999999998,0.1999999998,0.1999999998,0.1999999998,0.1999999998
2022-04-22,0.0,20.0,30.619169235229492,event_stress,50.7,51.3,44.75,-0.0068607849305076735,-0.006261247031109803,0.0005995378993978702,-0.006860784923646889,0.7858685860605146,0.2,0.2,0.2,0.2,0.2,0.1803389270170319,0.12886548968637973,0.27494663758899957,0.22315763219272142,0.1926913135148673,0.1999999998,0.1999999998,0.1999999998,0.1999999998,0.1999999998
2022-04-29,0.0,20.0,23.623430252075195,event_stress,57.5,58.5,47.75,3.195469037184925e-05,-0.0001629863649171399,-0.00019494105528898917,3.195469033989457e-05,0.6616097093622045,0.2,0.2,0.2,0.2,0.2,0.1768611944854648,0.14543744533989375,0.27178613094291,0.2313039360125478,0.17461129321918367,0.1999999998,0.1999999998,0.1999999998,0.1999999998,0.1999999998
2022-05-06,0.0,20.0,37.39347457885742,event_stress,58.25,59.35,50.05,0.0051007337910492,0.0036940949545970214,-0.0014066388364521783,0.005100733785948466,0.6411342945920891,0.2,0.2,0.2,0.2,0.2,0.1774803426480022,0.14419592235978385,0.2703200493108472,0.23183382352367757,0.1761698621576893,0.1999999998,0.1999999998,0.1999999998,0.1999999998,0.1999999998
2022-05-13,0.0,20.0,51.26845932006836,event_stress,52.8,54.5,37.75,0.006179813545123473,0.005941411603611378,-0.00023840194151209578,0.00617981353894366,0.5704059071982632,0.2,0.2,0.2,0.2,0.2,0.1833775913389644,0.1418071622485129,0.267666772325939,0.2217665030168109,0.18538197106977286,0.1999999998,0.1999999998,0.1999999998,0.1999999998,0.1999999998
2022-05-20,0.0,20.0,35.361427307128906,event_stress,53.9,57.85,40.1,0.005848040795241475,0.00492741247051534,-0.0009206283247261346,0.005848040789393435,0.527382839973477,0.2,0.2,0.2,0.2,0.2,0.18446106586833277,0.14227737696816106,0.26691272032788815,0.22003000143223655,0.18631883540338148,0.1999999998,0.1999999998,0.1999999998,0.1999999998,0.1999999998
2022-05-27,0.0,20.0,22.499916076660156,event_stress,53.77,58.470000000000006,40.75,9.927483952943677e-05,0.0009177239415858168,0.00081844910205638,9.927483943016208e-05,0.49598285315081475,0.2,0.2,0.2,0.2,0.2,0.18407905087157325,0.14564974278968676,0.26589535450143664,0.22136683220117603,0.18300901963612734,0.1999999998,0.1999999998,0.1999999998,0.1999999998,0.1999999998
2022-06-03,0.0,20.0,20.02814292907715,event_stress,54.029999999999994,58.17999999999999,42.45,-0.00036424809324001105,-0.002888937050580584,-0.002524688957340573,-0.00036424809287576357,0.546589734083154,0.2,0.2,0.2,0.2,0.2,0.18376299280115796,0.14159058951903894,0.26772942891343743,0.22084844236020468,0.18606854640616102,0.1999999998,0.1999999998,0.1999999998,0.1999999998,0.1999999998
2022-06-10,0.0,20.0,16.96683692932129,bull_normal,53.839999999999996,58.45,43.45,0.0069679391964320185,0.005246452278523818,-0.0017214869179082003,0.006967939189464078,0.5540100515304819,0.2,0.2,0.2,0.2,0.2,0.1834683354079424,0.13793539106080768,0.2693048776753072,0.22049296445119498,0.1887984314047477,0.1999999998,0.1999999998,0.1999999998,0.1999999998,0.1999999998
2022-06-17,0.0,20.0,18.75616455078125,bull_normal,58.5,56.3,42.25,0.0016480163845907436,0.0008672016664916061,-0.0007808147180991375,0.0016480163829427272,0.5287700418229369,0.2,0.2,0.2,0.2,0.2,0.18480494005167997,0.14383882150826136,0.2651237334543574,0.2209684671166928,0.18526403786900836,0.1999999998,0.1999999998,0.1999999998,0.1999999998,0.1999999998
2022-06-24,0.0,20.0,37.32365036010742,event_stress,59.6,60.15,41.75,-0.0033526651495706626,-0.0036294560296953773,-0.0002767908801247147,-0.003352665146217996,0.5793455481131754,0.2,0.2,0.2,0.2,0.2,0.1875108907894568,0.15273373728072848,0.26042619967958136,0.21822908148633552,0.18110009076389783,0.1999999998,0.1999999998,0.1999999998,0.1999999998,0.1999999998
2022-07-01,0.0,20.0,23.735260009765625,event_stress,59.15,59.75,43.75,0.0030038852671294162,0.0022372215065779638,-0.0007666637605514524,0.0030038852641255305,0.529852620005075,0.2,0.2,0.2,0.2,0.2,0.18621935861609834,0.14920461177086172,0.26303060134333,0.2189634708152495,0.18258195745446051,0.1999999998,0.1999999998,0.1999999998,0.1999999998,0.1999999998
2022-07-08,0.0,20.0,28.273609161376953,event_stress,57.86999999999999,58.58,45.75,-0.007589789014685288,-0.008937269348124851,-0.0013474803334395631,-0.007589789007095499,0.5250492953501201,0.2,0.2,0.2,0.2,0.2,0.18423220433270193,0.1396486575720623,0.26774254962605787,0.22016439107643812,0.1882121973927398,0.1999999998,0.1999999998,0.1999999998,0.1999999998,0.1999999998
2022-07-15,0.0,20.0,20.954059600830078,event_stress,56.029999999999994,55.839999999999996,47.75,-0.0047464331096572585,-0.0027343249813259686,0.00201210812833129,-0.004746433104910825,0.6303625638585528,0.2,0.2,0.2,0.2,0.2,0.18211747717748275,0.13199176246977515,0.2728153664616073,0.22083505994561192,0.1922403339455229,0.1999999998,0.1999999998,0.1999999998,0.1999999998,0.1999999998
2022-07-22,0.0,20.0,19.179851531982422,bull_normal,51.5,52.0,45.75,-0.0011304184919792596,-0.0010117156035820746,0.00011870288839718507,-0.001130418490848841,0.5735498858997937,0.2,0.2,0.2,0.2,0.2,0.1801558798709611,0.1307169640194964,0.2745543025527318,0.2236374909230408,0.19093536263376995,0.1999999998,0.1999999998,0.1999999998,0.1999999998,0.1999999998
2022-07-29,0.0,20.0,17.179210662841797,bull_normal,54.2,54.7,46.349999999999994,0.006573692144349119,0.008103451940107783,0.0015297597957586633,0.006573692137775427,0.5779073013929811,0.2,0.2,0.2,0.2,0.2,0.18167001188399443,0.1304978236686095,0.2736239386055677,0.22125624435522176,0.1929519814866066,0.1999999998,0.1999999998,0.1999999998,0.1999999998,0.1999999998
2022-08-05,0.0,20.0,21.693971633911133,event_stress,54.339999999999996,55.510000000000005,47.25,0.004280960068857743,0.00476727144891083,0.00048631138005308765,0.004280960064576783,0.4941018998910624,0.2,0.2,0.2,0.2,0.2,0.1817076049841372,0.13295443497288328,0.2726453017223421,0.2217737392061152,0.19091891911452227,0.1999999998,0.1999999998,0.1999999998,0.1999999998,0.1999999998
2022-08-12,0.0,20.0,10.698698043823242,bull_normal,53.0,54.5,38.75,0.0014618558297065484,0.0007768885596628402,-0.0006849672700437083,0.0014618558282446924,0.43534465572496944,0.2,0.2,0.2,0.2,0.2,0.18333257241513473,0.13963655637400937,0.26860322775793743,0.22125355411659095,0.1871740893363275,0.1999999998,0.1999999998,0.1999999998,0.1999999998,0.1999999998
2022-08-19,0.0,20.0,18.80864906311035,bull_normal,54.32000000000001,55.35,41.05,0.0012963513247666737,0.003310049592940439,0.0020136982681737657,0.001296351323470322,0.6315753553462895,0.2,0.2,0.2,0.2,0.2,0.1833982722512456,0.13838729370089226,0.26912671648289815,0.22076418797127886,0.1883235295936852,0.1999999998,0.1999999998,0.1999999998,0.1999999998,0.1999999998
2022-08-26,0.0,20.0,10.48355770111084,bull_normal,52.8,53.7,50.75,-0.0012577968514207063,-0.0018735996287266923,-0.000615802777305986,-0.001257796850162909,0.5837837143162029,0.2,0.2,0.2,0.2,0.2,0.1805739217481281,0.12497672873327605,0.2770473451629511,0.2210185995752999,0.19638340478034483,0.1999999998,0.1999999998,0.1999999998,0.1999999998,0.1999999998
2022-09-02,0.0,20.0,13.65256118774414,bull_normal,52.5,52.879999999999995,52.75,-0.003248372841426884,-0.002154243823254353,0.0010941290181725313,-0.003248372838178511,0.606389385921891,0.2,0.2,0.2,0.2,0.2,0.1804539037905219,0.12548984848396483,0.2767250150132165,0.22155910975917256,0.19577212295312424,0.1999999998,0.1999999998,0.1999999998,0.1999999998,0.1999999998
2022-09-09,0.0,20.0,12.597677230834961,bull_normal,53.0,51.0,47.25,0.004052476301409426,0.002732746733288487,-0.0013197295681209391,0.00405247629735695,0.551143478889943,0.2,0.2,0.2,0.2,0.2,0.1805667410338781,0.12510941960499555,0.2767441917098537,0.221357470122051,0.19622217752922166,0.1999999998,0.1999999998,0.1999999998,0.1999999998,0.1999999998
2022-09-16,0.0,20.0,20.727134704589844,event_stress,51.54,49.059999999999995,49.599999999999994,-0.007834400591669245,-0.008644579602423078,-0.000810179010753833,-0.007834400583834842,0.6449242433366588,0.2,0.2,0.2,0.2,0.2,0.18012085001502856,0.12284157976825867,0.2782774131862196,0.2211028411247707,0.1976573159057224,0.1999999998,0.1999999998,0.1999999998,0.1999999998,0.1999999998
2022-09-23,0.0,20.0,22.55105209350586,event_stress,49.470000000000006,47.910000000000004,50.5,-0.0010405254064704303,-0.00034555825260510555,0.0006949671538653247,-0.0010405254054299048,0.6084543605998903,0.2,0.2,0.2,0.2,0.2,0.18003015321809163,0.12131070348334982,0.2792373880906981,0.22053096566746946,0.19889078954039105,0.1999999998,0.1999999998,0.1999999998,0.1999999998,0.1999999998
2022-09-30,0.0,20.0,28.174972534179688,event_stress,52.3,48.3,56.699999999999996,-0.0047965877739164905,-0.0058126629872039225,-0.001016075213287432,-0.004796587769119903,0.5625824000010331,0.2,0.2,0.2,0.2,0.2,0.17978911649970833,0.12596617194829807,0.27660754171007557,0.22313148711760247,0.19450568272431557,0.1999999998,0.1999999998,0.1999999998,0.1999999998,0.1999999998
2022-10-07,0.0,20.0,28.174972534179688,event_stress,50.0,57.0,36.25,-0.0047965877739164905,-0.00574010070512029,-0.0009435129312037995,-0.004796587769119903,0.5258848315219473,0.2,0.2,0.2,0.2,0.2,0.1838863602773129,0.14155285326021314,0.2675634406603317,0.22076304252568513,0.18623430327645712,0.1999999998,0.1999999998,0.1999999998,0.1999999998,0.1999999998
2022-10-14,0.0,20.0,27.362335205078125,event_stress,53.0,58.0,50.75,0.007793037638327537,0.008835347061562599,0.0010423094232350624,0.007793037630534499,0.5609518958435304,0.2,0.2,0.2,0.2,0.2,0.1813759492710103,0.1309044696822594,0.2738453791383905,0.22159333539384102,0.1922808665144987,0.1999999998,0.1999999998,0.1999999998,0.1999999998,0.1999999998
2022-10-21,0.0,20.0,22.479154586791992,event_stress,54.25,59.32000000000001,50.05,-0.009522555836569625,-0.009472082363499673,5.04734730699518e-05,-0.009522555827047068,0.465682867089528,0.2,0.2,0.2,0.2,0.2,0.18200781546449818,0.13137857806778566,0.27331968724898575,0.2206371234198048,0.19265679579892545,0.1999999998,0.1999999998,0.1999999998,0.1999999998,0.1999999998
2022-10-28,0.0,20.0,24.540958404541016,event_stress,52.120000000000005,56.36,52.209999999999994,-0.004992646078382249,-0.002403809125307792,0.002588836953074457,-0.004992646073389603,0.5185535711017272,0.2,0.2,0.2,0.2,0.2,0.18091149038535168,0.12797303586524056,0.2752942565369426,0.22162184683503047,0.19419937037743465,0.1999999998,0.1999999998,0.1999999998,0.1999999998,0.1999999998
2022-11-04,0.0,20.0,46.599090576171875,event_stress,52.71,56.96999999999999,51.98,0.01089579531536098,0.0071704886827722095,-0.0037253066325887707,0.010895795304465184,0.6302928413533379,0.2,0.2,0.2,0.2,0.2,0.1735850701383358,0.13502234419868384,0.2780613122741855,0.23386433668517262,0.17946693670362227,0.1999999998,0.1999999998,0.1999999998,0.1999999998,0.1999999998
2022-11-11,0.0,20.0,13.196148872375488,bull_normal,53.5,56.5,46.7,0.00382464200703311,0.0032052457172413638,-0.0006193962897917461,0.0038246420032084674,0.7381094872901568,0.2,0.2,0.2,0.2,0.2,0.1813057704524579,0.1361871683208279,0.27104270185779405,0.22386357994974027,0.18760077941917985,0.1999999998,0.1999999998,0.1999999998,0.1999999998,0.1999999998
2022-11-18,0.0,20.0,16.460689544677734,bull_normal,51.3,53.2,38.3,-0.005547109025888378,-0.007309045267369091,-0.0017619362414807134,-0.005547109020341268,0.6963513672598575,0.2,0.2,0.2,0.2,0.2,0.18245115960291153,0.13586891817272923,0.2707215054128649,0.22165233734849224,0.18930607946300212,0.1999999998,0.1999999998,0.1999999998,0.1999999998,0.1999999998
2022-11-25,0.0,20.0,14.299627304077148,bull_normal,54.0,59.5,38.3,0.004015850800072001,0.004653960452222979,0.0006381096521509777,0.00401585079605615,0.6447287456004881,0.2,0.2,0.2,0.2,0.2,0.18592773461465575,0.1474846099438508,0.2639220282917292,0.2189766305382347,0.18368899661152943,0.1999999998,0.1999999998,0.1999999998,0.1999999998,0.1999999998
2022-12-02,0.0,20.0,20.11107635498047,event_stress,55.5,57.7,36.8,0.0012958400678411185,-0.00019485177737467026,-0.0014906918452157888,0.0012958400665452788,0.6351169176653391,0.2,0.2,0.2,0.2,0.2,0.18645527853486812,0.14957637062737436,0.2625930127351218,0.21884381412612255,0.18253152397651307,0.1999999998,0.1999999998,0.1999999998,0.1999999998,0.1999999998
2022-12-09,0.0,20.0,21.746170043945312,event_stress,56.0,57.95,38.099999999999994,0.0040226343692528884,0.002244502008967929,-0.0017781323602849594,0.004022634365230254,0.6228087739563722,0.2,0.2,0.2,0.2,0.2,0.18626121659176179,0.15054706321619468,0.26242783599198877,0.21927557496296682,0.18148830923708803,0.1999999998,0.1999999998,0.1999999998,0.1999999998,0.1999999998
2022-12-16,0.0,20.0,14.41066837310791,bull_normal,60.0,63.2,41.2,-0.0032925631710908703,-0.003058905359645672,0.00023365781144519832,-0.003292563167798307,0.5288618198534379,0.2,0.2,0.2,0.2,0.2,0.189636611333748,0.15731171925679882,0.25728475786300653,0.21595980780386198,0.17980710374258463,0.1999999998,0.1999999998,0.1999999998,0.1999999998,0.1999999998
2022-12-23,0.0,20.0,11.272066116333008,bull_normal,55.5,57.2,46.7,-0.0023286496876723326,-0.001088185081848627,0.0012404646058237056,-0.0023286496853436823,0.5028935588100821,0.2,0.2,0.2,0.2,0.2,0.18263995685543621,0.13421185429870827,0.27153894016775226,0.2206255466538822,0.19098370202422096,0.1999999998,0.1999999998,0.1999999998,0.1999999998,0.1999999998
2022-12-30,0.0,20.0,11.986933708190918,bull_normal,57.5,60.5,47.25,0.007861894552803558,0.008066755599068718,0.00020486104626516073,0.00786189454494166,0.44466351344668165,0.2,0.2,0.2,0.2,0.2,0.18390501744442697,0.14650415478304196,0.26597213240741796,0.22149726659642963,0.18212142876868337,0.1999999998,0.1999999998,0.1999999998,0.1999999998,0.1999999998
2023-01-06,0.0,20.0,11.259847640991211,bull_normal,59.0,63.3,33.7,0.003696834821066616,0.0036393077742686675,-5.752704679794869e-05,0.003696834817369781,0.47519114645998173,0.2,0.2,0.2,0.2,0.2,0.19285782250216552,0.1789069309427263,0.24856043580870568,0.21395821120070221,0.16571659954570034,0.1999999998,0.1999999998,0.1999999998,0.1999999998,0.1999999998
2023-01-13,0.0,20.0,11.066617965698242,bull_normal,53.9,57.5,40.55,0.005929093009427568,0.004781367588062532,-0.0011477254213650362,0.005929093003498476,0.43754901661883094,0.2,0.2,0.2,0.2,0.2,0.18416267618292076,0.14116481795414468,0.2675576743198121,0.22021349005215224,0.18690134149097018,0.1999999998,0.1999999998,0.1999999998,0.1999999998,0.1999999998
2023-01-20,0.0,20.0,21.41967010498047,event_stress,55.25,58.85,43.45,0.0035860757528851516,0.003169691440625421,-0.00041638431225973077,0.0035860757492990752,0.4335754523010332,0.2,0.2,0.2,0.2,0.2,0.18418432495283274,0.1404297722904056,0.2679298237954954,0.21989071481494113,0.18756536414632521,0.1999999998,0.1999999998,0.1999999998,0.1999999998,0.1999999998
2023-01-27,0.0,20.0,21.41967010498047,event_stress,52.0,64.0,37.75,0.0035860757528851516,0.0033348362849404383,-0.00025123946794471325,0.0035860757492990752,0.430396600846795,0.2,0.2,0.2,0.2,0.2,0.18736386870785898,0.15208369871765584,0.26148052220658274,0.2174891730983883,0.18158273726951404,0.1999999998,0.1999999998,0.1999999998,0.1999999998,0.1999999998
2023-02-03,0.0,20.0,20.132614135742188,event_stress,52.55,64.45,38.5,-0.0016447419084462747,-0.0013710760013324066,0.00027366590711386815,-0.0016447419068015326,0.40511532733808286,0.2,0.2,0.2,0.2,0.2,0.18763594242697879,0.15201390015214755,0.2607586230309516,0.217709654613992,0.1818818797759301,0.1999999998,0.1999999998,0.1999999998,0.1999999998,0.1999999998
2023-02-10,0.0,20.0,12.88224983215332,bull_normal,54.9,62.6,35.3,-0.004826118930350904,-0.004781893276526703,4.422565382420068e-05,-0.004826118925524785,0.3877095644639947,0.2,0.2,0.2,0.2,0.2,0.1890568239558932,0.1589953902518385,0.2563782393188677,0.21798898630125568,0.177580560172145,0.1999999998,0.1999999998,0.1999999998,0.1999999998,0.1999999998
2023-02-17,0.0,20.0,13.485366821289062,bull_normal,52.0,57.0,40.75,-0.0037099712421358533,-0.003225916266293194,0.0004840549758426591,-0.0037099712384258817,0.34961795890723796,0.2,0.2,0.2,0.2,0.2,0.18277114460867866,0.13967086892490688,0.2680414645801552,0.22319570583411769,0.1863208160521415,0.1999999998,0.1999999998,0.1999999998,0.1999999998,0.1999999998
2023-02-24,0.0,20.0,15.950748443603516,bull_normal,52.8,58.5,43.65,0.0013232303328023327,0.0007948465621348281,-0.0005283837706675045,0.0013232303314791023,0.3080567906102165,0.2,0.2,0.2,0.2,0.2,0.18244263047188305,0.14188088815302155,0.2686751885914765,0.22274806525093807,0.18425322753268072,0.1999999998,0.1999999998,0.1999999998,0.1999999998,0.1999999998
2023-03-03,0.0,20.0,12.56244945526123,bull_normal,52.8,62.0,37.25,0.0008532883792071495,0.0007040289426847348,-0.00014925943652241468,0.0008532883783538608,0.31645046937970606,0.2,0.2,0.2,0.2,0.2,0.17831534382964795,0.15757185320543507,0.2677038339317255,0.23005426815782157,0.1663547008753699,0.1999999998,0.1999999998,0.1999999998,0.1999999998,0.1999999998
2023-03-10,0.0,20.0,11.294656753540039,bull_normal,53.25,61.4,39.55,-0.0032033256642727713,-0.001668988760404331,0.0015343369038684402,-0.003203325661069445,0.4041156471614846,0.2,0.2,0.2,0.2,0.2,0.1852011499506725,0.15231103932795095,0.2628574000780128,0.2208533228161368,0.17877708782722693,0.1999999998,0.1999999998,0.1999999998,0.1999999998,0.1999999998
2023-03-17,0.0,20.0,13.704490661621094,bull_normal,53.92,62.02,41.2,0.003084549668902699,0.003854680066930113,0.0007701303980274139,0.0030845496658181482,0.5411797352141072,0.2,0.2,0.2,0.2,0.2,0.18562793693597043,0.145324499276076,0.26442172548015985,0.21955651007932853,0.1850693282284653,0.1999999998,0.1999999998,0.1999999998,0.1999999998,0.1999999998
2023-03-24,0.0,20.0,25.898265838623047,event_stress,54.5,57.0,47.25,0.0006321881042378186,8.23366164234356e-05,-0.0005498514878143829,0.0006321881036056303,0.5616549729775817,0.2,0.2,0.2,0.2,0.2,0.1820137960341958,0.1313766767131744,0.2725449596000103,0.2215200718992786,0.19254449575334093,0.1999999998,0.1999999998,0.1999999998,0.1999999998,0.1999999998
2023-03-31,0.0,20.0,18.596681594848633,bull_normal,55.870000000000005,58.4,49.25,0.001300754285494837,0.0012324068010054548,-6.834748448938228e-05,0.0013007542841940826,0.4650601495638188,0.2,0.2,0.2,0.2,0.2,0.18224238118253322,0.13181934523272884,0.27230421905061775,0.2211743991160941,0.19245965541802607,0.1999999998,0.1999999998,0.1999999998,0.1999999998,0.1999999998
2023-04-07,0.0,20.0,26.276390075683594,event_stress,53.1,58.3,32.3,0.0068559068852047,0.006701603277783074,-0.00015430360742162575,0.006855906878348792,0.4394798151775955,0.2,0.2,0.2,0.2,0.2,0.1870190358869863,0.15149430615491807,0.25958774773339116,0.2206039912608326,0.1812949189638719,0.1999999998,0.1999999998,0.1999999998,0.1999999998,0.1999999998
2023-04-14,0.0,20.0,21.052520751953125,event_stress,53.9,56.45,35.2,-0.0010135179900964393,-0.00041620985624969497,0.0005973081338467444,-0.001013517989082921,0.4199380979247307,0.2,0.2,0.2,0.2,0.2,0.18552665542218405,0.14656927020870011,0.2633700751217988,0.22074030177392454,0.18379369747339258,0.1999999998,0.1999999998,0.1999999998,0.1999999998,0.1999999998
2023-04-21,0.0,20.0,16.506359100341797,bull_normal,57.3,59.0,40.75,-0.008170413383538511,-0.007632166508077704,0.0005382468754608072,-0.008170413375368097,0.4673193147163809,0.2,0.2,0.2,0.2,0.2,0.186055329892729,0.14654410435261894,0.26321743898606115,0.21969858121560817,0.18448454555298274,0.1999999998,0.1999999998,0.1999999998,0.1999999998,0.1999999998
2023-04-28,0.0,20.0,12.456376075744629,bull_normal,58.5,57.0,52.25,0.003393891041489446,0.003958910989973724,0.000565019948484278,0.0033938910380955545,0.44220792504453305,0.2,0.2,0.2,0.2,0.2,0.18250614646768387,0.13414297881321577,0.27086768699125624,0.22172673793089742,0.19075644979694667,0.1999999998,0.1999999998,0.1999999998,0.1999999998,0.1999999998
2023-05-05,0.0,20.0,11.968705177307129,bull_normal,59.1,57.5,51.75,0.011136943789360667,0.012283365348349968,0.001146421558989301,0.011136943778223723,0.444170635180837,0.2,0.2,0.2,0.2,0.2,0.18278612973957967,0.13454117432835333,0.27026298614701527,0.2216927610494058,0.19071694873564607,0.1999999998,0.1999999998,0.1999999998,0.1999999998,0.1999999998
2023-05-12,0.0,20.0,6.253450870513916,bull_normal,55.8,53.0,40.75,-0.004035474764585451,-0.003129171332818523,0.000906303431766928,-0.004035474760549976,0.4804027964245231,0.2,0.2,0.2,0.2,0.2,0.18295104611176702,0.1390492792633453,0.2682614108089942,0.22265834809099352,0.1870799157249,0.1999999998,0.1999999998,0.1999999998,0.1999999998,0.1999999998
2023-05-19,0.0,20.0,10.01243782043457,bull_normal,56.15,54.1,39.949999999999996,-0.003592625212402523,-0.0037606075159647657,-0.00016798230356224273,-0.0035926252088098977,0.44016315963506375,0.2,0.2,0.2,0.2,0.2,0.18397248393570836,0.1406768069876956,0.26766923025542816,0.22062950639271617,0.18705197242845173,0.1999999998,0.1999999998,0.1999999998,0.1999999998,0.1999999998
2023-05-26,0.0,20.0,9.253732681274414,bull_normal,55.71,53.31,41.55,-0.004215586849600542,-0.0030368138169435902,0.001178773032656952,-0.004215586845384955,0.46829962103877915,0.2,0.2,0.2,0.2,0.2,0.18300899642653531,0.13772790797339032,0.2695418629805048,0.2213265827682973,0.18839464985127227,0.1999999998,0.1999999998,0.1999999998,0.1999999998,0.1999999998
2023-06-02,0.0,20.0,6.827239990234375,bull_normal,54.6,61.5,38.2,0.0017427906422791046,0.0020598027596783705,0.00031701211739926585,0.0017427906405363138,0.46744236673551803,0.2,0.2,0.2,0.2,0.2,0.18725368752810753,0.15157537437354074,0.2615523536616021,0.21777031315390802,0.1818482712828416,0.1999999998,0.1999999998,0.1999999998,0.1999999998,0.1999999998
2023-06-09,0.0,20.0,6.339134693145752,bull_normal,55.489999999999995,62.17999999999999,39.5,0.0027324087422172854,0.003195388890655533,0.00046298014843824736,0.0027324087394848765,0.4681444643922863,0.2,0.2,0.2,0.2,0.2,0.18721210524217496,0.15058902586626358,0.261144466279942,0.21855041830129526,0.1825039843103241,0.1999999998,0.1999999998,0.1999999998,0.1999999998,0.1999999998
2023-06-16,0.0,20.0,11.832171440124512,bull_normal,53.5,59.0,37.75,0.006647402743862364,0.004279307098085674,-0.0023680956457766906,0.006647402737214961,0.5136967458788332,0.2,0.2,0.2,0.2,0.2,0.18529116522632347,0.15039370394183116,0.2632814291553753,0.22056628579242307,0.18046741588404716,0.1999999998,0.1999999998,0.1999999998,0.1999999998,0.1999999998
2023-06-23,0.0,20.0,15.946859359741211,bull_normal,54.05,59.7,37.75,0.0031129585674533567,0.0006650534988016036,-0.002447905068651753,0.003112958564340398,0.7502479619355418,0.2,0.2,0.2,0.2,0.2,0.17759619747371166,0.15537841476824968,0.2690683856074882,0.2306113190644609,0.16734568308608966,0.1999999998,0.1999999998,0.1999999998,0.1999999998,0.1999999998
2023-06-30,0.0,20.0,8.697489738464355,bull_normal,54.410000000000004,59.81,39.75,-0.0018645385197560464,-0.0015617449760117093,0.0003027935437443371,-0.0018645385178915077,0.6591702037786665,0.2,0.2,0.2,0.2,0.2,0.18557752760784124,0.1457843655347284,0.26453437822036474,0.21944404905496506,0.1846596795821006,0.1999999998,0.1999999998,0.1999999998,0.1999999998,0.1999999998
2023-07-07,0.0,20.0,20.677927017211914,event_stress,61.3,60.0,51.3,0.004759128760184674,0.005004645188242937,0.00024551642805826276,0.0047591287554255455,0.6850384065930559,0.2,0.2,0.2,0.2,0.2,0.18478451543319807,0.14330597431072642,0.2663072355515973,0.21976087826732776,0.18584139643715047,0.1999999998,0.1999999998,0.1999999998,0.1999999998,0.1999999998
2023-07-14,0.0,20.0,14.18533992767334,bull_normal,60.739999999999995,59.25,52.074999999999996,0.004942996047219226,0.003834807963883,-0.001108188083336226,0.00494299604227623,0.6250326319488462,0.2,0.2,0.2,0.2,0.2,0.1838473340144649,0.14502982445265758,0.2662077464002084,0.22167493315391204,0.1832401619787571,0.1999999998,0.1999999998,0.1999999998,0.1999999998,0.1999999998
2023-07-21,0.0,20.0,26.029634475708008,event_stress,60.96,59.77,52.9,0.0030332074078051876,0.004076440770115207,0.001043233362310019,0.00303320740477198,0.5813501777818554,0.2,0.2,0.2,0.2,0.2,0.18379842704586188,0.14622049882188343,0.26524195330996986,0.2226497757055293,0.18208934511675542,0.1999999998,0.1999999998,0.1999999998,0.1999999998,0.1999999998
2023-07-28,0.0,20.0,13.903834342956543,bull_normal,59.7,61.6,48.2,0.0057312259711806675,0.0030516244599500726,-0.002679601511230595,0.005731225965449441,0.6639634031766196,0.2,0.2,0.2,0.2,0.2,0.18538938388818516,0.14371107794372368,0.26592993531438736,0.21871029039795659,0.18625931245574723,0.1999999998,0.1999999998,0.1999999998,0.1999999998,0.1999999998
2023-08-04,0.0,20.0,9.890667915344238,bull_normal,54.5,62.0,35.3,0.0005521467731199305,0.0003170570673208197,-0.0002350897057991108,0.0005521467725677836,0.5654283758430334,0.2,0.2,0.2,0.2,0.2,0.1882969279628231,0.16185118885003788,0.2572923366140044,0.21807672750049267,0.17448281907264182,0.1999999998,0.1999999998,0.1999999998,0.1999999998,0.1999999998
2023-08-11,0.0,20.0,11.27982234954834,bull_normal,62.5,65.2,52.25,-0.005741895121486951,-0.004873069692670409,0.0008688254288165423,-0.005741895115745056,0.5500149064955294,0.2,0.2,0.2,0.2,0.2,0.18776163833967371,0.15483425377685117,0.2600452991693108,0.21763809152900307,0.1797207171851612,0.1999999998,0.1999999998,0.1999999998,0.1999999998,0.1999999998
2023-08-18,0.0,20.0,15.11018180847168,bull_normal,61.3,63.8,55.75,0.00035481333046462186,0.001619672999409023,0.001264859668944401,0.000354813330109809,0.5880372519562047,0.2,0.2,0.2,0.2,0.2,0.1862803193786176,0.14940041076562852,0.2626049014908298,0.21927284427294233,0.18244152409198167,0.1999999998,0.1999999998,0.1999999998,0.1999999998,0.1999999998
2023-08-25,0.0,20.0,9.499320983886719,bull_normal,58.7,59.6,49.25,-0.002732829239407702,-0.0024481152668959717,0.00028471397251173024,-0.0027328292366748724,0.5431572797324837,0.2,0.2,0.2,0.2,0.2,0.18398974595262732,0.13794832483033054,0.2692714542584404,0.2193219394482668,0.18946853551033482,0.1999999998,0.1999999998,0.1999999998,0.1999999998,0.1999999998
2023-09-01,0.0,20.0,12.980344772338867,bull_normal,59.4,61.1,48.75,0.0032952738817810107,0.0021499998915936484,-0.0011452739901873623,0.0032952738784857365,0.5206122018258762,0.2,0.2,0.2,0.2,0.2,0.18398515898059267,0.14987284413358348,0.26485426950961366,0.2218814035960976,0.17940632378011254,0.1999999998,0.1999999998,0.1999999998,0.1999999998,0.1999999998
2023-09-08,0.0,20.0,14.608733177185059,bull_normal,54.5,56.5,52.25,-0.005527941467880762,-0.0059472734834064185,-0.00041933201552565684,-0.00552794146235282,0.5526992318571687,0.2,0.2,0.2,0.2,0.2,0.18154185757996658,0.13023955961800177,0.27396096233709766,0.22121842646193304,0.1930391940030009,0.1999999998,0.1999999998,0.1999999998,0.1999999998,0.1999999998
2023-09-15,0.0,20.0,8.589619636535645,bull_normal,55.45,58.08,51.27499999999999,-0.0010257945577699845,-0.0005456208487376856,0.0004801737090322989,-0.0010257945567441898,0.4983383157694931,0.2,0.2,0.2,0.2,0.2,0.18200972021715434,0.1317876294419923,0.27300109458127314,0.22091345157017864,0.19228810418940162,0.1999999998,0.1999999998,0.1999999998,0.1999999998,0.1999999998
2023-09-22,0.0,20.0,7.492888450622559,bull_normal,56.5,59.9,52.25,-0.002873442863815972,-0.0037217375525062696,-0.0008482946886902978,-0.0028734428609425286,0.4812022987259989,0.2,0.2,0.2,0.2,0.2,0.18285009121758358,0.13560448486892177,0.270758903337767,0.22074246603844155,0.19004405453728615,0.1999999998,0.1999999998,0.1999999998,0.1999999998,0.1999999998
2023-09-29,0.0,20.0,29.78413200378418,event_stress,68.5,68.8,47.0,-0.0049752622059924265,-0.005542391839193995,-0.0005671296332015689,-0.004975262201017164,0.481865349738829,0.2,0.2,0.2,0.2,0.2,0.19506924582523089,0.17089546842142692,0.2485552472819698,0.210566648042284,0.1749133904290884,0.1999999998,0.1999999998,0.1999999998,0.1999999998,0.1999999998
2023-10-06,0.0,20.0,29.78413200378418,event_stress,68.44,67.78,48.074999999999996,-0.0049752622059924265,-0.005602336231128953,-0.0006270740251365266,-0.004975262201017164,0.48239579054909304,0.2,0.2,0.2,0.2,0.2,0.19357714592247924,0.16654958606564738,0.2511090051507135,0.21199937069726182,0.17676489216389807,0.1999999998,0.1999999998,0.1999999998,0.1999999998,0.1999999998
2023-10-13,0.0,20.0,25.333967208862305,event_stress,62.0,62.5,53.75,-0.006820445544926853,-0.007009573296182482,-0.00018912775125562876,-0.006820445538106407,0.4341375218274896,0.2,0.2,0.2,0.2,0.2,0.18592629693593601,0.14636741614378937,0.26343978317304984,0.2197779583757802,0.18448854537144457,0.1999999998,0.1999999998,0.1999999998,0.1999999998,0.1999999998
2023-10-20,0.0,20.0,39.02693176269531,event_stress,63.6,59.15,52.949999999999996,-0.0028427837027975595,-0.001482720975607976,0.0013600627271895835,-0.0028427836999547758,0.7402265151715768,0.2,0.2,0.2,0.2,0.2,0.18509029722927814,0.14302993975571462,0.26492979753436774,0.22070612293239988,0.1862438425482395,0.1999999998,0.1999999998,0.1999999998,0.1999999998,0.1999999998
2023-10-27,0.0,20.0,20.376544952392578,event_stress,63.910000000000004,58.760000000000005,53.5,0.004377357323923979,0.004417156443657098,3.979911973311934e-05,0.004377357319546621,0.6518584608257713,0.2,0.2,0.2,0.2,0.2,0.18528694306383994,0.14453012766694612,0.2650166657809649,0.21982812049850273,0.18533814298974624,0.1999999998,0.1999999998,0.1999999998,0.1999999998,0.1999999998
2023-11-03,0.0,20.0,15.29140853881836,bull_normal,68.3,65.5,42.7,0.004655068826742407,0.004775032958477886,0.00011996413173547861,0.004655068822087338,0.5866134838324818,0.2,0.2,0.2,0.2,0.2,0.19676085956875106,0.17970802840818134,0.2450013967928906,0.20886958390113947,0.16966013132903746,0.1999999998,0.1999999998,0.1999999998,0.1999999998,0.1999999998
2023-11-10,0.0,20.0,13.94404125213623,bull_normal,53.5,54.0,45.25,-0.003420512280698256,-0.0037377286933407377,-0.00031721641264248175,-0.0034205122772777434,0.5117500602292709,0.2,0.2,0.2,0.2,0.2,0.18157690905617005,0.13037357105823025,0.2736729458688079,0.22144174374776676,0.19293483026902508,0.1999999998,0.1999999998,0.1999999998,0.1999999998,0.1999999998
2023-11-17,0.0,20.0,13.346832275390625,bull_normal,66.6,63.3,42.25,2.5452217588464484e-07,0.00047358991593874337,0.0004733353937628587,2.5452217563023257e-07,0.48480173609808014,0.2,0.2,0.2,0.2,0.2,0.19313563209844398,0.16674727086924612,0.250990912021724,0.21311551542226176,0.17601066958832415,0.1999999998,0.1999999998,0.1999999998,0.1999999998,0.1999999998
2023-11-24,0.0,20.0,24.723976135253906,event_stress,67.32000000000001,62.65,41.75,-0.009094980269055206,-0.009677526084033944,-0.0005825458149787376,-0.009094980259960226,0.4493773774774009,0.2,0.2,0.2,0.2,0.2,0.19389479858033243,0.16942403758938077,0.25030182977454973,0.2115804481450586,0.17479888591067844,0.1999999998,0.1999999998,0.1999999998,0.1999999998,0.1999999998
2023-12-01,0.0,20.0,13.764066696166992,bull_normal,67.56,62.760000000000005,40.849999999999994,-0.0025848287526156664,-0.0017404569811944283,0.0008443717714212381,-0.0025848287500308364,0.5416261558034888,0.2,0.2,0.2,0.2,0.2,0.19448185176293845,0.17092949753803394,0.24873075553784205,0.2117159198699678,0.17414197529121778,0.1999999998,0.1999999998,0.1999999998,0.1999999998,0.1999999998
2023-12-08,0.0,20.0,16.414527893066406,bull_normal,61.4,60.0,51.75,-0.004611371678070047,-0.003991223370312523,0.0006201483077575235,-0.0046113716734586755,0.5399761775382532,0.2,0.2,0.2,0.2,0.2,0.1844855858556014,0.1402577801906339,0.26663218922841536,0.220731735661721,0.18789270906362826,0.1999999998,0.1999999998,0.1999999998,0.1999999998,0.1999999998
2023-12-15,0.0,20.0,10.380339622497559,bull_normal,61.5,62.3,45.3,-0.0013205993927386812,-0.00019603481501692454,0.0011245645777217567,-0.0013205993914180815,0.5835573708397568,0.2,0.2,0.2,0.2,0.2,0.18791377573566365,0.15155845679565177,0.26113590665727665,0.2167278719366719,0.18266398887473603,0.1999999998,0.1999999998,0.1999999998,0.1999999998,0.1999999998
2023-12-22,0.0,20.0,12.588353157043457,bull_normal,62.5,61.7,46.8,0.00022606185142761957,0.0008012416036514602,0.0005751797522238406,0.00022606185120155754,0.5377092678549926,0.2,0.2,0.2,0.2,0.2,0.1875093107394823,0.14985397632998038,0.2620832722812231,0.2169341691968898,0.18361927145242438,0.1999999998,0.1999999998,0.1999999998,0.1999999998,0.1999999998
2023-12-29,0.0,20.0,14.713910102844238,bull_normal,63.95,64.15,45.949999999999996,0.010320328015096589,0.01078096674518803,0.0004606387300914415,0.010320328004776261,0.5503320452389986,0.2,0.2,0.2,0.2,0.2,0.19023283631413915,0.16017067407715138,0.25644495759378944,0.21493714646478052,0.17821438555013944,0.1999999998,0.1999999998,0.1999999998,0.1999999998,0.1999999998
2024-01-05,0.0,20.0,14.005855560302734,bull_normal,65.31,65.51,44.8,-0.008248687414423675,-0.007053057761671734,0.0011956296527519412,-0.008248687406174987,0.5929038683807282,0.2,0.2,0.2,0.2,0.2,0.1924619211245717,0.1648288614561961,0.25323923974562434,0.21248575097891817,0.1769842266946898,0.1999999998,0.1999999998,0.1999999998,0.1999999998,0.1999999998
2024-01-12,0.0,20.0,26.170467376708984,event_stress,64.8,60.0,54.25,-0.007853247335545129,-0.007580314190401356,0.00027293314514377325,-0.007853247327691881,0.5019411715049829,0.2,0.2,0.2,0.2,0.2,0.18452434046945163,0.1548878734424053,0.2619621893444261,0.2229021014946918,0.17572349524902514,0.1999999998,0.1999999998,0.1999999998,0.1999999998,0.1999999998
2024-01-19,0.0,20.0,28.353065490722656,event_stress,65.5,61.2,53.39999999999999,-0.003063605183964894,-0.002689110735740279,0.00037449444822461537,-0.003063605180901288,0.4731198580897752,0.2,0.2,0.2,0.2,0.2,0.1864212557772002,0.15603006635149966,0.2596977900034143,0.22088585808408068,0.1769650297838052,0.1999999998,0.1999999998,0.1999999998,0.1999999998,0.1999999998
2024-01-26,0.0,20.0,13.315013885498047,bull_normal,60.5,63.0,52.5,0.0033897027710922956,0.0029606013308780604,-0.00042910144021423516,0.003389702767702591,0.46798302267629216,0.2,0.2,0.2,0.2,0.2,0.17838189670267565,0.15376675112684637,0.2686883698753588,0.22957860114815237,0.1695843811469667,0.1999999998,0.1999999998,0.1999999998,0.1999999998,0.1999999998
2024-02-02,0.0,20.0,20.48769187927246,event_stress,54.0,59.3,50.25,-0.005527188372232139,-0.0031146901063114157,0.0024124982659207233,-0.005527188366704952,0.5315629502753634,0.2,0.2,0.2,0.2,0.2,0.18134210788743116,0.13721223748881772,0.27136260808288226,0.22318909291707023,0.1868939536237986,0.1999999998,0.1999999998,0.1999999998,0.1999999998,0.1999999998
2024-02-09,0.0,20.0,21.401723861694336,event_stress,66.5,68.1,44.25,0.009257074426421137,0.008914133725524815,-0.0003429407008963218,0.00925707441716406,0.6430346612968132,0.2,0.2,0.2,0.2,0.2,0.1933897798310689,0.18628691603922895,0.2466788692921734,0.2133183280465171,0.16032610679101164,0.1999999998,0.1999999998,0.1999999998,0.1999999998,0.1999999998
2024-02-16,0.0,20.0,21.401723861694336,event_stress,53.0,55.0,40.75,0.009257074426421137,0.007188655228631586,-0.0020684191977895505,0.00925707441716406,0.7322120301139731,0.2,0.2,0.2,0.2,0.2,0.17803037065285182,0.1438039771361395,0.2715274513552363,0.22924787242438524,0.17739032843138716,0.1999999998,0.1999999998,0.1999999998,0.1999999998,0.1999999998
2024-02-23,0.0,20.0,21.375995635986328,event_stress,65.3,61.3,47.5,0.00737454600703632,0.006774239777935432,-0.0006003062291008885,0.0073745459996617715,0.7164547588563843,0.2,0.2,0.2,0.2,0.2,0.1885377254312495,0.15455644657809184,0.25949145103583476,0.21654217477041204,0.18087220218441194,0.1999999998,0.1999999998,0.1999999998,0.1999999998,0.1999999998
2024-03-01,0.0,20.0,18.94527816772461,bull_normal,65.8,61.029999999999994,49.449999999999996,0.006030655842812343,0.005040301332575725,-0.0009903545102366174,0.006030655836781687,0.6408485949681624,0.2,0.2,0.2,0.2,0.2,0.1823884578138688,0.16061446670543178,0.2624776060183045,0.22601936157084754,0.16850010789154748,0.1999999998,0.1999999998,0.1999999998,0.1999999998,0.1999999998
2024-03-08,0.0,20.0,33.764320373535156,event_stress,63.7,64.8,37.75,0.011803496514154431,0.011901788361151211,9.829184699678035e-05,0.011803496502350932,0.7444627889398258,0.2,0.2,0.2,0.2,0.2,0.1954630970604359,0.17390198788647884,0.2467807404559987,0.21106220438514595,0.17279197021194065,0.1999999998,0.1999999998,0.1999999998,0.1999999998,0.1999999998
2024-03-15,0.0,20.0,13.955896377563477,bull_normal,63.410000000000004,63.2,38.35,-0.00011116488546949342,-0.0011695358181392549,-0.0010583709326697614,-0.00011116488535832879,0.6643525470736399,0.2,0.2,0.2,0.2,0.2,0.19358603985079184,0.16937350953942998,0.2502890117721434,0.21232082408378605,0.1744306147538488,0.1999999998,0.1999999998,0.1999999998,0.1999999998,0.1999999998
2024-03-22,0.0,20.0,14.067305564880371,bull_normal,58.7,60.2,50.75,0.001981029278938564,0.002616680423334277,0.0006356511443957129,0.001981029276957535,0.5809479569612012,0.2,0.2,0.2,0.2,0.2,0.18368876945435883,0.1375682067108287,0.26948289760235505,0.2198556366229341,0.1894044896095234,0.1999999998,0.1999999998,0.1999999998,0.1999999998,0.1999999998
2024-03-29,0.0,20.0,24.272106170654297,event_stress,60.7,58.8,49.25,0.002367552918786254,0.0029774530008202286,0.0006099000820339747,0.002367552916418701,0.7088199040969319,0.2,0.2,0.2,0.2,0.2,0.18429248027658038,0.13918197080523953,0.2684237260603883,0.21933699470430354,0.18876482815348813,0.1999999998,0.1999999998,0.1999999998,0.1999999998,0.1999999998
2024-04-05,0.0,20.0,24.50827407836914,event_stress,57.5,62.0,40.75,0.010816375705289722,0.0113810247784142,0.0005646490731244774,0.010816375694473345,0.8185180660422756,0.2,0.2,0.2,0.2,0.2,0.18767154614200005,0.15629592814202925,0.2593849048341305,0.21829668661392013,0.17835093426792004,0.1999999998,0.1999999998,0.1999999998,0.1999999998,0.1999999998
2024-04-12,0.0,20.0,31.890609741210938,event_stress,59.2,61.8,37.75,0.005309846617577805,0.0073258972905844676,0.0020160506730066627,0.005309846612267958,0.9661840307071714,0.2,0.2,0.2,0.2,0.2,0.18963483025038502,0.16185330340549323,0.25420932357326465,0.2185465466503143,0.1757559961205429,0.1999999998,0.1999999998,0.1999999998,0.1999999998,0.1999999998
2024-04-19,0.0,20.0,22.235801696777344,event_stress,61.4,62.27,40.05,0.003307712309780281,0.002655764229687339,-0.0006519480800929417,0.0033077123064725687,0.856621987290016,0.2,0.2,0.2,0.2,0.2,0.1906234142448166,0.16040911694821042,0.2553722404391762,0.21522300588702822,0.1783722224807685,0.1999999998,0.1999999998,0.1999999998,0.1999999998,0.1999999998
2024-04-26,0.0,20.0,23.998302459716797,event_stress,62.0,63.0,47.25,-0.003282624647215621,-0.004974845113837287,-0.0016922204666216661,-0.003282624643932996,0.8065515210761264,0.2,0.2,0.2,0.2,0.2,0.1876062422582238,0.1499031234762743,0.26183405167648743,0.21698759667887094,0.1836689859101436,0.1999999998,0.1999999998,0.1999999998,0.1999999998,0.1999999998
2024-05-03,0.0,20.0,29.945255279541016,event_stress,63.92,64.95,46.449999999999996,0.001054366220658517,-0.0014922095884812802,-0.0025465758091397974,0.0010543662196041506,0.807437744886998,0.2,0.2,0.2,0.2,0.2,0.19030526087512048,0.1581446239114903,0.2572131866175496,0.21431593448382943,0.18002099411201017,0.1999999998,0.1999999998,0.1999999998,0.1999999998,0.1999999998
2024-05-10,0.0,20.0,18.767335891723633,bull_normal,61.5,59.8,43.55,0.008868726765885446,0.008545412375724822,-0.0003233143901606242,0.008868726757016719,0.695505724504208,0.2,0.2,0.2,0.2,0.2,0.18764750899577817,0.15106307590469376,0.26138862852210626,0.21715822940841614,0.18274255716900561,0.1999999998,0.1999999998,0.1999999998,0.1999999998,0.1999999998
2024-05-17,0.0,20.0,12.013651847839355,bull_normal,59.6,63.3,45.2,0.0026605948534412726,0.00223345733060627,-0.00042713752283500247,0.0026605948507806777,0.5975001149728043,0.2,0.2,0.2,0.2,0.2,0.1874399527585977,0.15051649301796663,0.26152921809426055,0.21759342979670968,0.18292090633246533,0.1999999998,0.1999999998,0.1999999998,0.1999999998,0.1999999998
2024-05-24,0.0,20.0,17.400657653808594,bull_normal,61.5,61.0,47.25,-0.006098995477872624,-0.005312033385703527,0.0007869620921690966,-0.006098995471773628,0.6106617939950858,0.2,0.2,0.2,0.2,0.2,0.1863217939989515,0.14553392745694727,0.26373456996750105,0.21870049129468,0.1857092172819203,0.1999999998,0.1999999998,0.1999999998,0.1999999998,0.1999999998
2024-05-31,0.0,20.0,12.38498306274414,bull_normal,57.5,57.7,45.5,-0.002965102428981434,-0.0025682719410145237,0.0003968304879669103,-0.0029651024260163314,0.540634148095407,0.2,0.2,0.2,0.2,0.2,0.18409840792814117,0.13893176241376518,0.26816492468625786,0.22013941536620055,0.1886654896056352,0.1999999998,0.1999999998,0.1999999998,0.1999999998,0.1999999998
2024-06-07,0.0,20.0,10.078767776489258,bull_normal,57.3,66.4,44.25,0.0015070293575291502,0.0019298699629045986,0.0004228406053754484,0.0015070293560221209,0.47466073444165974,0.2,0.2,0.2,0.2,0.2,0.1882230259401587,0.1524146515088714,0.260357108915913,0.21672918513041856,0.18227602850463828,0.1999999998,0.1999999998,0.1999999998,0.1999999998,0.1999999998
2024-06-14,0.0,20.0,14.461387634277344,bull_normal,63.2,56.3,51.25,-0.00741583214607286,-0.007344567716182978,7.126442988988207e-05,-0.007415832138657028,0.44713452960913624,0.2,0.2,0.2,0.2,0.2,0.183931636529347,0.13846532758909713,0.2682851492024565,0.22048655363991457,0.1888313330391849,0.1999999998,0.1999999998,0.1999999998,0.1999999998,0.1999999998
2024-06-21,0.0,20.0,21.130619049072266,event_stress,57.3,61.8,50.75,-0.0023158349473376186,-0.0014506327034182187,0.0008652022439193999,-0.002315834945021783,0.4947498114334215,0.2,0.2,0.2,0.2,0.2,0.18357300858928513,0.13683354400480166,0.2692667287037742,0.22053154573129546,0.1897951729708434,0.1999999998,0.1999999998,0.1999999998,0.1999999998,0.1999999998
2024-06-28,0.0,20.0,26.27972412109375,event_stress,59.5,60.0,37.25,-0.0003544988904464519,0.00042747231471481354,0.0007819712051612654,-0.0003544988900919529,0.5661186808041555,0.2,0.2,0.2,0.2,0.2,0.18982098153220192,0.15819892128118435,0.25603745362091646,0.21678559722514545,0.17915704634055177,0.1999999998,0.1999999998,0.1999999998,0.1999999998,0.1999999998
2024-07-05,0.0,20.0,18.597579956054688,bull_normal,64.8,66.0,36.25,-0.0025670709789620983,-0.0025846104540508683,-1.7539475088769983e-05,-0.002567070976395027,0.5636394166195499,0.2,0.2,0.2,0.2,0.2,0.1988722659842694,0.1837498019787144,0.241814741788644,0.20680096018434774,0.16876223006402447,0.1999999998,0.1999999998,0.1999999998,0.1999999998,0.1999999998
2024-07-12,0.0,20.0,17.13673973083496,bull_normal,63.7,60.6,45.75,0.0007631973801968768,0.0009129541489136548,0.00014975676871677808,0.0007631973794336791,0.5610268576726889,0.2,0.2,0.2,0.2,0.2,0.18436136324451896,0.16321014650357465,0.2605154397660842,0.22316524964179796,0.16874780084402424,0.1999999998,0.1999999998,0.1999999998,0.1999999998,0.1999999998
2024-07-19,0.0,20.0,15.274833679199219,bull_normal,65.22,61.02,48.05,0.003641436825731113,0.0028929022687154858,-0.0007485345570156271,0.003641436822089676,0.5512213408506411,0.2,0.2,0.2,0.2,0.2,0.1878197415164935,0.1504722993948691,0.26138109945808,0.21689519881050737,0.18343166082005,0.1999999998,0.1999999998,0.1999999998,0.1999999998,0.1999999998
2024-07-26,0.0,20.0,15.283838272094727,bull_normal,59.6,59.2,39.5,-0.005242134635920493,-0.003589502401008875,0.0016526322349116182,-0.005242134630678358,0.6909120995246837,0.2,0.2,0.2,0.2,0.2,0.187879699745696,0.1576759891466759,0.2584015803336187,0.21865610143064876,0.1773866293433606,0.1999999998,0.1999999998,0.1999999998,0.1999999998,0.1999999998
2024-08-02,0.0,20.0,12.911852836608887,bull_normal,60.8,59.7,42.4,0.0029359275583937883,0.004549641272553483,0.001613713714159695,0.0029359275554578603,0.7060671593159245,0.2,0.2,0.2,0.2,0.2,0.1876042959996912,0.15392284056668842,0.2600259452293753,0.2182205037968796,0.18022641440736537,0.1999999998,0.1999999998,0.1999999998,0.1999999998,0.1999999998
2024-08-09,0.0,20.0,19.932580947875977,bull_normal,59.7,59.3,47.25,-0.010832850501108828,-0.011477450005723602,-0.0006445995046147745,-0.01083285049027598,0.6145861623215727,0.2,0.2,0.2,0.2,0.2,0.1846715328512123,0.14087694390126212,0.2671255781615984,0.21959742836195245,0.18772851672397475,0.1999999998,0.1999999998,0.1999999998,0.1999999998,0.1999999998
2024-08-16,0.0,20.0,19.529560089111328,bull_normal,62.2,60.8,44.25,-0.0034595367008833423,-0.004219981510019781,-0.0007604448091364387,-0.0034595366974238054,0.5810045538067862,0.2,0.2,0.2,0.2,0.2,0.18811168511066337,0.1523389183944174,0.2606103484518714,0.21671017307254462,0.1822288749705032,0.1999999998,0.1999999998,0.1999999998,0.1999999998,0.1999999998
2024-08-23,0.0,20.0,13.71949577331543,bull_normal,62.7,60.95,45.55,0.0022541396027719648,0.002930635887794507,0.0006764962850225424,0.002254139600517825,0.5484426106545158,0.2,0.2,0.2,0.2,0.2,0.18773442895248377,0.1509405331496583,0.2613989449538344,0.21697142601626745,0.18295466692775608,0.1999999998,0.1999999998,0.1999999998,0.1999999998,0.1999999998
2024-08-30,0.0,20.0,20.047189712524414,event_stress,59.3,59.5,45.25,0.0012136095999162693,0.00024456701395548646,-0.0009690425859607828,0.0012136095987026593,0.595939158764355,0.2,0.2,0.2,0.2,0.2,0.18548234427815097,0.14413913149559796,0.26555734410023074,0.21883424582687733,0.18598693429914304,0.1999999998,0.1999999998,0.1999999998,0.1999999998,0.1999999998
2024-09-06,0.0,20.0,19.221166610717773,bull_normal,60.55,60.45,44.449999999999996,0.001141001410737201,0.0030750163400585944,0.0019340149293213935,0.0011410014095961987,0.7082176778883126,0.2,0.2,0.2,0.2,0.2,0.18688712895128612,0.148688628715363,0.2628341935450196,0.2177558792916661,0.18383416949666523,0.1999999998,0.1999999998,0.1999999998,0.1999999998,0.1999999998
2024-09-13,0.0,20.0,15.765263557434082,bull_normal,59.2,59.7,52.25,-0.002034958726688388,-0.0004137751952638846,0.0016211835314245036,-0.0020349587246534287,0.6965705184817528,0.2,0.2,0.2,0.2,0.2,0.18391251382374962,0.13906960161526413,0.26861662260338787,0.22001746495806357,0.1883837969995349,0.1999999998,0.1999999998,0.1999999998,0.1999999998,0.1999999998
2024-09-20,0.0,20.0,17.032398223876953,bull_normal,64.0,62.0,42.25,0.001579599187343958,0.0012510899065556029,-0.0003285092807883551,0.0015795991857643586,0.6505556314223656,0.2,0.2,0.2,0.2,0.2,0.19090353462817827,0.1609858513273057,0.25544832787156047,0.2143626601439428,0.1782996260290127,0.1999999998,0.1999999998,0.1999999998,0.1999999998,0.1999999998
2024-09-27,0.0,20.0,242.85665893554688,event_stress,66.5,64.5,43.75,0.03257099345194888,0.028478678223078212,-0.004092315228870668,0.032570993419377886,1.0,0.2,0.2,0.2,0.2,0.2,0.18870393011937606,0.18170232636990083,0.2523049086227389,0.21864024269503102,0.1586485921929531,0.1999999998,0.1999999998,0.1999999998,0.1999999998,0.1999999998
2024-10-04,0.0,20.0,579.437255859375,event_stress,63.0,63.5,48.5,0.042521526456215084,0.032835053335964016,-0.009686473120251067,0.04252152641369355,1.0,0.2,0.2,0.2,0.2,0.2,0.1843810284843725,0.1621065097627801,0.26103365925926547,0.22275724967250993,0.16972155282107199,0.1999999998,0.1999999998,0.1999999998,0.1999999998,0.1999999998
2024-10-11,0.0,20.0,126.14768981933594,event_stress,62.8,64.0,38.0,-3.0977707646698515e-06,0.00046601491663639515,0.000469112687401065,-3.0977707615725718e-06,0.8416289634954564,0.2,0.2,0.2,0.2,0.2,0.1873245595372873,0.18175640434015314,0.25344870663262414,0.22049806843025996,0.1569722610596755,0.1999999998,0.1999999998,0.1999999998,0.1999999998,0.1999999998
2024-10-18,0.0,20.0,68.40298461914062,event_stress,66.0,59.0,42.5,0.004528012262540754,0.004470614708632118,-5.739755390863667e-05,0.004528012258012742,0.7466595026571071,0.2,0.2,0.2,0.2,0.2,0.1900764039721085,0.1639721525159665,0.2546111400694876,0.21660428204413473,0.1747360213983027,0.1999999998,0.1999999998,0.1999999998,0.1999999998,0.1999999998
2024-10-25,0.0,20.0,42.712074279785156,event_stress,67.6,64.7,48.75,-0.0030511114179900753,-0.003883709743755074,-0.0008325983257649987,-0.003051111414938964,0.624997907491704,0.2,0.2,0.2,0.2,0.2,0.19096372899933803,0.159513537146061,0.25617051740628216,0.2137040571196499,0.1796481593286688,0.1999999998,0.1999999998,0.1999999998,0.1999999998,0.1999999998
2024-11-01,0.0,20.0,23.982830047607422,event_stress,67.34,64.62,48.849999999999994,0.0008795775007573004,0.0015987512640917632,0.0007191737633344628,0.0008795774998777229,0.5506453134566602,0.2,0.2,0.2,0.2,0.2,0.19074284078082118,0.15882608135308846,0.25659562038271133,0.2138711930569989,0.17996426442638014,0.1999999998,0.1999999998,0.1999999998,0.1999999998,0.1999999998
2024-11-08,0.0,20.0,10.305638313293457,bull_normal,62.5,61.2,42.25,0.005224674884875582,0.004173017583319826,-0.0010516573015557562,0.005224674879650906,0.49128907429664154,0.2,0.2,0.2,0.2,0.2,0.1891665764257403,0.1581919870845267,0.2563573856604263,0.21793167892737572,0.17835237190193093,0.1999999998,0.1999999998,0.1999999998,0.1999999998,0.1999999998
2024-11-15,0.0,20.0,26.35165023803711,event_stress,61.95,60.9,42.849999999999994,-0.008051846970299894,-0.007539771925421537,0.000512075044878357,-0.008051846962248047,0.4807919057317691,0.2,0.2,0.2,0.2,0.2,0.1850601198642191,0.16422010843547974,0.25925466925519214,0.2227895858748757,0.16867551657023327,0.1999999998,0.1999999998,0.1999999998,0.1999999998,0.1999999998
2024-11-22,0.0,20.0,25.66501235961914,event_stress,59.0,58.0,36.25,0.0014586862574399158,0.0024090702699577906,0.0009503840125178748,0.0014586862559812302,0.5462389702523371,0.2,0.2,0.2,0.2,0.2,0.1884322110726637,0.154799244876561,0.25794419570288807,0.2185244669405943,0.180299881407293,0.1999999998,0.1999999998,0.1999999998,0.1999999998,0.1999999998
2024-11-29,0.0,20.0,17.266902923583984,bull_normal,65.3,60.0,47.0,0.0004944576091978133,0.00017159115630398513,-0.0003228664528938282,0.0004944576087033556,0.4709682259233858,0.2,0.2,0.2,0.2,0.2,0.18768291118566735,0.14968637385774036,0.26077439537071073,0.21808275255820694,0.18377356702767444,0.1999999998,0.1999999998,0.1999999998,0.1999999998,0.1999999998
2024-12-06,0.0,20.0,17.27111053466797,bull_normal,67.05,63.6,46.5,-0.002051385347112449,-0.0014068900757881803,0.000644495271324269,-0.0020513853450610637,0.43753680807892864,0.2,0.2,0.2,0.2,0.2,0.19134826697334778,0.16088853430528194,0.2550756237102677,0.21378536884447252,0.17890220616663008,0.1999999998,0.1999999998,0.1999999998,0.1999999998,0.1999999998
2024-12-13,0.0,20.0,23.88559341430664,event_stress,66.0,68.1,44.0,0.0065705414387296456,0.008363101604728192,0.0017925601659985468,0.006570541432159104,0.5124234561823482,0.2,0.2,0.2,0.2,0.2,0.195273772498834,0.1727070447036379,0.24866165185352207,0.20958089813039815,0.17377663281360795,0.1999999998,0.1999999998,0.1999999998,0.1999999998,0.1999999998
2024-12-20,0.0,20.0,19.114971160888672,bull_normal,66.8,66.2,47.25,-0.0016018524237659264,-0.0013619645056879685,0.00023988791807795788,-0.0016018524221640738,0.4588101332641481,0.2,0.2,0.2,0.2,0.2,0.19233396038306083,0.16375558688959507,0.2537716560369944,0.212396514044962,0.17774228264538786,0.1999999998,0.1999999998,0.1999999998,0.1999999998,0.1999999998
2024-12-27,0.0,20.0,14.810264587402344,bull_normal,60.5,61.4,52.75,0.0006115098095512612,-0.00035188711464393703,-0.0009633969241951983,0.0006115098089397513,0.4072989623366802,0.2,0.2,0.2,0.2,0.2,0.18494104461295788,0.1429938765707142,0.2662633985311153,0.21951633204772128,0.18628534823749135,0.1999999998,0.1999999998,0.1999999998,0.1999999998,0.1999999998
2025-01-03,0.0,20.0,20.17166519165039,event_stress,71.2,69.4,52.75,0.00011976931394653355,0.0014029277478631338,0.0012831584339166003,0.00011976931382676401,0.4453081238496961,0.2,0.2,0.2,0.2,0.2,0.1961963592702143,0.17531113731075373,0.2468838739336139,0.2089428268024471,0.17266580268297094,0.1999999998,0.1999999998,0.1999999998,0.1999999998,0.1999999998
2025-01-10,0.0,20.0,17.136428833007812,bull_normal,70.6,69.22,52.849999999999994,-0.005887716800733313,-0.00686221533086864,-0.000974498530135327,-0.005887716794845597,0.41448745375696056,0.2,0.2,0.2,0.2,0.2,0.19573408224346944,0.174058402082054,0.24766735526130662,0.20937550470451027,0.17316465570865971,0.1999999998,0.1999999998,0.1999999998,0.1999999998,0.1999999998
2025-01-17,0.0,20.0,18.00389862060547,bull_normal,61.5,57.5,48.2,0.004307522258390968,0.003342946794458466,-0.0009645754639325019,0.0043075222540834455,0.4197922390077834,0.2,0.2,0.2,0.2,0.2,0.1844137310292733,0.13995041136510827,0.2678946471392417,0.21950339517429363,0.188237815292083,0.1999999998,0.1999999998,0.1999999998,0.1999999998,0.1999999998
2025-01-24,0.0,20.0,16.795421600341797,bull_normal,63.540000000000006,64.32000000000001,47.25,0.0009401637658781249,0.00015824056507992047,-0.0007819232007982044,0.0009401637649379611,0.386657938354613,0.2,0.2,0.2,0.2,0.2,0.18937073849179636,0.15653278751987457,0.2584217460720453,0.21542705120994124,0.18024767670634248,0.1999999998,0.1999999998,0.1999999998,0.1999999998,0.1999999998
2025-01-31,0.0,20.0,11.09433364868164,bull_normal,68.5,68.0,50.0,0.001304844688259733,0.001618810626591944,0.000313965938332211,0.0013048446869548883,0.32920025304517203,0.2,0.2,0.2,0.2,0.2,0.19287545751382495,0.16460907457733173,0.25322613514296954,0.21159091445810627,0.17769841830776748,0.1999999998,0.1999999998,0.1999999998,0.1999999998,0.1999999998
2025-02-07,0.0,20.0,13.195215225219727,bull_normal,69.5,65.8,47.0,0.00880987956356523,0.008867133047517075,5.725348395184404e-05,0.00880987955475535,0.3093438073220418,0.2,0.2,0.2,0.2,0.2,0.19386686139112025,0.16823862239219514,0.24951371632050115,0.2128116710620454,0.17556912883413806,0.1999999998,0.1999999998,0.1999999998,0.1999999998,0.1999999998
2025-02-14,0.0,20.0,14.026698112487793,bull_normal,65.0,63.0,42.5,-0.002265427207689908,-0.003356642044495479,-0.001091214836805571,-0.002265427205424481,0.3278207677657404,0.2,0.2,0.2,0.2,0.2,0.19221258527611393,0.16448939881238656,0.2533821947542501,0.21297042292928103,0.17694539822796831,0.1999999998,0.1999999998,0.1999999998,0.1999999998,0.1999999998
2025-02-21,0.0,20.0,18.47249984741211,bull_normal,68.3,64.3,42.95,-0.002730405881244418,-0.003964216597282457,-0.0012338107160380384,-0.0027304058785140124,0.32853198194018013,0.2,0.2,0.2,0.2,0.2,0.19455813530962443,0.1704571015831932,0.24870158163657147,0.21167459384000425,0.1746085876306066,0.1999999998,0.1999999998,0.1999999998,0.1999999998,0.1999999998
2025-02-28,0.0,20.0,21.692710876464844,event_stress,70.6,66.6,42.449999999999996,-0.007480638853888672,-0.007783201335594004,-0.000302562481705332,-0.007480638846408032,0.29834959300027686,0.2,0.2,0.2,0.2,0.2,0.19871727409025333,0.1821116544489581,0.24244836299331202,0.20677855791327576,0.16994415055420076,0.1999999998,0.1999999998,0.1999999998,0.1999999998,0.1999999998
2025-03-07,0.0,20.0,12.181278228759766,bull_normal,71.4,65.7,55.75,-0.001113480367701339,-0.001359506916843335,-0.0002460265491419961,-0.0011134803665878584,0.2630409130475832,0.2,0.2,0.2,0.2,0.2,0.19414438571230708,0.17141860033138334,0.24910959524307646,0.21195364625763607,0.173373772455597,0.1999999998,0.1999999998,0.1999999998,0.1999999998,0.1999999998
2025-03-14,0.0,20.0,18.04887580871582,bull_normal,69.9,66.2,47.75,0.0021088639691362386,0.0017792513036101437,-0.0003296126655260949,0.0021088639670273743,0.24456095590252247,0.2,0.2,0.2,0.2,0.2,0.19422029730277857,0.1687896961044865,0.2506378371043776,0.21057452748707964,0.17577764200127782,0.1999999998,0.1999999998,0.1999999998,0.1999999998,0.1999999998
2025-03-21,0.0,20.0,17.730093002319336,bull_normal,68.0,59.5,52.75,-0.004579415959213101,-0.004436964653821999,0.0001424513053911022,-0.0045794159546336845,0.24632289104162847,0.2,0.2,0.2,0.2,0.2,0.18778462454858721,0.15159866905482436,0.26071726722084726,0.21750255936825738,0.18239687980748384,0.1999999998,0.1999999998,0.1999999998,0.1999999998,0.1999999998
2025-03-28,0.0,20.0,14.578508377075195,bull_normal,70.1,63.5,40.75,0.0011396571558678333,0.001637724500519303,0.0004980673446514697,0.0011396571547281759,0.24353893670542195,0.2,0.2,0.2,0.2,0.2,0.19731725594976895,0.17894220364245006,0.244569461857616,0.20824598184403476,0.17092509670613015,0.1999999998,0.1999999998,0.1999999998,0.1999999998,0.1999999998
2025-04-04,0.0,20.0,21.403427124023438,event_stress,65.0,57.0,38.75,0.005217138359245075,0.006187577788092259,0.0009704394288471835,0.005217138354027936,0.2663736328195993,0.2,0.2,0.2,0.2,0.2,0.19286574627821276,0.16574463978619777,0.25274649609218086,0.2119243751862281,0.17671874265718046,0.1999999998,0.1999999998,0.1999999998,0.1999999998,0.1999999998
2025-04-11,0.0,20.0,20.59331512451172,event_stress,70.6,74.1,42.7,0.0022323106899963326,0.00228030021847956,4.798952848322725e-05,0.0022323106877640215,0.2704119132251992,0.2,0.2,0.2,0.2,0.2,0.20570242784979512,0.20117670611736105,0.2308156315794907,0.19997321719665678,0.1623320172566964,0.1999999998,0.1999999998,0.1999999998,0.1999999998,0.1999999998
2025-04-18,0.0,20.0,21.958120346069336,event_stress,71.64000000000001,72.42,42.8,0.0009868508197293866,0.0010024334382021138,1.558261847272712e-05,0.000986850818742536,0.30978928189425436,0.2,0.2,0.2,0.2,0.2,0.2042825756638283,0.19674937199001433,0.23411019263595065,0.20039907494329118,0.16445878476691553,0.1999999998,0.1999999998,0.1999999998,0.1999999998,0.1999999998
2025-04-25,0.0,20.0,30.134929656982422,event_stress,61.2,55.6,51.2,-0.002522708329664245,-0.0032712111356713886,-0.0007485028060071437,-0.0025227083271415363,0.27627949748801806,0.2,0.2,0.2,0.2,0.2,0.18303336820939525,0.13491025779034443,0.27004249991973067,0.22129628590158495,0.1907175881789448,0.1999999998,0.1999999998,0.1999999998,0.1999999998,0.1999999998
2025-05-02,0.0,20.0,24.607986450195312,event_stress,62.64000000000001,57.27,53.199999999999996,-0.003444384249709785,-0.0029985818196271467,0.00044580243008263826,-0.0034443842462654004,0.26544692800463027,0.2,0.2,0.2,0.2,0.2,0.18434300140891505,0.14066269763557693,0.2668642661324316,0.22070626231954435,0.18742377250353207,0.1999999998,0.1999999998,0.1999999998,0.1999999998,0.1999999998
2025-05-09,0.0,20.0,20.83251953125,event_stress,68.0,65.2,42.5,0.001769098404494414,0.0017849786139405922,1.5880209446178083e-05,0.0017690984027253155,0.22862981385526246,0.2,0.2,0.2,0.2,0.2,0.19571286689898365,0.17421913337909592,0.24754266195808555,0.20953435321401287,0.17299098454982198,0.1999999998,0.1999999998,0.1999999998,0.1999999998,0.1999999998
2025-05-16,0.0,20.0,30.42140007019043,event_stress,67.52000000000001,65.12,45.05,-0.0073024671022899924,-0.00845115012727353,-0.0011486830249835371,-0.007302467094987525,0.2397275063078165,0.2,0.2,0.2,0.2,0.2,0.1932852051066781,0.16651859610313843,0.2513006313787483,0.21246007202724773,0.17643549538418749,0.1999999998,0.1999999998,0.1999999998,0.1999999998,0.1999999998
2025-05-23,0.0,20.0,17.393173217773438,bull_normal,66.0,65.5,42.5,0.004034399049307421,0.004239720475977233,0.00020532142666981196,0.004034399045273022,0.2530250647177099,0.2,0.2,0.2,0.2,0.2,0.1938839070020409,0.16856952770294162,0.24960076268300166,0.21260040537988312,0.17534539723213274,0.1999999998,0.1999999998,0.1999999998,0.1999999998,0.1999999998
2025-05-30,0.0,20.0,12.620182037353516,bull_normal,66.02000000000001,66.79,41.9,-0.0031210401446029644,-0.0034225331994786304,-0.000301493054875666,-0.0031210401414819237,0.2363499027702331,0.2,0.2,0.2,0.2,0.2,0.19528811257826453,0.17252900131737106,0.24731556040320088,0.21114342581206108,0.17372389988910242,0.1999999998,0.1999999998,0.1999999998,0.1999999998,0.1999999998
2025-06-06,0.0,20.0,11.836191177368164,bull_normal,61.2,66.4,39.25,0.005393771008104616,0.00561462599369859,0.00022085498559397398,0.005393771002710844,0.2128440598594027,0.2,0.2,0.2,0.2,0.2,0.1936797036190544,0.1690996196591633,0.2502762658972127,0.21217761121979853,0.17476679960477104,0.1999999998,0.1999999998,0.1999999998,0.1999999998,0.1999999998
2025-06-13,0.0,20.0,8.935701370239258,bull_normal,62.3,60.0,52.25,0.001039966960128211,0.0010031344896464939,-3.683247048171705e-05,0.001039966959088244,0.19533895056024822,0.2,0.2,0.2,0.2,0.2,0.18552656482212546,0.14363033528388797,0.26520346081132684,0.21925065571949687,0.18638898336316298,0.1999999998,0.1999999998,0.1999999998,0.1999999998,0.1999999998
2025-06-20,0.0,20.0,9.917930603027344,bull_normal,64.32000000000001,59.95,54.099999999999994,-0.0027579135371613257,-0.002677566924458496,8.034661270282968e-05,-0.002757913534403412,0.19700395240370058,0.2,0.2,0.2,0.2,0.2,0.18588612000488386,0.14659509399274226,0.2633473138078288,0.21992903013901502,0.18424244205553003,0.1999999998,0.1999999998,0.1999999998,0.1999999998,0.1999999998
2025-06-27,0.0,20.0,8.465886116027832,bull_normal,62.94,58.8,54.699999999999996,-0.0032493915437633923,-0.0036741112036206285,-0.0004247196598572362,-0.0032493915405140007,0.207148532139572,0.2,0.2,0.2,0.2,0.2,0.18341266707640963,0.14960202806675646,0.2645119027291203,0.22366087385413852,0.17881252827357513,0.1999999998,0.1999999998,0.1999999998,0.1999999998,0.1999999998
2025-07-04,0.0,20.0,11.096841812133789,bull_normal,59.7,60.8,39.25,0.002488160066995281,0.0022692510568667985,-0.00021890901012848246,0.0024881600645071207,0.17360329012778583,0.2,0.2,0.2,0.2,0.2,0.1890020689961699,0.1560108806011021,0.25789785169892504,0.21699870967682391,0.180090489026979,0.1999999998,0.1999999998,0.1999999998,0.1999999998,0.1999999998
2025-07-11,0.0,20.0,11.441459655761719,bull_normal,65.8,60.7,56.0,-0.0014077171029945078,-0.002299993779435112,-0.0008922766764406043,-0.0014077171015867908,0.16635583786268152,0.2,0.2,0.2,0.2,0.2,0.18705275468560523,0.15172637356508326,0.26073913222559625,0.21914389568827566,0.18133784383543966,0.1999999998,0.1999999998,0.1999999998,0.1999999998,0.1999999998
2025-07-18,0.0,20.0,10.065231323242188,bull_normal,67.32000000000001,62.15,55.75,0.0024979574052335285,0.002077530894487763,-0.00042042651074576535,0.0024979574027355705,0.1811366206886847,0.2,0.2,0.2,0.2,0.2,0.18889954963910155,0.1569056814208222,0.25776940940510085,0.21719237768360966,0.1792329818513658,0.1999999998,0.1999999998,0.1999999998,0.1999999998,0.1999999998
2025-07-25,0.0,20.0,9.69139289855957,bull_normal,60.3,59.3,42.25,-0.0030252956519481195,-0.004094792386576873,-0.0010694967346287533,-0.0030252956489228234,0.183011324588896,0.2,0.2,0.2,0.2,0.2,0.187229041200004,0.1502973727824188,0.261880198591382,0.2177226131623595,0.18287077426383563,0.1999999998,0.1999999998,0.1999999998,0.1999999998,0.1999999998
2025-08-01,0.0,20.0,7.673639297485352,bull_normal,62.120000000000005,58.75,45.15,-0.002815348114494927,-0.0023475726078338857,0.0004677755066610414,-0.002815348111679579,0.18406269872220615,0.2,0.2,0.2,0.2,0.2,0.1865856483800026,0.14751459034552122,0.2634084771416719,0.2180414989932858,0.18444978513951837,0.1999999998,0.1999999998,0.1999999998,0.1999999998,0.1999999998
2025-08-08,0.0,20.0,6.28231954574585,bull_normal,65.8,61.2,57.25,0.00413699306695676,0.004175273219667235,3.828015271047525e-05,0.004136993062819767,0.16398585038048466,0.2,0.2,0.2,0.2,0.2,0.1871239188721568,0.15246762708043932,0.25968570803092184,0.22003875684338675,0.18068398917309536,0.1999999998,0.1999999998,0.1999999998,0.1999999998,0.1999999998
2025-08-15,0.0,20.0,6.668877601623535,bull_normal,69.2,61.1,42.25,0.0003171834279711641,-0.0004990938542774641,-0.0008162772822486282,0.00031718342765398033,0.16617130478709444,0.2,0.2,0.2,0.2,0.2,0.1936070326894181,0.16795223271770884,0.25012902951105237,0.2127626956422642,0.17554900943955654,0.1999999998,0.1999999998,0.1999999998,0.1999999998,0.1999999998
2025-08-22,0.0,20.0,7.149256229400635,bull_normal,69.24000000000001,59.95,41.75,-0.0005773963463674039,-0.0013480815699211852,-0.0007706852235537813,-0.0005773963457900075,0.19502082226253015,0.2,0.2,0.2,0.2,0.2,0.19337165745335366,0.1678958648617438,0.25092085589617763,0.2124034663264627,0.17540815546226235,0.1999999998,0.1999999998,0.1999999998,0.1999999998,0.1999999998
2025-08-29,0.0,20.0,8.64034652709961,bull_normal,64.5,61.1,45.5,0.003679668085143343,0.003486020346857805,-0.0001936477382855381,0.003679668081463675,0.1661718524606333,0.2,0.2,0.2,0.2,0.2,0.18884459873606171,0.15421347185248763,0.25937010901847973,0.21604593388669416,0.18152588650627685,0.1999999998,0.1999999998,0.1999999998,0.1999999998,0.1999999998
2025-09-05,0.0,20.0,6.255481719970703,bull_normal,58.0,57.0,43.75,0.0014621121095695628,0.0021808598550066114,0.0007187477454370485,0.0014621121081074505,0.2122985493864263,0.2,0.2,0.2,0.2,0.2,0.18446135309735,0.14315171447631492,0.2661601914293295,0.220712184820783,0.18551455617622262,0.1999999998,0.1999999998,0.1999999998,0.1999999998,0.1999999998
2025-09-12,0.0,20.0,8.000490188598633,bull_normal,61.6,56.6,42.949999999999996,0.0026175017181971016,0.0024875091411472243,-0.00012999257704987728,0.0026175017155795994,0.19716600201886691,0.2,0.2,0.2,0.2,0.2,0.18596761157935884,0.15212985088080228,0.2619615013468233,0.22015469073333807,0.1797863454596775,0.1999999998,0.1999999998,0.1999999998,0.1999999998,0.1999999998
2025-09-19,0.022801466286182404,20.0,4.776209831237793,bull_normal,58.8,55.5,34.25,-0.0033374990439579166,-0.0031722130916006946,0.000165285952357222,-0.003333730278553934,0.18039402573061672,0.2,0.2,0.2,0.2,0.2,0.18823421802196272,0.1554810664382355,0.2587484451726793,0.2179057353707188,0.17963053499640363,0.1997317227191655,0.19898490283830975,0.20133955049063093,0.20040827682097648,0.1995355461309174
2025-09-26,0.0,20.0,40.372825622558594,event_stress,62.5,56.4,45.5,-0.007250262080502361,-0.009470277392346939,-0.0022200153118445776,-0.007250262073252098,0.2575307748294719,0.2,0.2,0.2,0.2,0.2,0.18566205745539419,0.14442398652332283,0.26518576965040214,0.21878698267881844,0.1859412036920625,0.1999999998,0.1999999998,0.1999999998,0.1999999998,0.1999999998
2025-10-03,0.0,20.0,23.657787322998047,event_stress,61.67,55.10999999999999,47.345,0.003562719513251997,0.003466470679059897,-9.624883419210011e-05,0.0035627195096892775,0.22835118273110516,0.2,0.2,0.2,0.2,0.2,0.18395656533669147,0.13856362224848873,0.26867962038871795,0.21995131691133232,0.18884887511476953,0.1999999998,0.1999999998,0.1999999998,0.1999999998,0.1999999998
2025-10-10,0.0,20.0,32.646697998046875,event_stress,67.2,67.1,45.2,0.004334164728550701,0.005095323541380866,0.0007611588128301648,0.004334164724216536,0.28517368048829767,0.2,0.2,0.2,0.2,0.2,0.19460162596981845,0.17054015046475973,0.24980899624488073,0.2102747701176862,0.17477445720285498,0.1999999998,0.1999999998,0.1999999998,0.1999999998,0.1999999998
2025-10-17,0.0,20.0,46.85993957519531,event_stress,68.9,67.6,42.3,0.0052083210802841865,0.00597211158873877,0.0007637905084545834,0.005208321075075865,0.45086477235745415,0.2,0.2,0.2,0.2,0.2,0.19801158680741504,0.1799189129356547,0.24319884753714502,0.2080147993657066,0.17085585335407869,0.1999999998,0.1999999998,0.1999999998,0.1999999998,0.1999999998
2025-10-24,0.0,20.0,34.37996292114258,event_stress,70.2,74.8,40.55,4.433203071490438e-05,-0.00033471124916327146,-0.00037904327987817583,4.4332030670571404e-05,0.4360848857420551,0.2,0.2,0.2,0.2,0.2,0.2060088606045912,0.20086324487302093,0.22988616896313563,0.20040667508046356,0.16283505047878868,0.1999999998,0.1999999998,0.1999999998,0.1999999998,0.1999999998
2025-10-31,0.0,20.0,12.87620735168457,bull_normal,66.1,64.3,45.05,-0.0004797211884437688,0.0002240723609193166,0.0007037935493630854,-0.00047972118796404733,0.43050869167768596,0.2,0.2,0.2,0.2,0.2,0.1918691991025327,0.1627823460996801,0.25390572165792075,0.21352628682495634,0.17791644631491016,0.1999999998,0.1999999998,0.1999999998,0.1999999998,0.1999999998
2025-11-07,0.0,20.0,13.03089714050293,bull_normal,61.0,57.5,42.75,0.00016860748190659742,-0.00028216622601481275,-0.0004507737079214102,0.0001686074817379899,0.36511717562658275,0.2,0.2,0.2,0.2,0.2,0.18651613392007868,0.14793871358459196,0.26319114678350886,0.21836274071724182,0.18399126499457866,0.1999999998,0.1999999998,0.1999999998,0.1999999998,0.1999999998
2025-11-14,0.0,20.0,9.51344108581543,bull_normal,68.0,58.5,47.75,1.8877571724937333e-05,0.00046252706642660105,0.0004436494947016637,1.8877571706060076e-05,0.34997856788960174,0.2,0.2,0.2,0.2,0.2,0.18780024828108338,0.14992677172400148,0.26036501266021855,0.21823316928866612,0.1836747980460304,0.1999999998,0.1999999998,0.1999999998,0.1999999998,0.1999999998
2025-11-21,0.0,20.0,7.855384826660156,bull_normal,63.1,56.8,49.7,-0.011483630652473983,-0.010283977486346603,0.0011996531661273794,-0.011483630640990351,0.3474617350160933,0.2,0.2,0.2,0.2,0.2,0.18395601426775485,0.13757667092288295,0.26814914739717255,0.220778411154071,0.18953975625811867,0.1999999998,0.1999999998,0.1999999998,0.1999999998,0.1999999998
2025-11-28,0.0,20.0,12.405293464660645,bull_normal,56.5,53.5,59.25,0.005656167425842437,0.00496115238011953,-0.0006950150457229066,0.00565616742018627,0.3156185033821971,0.2,0.2,0.2,0.2,0.2,0.18035410538978366,0.13229260440325807,0.27208358790989445,0.22569882178883233,0.18957088050823157,0.1999999998,0.1999999998,0.1999999998,0.1999999998,0.1999999998
2025-12-05,0.0,20.0,9.878982543945312,bull_normal,54.5,56.0,29.5,-0.0020485768202593763,-0.001986083173807069,6.249364645230732e-05,-0.0020485768182107993,0.2965231465620564,0.2,0.2,0.2,0.2,0.2,0.1874277283453134,0.15905632045185578,0.25712621961144116,0.22088135579234963,0.17550837579904,0.1999999998,0.1999999998,0.1999999998,0.1999999998,0.1999999998
2025-12-12,0.0,20.0,6.7934980392456055,bull_normal,54.19,53.69,34.84,-0.0018893871229660915,-0.0011818837292015996,0.0007075033937644919,-0.0018893871210767044,0.2657995382409565,0.2,0.2,0.2,0.2,0.2,0.18664312475663605,0.15079542707231722,0.26247968841609126,0.2182782099402014,0.18180354981475397,0.1999999998,0.1999999998,0.1999999998,0.1999999998,0.1999999998
2025-12-19,0.0,20.0,6.885918617248535,bull_normal,59.3,53.1,51.2,-0.0004957099325687705,-3.843564658769391e-05,0.0004572742859810766,-0.0004957099320730605,0.23827274895488917,0.2,0.2,0.2,0.2,0.2,0.17823920315110747,0.1388789914648303,0.2722067104298367,0.2290366885825929,0.18163840637163262,0.1999999998,0.1999999998,0.1999999998,0.1999999998,0.1999999998
2025-12-26,0.0,20.0,20.51524543762207,event_stress,60.2,50.5,54.45,0.004062545834960922,0.002574221460415293,-0.0014883243745456294,0.004062545830898376,0.22620556819651355,0.2,0.2,0.2,0.2,0.2,0.18101397876887115,0.13276434370548773,0.272183311993981,0.22395466490418653,0.1900837006274736,0.1999999998,0.1999999998,0.1999999998,0.1999999998,0.1999999998
2026-01-02,0.0,20.0,21.75489044189453,event_stress,60.0,60.5,40.75,-0.008940421318414634,-0.010274583419181946,-0.0013341621007673127,-0.00894042130947421,0.22180865815974288,0.2,0.2,0.2,0.2,0.2,0.18814391800888797,0.152930863317511,0.2593778842631293,0.21793438262975748,0.18161295178071424,0.1999999998,0.1999999998,0.1999999998,0.1999999998,0.1999999998
2026-01-09,0.0,20.0,20.839658737182617,event_stress,61.34000000000001,61.720000000000006,42.75,0.007326819171402259,0.006324499634563847,-0.001002319536838412,0.007326819164075439,0.2083746576238799,0.2,0.2,0.2,0.2,0.2,0.18883821159053954,0.1549418443060487,0.25915113688650354,0.21615758569074817,0.18091122152616015,0.1999999998,0.1999999998,0.1999999998,0.1999999998,0.1999999998
2026-01-16,0.0,20.0,19.875621795654297,bull_normal,61.739999999999995,62.73,43.65,-0.0003638300658973202,0.0007287708301809662,0.0010926008960782864,-0.0003638300655334902,0.22563769578503717,0.2,0.2,0.2,0.2,0.2,0.18868065741330814,0.1633612645732822,0.25659908896801814,0.2176661726312565,0.17369281641413514,0.1999999998,0.1999999998,0.1999999998,0.1999999998,0.1999999998
2026-01-23,0.0,20.0,21.636674880981445,event_stress,61.34000000000001,60.85,45.949999999999996,0.0007496827830314651,0.0019840334182785213,0.0012343506352470563,0.0007496827822817834,0.32306790687373876,0.2,0.2,0.2,0.2,0.2,0.18672466959192316,0.15042478005262247,0.2616563492975453,0.2191217180272471,0.1820724830306621,0.1999999998,0.1999999998,0.1999999998,0.1999999998,0.1999999998
2026-01-30,0.0,20.0,37.23126220703125,event_stress,58.8,52.0,37.75,0.0024267620802736504,0.0027873752293782845,0.0003606131491046341,0.0024267620778468885,0.29292898336890266,0.2,0.2,0.2,0.2,0.2,0.1847237219070513,0.143172733419958,0.2645583080453662,0.22195378674457436,0.18559144988305015,0.1999999998,0.1999999998,0.1999999998,0.1999999998,0.1999999998
2026-02-06,0.0,20.0,44.177467346191406,event_stress,64.2,66.8,53.55,-0.007115920409923692,-0.006745295104170195,0.0003706253057534966,-0.007115920402807772,0.30450593632227363,0.2,0.2,0.2,0.2,0.2,0.1888954075567883,0.15455063631771457,0.25733658873417986,0.21820873084142653,0.18100863654989063,0.1999999998,0.1999999998,0.1999999998,0.1999999998,0.1999999998
2026-02-13,0.0,20.0,34.520530700683594,event_stress,65.6,65.7,55.55,0.00309164092635008,0.0034600339057991934,0.00036839297944911333,0.0030916409232584386,0.26813568521314424,0.2,0.2,0.2,0.2,0.2,0.18908453870977043,0.1564415249804191,0.25613936257817943,0.2187499171857477,0.17958465654588346,0.1999999998,0.1999999998,0.1999999998,0.1999999998,0.1999999998
2026-02-20,0.0,20.0,34.520530700683594,event_stress,66.22,64.47999999999999,55.05,0.00309164092635008,0.0034565479398891296,0.0003649070135390495,0.0030916409232584386,0.2390394843258408,0.2,0.2,0.2,0.2,0.2,0.18938289914852008,0.15801900919881512,0.25721471715447264,0.21647615859574576,0.1789072159024465,0.1999999998,0.1999999998,0.1999999998,0.1999999998,0.1999999998
2026-02-27,0.0,20.0,23.65283966064453,event_stress,64.46000000000001,61.77,57.05,0.0008679812081819752,0.0007864375062340044,-8.154370194797078e-05,0.0008679812073139942,0.2370429610248984,0.2,0.2,0.2,0.2,0.2,0.18690857142343026,0.15214600695671773,0.26079093641183504,0.21932754243046446,0.18082694277755246,0.1999999998,0.1999999998,0.1999999998,0.1999999998,0.1999999998
2026-03-06,0.0,20.0,29.734546661376953,event_stress,66.2,62.3,56.25,0.003430541032490648,0.003409108138370249,-2.1432894120398862e-05,0.003430541029060106,0.36590362609094396,0.2,0.2,0.2,0.2,0.2,0.1876653148912084,0.15578162352114186,0.2580339675601817,0.21998468322823872,0.17853441079922933,0.1999999998,0.1999999998,0.1999999998,0.1999999998,0.1999999998
2026-03-13,0.0,20.0,52.00897216796875,event_stress,59.3,64.1,54.2,0.007380966668572925,0.0060570593650213,-0.0013239073035516257,0.007380966661191958,0.5321021306770075,0.2,0.2,0.2,0.2,0.2,0.18446906139634883,0.15102573317186896,0.2632933633655769,0.22231962487955387,0.17889221718665146,0.1999999998,0.1999999998,0.1999999998,0.1999999998,0.1999999998
2026-03-20,0.0,20.0,52.18888473510742,event_stress,60.220000000000006,63.1,56.86,-0.015599633131796499,-0.014765152489602343,0.0008344806421941558,-0.015599633116196865,0.5320190272995914,0.2,0.2,0.2,0.2,0.2,0.18519139286684705,0.14819143796412748,0.26296374709341774,0.22163795274922443,0.18201546932638332,0.1999999998,0.1999999998,0.1999999998,0.1999999998,0.1999999998
2026-03-27,0.0,20.0,47.55607986450195,event_stress,62.1,64.8,54.9,-0.012999445641194133,-0.013138779443688995,-0.0001393338024948624,-0.012999445628194686,0.45191038823808644,0.2,0.2,0.2,0.2,0.2,0.18730915877505985,0.1517372280502188,0.2610906964218823,0.2181412901866674,0.18172162656617163,0.1999999998,0.1999999998,0.1999999998,0.1999999998,0.1999999998
2026-04-03,0.0,20.0,31.25466537475586,event_stress,62.5,64.0,55.15,-0.003934035567366705,-0.0029237661401235733,0.0010102694272431313,-0.0039340355634326675,0.4281389734023014,0.2,0.2,0.2,0.2,0.2,0.18706206514543589,0.15097427032537092,0.2612025472275938,0.21874774798189242,0.18201336931970694,0.1999999998,0.1999999998,0.1999999998,0.1999999998,0.1999999998
2026-04-10,0.0,20.0,34.60612487792969,event_stress,64.1,65.52000000000001,54.949999999999996,0.007239418070024938,0.006464796809280414,-0.0007746212607445246,0.007239418062785518,0.39794895716964174,0.2,0.2,0.2,0.2,0.2,0.1851267887457904,0.16281377569353428,0.2583341522656284,0.22400248124640154,0.16972280204864543,0.1999999998,0.1999999998,0.1999999998,0.1999999998,0.1999999998
2026-04-17,0.0,20.0,40.85631561279297,event_stress,58.1,67.0,47.75,0.014272106317358584,0.012275872980769272,-0.001996233336589312,0.01427210630308648,0.4045003409201259,0.2,0.2,0.2,0.2,0.2,0.18145780521225272,0.1592822709312934,0.26373673041607226,0.22700293520367773,0.1685202582367039,0.1999999998,0.1999999998,0.1999999998,0.1999999998,0.1999999998
2026-04-24,0.0,20.0,40.85631561279297,event_stress,55.19,63.65999999999999,50.12,0.014272106317358584,0.011877686002679267,-0.002394420314679317,0.01427210630308648,0.4097414479205131,0.2,0.2,0.2,0.2,0.2,0.17761080136051957,0.1462592975607834,0.2708479820288138,0.23047770049393715,0.1748042185559461,0.1999999998,0.1999999998,0.1999999998,0.1999999998,0.1999999998
2026-05-01,0.0,20.0,40.85631561279297,event_stress,55.19,63.65999999999999,50.12,0.014272106317358584,0.011877686002679267,-0.002394420314679317,0.01427210630308648,0.4139343335208229,0.2,0.2,0.2,0.2,0.2,0.17761080136051957,0.1462592975607834,0.2708479820288138,0.23047770049393715,0.1748042185559461,0.1999999998,0.1999999998,0.1999999998,0.1999999998,0.1999999998
