date,code,weight
2015-01-02,000300.SH,0.19144494648504773
2015-01-02,000852.SH,0.16577978654019096
2015-01-02,CBA02701.CS,0.23422021305980903
2015-01-02,AU9999.SGE,0.20855505311495226
2015-01-02,NH0100.NHF,0.1999999998
2015-01-09,000300.SH,0.19207112874255067
2015-01-09,000852.SH,0.16828451557020271
2015-01-09,CBA02701.CS,0.23171548402979728
2015-01-09,AU9999.SGE,0.2079288708574493
2015-01-09,NH0100.NHF,0.1999999998
2015-01-16,000300.SH,0.19233581690048981
2015-01-16,000852.SH,0.16961518873317433
2015-01-16,CBA02701.CS,0.23050202452988008
2015-01-16,AU9999.SGE,0.20780588375344025
2015-01-16,NH0100.NHF,0.19974108508301544
2015-01-23,000300.SH,0.1924296042447726
2015-01-23,000852.SH,0.16971841757909042
2015-01-23,CBA02701.CS,0.23028158202090956
2015-01-23,AU9999.SGE,0.20757039535522737
2015-01-23,NH0100.NHF,0.1999999998
2015-01-30,000300.SH,0.19257355997561348
2015-01-30,000852.SH,0.17072924022385677
2015-01-30,CBA02701.CS,0.229636741445154
2015-01-30,AU9999.SGE,0.20766649739262819
2015-01-30,NH0100.NHF,0.19939395996274756
2015-02-06,000300.SH,0.19234175210110105
2015-02-06,000852.SH,0.1716794380601115
2015-02-06,CBA02701.CS,0.229218727526658
2015-02-06,AU9999.SGE,0.20844322068038781
2015-02-06,NH0100.NHF,0.19831686063174178
2015-02-13,000300.SH,0.19249255720310626
2015-02-13,000852.SH,0.16997022941242518
2015-02-13,CBA02701.CS,0.2300297701875748
2015-02-13,AU9999.SGE,0.2075074423968937
2015-02-13,NH0100.NHF,0.1999999998
2015-02-20,000300.SH,0.19249505225353408
2015-02-20,000852.SH,0.16998020961413637
2015-02-20,CBA02701.CS,0.23001978998586362
2015-02-20,AU9999.SGE,0.2075049473464659
2015-02-20,NH0100.NHF,0.1999999998
2015-02-27,000300.SH,0.19249603602819512
2015-02-27,000852.SH,0.1699841447127805
2015-02-27,CBA02701.CS,0.23001585488721948
2015-02-27,AU9999.SGE,0.20750396357180487
2015-02-27,NH0100.NHF,0.1999999998
2015-03-06,000300.SH,0.19249642364465028
2015-03-06,000852.SH,0.16998569517860115
2015-03-06,CBA02701.CS,0.23001430442139884
2015-03-06,AU9999.SGE,0.20750357595534968
2015-03-06,NH0100.NHF,0.1999999998
2015-03-13,000300.SH,0.19249657742463364
2015-03-13,000852.SH,0.16998631029853464
2015-03-13,CBA02701.CS,0.23001368930146535
2015-03-13,AU9999.SGE,0.20750342217536635
2015-03-13,NH0100.NHF,0.1999999998
2015-03-20,000300.SH,0.1924966374390603
2015-03-20,000852.SH,0.16998655035624124
2015-03-20,CBA02701.CS,0.23001344924375874
2015-03-20,AU9999.SGE,0.20750336216093968
2015-03-20,NH0100.NHF,0.1999999998
2015-03-27,000300.SH,0.19249666135542398
2015-03-27,000852.SH,0.16998664602169603
2015-03-27,CBA02701.CS,0.230013353578304
2015-03-27,AU9999.SGE,0.207503338244576
2015-03-27,NH0100.NHF,0.1999999998
2015-04-03,000300.SH,0.1924312788893105
2015-04-03,000852.SH,0.17124967286462467
2015-04-03,CBA02701.CS,0.22927026690450664
2015-04-03,AU9999.SGE,0.20824307335462153
2015-04-03,NH0100.NHF,0.1988057069869366
2015-04-10,000300.SH,0.19250309940168642
2015-04-10,000852.SH,0.17003943084509646
2015-04-10,CBA02701.CS,0.22998264259159176
2015-04-10,AU9999.SGE,0.20751259896327412
2015-04-10,NH0100.NHF,0.1999622271983512
2015-04-17,000300.SH,0.19250534941267272
2015-04-17,000852.SH,0.17008900928988244
2015-04-17,CBA02701.CS,0.22994975737806495
2015-04-17,AU9999.SGE,0.2075347839307181
2015-04-17,NH0100.NHF,0.19992109898866178
2015-04-24,000300.SH,0.19249924769320728
2015-04-24,000852.SH,0.1710650754453001
2015-04-24,CBA02701.CS,0.22943333976787805
2015-04-24,AU9999.SGE,0.2079367104671438
2015-04-24,NH0100.NHF,0.1990656256264707
2015-05-01,000300.SH,0.19249667640559678
2015-05-01,000852.SH,0.16998670622238718
2015-05-01,CBA02701.CS,0.2300132933776128
2015-05-01,AU9999.SGE,0.20750332319440318
2015-05-01,NH0100.NHF,0.1999999998
2015-05-08,000300.SH,0.19257733851550374
2015-05-08,000852.SH,0.17208505216894837
2015-05-08,CBA02701.CS,0.22895425866371907
2015-05-08,AU9999.SGE,0.20809112053908238
2015-05-08,NH0100.NHF,0.19829222911274644
2015-05-15,000300.SH,0.19249667692713743
2015-05-15,000852.SH,0.16998670830854973
2015-05-15,CBA02701.CS,0.23001329129145023
2015-05-15,AU9999.SGE,0.20750332267286253
2015-05-15,NH0100.NHF,0.1999999998
2015-05-22,000300.SH,0.19249667722516067
2015-05-22,000852.SH,0.16998670950064262
2015-05-22,CBA02701.CS,0.23001329009935736
2015-05-22,AU9999.SGE,0.20750332237483932
2015-05-22,NH0100.NHF,0.1999999998
2015-05-29,000300.SH,0.19249667696439032
2015-05-29,000852.SH,0.16998670845756134
2015-05-29,CBA02701.CS,0.23001329114243865
2015-05-29,AU9999.SGE,0.20750332263560964
2015-05-29,NH0100.NHF,0.1999999998
2015-06-05,000300.SH,0.1925054295125248
2015-06-05,000852.SH,0.17031045276795584
2015-06-05,CBA02701.CS,0.22982673175871768
2015-06-05,AU9999.SGE,0.20762936097006374
2015-06-05,NH0100.NHF,0.19972802399073794
2015-06-12,000300.SH,0.19249834086717538
2015-06-12,000852.SH,0.17002501023846942
2015-06-12,CBA02701.CS,0.22999040330883097
2015-06-12,AU9999.SGE,0.20751772389971926
2015-06-12,NH0100.NHF,0.19996852068580492
2015-06-19,000300.SH,0.19250555676510134
2015-06-19,000852.SH,0.17033141313955436
2015-06-19,CBA02701.CS,0.22981500282586018
2015-06-19,AU9999.SGE,0.20763813374225984
2015-06-19,NH0100.NHF,0.1997098925272242
2015-06-26,000300.SH,0.19249667703889614
2015-06-26,000852.SH,0.16998670875558458
2015-06-26,CBA02701.CS,0.2300132908444154
2015-06-26,AU9999.SGE,0.20750332256110382
2015-06-26,NH0100.NHF,0.1999999998
2015-07-03,000300.SH,0.19249667733691936
2015-07-03,000852.SH,0.16998670994767748
2015-07-03,CBA02701.CS,0.2300132896523225
2015-07-03,AU9999.SGE,0.2075033222630806
2015-07-03,NH0100.NHF,0.1999999998
2015-07-10,000300.SH,0.19250358896860878
2015-07-10,000852.SH,0.1705390046606277
2015-07-10,CBA02701.CS,0.2297014084053563
2015-07-10,AU9999.SGE,0.20772952055500452
2015-07-10,NH0100.NHF,0.19952647641040266
2015-07-17,000300.SH,0.1925229163669962
2015-07-17,000852.SH,0.17068337167635894
2015-07-17,CBA02701.CS,0.22961190738932988
2015-07-17,AU9999.SGE,0.20775732064530852
2015-07-17,NH0100.NHF,0.1994244829220064
2015-07-24,000300.SH,0.19249667711340196
2015-07-24,000852.SH,0.1699867090536078
2015-07-24,CBA02701.CS,0.23001329054639216
2015-07-24,AU9999.SGE,0.20750332248659803
2015-07-24,NH0100.NHF,0.1999999998
2015-07-31,000300.SH,0.19249667741142518
2015-07-31,000852.SH,0.1699867102457007
2015-07-31,CBA02701.CS,0.2300132893542993
2015-07-31,AU9999.SGE,0.2075033221885748
2015-07-31,NH0100.NHF,0.1999999998
2015-08-07,000300.SH,0.19249667715065485
2015-08-07,000852.SH,0.1699867092026194
2015-08-07,CBA02701.CS,0.23001329039738058
2015-08-07,AU9999.SGE,0.2075033224493451
2015-08-07,NH0100.NHF,0.1999999998
2015-08-14,000300.SH,0.19250265711657943
2015-08-14,000852.SH,0.17057361500963392
2015-08-14,CBA02701.CS,0.22968295008778286
2015-08-14,AU9999.SGE,0.20774559882275687
2015-08-14,NH0100.NHF,0.1994951779632469
2015-08-21,000300.SH,0.19229274100478905
2015-08-21,000852.SH,0.17274049370559016
2015-08-21,CBA02701.CS,0.2288215784876797
2015-08-21,AU9999.SGE,0.2087625760914328
2015-08-21,NH0100.NHF,0.19738260971050822
2015-08-28,000300.SH,0.19249667692713743
2015-08-28,000852.SH,0.16998670830854973
2015-08-28,CBA02701.CS,0.23001329129145023
2015-08-28,AU9999.SGE,0.20750332267286253
2015-08-28,NH0100.NHF,0.1999999998
2015-09-04,000300.SH,0.1925054286357441
2015-09-04,000852.SH,0.17034216142174644
2015-09-04,CBA02701.CS,0.22979647076117707
2015-09-04,AU9999.SGE,0.2076575634108768
2015-09-04,NH0100.NHF,0.19969837477045557
2015-09-11,000300.SH,0.19249667696439032
2015-09-11,000852.SH,0.16998670845756134
2015-09-11,CBA02701.CS,0.23001329114243865
2015-09-11,AU9999.SGE,0.20750332263560964
2015-09-11,NH0100.NHF,0.1999999998
2015-09-18,000300.SH,0.19249667726241357
2015-09-18,000852.SH,0.16998670964965426
2015-09-18,CBA02701.CS,0.23001328995034573
2015-09-18,AU9999.SGE,0.20750332233758642
2015-09-18,NH0100.NHF,0.1999999998
2015-09-25,000300.SH,0.19249667700164325
2015-09-25,000852.SH,0.16998670860657297
2015-09-25,CBA02701.CS,0.23001329099342702
2015-09-25,AU9999.SGE,0.20750332259835674
2015-09-25,NH0100.NHF,0.1999999998
2015-10-02,000300.SH,0.19244828096539637
2015-10-02,000852.SH,0.1711954756026146
2015-10-02,CBA02701.CS,0.2293630501392935
2015-10-02,AU9999.SGE,0.20810799109967373
2015-10-02,NH0100.NHF,0.19888520119302175
2015-10-09,000300.SH,0.1924240036003762
2015-10-09,000852.SH,0.17172805355770293
2015-10-09,CBA02701.CS,0.2291513794365612
2015-10-09,AU9999.SGE,0.2082946726023944
2015-10-09,NH0100.NHF,0.1984018898029652
2015-10-16,000300.SH,0.19249667733691936
2015-10-16,000852.SH,0.16998670994767748
2015-10-16,CBA02701.CS,0.2300132896523225
2015-10-16,AU9999.SGE,0.2075033222630806
2015-10-16,NH0100.NHF,0.1999999998
2015-10-23,000300.SH,0.19246058669758187
2015-10-23,000852.SH,0.17107492021271048
2015-10-23,CBA02701.CS,0.22936978766438915
2015-10-23,AU9999.SGE,0.20809761302552984
2015-10-23,NH0100.NHF,0.19899709139978844
2015-10-30,000300.SH,0.19249667737417225
2015-10-30,000852.SH,0.1699867100966891
2015-10-30,CBA02701.CS,0.2300132895033109
2015-10-30,AU9999.SGE,0.2075033222258277
2015-10-30,NH0100.NHF,0.1999999998
2015-11-06,000300.SH,0.19249667711340196
2015-11-06,000852.SH,0.1699867090536078
2015-11-06,CBA02701.CS,0.23001329054639216
2015-11-06,AU9999.SGE,0.20750332248659803
2015-11-06,NH0100.NHF,0.1999999998
2015-11-13,000300.SH,0.19249667741142518
2015-11-13,000852.SH,0.1699867102457007
2015-11-13,CBA02701.CS,0.2300132893542993
2015-11-13,AU9999.SGE,0.2075033221885748
2015-11-13,NH0100.NHF,0.1999999998
2015-11-20,000300.SH,0.19249667715065485
2015-11-20,000852.SH,0.1699867092026194
2015-11-20,CBA02701.CS,0.23001329039738058
2015-11-20,AU9999.SGE,0.2075033224493451
2015-11-20,NH0100.NHF,0.1999999998
2015-11-27,000300.SH,0.19240424184817442
2015-11-27,000852.SH,0.17141464308522275
2015-11-27,CBA02701.CS,0.22924990772945425
2015-11-27,AU9999.SGE,0.20829375151847956
2015-11-27,NH0100.NHF,0.19863745481866896
2015-12-04,000300.SH,0.19249667718790775
2015-12-04,000852.SH,0.16998670935163104
2015-12-04,CBA02701.CS,0.23001329024836897
2015-12-04,AU9999.SGE,0.20750332241209224
2015-12-04,NH0100.NHF,0.1999999998
2015-12-11,000300.SH,0.19253417067097792
2015-12-11,000852.SH,0.17065568818591004
2015-12-11,CBA02701.CS,0.22963784531880133
2015-12-11,AU9999.SGE,0.20770720800688872
2015-12-11,NH0100.NHF,0.19946508681742192
2015-12-18,000300.SH,0.19249521840788292
2015-12-18,000852.SH,0.17074560409169962
2015-12-18,CBA02701.CS,0.22959345814434232
2015-12-18,AU9999.SGE,0.20782940973014496
2015-12-18,NH0100.NHF,0.1993363086259301
2015-12-25,000300.SH,0.19249667696439032
2015-12-25,000852.SH,0.16998670845756134
2015-12-25,CBA02701.CS,0.23001329114243865
2015-12-25,AU9999.SGE,0.20750332263560964
2015-12-25,NH0100.NHF,0.1999999998
2016-01-01,000300.SH,0.19227530763437975
2016-01-01,000852.SH,0.17186526269195407
2016-01-01,CBA02701.CS,0.22914729913458584
2016-01-01,AU9999.SGE,0.20861410300860095
2016-01-01,NH0100.NHF,0.1980980265304793
2016-01-08,000300.SH,0.19248810779762324
2016-01-08,000852.SH,0.170947492157189
2016-01-08,CBA02701.CS,0.22949098549516544
2016-01-08,AU9999.SGE,0.20792105785929593
2016-01-08,NH0100.NHF,0.1991523556907262
2016-01-15,000300.SH,0.19249667729966646
2016-01-15,000852.SH,0.16998670979866584
2016-01-15,CBA02701.CS,0.23001328980133412
2016-01-15,AU9999.SGE,0.20750332230033353
2016-01-15,NH0100.NHF,0.1999999998
2016-01-22,000300.SH,0.19249667703889614
2016-01-22,000852.SH,0.16998670875558458
2016-01-22,CBA02701.CS,0.2300132908444154
2016-01-22,AU9999.SGE,0.20750332256110382
2016-01-22,NH0100.NHF,0.1999999998
2016-01-29,000300.SH,0.19249035724575816
2016-01-29,000852.SH,0.17077708831245947
2016-01-29,CBA02701.CS,0.22951862886206195
2016-01-29,AU9999.SGE,0.20792047706434597
2016-01-29,NH0100.NHF,0.19929344751537434
2016-02-05,000300.SH,0.1906981916946014
2016-02-05,000852.SH,0.17279426065165512
2016-02-05,CBA02701.CS,0.22988672846045646
2016-02-05,AU9999.SGE,0.21120954504267248
2016-02-05,NH0100.NHF,0.19541127315061452
2016-02-12,000300.SH,0.19242032878618323
2016-02-12,000852.SH,0.1718592765268008
2016-02-12,CBA02701.CS,0.2290980567524728
2016-02-12,AU9999.SGE,0.20833668078500295
2016-02-12,NH0100.NHF,0.1982856561495402
2016-02-19,000300.SH,0.19245545720126692
2016-02-19,000852.SH,0.1711518110106645
2016-02-19,CBA02701.CS,0.22939431862385556
2016-02-19,AU9999.SGE,0.208064583305311
2016-02-19,NH0100.NHF,0.19893382885890196
2016-02-26,000300.SH,0.19251702838230197
2016-02-26,000852.SH,0.17022520834809626
2016-02-26,CBA02701.CS,0.22987548623119392
2016-02-26,AU9999.SGE,0.20756441676801382
2016-02-26,NH0100.NHF,0.19981785927039397
2016-03-04,000300.SH,0.19249667715065485
2016-03-04,000852.SH,0.1699867092026194
2016-03-04,CBA02701.CS,0.23001329039738058
2016-03-04,AU9999.SGE,0.2075033224493451
2016-03-04,NH0100.NHF,0.1999999998
2016-03-11,000300.SH,0.19221461753176877
2016-03-11,000852.SH,0.17194591091564507
2016-03-11,CBA02701.CS,0.22904848555217847
2016-03-11,AU9999.SGE,0.2088515874845319
2016-03-11,NH0100.NHF,0.19793939751587575
2016-03-18,000300.SH,0.19249667718790775
2016-03-18,000852.SH,0.16998670935163104
2016-03-18,CBA02701.CS,0.23001329024836897
2016-03-18,AU9999.SGE,0.20750332241209224
2016-03-18,NH0100.NHF,0.1999999998
2016-03-25,000300.SH,0.19259567295202462
2016-03-25,000852.SH,0.17199890984626556
2016-03-25,CBA02701.CS,0.22898541483165744
2016-03-25,AU9999.SGE,0.20803113972094692
2016-03-25,NH0100.NHF,0.19838886164910538
2016-04-01,000300.SH,0.19250232669936512
2016-04-01,000852.SH,0.1700591347883625
2016-04-01,CBA02701.CS,0.2299680387559131
2016-04-01,AU9999.SGE,0.2075270421180052
2016-04-01,NH0100.NHF,0.19994345663835397
2016-04-08,000300.SH,0.19243156016478136
2016-04-08,000852.SH,0.17130424505788425
2016-04-08,CBA02701.CS,0.22933420318282433
2016-04-08,AU9999.SGE,0.2081567036563703
2016-04-08,NH0100.NHF,0.19877328693813975
2016-04-15,000300.SH,0.19249276567384246
2016-04-15,000852.SH,0.17078578494910387
2016-04-15,CBA02701.CS,0.22957311944228792
2016-04-15,AU9999.SGE,0.20784998670572424
2016-04-15,NH0100.NHF,0.19929834222904147
2016-04-22,000300.SH,0.19249667700164325
2016-04-22,000852.SH,0.16998670860657297
2016-04-22,CBA02701.CS,0.23001329099342702
2016-04-22,AU9999.SGE,0.20750332259835674
2016-04-22,NH0100.NHF,0.1999999998
2016-04-29,000300.SH,0.19250663297997236
2016-04-29,000852.SH,0.17050228862402417
2016-04-29,CBA02701.CS,0.22972108728841012
2016-04-29,AU9999.SGE,0.20770759331718583
2016-04-29,NH0100.NHF,0.19956239679040738
2016-05-06,000300.SH,0.19249923322516987
2016-05-06,000852.SH,0.17108218392847552
2016-05-06,CBA02701.CS,0.22942504173640157
2016-05-06,AU9999.SGE,0.20794266609161274
2016-05-06,NH0100.NHF,0.1990508740183402
2016-05-13,000300.SH,0.19235588269561227
2016-05-13,000852.SH,0.17163069574632545
2016-05-13,CBA02701.CS,0.2292133166246234
2016-05-13,AU9999.SGE,0.20840160653834017
2016-05-13,NH0100.NHF,0.19839849739509863
2016-05-20,000300.SH,0.19249538247725304
2016-05-20,000852.SH,0.17072604917410686
2016-05-20,CBA02701.CS,0.22958267914999977
2016-05-20,AU9999.SGE,0.2078457032960171
2016-05-20,NH0100.NHF,0.199350184902623
2016-05-27,000300.SH,0.19249667737417225
2016-05-27,000852.SH,0.1699867100966891
2016-05-27,CBA02701.CS,0.2300132895033109
2016-05-27,AU9999.SGE,0.2075033222258277
2016-05-27,NH0100.NHF,0.1999999998
2016-06-03,000300.SH,0.19249667711340196
2016-06-03,000852.SH,0.1699867090536078
2016-06-03,CBA02701.CS,0.23001329054639216
2016-06-03,AU9999.SGE,0.20750332248659803
2016-06-03,NH0100.NHF,0.1999999998
2016-06-10,000300.SH,0.1925198786180201
2016-06-10,000852.SH,0.1706076526673816
2016-06-10,CBA02701.CS,0.2296640598896385
2016-06-10,AU9999.SGE,0.20772027820995725
2016-06-10,NH0100.NHF,0.19948812961500254
2016-06-17,000300.SH,0.19249667715065485
2016-06-17,000852.SH,0.1699867092026194
2016-06-17,CBA02701.CS,0.23001329039738058
2016-06-17,AU9999.SGE,0.2075033224493451
2016-06-17,NH0100.NHF,0.1999999998
2016-06-24,000300.SH,0.19223284140150157
2016-06-24,000852.SH,0.17196340782299602
2016-06-24,CBA02701.CS,0.2291266410303227
2016-06-24,AU9999.SGE,0.20871521693342512
2016-06-24,NH0100.NHF,0.1979618918117545
2016-07-01,000300.SH,0.19240783052822993
2016-07-01,000852.SH,0.171388374190214
2016-07-01,CBA02701.CS,0.22924475490510274
2016-07-01,AU9999.SGE,0.2082970498229465
2016-07-01,NH0100.NHF,0.1986619895535068
2016-07-08,000300.SH,0.19244595568529352
2016-07-08,000852.SH,0.17121789089463407
2016-07-08,CBA02701.CS,0.22936908065241882
2016-07-08,AU9999.SGE,0.2081015809939539
2016-07-08,NH0100.NHF,0.19886549077369978
2016-07-15,000300.SH,0.19253932945228824
2016-07-15,000852.SH,0.17128870658751236
2016-07-15,CBA02701.CS,0.22931926704295585
2016-07-15,AU9999.SGE,0.20792786755141363
2016-07-15,NH0100.NHF,0.19892482836582984
2016-07-22,000300.SH,0.19254022199405033
2016-07-22,000852.SH,0.17038779566653664
2016-07-22,CBA02701.CS,0.22978410858436782
2016-07-22,AU9999.SGE,0.20758152620192735
2016-07-22,NH0100.NHF,0.19970634655311775
2016-07-29,000300.SH,0.19237644553519004
2016-07-29,000852.SH,0.17155606946039662
2016-07-29,CBA02701.CS,0.22923835500619205
2016-07-29,AU9999.SGE,0.20834107276698877
2016-07-29,NH0100.NHF,0.1984880562312325
2016-08-05,000300.SH,0.192496811788405
2016-08-05,000852.SH,0.16998968434331435
2016-08-05,CBA02701.CS,0.23001153298065785
2016-08-05,AU9999.SGE,0.2075044053452755
2016-08-05,NH0100.NHF,0.19999756454234724
2016-08-12,000300.SH,0.1922057600164415
2016-08-12,000852.SH,0.1719587220173825
2016-08-12,CBA02701.CS,0.2290390289427433
2016-08-12,AU9999.SGE,0.2088802782564831
2016-08-12,NH0100.NHF,0.19791620976694957
2016-08-19,000300.SH,0.19249667703889614
2016-08-19,000852.SH,0.16998670875558458
2016-08-19,CBA02701.CS,0.2300132908444154
2016-08-19,AU9999.SGE,0.20750332256110382
2016-08-19,NH0100.NHF,0.1999999998
2016-08-26,000300.SH,0.19256896352402317
2016-08-26,000852.SH,0.17086080532612163
2016-08-26,CBA02701.CS,0.22952620724806871
2016-08-26,AU9999.SGE,0.20771177080971198
2016-08-26,NH0100.NHF,0.1993322520920744
2016-09-02,000300.SH,0.19249667707614904
2016-09-02,000852.SH,0.1699867089045962
2016-09-02,CBA02701.CS,0.2300132906954038
2016-09-02,AU9999.SGE,0.20750332252385095
2016-09-02,NH0100.NHF,0.1999999998
2016-09-09,000300.SH,0.19241629835177917
2016-09-09,000852.SH,0.1713838701313626
2016-09-09,CBA02701.CS,0.22930217381576096
2016-09-09,AU9999.SGE,0.20821198102367794
2016-09-09,NH0100.NHF,0.19868567567741924
2016-09-16,000300.SH,0.19250699930682214
2016-09-16,000852.SH,0.1700948463535486
2016-09-16,CBA02701.CS,0.22994871928970656
2016-09-16,AU9999.SGE,0.20753090724252674
2016-09-16,NH0100.NHF,0.19991852680739594
2016-09-23,000300.SH,0.19249667741142518
2016-09-23,000852.SH,0.1699867102457007
2016-09-23,CBA02701.CS,0.2300132893542993
2016-09-23,AU9999.SGE,0.2075033221885748
2016-09-23,NH0100.NHF,0.1999999998
2016-09-30,000300.SH,0.19231828961259725
2016-09-30,000852.SH,0.1717497343434003
2016-09-30,CBA02701.CS,0.22917719062328518
2016-09-30,AU9999.SGE,0.2085048479274815
2016-09-30,NH0100.NHF,0.19824993649323572
2016-10-07,000300.SH,0.19249667688988453
2016-10-07,000852.SH,0.16998670815953812
2016-10-07,CBA02701.CS,0.23001329144046187
2016-10-07,AU9999.SGE,0.20750332271011546
2016-10-07,NH0100.NHF,0.1999999998
2016-10-14,000300.SH,0.1925055701011012
2016-10-14,000852.SH,0.17008915835452404
2016-10-14,CBA02701.CS,0.22995288631246533
2016-10-14,AU9999.SGE,0.2075306159561131
2016-10-14,NH0100.NHF,0.19992176827579636
2016-10-21,000300.SH,0.19115093991078846
2016-10-21,000852.SH,0.1728525599435392
2016-10-21,CBA02701.CS,0.22951623322065862
2016-10-21,AU9999.SGE,0.21057770985198204
2016-10-21,NH0100.NHF,0.19590255607303161
2016-10-28,000300.SH,0.19253047554640199
2016-10-28,000852.SH,0.17146491500919317
2016-10-28,CBA02701.CS,0.2292388303498764
2016-10-28,AU9999.SGE,0.20800357134448913
2016-10-28,NH0100.NHF,0.19876220675003944
2016-11-04,000300.SH,0.19249667696439032
2016-11-04,000852.SH,0.16998670845756134
2016-11-04,CBA02701.CS,0.23001329114243865
2016-11-04,AU9999.SGE,0.20750332263560964
2016-11-04,NH0100.NHF,0.1999999998
2016-11-11,000300.SH,0.19250050995716572
2016-11-11,000852.SH,0.17008187738637467
2016-11-11,CBA02701.CS,0.22995744679911415
2016-11-11,AU9999.SGE,0.20753861626386738
2016-11-11,NH0100.NHF,0.19992154859347822
2016-11-18,000300.SH,0.19113304385062735
2016-11-18,000852.SH,0.17262440369353776
2016-11-18,CBA02701.CS,0.22931915611593273
2016-11-18,AU9999.SGE,0.21089617727434815
2016-11-18,NH0100.NHF,0.19602721806555398
2016-11-25,000300.SH,0.19249667729966646
2016-11-25,000852.SH,0.16998670979866584
2016-11-25,CBA02701.CS,0.23001328980133412
2016-11-25,AU9999.SGE,0.20750332230033353
2016-11-25,NH0100.NHF,0.1999999998
2016-12-02,000300.SH,0.19249667703889614
2016-12-02,000852.SH,0.16998670875558458
2016-12-02,CBA02701.CS,0.2300132908444154
2016-12-02,AU9999.SGE,0.20750332256110382
2016-12-02,NH0100.NHF,0.1999999998
2016-12-09,000300.SH,0.19250561370362496
2016-12-09,000852.SH,0.17034681011036606
2016-12-09,CBA02701.CS,0.22980641610243022
2016-12-09,AU9999.SGE,0.20764462893079236
2016-12-09,NH0100.NHF,0.19969653015278632
2016-12-16,000300.SH,0.19249667707614904
2016-12-16,000852.SH,0.1699867089045962
2016-12-16,CBA02701.CS,0.2300132906954038
2016-12-16,AU9999.SGE,0.20750332252385095
2016-12-16,NH0100.NHF,0.1999999998
2016-12-23,000300.SH,0.19149948270723874
2016-12-23,000852.SH,0.17321923881707194
2016-12-23,CBA02701.CS,0.22912719215702465
2016-12-23,AU9999.SGE,0.21014228237487592
2016-12-23,NH0100.NHF,0.19601180294378845
2016-12-30,000300.SH,0.19222967344678127
2016-12-30,000852.SH,0.17196976473783407
2016-12-30,CBA02701.CS,0.22912483337376924
2016-12-30,AU9999.SGE,0.20872327504228247
2016-12-30,NH0100.NHF,0.19795245239933293
2017-01-06,000300.SH,0.19249667741142518
2017-01-06,000852.SH,0.1699867102457007
2017-01-06,CBA02701.CS,0.2300132893542993
2017-01-06,AU9999.SGE,0.2075033221885748
2017-01-06,NH0100.NHF,0.1999999998
2017-01-13,000300.SH,0.1925004067099408
2017-01-13,000852.SH,0.1700789440285629
2017-01-13,CBA02701.CS,0.2299591563190311
2017-01-13,AU9999.SGE,0.20753750778871793
2017-01-13,NH0100.NHF,0.19992398415374718
2017-01-20,000300.SH,0.19250698262539723
2017-01-20,000852.SH,0.17164243331608198
2017-01-20,CBA02701.CS,0.2290737392982639
2017-01-20,AU9999.SGE,0.20821082736846597
2017-01-20,NH0100.NHF,0.19856601639179086
2017-01-27,000300.SH,0.1924804659771286
2017-01-27,000852.SH,0.17090440941450188
2017-01-27,CBA02701.CS,0.22946192039007118
2017-01-27,AU9999.SGE,0.2079816315418416
2017-01-27,NH0100.NHF,0.19917157167645666
2017-02-03,000300.SH,0.19247451308445063
2017-02-03,000852.SH,0.17100082374677486
2017-02-03,CBA02701.CS,0.22946835031004706
2017-02-03,AU9999.SGE,0.20796725732314983
2017-02-03,NH0100.NHF,0.19908905453557776
2017-02-10,000300.SH,0.19250454911636375
2017-02-10,000852.SH,0.17049224369491178
2017-02-10,CBA02701.CS,0.22972595781763547
2017-02-10,AU9999.SGE,0.2077089398478207
2017-02-10,NH0100.NHF,0.1995683085232682
2017-02-17,000300.SH,0.19250445762793694
2017-02-17,000852.SH,0.1704857680678283
2017-02-17,CBA02701.CS,0.22972109814990113
2017-02-17,AU9999.SGE,0.20771616632130369
2017-02-17,NH0100.NHF,0.1995725088330297
2017-02-24,000300.SH,0.1921561479410486
2017-02-24,000852.SH,0.17211124679775208
2017-02-24,CBA02701.CS,0.2291056466859176
2017-02-24,AU9999.SGE,0.20888526776491806
2017-02-24,NH0100.NHF,0.1977416898103636
2017-03-03,000300.SH,0.19249667700164325
2017-03-03,000852.SH,0.16998670860657297
2017-03-03,CBA02701.CS,0.23001329099342702
2017-03-03,AU9999.SGE,0.20750332259835674
2017-03-03,NH0100.NHF,0.1999999998
2017-03-10,000300.SH,0.19249667729966646
2017-03-10,000852.SH,0.16998670979866584
2017-03-10,CBA02701.CS,0.23001328980133412
2017-03-10,AU9999.SGE,0.20750332230033353
2017-03-10,NH0100.NHF,0.1999999998
2017-03-17,000300.SH,0.19251451611196077
2017-03-17,000852.SH,0.17012801213497877
2017-03-17,CBA02701.CS,0.22992508863307284
2017-03-17,AU9999.SGE,0.20753372389796695
2017-03-17,NH0100.NHF,0.1998986582220206
2017-03-24,000300.SH,0.19249667733691936
2017-03-24,000852.SH,0.16998670994767748
2017-03-24,CBA02701.CS,0.2300132896523225
2017-03-24,AU9999.SGE,0.2075033222630806
2017-03-24,NH0100.NHF,0.1999999998
2017-03-31,000300.SH,0.1921723349047598
2017-03-31,000852.SH,0.17331422741087027
2017-03-31,CBA02701.CS,0.22870142056017664
2017-03-31,AU9999.SGE,0.20905704277771936
2017-03-31,NH0100.NHF,0.19675497334647388
2017-04-07,000300.SH,0.19237540401385256
2017-04-07,000852.SH,0.1716340189587756
2017-04-07,CBA02701.CS,0.22920581167609771
2017-04-07,AU9999.SGE,0.20836438957420253
2017-04-07,NH0100.NHF,0.19842037477707153
2017-04-14,000300.SH,0.19249667711340196
2017-04-14,000852.SH,0.1699867090536078
2017-04-14,CBA02701.CS,0.23001329054639216
2017-04-14,AU9999.SGE,0.20750332248659803
2017-04-14,NH0100.NHF,0.1999999998
2017-04-21,000300.SH,0.19249667741142518
2017-04-21,000852.SH,0.1699867102457007
2017-04-21,CBA02701.CS,0.2300132893542993
2017-04-21,AU9999.SGE,0.2075033221885748
2017-04-21,NH0100.NHF,0.1999999998
2017-04-28,000300.SH,0.19249283086327268
2017-04-28,000852.SH,0.1707762621736484
2017-04-28,CBA02701.CS,0.2295669452646386
2017-04-28,AU9999.SGE,0.2078590257526825
2017-04-28,NH0100.NHF,0.19930493494575774
2017-05-05,000300.SH,0.19249667688988453
2017-05-05,000852.SH,0.16998670815953812
2017-05-05,CBA02701.CS,0.23001329144046187
2017-05-05,AU9999.SGE,0.20750332271011546
2017-05-05,NH0100.NHF,0.1999999998
2017-05-12,000300.SH,0.19249667718790775
2017-05-12,000852.SH,0.16998670935163104
2017-05-12,CBA02701.CS,0.23001329024836897
2017-05-12,AU9999.SGE,0.20750332241209224
2017-05-12,NH0100.NHF,0.1999999998
2017-05-19,000300.SH,0.19239070137657216
2017-05-19,000852.SH,0.17163466669254165
2017-05-19,CBA02701.CS,0.22915009556340696
2017-05-19,AU9999.SGE,0.20839330765982725
2017-05-19,NH0100.NHF,0.1984312277076519
2017-05-26,000300.SH,0.19249667722516067
2017-05-26,000852.SH,0.16998670950064262
2017-05-26,CBA02701.CS,0.23001329009935736
2017-05-26,AU9999.SGE,0.20750332237483932
2017-05-26,NH0100.NHF,0.1999999998
2017-06-02,000300.SH,0.19249667696439032
2017-06-02,000852.SH,0.16998670845756134
2017-06-02,CBA02701.CS,0.23001329114243865
2017-06-02,AU9999.SGE,0.20750332263560964
2017-06-02,NH0100.NHF,0.1999999998
2017-06-09,000300.SH,0.19249667726241357
2017-06-09,000852.SH,0.16998670964965426
2017-06-09,CBA02701.CS,0.23001328995034573
2017-06-09,AU9999.SGE,0.20750332233758642
2017-06-09,NH0100.NHF,0.1999999998
2017-06-16,000300.SH,0.19249782463039533
2017-06-16,000852.SH,0.16999782213144857
2017-06-16,CBA02701.CS,0.23000670262957965
2017-06-16,AU9999.SGE,0.2075059013697149
2017-06-16,NH0100.NHF,0.19999174823886143
2017-06-23,000300.SH,0.19249667729966646
2017-06-23,000852.SH,0.16998670979866584
2017-06-23,CBA02701.CS,0.23001328980133412
2017-06-23,AU9999.SGE,0.20750332230033353
2017-06-23,NH0100.NHF,0.1999999998
2017-06-30,000300.SH,0.19249667703889614
2017-06-30,000852.SH,0.16998670875558458
2017-06-30,CBA02701.CS,0.2300132908444154
2017-06-30,AU9999.SGE,0.20750332256110382
2017-06-30,NH0100.NHF,0.1999999998
2017-07-07,000300.SH,0.19249667733691936
2017-07-07,000852.SH,0.16998670994767748
2017-07-07,CBA02701.CS,0.2300132896523225
2017-07-07,AU9999.SGE,0.2075033222630806
2017-07-07,NH0100.NHF,0.1999999998
2017-07-14,000300.SH,0.19236080563272048
2017-07-14,000852.SH,0.1716004290378797
2017-07-14,CBA02701.CS,0.2292030958408256
2017-07-14,AU9999.SGE,0.20840854049397387
2017-07-14,NH0100.NHF,0.19842712799460016
2017-07-21,000300.SH,0.19249667737417225
2017-07-21,000852.SH,0.1699867100966891
2017-07-21,CBA02701.CS,0.2300132895033109
2017-07-21,AU9999.SGE,0.2075033222258277
2017-07-21,NH0100.NHF,0.1999999998
2017-07-28,000300.SH,0.19249591080876802
2017-07-28,000852.SH,0.1707333412381809
2017-07-28,CBA02701.CS,0.22959971011703115
2017-07-28,AU9999.SGE,0.20782320823099656
2017-07-28,NH0100.NHF,0.1993478286050233
2017-08-04,000300.SH,0.19249667741142518
2017-08-04,000852.SH,0.1699867102457007
2017-08-04,CBA02701.CS,0.2300132893542993
2017-08-04,AU9999.SGE,0.2075033221885748
2017-08-04,NH0100.NHF,0.1999999998
2017-08-11,000300.SH,0.19249667715065485
2017-08-11,000852.SH,0.1699867092026194
2017-08-11,CBA02701.CS,0.23001329039738058
2017-08-11,AU9999.SGE,0.2075033224493451
2017-08-11,NH0100.NHF,0.1999999998
2017-08-18,000300.SH,0.19249968654257762
2017-08-18,000852.SH,0.17005862968658175
2017-08-18,CBA02701.CS,0.22996594067377404
2017-08-18,AU9999.SGE,0.20753569022283286
2017-08-18,NH0100.NHF,0.19994005187423344
2017-08-25,000300.SH,0.19245250400442798
2017-08-25,000852.SH,0.17117570989493616
2017-08-25,CBA02701.CS,0.22938884379368357
2017-08-25,AU9999.SGE,0.20807261883419428
2017-08-25,NH0100.NHF,0.19891032247275792
2017-09-01,000300.SH,0.19249667692713743
2017-09-01,000852.SH,0.16998670830854973
2017-09-01,CBA02701.CS,0.23001329129145023
2017-09-01,AU9999.SGE,0.20750332267286253
2017-09-01,NH0100.NHF,0.1999999998
2017-09-08,000300.SH,0.19249667722516067
2017-09-08,000852.SH,0.16998670950064262
2017-09-08,CBA02701.CS,0.23001329009935736
2017-09-08,AU9999.SGE,0.20750332237483932
2017-09-08,NH0100.NHF,0.1999999998
2017-09-15,000300.SH,0.19259409652504356
2017-09-15,000852.SH,0.17173759715631445
2017-09-15,CBA02701.CS,0.2291005512975116
2017-09-15,AU9999.SGE,0.20795771498136714
2017-09-15,NH0100.NHF,0.1986100390397632
2017-09-22,000300.SH,0.19252850635155444
2017-09-22,000852.SH,0.170275226519416
2017-09-22,CBA02701.CS,0.22984358315994396
2017-09-22,AU9999.SGE,0.20756401534707508
2017-09-22,NH0100.NHF,0.19978866762201022
2017-09-29,000300.SH,0.19249667700164325
2017-09-29,000852.SH,0.16998670860657297
2017-09-29,CBA02701.CS,0.23001329099342702
2017-09-29,AU9999.SGE,0.20750332259835674
2017-09-29,NH0100.NHF,0.1999999998
2017-10-06,000300.SH,0.19249667729966646
2017-10-06,000852.SH,0.16998670979866584
2017-10-06,CBA02701.CS,0.23001328980133412
2017-10-06,AU9999.SGE,0.20750332230033353
2017-10-06,NH0100.NHF,0.1999999998
2017-10-13,000300.SH,0.19252290766338734
2017-10-13,000852.SH,0.17031152312645792
2017-10-13,CBA02701.CS,0.22982659655537208
2017-10-13,AU9999.SGE,0.2075888310063386
2017-10-13,NH0100.NHF,0.19975014064844404
2017-10-20,000300.SH,0.19249667733691936
2017-10-20,000852.SH,0.16998670994767748
2017-10-20,CBA02701.CS,0.2300132896523225
2017-10-20,AU9999.SGE,0.2075033222630806
2017-10-20,NH0100.NHF,0.1999999998
2017-10-27,000300.SH,0.19250369149950783
2017-10-27,000852.SH,0.17019317462498923
2017-10-27,CBA02701.CS,0.22989317414871782
2017-10-27,AU9999.SGE,0.20758170566094192
2017-10-27,NH0100.NHF,0.19982825306584318
2017-11-03,000300.SH,0.19249667737417225
2017-11-03,000852.SH,0.1699867100966891
2017-11-03,CBA02701.CS,0.2300132895033109
2017-11-03,AU9999.SGE,0.2075033222258277
2017-11-03,NH0100.NHF,0.1999999998
2017-11-10,000300.SH,0.19249667711340196
2017-11-10,000852.SH,0.1699867090536078
2017-11-10,CBA02701.CS,0.23001329054639216
2017-11-10,AU9999.SGE,0.20750332248659803
2017-11-10,NH0100.NHF,0.1999999998
2017-11-17,000300.SH,0.1925037654172442
2017-11-17,000852.SH,0.17019699693939763
2017-11-17,CBA02701.CS,0.22988857901873894
2017-11-17,AU9999.SGE,0.20758602922377997
2017-11-17,NH0100.NHF,0.19982462840083912
2017-11-24,000300.SH,0.19242907495242043
2017-11-24,000852.SH,0.17131789192669658
2017-11-24,CBA02701.CS,0.22932860975926148
2017-11-24,AU9999.SGE,0.2081659955093545
2017-11-24,NH0100.NHF,0.1987584268522669
2017-12-01,000300.SH,0.19249667688988453
2017-12-01,000852.SH,0.16998670815953812
2017-12-01,CBA02701.CS,0.23001329144046187
2017-12-01,AU9999.SGE,0.20750332271011546
2017-12-01,NH0100.NHF,0.1999999998
2017-12-08,000300.SH,0.19249667718790775
2017-12-08,000852.SH,0.16998670935163104
2017-12-08,CBA02701.CS,0.23001329024836897
2017-12-08,AU9999.SGE,0.20750332241209224
2017-12-08,NH0100.NHF,0.1999999998
2017-12-15,000300.SH,0.19249667692713743
2017-12-15,000852.SH,0.16998670830854973
2017-12-15,CBA02701.CS,0.23001329129145023
2017-12-15,AU9999.SGE,0.20750332267286253
2017-12-15,NH0100.NHF,0.1999999998
2017-12-22,000300.SH,0.19249667722516067
2017-12-22,000852.SH,0.16998670950064262
2017-12-22,CBA02701.CS,0.23001329009935736
2017-12-22,AU9999.SGE,0.20750332237483932
2017-12-22,NH0100.NHF,0.1999999998
2017-12-29,000300.SH,0.19249667696439032
2017-12-29,000852.SH,0.16998670845756134
2017-12-29,CBA02701.CS,0.23001329114243865
2017-12-29,AU9999.SGE,0.20750332263560964
2017-12-29,NH0100.NHF,0.1999999998
2018-01-05,000300.SH,0.19249667726241357
2018-01-05,000852.SH,0.16998670964965426
2018-01-05,CBA02701.CS,0.23001328995034573
2018-01-05,AU9999.SGE,0.20750332233758642
2018-01-05,NH0100.NHF,0.1999999998
2018-01-12,000300.SH,0.19249904132098386
2018-01-12,000852.SH,0.1700318759509693
2018-01-12,CBA02701.CS,0.2299836334429255
2018-01-12,AU9999.SGE,0.20752246039584596
2018-01-12,NH0100.NHF,0.1999629878892754
2018-01-19,000300.SH,0.19249667729966646
2018-01-19,000852.SH,0.16998670979866584
2018-01-19,CBA02701.CS,0.23001328980133412
2018-01-19,AU9999.SGE,0.20750332230033353
2018-01-19,NH0100.NHF,0.1999999998
2018-01-26,000300.SH,0.19249667703889614
2018-01-26,000852.SH,0.16998670875558458
2018-01-26,CBA02701.CS,0.2300132908444154
2018-01-26,AU9999.SGE,0.20750332256110382
2018-01-26,NH0100.NHF,0.1999999998
2018-02-02,000300.SH,0.19249667733691936
2018-02-02,000852.SH,0.16998670994767748
2018-02-02,CBA02701.CS,0.2300132896523225
2018-02-02,AU9999.SGE,0.2075033222630806
2018-02-02,NH0100.NHF,0.1999999998
2018-02-09,000300.SH,0.19249667707614904
2018-02-09,000852.SH,0.1699867089045962
2018-02-09,CBA02701.CS,0.2300132906954038
2018-02-09,AU9999.SGE,0.20750332252385095
2018-02-09,NH0100.NHF,0.1999999998
2018-02-16,000300.SH,0.19249726750314672
2018-02-16,000852.SH,0.16999980201361894
2018-02-16,CBA02701.CS,0.23000498991053547
2018-02-16,AU9999.SGE,0.2075087463399305
2018-02-16,NH0100.NHF,0.1999891932327683
2018-02-23,000300.SH,0.19249667711340196
2018-02-23,000852.SH,0.1699867090536078
2018-02-23,CBA02701.CS,0.23001329054639216
2018-02-23,AU9999.SGE,0.20750332248659803
2018-02-23,NH0100.NHF,0.1999999998
2018-03-02,000300.SH,0.19168127203112115
2018-03-02,000852.SH,0.1725295719047958
2018-03-02,CBA02701.CS,0.22909079327318577
2018-03-02,AU9999.SGE,0.20991178013281125
2018-03-02,NH0100.NHF,0.196786581658086
2018-03-09,000300.SH,0.19249667715065485
2018-03-09,000852.SH,0.1699867092026194
2018-03-09,CBA02701.CS,0.23001329039738058
2018-03-09,AU9999.SGE,0.2075033224493451
2018-03-09,NH0100.NHF,0.1999999998
2018-03-16,000300.SH,0.19249667688988453
2018-03-16,000852.SH,0.16998670815953812
2018-03-16,CBA02701.CS,0.23001329144046187
2018-03-16,AU9999.SGE,0.20750332271011546
2018-03-16,NH0100.NHF,0.1999999998
2018-03-23,000300.SH,0.19249667718790775
2018-03-23,000852.SH,0.16998670935163104
2018-03-23,CBA02701.CS,0.23001329024836897
2018-03-23,AU9999.SGE,0.20750332241209224
2018-03-23,NH0100.NHF,0.1999999998
2018-03-30,000300.SH,0.19244373588955946
2018-03-30,000852.SH,0.17117488058789038
2018-03-30,CBA02701.CS,0.22930027986824353
2018-03-30,AU9999.SGE,0.208195564496982
2018-03-30,NH0100.NHF,0.19888553815732454
2018-04-06,000300.SH,0.19249667722516067
2018-04-06,000852.SH,0.16998670950064262
2018-04-06,CBA02701.CS,0.23001329009935736
2018-04-06,AU9999.SGE,0.20750332237483932
2018-04-06,NH0100.NHF,0.1999999998
2018-04-13,000300.SH,0.19258458296984785
2018-04-13,000852.SH,0.17173674977199332
2018-04-13,CBA02701.CS,0.22910324054476547
2018-04-13,AU9999.SGE,0.20797680669307114
2018-04-13,NH0100.NHF,0.19859861902032216
2018-04-20,000300.SH,0.19249667726241357
2018-04-20,000852.SH,0.16998670964965426
2018-04-20,CBA02701.CS,0.23001328995034573
2018-04-20,AU9999.SGE,0.20750332233758642
2018-04-20,NH0100.NHF,0.1999999998
2018-04-27,000300.SH,0.19249667700164325
2018-04-27,000852.SH,0.16998670860657297
2018-04-27,CBA02701.CS,0.23001329099342702
2018-04-27,AU9999.SGE,0.20750332259835674
2018-04-27,NH0100.NHF,0.1999999998
2018-05-04,000300.SH,0.19249667729966646
2018-05-04,000852.SH,0.16998670979866584
2018-05-04,CBA02701.CS,0.23001328980133412
2018-05-04,AU9999.SGE,0.20750332230033353
2018-05-04,NH0100.NHF,0.1999999998
2018-05-11,000300.SH,0.19250504292062934
2018-05-11,000852.SH,0.17035723843751743
2018-05-11,CBA02701.CS,0.2297612070392268
2018-05-11,AU9999.SGE,0.2076960186015764
2018-05-11,NH0100.NHF,0.19968049200105012
2018-05-18,000300.SH,0.19249667733691936
2018-05-18,000852.SH,0.16998670994767748
2018-05-18,CBA02701.CS,0.2300132896523225
2018-05-18,AU9999.SGE,0.2075033222630806
2018-05-18,NH0100.NHF,0.1999999998
2018-05-25,000300.SH,0.19249667707614904
2018-05-25,000852.SH,0.1699867089045962
2018-05-25,CBA02701.CS,0.2300132906954038
2018-05-25,AU9999.SGE,0.20750332252385095
2018-05-25,NH0100.NHF,0.1999999998
2018-06-01,000300.SH,0.19249667737417225
2018-06-01,000852.SH,0.1699867100966891
2018-06-01,CBA02701.CS,0.2300132895033109
2018-06-01,AU9999.SGE,0.2075033222258277
2018-06-01,NH0100.NHF,0.1999999998
2018-06-08,000300.SH,0.19251568548772371
2018-06-08,000852.SH,0.17012442690603302
2018-06-08,CBA02701.CS,0.22993254629164517
2018-06-08,AU9999.SGE,0.207523158486684
2018-06-08,NH0100.NHF,0.19990418182791403
2018-06-15,000300.SH,0.19249667741142518
2018-06-15,000852.SH,0.1699867102457007
2018-06-15,CBA02701.CS,0.2300132893542993
2018-06-15,AU9999.SGE,0.2075033221885748
2018-06-15,NH0100.NHF,0.1999999998
2018-06-22,000300.SH,0.19249667715065485
2018-06-22,000852.SH,0.1699867092026194
2018-06-22,CBA02701.CS,0.23001329039738058
2018-06-22,AU9999.SGE,0.2075033224493451
2018-06-22,NH0100.NHF,0.1999999998
2018-06-29,000300.SH,0.19249667688988453
2018-06-29,000852.SH,0.16998670815953812
2018-06-29,CBA02701.CS,0.23001329144046187
2018-06-29,AU9999.SGE,0.20750332271011546
2018-06-29,NH0100.NHF,0.1999999998
2018-07-06,000300.SH,0.19249667718790775
2018-07-06,000852.SH,0.16998670935163104
2018-07-06,CBA02701.CS,0.23001329024836897
2018-07-06,AU9999.SGE,0.20750332241209224
2018-07-06,NH0100.NHF,0.1999999998
2018-07-13,000300.SH,0.19249667692713743
2018-07-13,000852.SH,0.16998670830854973
2018-07-13,CBA02701.CS,0.23001329129145023
2018-07-13,AU9999.SGE,0.20750332267286253
2018-07-13,NH0100.NHF,0.1999999998
2018-07-20,000300.SH,0.19249667722516067
2018-07-20,000852.SH,0.16998670950064262
2018-07-20,CBA02701.CS,0.23001329009935736
2018-07-20,AU9999.SGE,0.20750332237483932
2018-07-20,NH0100.NHF,0.1999999998
2018-07-27,000300.SH,0.19249667696439032
2018-07-27,000852.SH,0.16998670845756134
2018-07-27,CBA02701.CS,0.23001329114243865
2018-07-27,AU9999.SGE,0.20750332263560964
2018-07-27,NH0100.NHF,0.1999999998
2018-08-03,000300.SH,0.19249667726241357
2018-08-03,000852.SH,0.16998670964965426
2018-08-03,CBA02701.CS,0.23001328995034573
2018-08-03,AU9999.SGE,0.20750332233758642
2018-08-03,NH0100.NHF,0.1999999998
2018-08-10,000300.SH,0.19250507594080463
2018-08-10,000852.SH,0.17042921571586234
2018-08-10,CBA02701.CS,0.22974567459565498
2018-08-10,AU9999.SGE,0.20769844952941674
2018-08-10,NH0100.NHF,0.1996215832182613
2018-08-17,000300.SH,0.19250978608216504
2018-08-17,000852.SH,0.17012507265517074
2018-08-17,CBA02701.CS,0.22992907879555374
2018-08-17,AU9999.SGE,0.2075406867460362
2018-08-17,NH0100.NHF,0.19989537472107416
2018-08-24,000300.SH,0.19246353219159817
2018-08-24,000852.SH,0.17132103716987868
2018-08-24,CBA02701.CS,0.2293095363079177
2018-08-24,AU9999.SGE,0.2081076298175618
2018-08-24,NH0100.NHF,0.1987982635130436
2018-08-31,000300.SH,0.19249667733691936
2018-08-31,000852.SH,0.16998670994767748
2018-08-31,CBA02701.CS,0.2300132896523225
2018-08-31,AU9999.SGE,0.2075033222630806
2018-08-31,NH0100.NHF,0.1999999998
2018-09-07,000300.SH,0.19249667707614904
2018-09-07,000852.SH,0.1699867089045962
2018-09-07,CBA02701.CS,0.2300132906954038
2018-09-07,AU9999.SGE,0.20750332252385095
2018-09-07,NH0100.NHF,0.1999999998
2018-09-14,000300.SH,0.19207216075779351
2018-09-14,000852.SH,0.17224157572130142
2018-09-14,CBA02701.CS,0.22910016923845494
2018-09-14,AU9999.SGE,0.20905801064019378
2018-09-14,NH0100.NHF,0.1975280826422561
2018-09-21,000300.SH,0.19249667711340196
2018-09-21,000852.SH,0.1699867090536078
2018-09-21,CBA02701.CS,0.23001329054639216
2018-09-21,AU9999.SGE,0.20750332248659803
2018-09-21,NH0100.NHF,0.1999999998
2018-09-28,000300.SH,0.19255462769688222
2018-09-28,000852.SH,0.17055547652232728
2018-09-28,CBA02701.CS,0.2296894060225046
2018-09-28,AU9999.SGE,0.20762172765451997
2018-09-28,NH0100.NHF,0.19957876110376602
2018-10-05,000300.SH,0.19249667715065485
2018-10-05,000852.SH,0.1699867092026194
2018-10-05,CBA02701.CS,0.23001329039738058
2018-10-05,AU9999.SGE,0.2075033224493451
2018-10-05,NH0100.NHF,0.1999999998
2018-10-12,000300.SH,0.1924627112330798
2018-10-12,000852.SH,0.17110141416224967
2018-10-12,CBA02701.CS,0.2294219381586052
2018-10-12,AU9999.SGE,0.20802666388973828
2018-10-12,NH0100.NHF,0.19898727155632698
2018-10-19,000300.SH,0.1925474018438444
2018-10-19,000852.SH,0.17078057766300594
2018-10-19,CBA02701.CS,0.22956175295350847
2018-10-19,AU9999.SGE,0.20773778974163556
2018-10-19,NH0100.NHF,0.19937247679800565
2018-10-26,000300.SH,0.19250155434019542
2018-10-26,000852.SH,0.17060030704198795
2018-10-26,CBA02701.CS,0.2296610203802373
2018-10-26,AU9999.SGE,0.2077677899281902
2018-10-26,NH0100.NHF,0.19946932730938924
2018-11-02,000300.SH,0.19249667722516067
2018-11-02,000852.SH,0.16998670950064262
2018-11-02,CBA02701.CS,0.23001329009935736
2018-11-02,AU9999.SGE,0.20750332237483932
2018-11-02,NH0100.NHF,0.1999999998
2018-11-09,000300.SH,0.19249667696439032
2018-11-09,000852.SH,0.16998670845756134
2018-11-09,CBA02701.CS,0.23001329114243865
2018-11-09,AU9999.SGE,0.20750332263560964
2018-11-09,NH0100.NHF,0.1999999998
2018-11-16,000300.SH,0.19249667726241357
2018-11-16,000852.SH,0.16998670964965426
2018-11-16,CBA02701.CS,0.23001328995034573
2018-11-16,AU9999.SGE,0.20750332233758642
2018-11-16,NH0100.NHF,0.1999999998
2018-11-23,000300.SH,0.19249667700164325
2018-11-23,000852.SH,0.16998670860657297
2018-11-23,CBA02701.CS,0.23001329099342702
2018-11-23,AU9999.SGE,0.20750332259835674
2018-11-23,NH0100.NHF,0.1999999998
2018-11-30,000300.SH,0.19251956488696897
2018-11-30,000852.SH,0.17045736011839013
2018-11-30,CBA02701.CS,0.22971269545290704
2018-11-30,AU9999.SGE,0.2076970220526091
2018-11-30,NH0100.NHF,0.1996133564891247
2018-12-07,000300.SH,0.19249667703889614
2018-12-07,000852.SH,0.16998670875558458
2018-12-07,CBA02701.CS,0.2300132908444154
2018-12-07,AU9999.SGE,0.20750332256110382
2018-12-07,NH0100.NHF,0.1999999998
2018-12-14,000300.SH,0.19249667733691936
2018-12-14,000852.SH,0.16998670994767748
2018-12-14,CBA02701.CS,0.2300132896523225
2018-12-14,AU9999.SGE,0.2075033222630806
2018-12-14,NH0100.NHF,0.1999999998
2018-12-21,000300.SH,0.19258259714218112
2018-12-21,000852.SH,0.1705005100613091
2018-12-21,CBA02701.CS,0.22971855317880693
2018-12-21,AU9999.SGE,0.20753507245542185
2018-12-21,NH0100.NHF,0.19966326616228092
2018-12-28,000300.SH,0.19249667737417225
2018-12-28,000852.SH,0.1699867100966891
2018-12-28,CBA02701.CS,0.2300132895033109
2018-12-28,AU9999.SGE,0.2075033222258277
2018-12-28,NH0100.NHF,0.1999999998
2019-01-04,000300.SH,0.19249667711340196
2019-01-04,000852.SH,0.1699867090536078
2019-01-04,CBA02701.CS,0.23001329054639216
2019-01-04,AU9999.SGE,0.20750332248659803
2019-01-04,NH0100.NHF,0.1999999998
2019-01-11,000300.SH,0.19249667741142518
2019-01-11,000852.SH,0.1699867102457007
2019-01-11,CBA02701.CS,0.2300132893542993
2019-01-11,AU9999.SGE,0.2075033221885748
2019-01-11,NH0100.NHF,0.1999999998
2019-01-18,000300.SH,0.19249667715065485
2019-01-18,000852.SH,0.1699867092026194
2019-01-18,CBA02701.CS,0.23001329039738058
2019-01-18,AU9999.SGE,0.2075033224493451
2019-01-18,NH0100.NHF,0.1999999998
2019-01-25,000300.SH,0.19242827736704318
2019-01-25,000852.SH,0.17131774174885725
2019-01-25,CBA02701.CS,0.2293218216761192
2019-01-25,AU9999.SGE,0.20817572861699463
2019-01-25,NH0100.NHF,0.1987564295909857
2019-02-01,000300.SH,0.19246335193677816
2019-02-01,000852.SH,0.1710945132690463
2019-02-01,CBA02701.CS,0.2294222473741906
2019-02-01,AU9999.SGE,0.20802630498775768
2019-02-01,NH0100.NHF,0.19899358143222723
2019-02-08,000300.SH,0.1924831559242855
2019-02-08,000852.SH,0.17096513913920056
2019-02-08,CBA02701.CS,0.22946379320704804
2019-02-08,AU9999.SGE,0.2079601910947132
2019-02-08,NH0100.NHF,0.19912771963475256
2019-02-15,000300.SH,0.19233752245276825
2019-02-15,000852.SH,0.17169130551453765
2019-02-15,CBA02701.CS,0.22919430158209272
2019-02-15,AU9999.SGE,0.20845308462549483
2019-02-15,NH0100.NHF,0.19832378482510643
2019-02-22,000300.SH,0.19246291478509264
2019-02-22,000852.SH,0.17109983009905305
2019-02-22,CBA02701.CS,0.2294226548854319
2019-02-22,AU9999.SGE,0.20802570360110692
2019-02-22,NH0100.NHF,0.19898889562931543
2019-03-01,000300.SH,0.19249667726241357
2019-03-01,000852.SH,0.16998670964965426
2019-03-01,CBA02701.CS,0.23001328995034573
2019-03-01,AU9999.SGE,0.20750332233758642
2019-03-01,NH0100.NHF,0.1999999998
2019-03-08,000300.SH,0.19249667700164325
2019-03-08,000852.SH,0.16998670860657297
2019-03-08,CBA02701.CS,0.23001329099342702
2019-03-08,AU9999.SGE,0.20750332259835674
2019-03-08,NH0100.NHF,0.1999999998
2019-03-15,000300.SH,0.19217387711350298
2019-03-15,000852.SH,0.17213013167363053
2019-03-15,CBA02701.CS,0.22909087078623794
2019-03-15,AU9999.SGE,0.20885726841618427
2019-03-15,NH0100.NHF,0.1977478510104442
2019-03-22,000300.SH,0.19249667703889614
2019-03-22,000852.SH,0.16998670875558458
2019-03-22,CBA02701.CS,0.2300132908444154
2019-03-22,AU9999.SGE,0.20750332256110382
2019-03-22,NH0100.NHF,0.1999999998
2019-03-29,000300.SH,0.19249667733691936
2019-03-29,000852.SH,0.16998670994767748
2019-03-29,CBA02701.CS,0.2300132896523225
2019-03-29,AU9999.SGE,0.2075033222630806
2019-03-29,NH0100.NHF,0.1999999998
2019-04-05,000300.SH,0.19250353480665913
2019-04-05,000852.SH,0.17010548495248867
2019-04-05,CBA02701.CS,0.22994362214557726
2019-04-05,AU9999.SGE,0.2075425385317331
2019-04-05,NH0100.NHF,0.19990481856354184
2019-04-12,000300.SH,0.19251071506807713
2019-04-12,000852.SH,0.170261095642657
2019-04-12,CBA02701.CS,0.2298547355735328
2019-04-12,AU9999.SGE,0.20759532919112397
2019-04-12,NH0100.NHF,0.19977812352460905
2019-04-19,000300.SH,0.19249667711340196
2019-04-19,000852.SH,0.1699867090536078
2019-04-19,CBA02701.CS,0.23001329054639216
2019-04-19,AU9999.SGE,0.20750332248659803
2019-04-19,NH0100.NHF,0.1999999998
2019-04-26,000300.SH,0.19250942725468229
2019-04-26,000852.SH,0.17233467448571732
2019-04-26,CBA02701.CS,0.2288061125655699
2019-04-26,AU9999.SGE,0.20836609243868792
2019-04-26,NH0100.NHF,0.19798369225534249
2019-05-03,000300.SH,0.19249667715065485
2019-05-03,000852.SH,0.1699867092026194
2019-05-03,CBA02701.CS,0.23001329039738058
2019-05-03,AU9999.SGE,0.2075033224493451
2019-05-03,NH0100.NHF,0.1999999998
2019-05-10,000300.SH,0.19249672782456373
2019-05-10,000852.SH,0.1699878302046074
2019-05-10,CBA02701.CS,0.2300126284674305
2019-05-10,AU9999.SGE,0.20750373082042806
2019-05-10,NH0100.NHF,0.1999990816829703
2019-05-17,000300.SH,0.19252888839385754
2019-05-17,000852.SH,0.171259678448727
2019-05-17,CBA02701.CS,0.22933492463231395
2019-05-17,AU9999.SGE,0.20794015610234273
2019-05-17,NH0100.NHF,0.1989363514227587
2019-05-24,000300.SH,0.19249667692713743
2019-05-24,000852.SH,0.16998670830854973
2019-05-24,CBA02701.CS,0.23001329129145023
2019-05-24,AU9999.SGE,0.20750332267286253
2019-05-24,NH0100.NHF,0.1999999998
2019-05-31,000300.SH,0.19251020897633853
2019-05-31,000852.SH,0.17069599284615017
2019-05-31,CBA02701.CS,0.22954476337951754
2019-05-31,AU9999.SGE,0.20786171103466672
2019-05-31,NH0100.NHF,0.199387322763327
2019-06-07,000300.SH,0.19250108507069946
2019-06-07,000852.SH,0.1700487784834053
2019-06-07,CBA02701.CS,0.22997493279376377
2019-06-07,AU9999.SGE,0.2075241652079082
2019-06-07,NH0100.NHF,0.19995103744422324
2019-06-14,000300.SH,0.19249667726241357
2019-06-14,000852.SH,0.16998670964965426
2019-06-14,CBA02701.CS,0.23001328995034573
2019-06-14,AU9999.SGE,0.20750332233758642
2019-06-14,NH0100.NHF,0.1999999998
2019-06-21,000300.SH,0.192505630047468
2019-06-21,000852.SH,0.17037951007172966
2019-06-21,CBA02701.CS,0.22978826330476418
2019-06-21,AU9999.SGE,0.2076585697075475
2019-06-21,NH0100.NHF,0.1996680258684906
2019-06-28,000300.SH,0.19249667729966646
2019-06-28,000852.SH,0.16998670979866584
2019-06-28,CBA02701.CS,0.23001328980133412
2019-06-28,AU9999.SGE,0.20750332230033353
2019-06-28,NH0100.NHF,0.1999999998
2019-07-05,000300.SH,0.19249667703889614
2019-07-05,000852.SH,0.16998670875558458
2019-07-05,CBA02701.CS,0.2300132908444154
2019-07-05,AU9999.SGE,0.20750332256110382
2019-07-05,NH0100.NHF,0.1999999998
2019-07-12,000300.SH,0.19249667733691936
2019-07-12,000852.SH,0.16998670994767748
2019-07-12,CBA02701.CS,0.2300132896523225
2019-07-12,AU9999.SGE,0.2075033222630806
2019-07-12,NH0100.NHF,0.1999999998
2019-07-19,000300.SH,0.19249667707614904
2019-07-19,000852.SH,0.1699867089045962
2019-07-19,CBA02701.CS,0.2300132906954038
2019-07-19,AU9999.SGE,0.20750332252385095
2019-07-19,NH0100.NHF,0.1999999998
2019-07-26,000300.SH,0.19249667737417225
2019-07-26,000852.SH,0.1699867100966891
2019-07-26,CBA02701.CS,0.2300132895033109
2019-07-26,AU9999.SGE,0.2075033222258277
2019-07-26,NH0100.NHF,0.1999999998
2019-08-02,000300.SH,0.19249667711340196
2019-08-02,000852.SH,0.1699867090536078
2019-08-02,CBA02701.CS,0.23001329054639216
2019-08-02,AU9999.SGE,0.20750332248659803
2019-08-02,NH0100.NHF,0.1999999998
2019-08-09,000300.SH,0.19249453712604667
2019-08-09,000852.SH,0.17075724545343882
2019-08-09,CBA02701.CS,0.22958754202085518
2019-08-09,AU9999.SGE,0.20783533024813666
2019-08-09,NH0100.NHF,0.1993253441515226
2019-08-16,000300.SH,0.19249667715065485
2019-08-16,000852.SH,0.1699867092026194
2019-08-16,CBA02701.CS,0.23001329039738058
2019-08-16,AU9999.SGE,0.2075033224493451
2019-08-16,NH0100.NHF,0.1999999998
2019-08-23,000300.SH,0.19250416257786174
2019-08-23,000852.SH,0.1702163463980924
2019-08-23,CBA02701.CS,0.22987861390961215
2019-08-23,AU9999.SGE,0.20759248391187315
2019-08-23,NH0100.NHF,0.19980839220256041
2019-08-30,000300.SH,0.19249667718790775
2019-08-30,000852.SH,0.16998670935163104
2019-08-30,CBA02701.CS,0.23001329024836897
2019-08-30,AU9999.SGE,0.20750332241209224
2019-08-30,NH0100.NHF,0.1999999998
2019-09-06,000300.SH,0.19249667692713743
2019-09-06,000852.SH,0.16998670830854973
2019-09-06,CBA02701.CS,0.23001329129145023
2019-09-06,AU9999.SGE,0.20750332267286253
2019-09-06,NH0100.NHF,0.1999999998
2019-09-13,000300.SH,0.19236406430212954
2019-09-13,000852.SH,0.17160193494657025
2019-09-13,CBA02701.CS,0.22922276217760473
2019-09-13,AU9999.SGE,0.20837791914042844
2019-09-13,NH0100.NHF,0.198433318433267
2019-09-20,000300.SH,0.1925053319759822
2019-09-20,000852.SH,0.17038685636235817
2019-09-20,CBA02701.CS,0.22976744185936782
2019-09-20,AU9999.SGE,0.20768177244952615
2019-09-20,NH0100.NHF,0.19965859635276562
2019-09-27,000300.SH,0.1924998135575943
2019-09-27,000852.SH,0.17064043074875962
2019-09-27,CBA02701.CS,0.22963352942386767
2019-09-27,AU9999.SGE,0.2077950058591362
2019-09-27,NH0100.NHF,0.19943121941064218
2019-10-04,000300.SH,0.19249774351672985
2019-10-04,000852.SH,0.17001084108276066
2019-10-04,CBA02701.CS,0.22999892689249166
2019-10-04,AU9999.SGE,0.20751228878060618
2019-10-04,NH0100.NHF,0.1999801987274116
2019-10-11,000300.SH,0.1924987962969998
2019-10-11,000852.SH,0.17066548658163766
2019-10-11,CBA02701.CS,0.22962218434238113
2019-10-11,AU9999.SGE,0.20780510382305292
2019-10-11,NH0100.NHF,0.19940842795592836
2019-10-18,000300.SH,0.19249667703889614
2019-10-18,000852.SH,0.16998670875558458
2019-10-18,CBA02701.CS,0.2300132908444154
2019-10-18,AU9999.SGE,0.20750332256110382
2019-10-18,NH0100.NHF,0.1999999998
2019-10-25,000300.SH,0.19243999095697895
2019-10-25,000852.SH,0.171225482712315
2019-10-25,CBA02701.CS,0.22932106525959794
2019-10-25,AU9999.SGE,0.20816931081635365
2019-10-25,NH0100.NHF,0.1988441492547544
2019-11-01,000300.SH,0.19249667707614904
2019-11-01,000852.SH,0.1699867089045962
2019-11-01,CBA02701.CS,0.2300132906954038
2019-11-01,AU9999.SGE,0.20750332252385095
2019-11-01,NH0100.NHF,0.1999999998
2019-11-08,000300.SH,0.19249667737417225
2019-11-08,000852.SH,0.1699867100966891
2019-11-08,CBA02701.CS,0.2300132895033109
2019-11-08,AU9999.SGE,0.2075033222258277
2019-11-08,NH0100.NHF,0.1999999998
2019-11-15,000300.SH,0.19249667711340196
2019-11-15,000852.SH,0.1699867090536078
2019-11-15,CBA02701.CS,0.23001329054639216
2019-11-15,AU9999.SGE,0.20750332248659803
2019-11-15,NH0100.NHF,0.1999999998
2019-11-22,000300.SH,0.19249667741142518
2019-11-22,000852.SH,0.1699867102457007
2019-11-22,CBA02701.CS,0.2300132893542993
2019-11-22,AU9999.SGE,0.2075033221885748
2019-11-22,NH0100.NHF,0.1999999998
2019-11-29,000300.SH,0.19249667715065485
2019-11-29,000852.SH,0.1699867092026194
2019-11-29,CBA02701.CS,0.23001329039738058
2019-11-29,AU9999.SGE,0.2075033224493451
2019-11-29,NH0100.NHF,0.1999999998
2019-12-06,000300.SH,0.19249667688988453
2019-12-06,000852.SH,0.16998670815953812
2019-12-06,CBA02701.CS,0.23001329144046187
2019-12-06,AU9999.SGE,0.20750332271011546
2019-12-06,NH0100.NHF,0.1999999998
2019-12-13,000300.SH,0.19251759279801683
2019-12-13,000852.SH,0.17050680802580034
2019-12-13,CBA02701.CS,0.2297183902195915
2019-12-13,AU9999.SGE,0.2076843743107843
2019-12-13,NH0100.NHF,0.19957283364580694
2019-12-20,000300.SH,0.19249849022584176
2019-12-20,000852.SH,0.17066585068704454
2019-12-20,CBA02701.CS,0.2296146485821124
2019-12-20,AU9999.SGE,0.20781445408024804
2019-12-20,NH0100.NHF,0.1994065554247532
2019-12-27,000300.SH,0.1925056320506722
2019-12-27,000852.SH,0.17035558960300098
2019-12-27,CBA02701.CS,0.22980153123979538
2019-12-27,AU9999.SGE,0.20764835240633753
2019-12-27,NH0100.NHF,0.1996888937001939
2020-01-03,000300.SH,0.1939133715929204
2020-01-03,000852.SH,0.17734913778773778
2020-01-03,CBA02701.CS,0.22494978096807294
2020-01-03,AU9999.SGE,0.20717360770921145
2020-01-03,NH0100.NHF,0.19661410094205733
2020-01-10,000300.SH,0.19496591431893012
2020-01-10,000852.SH,0.18288337592664758
2020-01-10,CBA02701.CS,0.22272888658045328
2020-01-10,AU9999.SGE,0.20723177018892414
2020-01-10,NH0100.NHF,0.1921900519850447
2020-01-17,000300.SH,0.19477632415430085
2020-01-17,000852.SH,0.18604225950257827
2020-01-17,CBA02701.CS,0.22192836715284558
2020-01-17,AU9999.SGE,0.20799896005387877
2020-01-17,NH0100.NHF,0.18925408813639644
2020-01-24,000300.SH,0.19581992623940236
2020-01-24,000852.SH,0.18379034277851397
2020-01-24,CBA02701.CS,0.22183115416524354
2020-01-24,AU9999.SGE,0.20616293616181028
2020-01-24,NH0100.NHF,0.19239563965502982
2020-01-31,000300.SH,0.19465295731567306
2020-01-31,000852.SH,0.17994508692226382
2020-01-31,CBA02701.CS,0.22399711094060126
2020-01-31,AU9999.SGE,0.20715108002601026
2020-01-31,NH0100.NHF,0.19425376379545156
2020-02-07,000300.SH,0.19705028516125433
2020-02-07,000852.SH,0.18972751839194138
2020-02-07,CBA02701.CS,0.21735368625593332
2020-02-07,AU9999.SGE,0.20533475126331674
2020-02-07,NH0100.NHF,0.19053375792755411
2020-02-14,000300.SH,0.19497594418581338
2020-02-14,000852.SH,0.18069928005155705
2020-02-14,CBA02701.CS,0.224268324311613
2020-02-14,AU9999.SGE,0.20727633259489786
2020-02-14,NH0100.NHF,0.1927801178561186
2020-02-21,000300.SH,0.19521591363287236
2020-02-21,000852.SH,0.18454863209956313
2020-02-21,CBA02701.CS,0.22271649623114445
2020-02-21,AU9999.SGE,0.20768984088450287
2020-02-21,NH0100.NHF,0.18982911615191717
2020-02-28,000300.SH,0.19613822161830144
2020-02-28,000852.SH,0.18270919823789702
2020-02-28,CBA02701.CS,0.2238480142121391
2020-02-28,AU9999.SGE,0.20516699731264018
2020-02-28,NH0100.NHF,0.19213756761902223
2020-03-06,000300.SH,0.19463089316254273
2020-03-06,000852.SH,0.17989743943421246
2020-03-06,CBA02701.CS,0.22509633139588744
2020-03-06,AU9999.SGE,0.2074932811678127
2020-03-06,NH0100.NHF,0.19288205383954451
2020-03-13,000300.SH,0.19431214557100937
2020-03-13,000852.SH,0.17840927401470338
2020-03-13,CBA02701.CS,0.22413947004288343
2020-03-13,AU9999.SGE,0.20707061438324115
2020-03-13,NH0100.NHF,0.19606849498816245
2020-03-20,000300.SH,0.19383423996822052
2020-03-20,000852.SH,0.17649315484867947
2020-03-20,CBA02701.CS,0.22450134507696135
2020-03-20,AU9999.SGE,0.206947762519598
2020-03-20,NH0100.NHF,0.1982234965865406
2020-03-27,000300.SH,0.194357314909354
2020-03-27,000852.SH,0.18121048576048643
2020-03-27,CBA02701.CS,0.22169225018656036
2020-03-27,AU9999.SGE,0.20709107030741847
2020-03-27,NH0100.NHF,0.19564887783618062
2020-04-03,000300.SH,0.19581136647043348
2020-04-03,000852.SH,0.18387973379510175
2020-04-03,CBA02701.CS,0.21823098971968177
2020-04-03,AU9999.SGE,0.20516027963938369
2020-04-03,NH0100.NHF,0.1969176293753993
2020-04-10,000300.SH,0.19426667116806176
2020-04-10,000852.SH,0.1866309878294606
2020-04-10,CBA02701.CS,0.22159157804596344
2020-04-10,AU9999.SGE,0.20856867108287144
2020-04-10,NH0100.NHF,0.18894209087364264
2020-04-17,000300.SH,0.1957317617301661
2020-04-17,000852.SH,0.18344816265093183
2020-04-17,CBA02701.CS,0.22157283628556249
2020-04-17,AU9999.SGE,0.20622131380142544
2020-04-17,NH0100.NHF,0.1930259245319142
2020-04-24,000300.SH,0.1956163522919714
2020-04-24,000852.SH,0.1833274357409405
2020-04-24,CBA02701.CS,0.22273950487167357
2020-04-24,AU9999.SGE,0.20649119269485974
2020-04-24,NH0100.NHF,0.19182551340055473
2020-05-01,000300.SH,0.19556129603321323
2020-05-01,000852.SH,0.18317985804812492
2020-05-01,CBA02701.CS,0.22191997853996132
2020-05-01,AU9999.SGE,0.20632451245308261
2020-05-01,NH0100.NHF,0.19301435392561778
2020-05-08,000300.SH,0.1999999998
2020-05-08,000852.SH,0.1999999998
2020-05-08,CBA02701.CS,0.1999999998
2020-05-08,AU9999.SGE,0.1999999998
2020-05-08,NH0100.NHF,0.1999999998
2020-05-15,000300.SH,0.1999999998
2020-05-15,000852.SH,0.1999999998
2020-05-15,CBA02701.CS,0.1999999998
2020-05-15,AU9999.SGE,0.1999999998
2020-05-15,NH0100.NHF,0.1999999998
2020-05-22,000300.SH,0.1999999998
2020-05-22,000852.SH,0.1999999998
2020-05-22,CBA02701.CS,0.1999999998
2020-05-22,AU9999.SGE,0.1999999998
2020-05-22,NH0100.NHF,0.1999999998
2020-05-29,000300.SH,0.1999999998
2020-05-29,000852.SH,0.1999999998
2020-05-29,CBA02701.CS,0.1999999998
2020-05-29,AU9999.SGE,0.1999999998
2020-05-29,NH0100.NHF,0.1999999998
2020-06-05,000300.SH,0.1999999998
2020-06-05,000852.SH,0.1999999998
2020-06-05,CBA02701.CS,0.1999999998
2020-06-05,AU9999.SGE,0.1999999998
2020-06-05,NH0100.NHF,0.1999999998
2020-06-12,000300.SH,0.1999999998
2020-06-12,000852.SH,0.1999999998
2020-06-12,CBA02701.CS,0.1999999998
2020-06-12,AU9999.SGE,0.1999999998
2020-06-12,NH0100.NHF,0.1999999998
2020-06-19,000300.SH,0.1999999998
2020-06-19,000852.SH,0.1999999998
2020-06-19,CBA02701.CS,0.1999999998
2020-06-19,AU9999.SGE,0.1999999998
2020-06-19,NH0100.NHF,0.1999999998
2020-06-26,000300.SH,0.1999999998
2020-06-26,000852.SH,0.1999999998
2020-06-26,CBA02701.CS,0.1999999998
2020-06-26,AU9999.SGE,0.1999999998
2020-06-26,NH0100.NHF,0.1999999998
2020-07-03,000300.SH,0.1999999998
2020-07-03,000852.SH,0.1999999998
2020-07-03,CBA02701.CS,0.1999999998
2020-07-03,AU9999.SGE,0.1999999998
2020-07-03,NH0100.NHF,0.1999999998
2020-07-10,000300.SH,0.1999999998
2020-07-10,000852.SH,0.1999999998
2020-07-10,CBA02701.CS,0.1999999998
2020-07-10,AU9999.SGE,0.1999999998
2020-07-10,NH0100.NHF,0.1999999998
2020-07-17,000300.SH,0.1999999998
2020-07-17,000852.SH,0.1999999998
2020-07-17,CBA02701.CS,0.1999999998
2020-07-17,AU9999.SGE,0.1999999998
2020-07-17,NH0100.NHF,0.1999999998
2020-07-24,000300.SH,0.1999999998
2020-07-24,000852.SH,0.1999999998
2020-07-24,CBA02701.CS,0.1999999998
2020-07-24,AU9999.SGE,0.1999999998
2020-07-24,NH0100.NHF,0.1999999998
2020-07-31,000300.SH,0.1999999998
2020-07-31,000852.SH,0.1999999998
2020-07-31,CBA02701.CS,0.1999999998
2020-07-31,AU9999.SGE,0.1999999998
2020-07-31,NH0100.NHF,0.1999999998
2020-08-07,000300.SH,0.1999999998
2020-08-07,000852.SH,0.1999999998
2020-08-07,CBA02701.CS,0.1999999998
2020-08-07,AU9999.SGE,0.1999999998
2020-08-07,NH0100.NHF,0.1999999998
2020-08-14,000300.SH,0.1999999998
2020-08-14,000852.SH,0.1999999998
2020-08-14,CBA02701.CS,0.1999999998
2020-08-14,AU9999.SGE,0.1999999998
2020-08-14,NH0100.NHF,0.1999999998
2020-08-21,000300.SH,0.1999999998
2020-08-21,000852.SH,0.1999999998
2020-08-21,CBA02701.CS,0.1999999998
2020-08-21,AU9999.SGE,0.1999999998
2020-08-21,NH0100.NHF,0.1999999998
2020-08-28,000300.SH,0.1999999998
2020-08-28,000852.SH,0.1999999998
2020-08-28,CBA02701.CS,0.1999999998
2020-08-28,AU9999.SGE,0.1999999998
2020-08-28,NH0100.NHF,0.1999999998
2020-09-04,000300.SH,0.1999999998
2020-09-04,000852.SH,0.1999999998
2020-09-04,CBA02701.CS,0.1999999998
2020-09-04,AU9999.SGE,0.1999999998
2020-09-04,NH0100.NHF,0.1999999998
2020-09-11,000300.SH,0.1999999998
2020-09-11,000852.SH,0.1999999998
2020-09-11,CBA02701.CS,0.1999999998
2020-09-11,AU9999.SGE,0.1999999998
2020-09-11,NH0100.NHF,0.1999999998
2020-09-18,000300.SH,0.1999999998
2020-09-18,000852.SH,0.1999999998
2020-09-18,CBA02701.CS,0.1999999998
2020-09-18,AU9999.SGE,0.1999999998
2020-09-18,NH0100.NHF,0.1999999998
2020-09-25,000300.SH,0.1999999998
2020-09-25,000852.SH,0.1999999998
2020-09-25,CBA02701.CS,0.1999999998
2020-09-25,AU9999.SGE,0.1999999998
2020-09-25,NH0100.NHF,0.1999999998
2020-10-02,000300.SH,0.1999999998
2020-10-02,000852.SH,0.1999999998
2020-10-02,CBA02701.CS,0.1999999998
2020-10-02,AU9999.SGE,0.1999999998
2020-10-02,NH0100.NHF,0.1999999998
2020-10-09,000300.SH,0.1999999998
2020-10-09,000852.SH,0.1999999998
2020-10-09,CBA02701.CS,0.1999999998
2020-10-09,AU9999.SGE,0.1999999998
2020-10-09,NH0100.NHF,0.1999999998
2020-10-16,000300.SH,0.1999999998
2020-10-16,000852.SH,0.1999999998
2020-10-16,CBA02701.CS,0.1999999998
2020-10-16,AU9999.SGE,0.1999999998
2020-10-16,NH0100.NHF,0.1999999998
2020-10-23,000300.SH,0.1999999998
2020-10-23,000852.SH,0.1999999998
2020-10-23,CBA02701.CS,0.1999999998
2020-10-23,AU9999.SGE,0.1999999998
2020-10-23,NH0100.NHF,0.1999999998
2020-10-30,000300.SH,0.1999999998
2020-10-30,000852.SH,0.1999999998
2020-10-30,CBA02701.CS,0.1999999998
2020-10-30,AU9999.SGE,0.1999999998
2020-10-30,NH0100.NHF,0.1999999998
2020-11-06,000300.SH,0.1999999998
2020-11-06,000852.SH,0.1999999998
2020-11-06,CBA02701.CS,0.1999999998
2020-11-06,AU9999.SGE,0.1999999998
2020-11-06,NH0100.NHF,0.1999999998
2020-11-13,000300.SH,0.1999999998
2020-11-13,000852.SH,0.1999999998
2020-11-13,CBA02701.CS,0.1999999998
2020-11-13,AU9999.SGE,0.1999999998
2020-11-13,NH0100.NHF,0.1999999998
2020-11-20,000300.SH,0.1999999998
2020-11-20,000852.SH,0.1999999998
2020-11-20,CBA02701.CS,0.1999999998
2020-11-20,AU9999.SGE,0.1999999998
2020-11-20,NH0100.NHF,0.1999999998
2020-11-27,000300.SH,0.1999999998
2020-11-27,000852.SH,0.1999999998
2020-11-27,CBA02701.CS,0.1999999998
2020-11-27,AU9999.SGE,0.1999999998
2020-11-27,NH0100.NHF,0.1999999998
2020-12-04,000300.SH,0.1999999998
2020-12-04,000852.SH,0.1999999998
2020-12-04,CBA02701.CS,0.1999999998
2020-12-04,AU9999.SGE,0.1999999998
2020-12-04,NH0100.NHF,0.1999999998
2020-12-11,000300.SH,0.1999999998
2020-12-11,000852.SH,0.1999999998
2020-12-11,CBA02701.CS,0.1999999998
2020-12-11,AU9999.SGE,0.1999999998
2020-12-11,NH0100.NHF,0.1999999998
2020-12-18,000300.SH,0.1999999998
2020-12-18,000852.SH,0.1999999998
2020-12-18,CBA02701.CS,0.1999999998
2020-12-18,AU9999.SGE,0.1999999998
2020-12-18,NH0100.NHF,0.1999999998
2020-12-25,000300.SH,0.1999999998
2020-12-25,000852.SH,0.1999999998
2020-12-25,CBA02701.CS,0.1999999998
2020-12-25,AU9999.SGE,0.1999999998
2020-12-25,NH0100.NHF,0.1999999998
2021-01-01,000300.SH,0.1999999998
2021-01-01,000852.SH,0.1999999998
2021-01-01,CBA02701.CS,0.1999999998
2021-01-01,AU9999.SGE,0.1999999998
2021-01-01,NH0100.NHF,0.1999999998
2021-01-08,000300.SH,0.1999999998
2021-01-08,000852.SH,0.1999999998
2021-01-08,CBA02701.CS,0.1999999998
2021-01-08,AU9999.SGE,0.1999999998
2021-01-08,NH0100.NHF,0.1999999998
2021-01-15,000300.SH,0.1999999998
2021-01-15,000852.SH,0.1999999998
2021-01-15,CBA02701.CS,0.1999999998
2021-01-15,AU9999.SGE,0.1999999998
2021-01-15,NH0100.NHF,0.1999999998
2021-01-22,000300.SH,0.1999999998
2021-01-22,000852.SH,0.1999999998
2021-01-22,CBA02701.CS,0.1999999998
2021-01-22,AU9999.SGE,0.1999999998
2021-01-22,NH0100.NHF,0.1999999998
2021-01-29,000300.SH,0.1999999998
2021-01-29,000852.SH,0.1999999998
2021-01-29,CBA02701.CS,0.1999999998
2021-01-29,AU9999.SGE,0.1999999998
2021-01-29,NH0100.NHF,0.1999999998
2021-02-05,000300.SH,0.1999999998
2021-02-05,000852.SH,0.1999999998
2021-02-05,CBA02701.CS,0.1999999998
2021-02-05,AU9999.SGE,0.1999999998
2021-02-05,NH0100.NHF,0.1999999998
2021-02-12,000300.SH,0.1999999998
2021-02-12,000852.SH,0.1999999998
2021-02-12,CBA02701.CS,0.1999999998
2021-02-12,AU9999.SGE,0.1999999998
2021-02-12,NH0100.NHF,0.1999999998
2021-02-19,000300.SH,0.1999999998
2021-02-19,000852.SH,0.1999999998
2021-02-19,CBA02701.CS,0.1999999998
2021-02-19,AU9999.SGE,0.1999999998
2021-02-19,NH0100.NHF,0.1999999998
2021-02-26,000300.SH,0.1999999998
2021-02-26,000852.SH,0.1999999998
2021-02-26,CBA02701.CS,0.1999999998
2021-02-26,AU9999.SGE,0.1999999998
2021-02-26,NH0100.NHF,0.1999999998
2021-03-05,000300.SH,0.1999999998
2021-03-05,000852.SH,0.1999999998
2021-03-05,CBA02701.CS,0.1999999998
2021-03-05,AU9999.SGE,0.1999999998
2021-03-05,NH0100.NHF,0.1999999998
2021-03-12,000300.SH,0.1999999998
2021-03-12,000852.SH,0.1999999998
2021-03-12,CBA02701.CS,0.1999999998
2021-03-12,AU9999.SGE,0.1999999998
2021-03-12,NH0100.NHF,0.1999999998
2021-03-19,000300.SH,0.1999999998
2021-03-19,000852.SH,0.1999999998
2021-03-19,CBA02701.CS,0.1999999998
2021-03-19,AU9999.SGE,0.1999999998
2021-03-19,NH0100.NHF,0.1999999998
2021-03-26,000300.SH,0.1999999998
2021-03-26,000852.SH,0.1999999998
2021-03-26,CBA02701.CS,0.1999999998
2021-03-26,AU9999.SGE,0.1999999998
2021-03-26,NH0100.NHF,0.1999999998
2021-04-02,000300.SH,0.1999999998
2021-04-02,000852.SH,0.1999999998
2021-04-02,CBA02701.CS,0.1999999998
2021-04-02,AU9999.SGE,0.1999999998
2021-04-02,NH0100.NHF,0.1999999998
2021-04-09,000300.SH,0.19869044631747157
2021-04-09,000852.SH,0.19516083120766672
2021-04-09,CBA02701.CS,0.2053110230399587
2021-04-09,AU9999.SGE,0.20161986761185433
2021-04-09,NH0100.NHF,0.19921783082304864
2021-04-16,000300.SH,0.19898811631774216
2021-04-16,000852.SH,0.1961540289717261
2021-04-16,CBA02701.CS,0.2040707846958485
2021-04-16,AU9999.SGE,0.20116376420377402
2021-04-16,NH0100.NHF,0.1996233048109092
2021-04-23,000300.SH,0.1999999998
2021-04-23,000852.SH,0.1999999998
2021-04-23,CBA02701.CS,0.1999999998
2021-04-23,AU9999.SGE,0.1999999998
2021-04-23,NH0100.NHF,0.1999999998
2021-04-30,000300.SH,0.1999999998
2021-04-30,000852.SH,0.1999999998
2021-04-30,CBA02701.CS,0.1999999998
2021-04-30,AU9999.SGE,0.1999999998
2021-04-30,NH0100.NHF,0.1999999998
2021-05-07,000300.SH,0.1999999998
2021-05-07,000852.SH,0.1999999998
2021-05-07,CBA02701.CS,0.1999999998
2021-05-07,AU9999.SGE,0.1999999998
2021-05-07,NH0100.NHF,0.1999999998
2021-05-14,000300.SH,0.1999999998
2021-05-14,000852.SH,0.1999999998
2021-05-14,CBA02701.CS,0.1999999998
2021-05-14,AU9999.SGE,0.1999999998
2021-05-14,NH0100.NHF,0.1999999998
2021-05-21,000300.SH,0.1999999998
2021-05-21,000852.SH,0.1999999998
2021-05-21,CBA02701.CS,0.1999999998
2021-05-21,AU9999.SGE,0.1999999998
2021-05-21,NH0100.NHF,0.1999999998
2021-05-28,000300.SH,0.1999999998
2021-05-28,000852.SH,0.1999999998
2021-05-28,CBA02701.CS,0.1999999998
2021-05-28,AU9999.SGE,0.1999999998
2021-05-28,NH0100.NHF,0.1999999998
2021-06-04,000300.SH,0.1989477536573716
2021-06-04,000852.SH,0.1964414657229327
2021-06-04,CBA02701.CS,0.20381468318835427
2021-06-04,AU9999.SGE,0.2012731697098176
2021-06-04,NH0100.NHF,0.19952292672152377
2021-06-11,000300.SH,0.1999999998
2021-06-11,000852.SH,0.1999999998
2021-06-11,CBA02701.CS,0.1999999998
2021-06-11,AU9999.SGE,0.1999999998
2021-06-11,NH0100.NHF,0.1999999998
2021-06-18,000300.SH,0.1999999998
2021-06-18,000852.SH,0.1999999998
2021-06-18,CBA02701.CS,0.1999999998
2021-06-18,AU9999.SGE,0.1999999998
2021-06-18,NH0100.NHF,0.1999999998
2021-06-25,000300.SH,0.1999999998
2021-06-25,000852.SH,0.1999999998
2021-06-25,CBA02701.CS,0.1999999998
2021-06-25,AU9999.SGE,0.1999999998
2021-06-25,NH0100.NHF,0.1999999998
2021-07-02,000300.SH,0.1999999998
2021-07-02,000852.SH,0.1999999998
2021-07-02,CBA02701.CS,0.1999999998
2021-07-02,AU9999.SGE,0.1999999998
2021-07-02,NH0100.NHF,0.1999999998
2021-07-09,000300.SH,0.1999999998
2021-07-09,000852.SH,0.1999999998
2021-07-09,CBA02701.CS,0.1999999998
2021-07-09,AU9999.SGE,0.1999999998
2021-07-09,NH0100.NHF,0.1999999998
2021-07-16,000300.SH,0.1999999998
2021-07-16,000852.SH,0.1999999998
2021-07-16,CBA02701.CS,0.1999999998
2021-07-16,AU9999.SGE,0.1999999998
2021-07-16,NH0100.NHF,0.1999999998
2021-07-23,000300.SH,0.1999999998
2021-07-23,000852.SH,0.1999999998
2021-07-23,CBA02701.CS,0.1999999998
2021-07-23,AU9999.SGE,0.1999999998
2021-07-23,NH0100.NHF,0.1999999998
2021-07-30,000300.SH,0.1999999998
2021-07-30,000852.SH,0.1999999998
2021-07-30,CBA02701.CS,0.1999999998
2021-07-30,AU9999.SGE,0.1999999998
2021-07-30,NH0100.NHF,0.1999999998
2021-08-06,000300.SH,0.1999999998
2021-08-06,000852.SH,0.1999999998
2021-08-06,CBA02701.CS,0.1999999998
2021-08-06,AU9999.SGE,0.1999999998
2021-08-06,NH0100.NHF,0.1999999998
2021-08-13,000300.SH,0.1999999998
2021-08-13,000852.SH,0.1999999998
2021-08-13,CBA02701.CS,0.1999999998
2021-08-13,AU9999.SGE,0.1999999998
2021-08-13,NH0100.NHF,0.1999999998
2021-08-20,000300.SH,0.1999999998
2021-08-20,000852.SH,0.1999999998
2021-08-20,CBA02701.CS,0.1999999998
2021-08-20,AU9999.SGE,0.1999999998
2021-08-20,NH0100.NHF,0.1999999998
2021-08-27,000300.SH,0.1999999998
2021-08-27,000852.SH,0.1999999998
2021-08-27,CBA02701.CS,0.1999999998
2021-08-27,AU9999.SGE,0.1999999998
2021-08-27,NH0100.NHF,0.1999999998
2021-09-03,000300.SH,0.1999999998
2021-09-03,000852.SH,0.1999999998
2021-09-03,CBA02701.CS,0.1999999998
2021-09-03,AU9999.SGE,0.1999999998
2021-09-03,NH0100.NHF,0.1999999998
2021-09-10,000300.SH,0.1999999998
2021-09-10,000852.SH,0.1999999998
2021-09-10,CBA02701.CS,0.1999999998
2021-09-10,AU9999.SGE,0.1999999998
2021-09-10,NH0100.NHF,0.1999999998
2021-09-17,000300.SH,0.1999999998
2021-09-17,000852.SH,0.1999999998
2021-09-17,CBA02701.CS,0.1999999998
2021-09-17,AU9999.SGE,0.1999999998
2021-09-17,NH0100.NHF,0.1999999998
2021-09-24,000300.SH,0.1999999998
2021-09-24,000852.SH,0.1999999998
2021-09-24,CBA02701.CS,0.1999999998
2021-09-24,AU9999.SGE,0.1999999998
2021-09-24,NH0100.NHF,0.1999999998
2021-10-01,000300.SH,0.1999999998
2021-10-01,000852.SH,0.1999999998
2021-10-01,CBA02701.CS,0.1999999998
2021-10-01,AU9999.SGE,0.1999999998
2021-10-01,NH0100.NHF,0.1999999998
2021-10-08,000300.SH,0.1999999998
2021-10-08,000852.SH,0.1999999998
2021-10-08,CBA02701.CS,0.1999999998
2021-10-08,AU9999.SGE,0.1999999998
2021-10-08,NH0100.NHF,0.1999999998
2021-10-15,000300.SH,0.1999999998
2021-10-15,000852.SH,0.1999999998
2021-10-15,CBA02701.CS,0.1999999998
2021-10-15,AU9999.SGE,0.1999999998
2021-10-15,NH0100.NHF,0.1999999998
2021-10-22,000300.SH,0.1999999998
2021-10-22,000852.SH,0.1999999998
2021-10-22,CBA02701.CS,0.1999999998
2021-10-22,AU9999.SGE,0.1999999998
2021-10-22,NH0100.NHF,0.1999999998
2021-10-29,000300.SH,0.1999999998
2021-10-29,000852.SH,0.1999999998
2021-10-29,CBA02701.CS,0.1999999998
2021-10-29,AU9999.SGE,0.1999999998
2021-10-29,NH0100.NHF,0.1999999998
2021-11-05,000300.SH,0.1999999998
2021-11-05,000852.SH,0.1999999998
2021-11-05,CBA02701.CS,0.1999999998
2021-11-05,AU9999.SGE,0.1999999998
2021-11-05,NH0100.NHF,0.1999999998
2021-11-12,000300.SH,0.1999999998
2021-11-12,000852.SH,0.1999999998
2021-11-12,CBA02701.CS,0.1999999998
2021-11-12,AU9999.SGE,0.1999999998
2021-11-12,NH0100.NHF,0.1999999998
2021-11-19,000300.SH,0.1999999998
2021-11-19,000852.SH,0.1999999998
2021-11-19,CBA02701.CS,0.1999999998
2021-11-19,AU9999.SGE,0.1999999998
2021-11-19,NH0100.NHF,0.1999999998
2021-11-26,000300.SH,0.1999999998
2021-11-26,000852.SH,0.1999999998
2021-11-26,CBA02701.CS,0.1999999998
2021-11-26,AU9999.SGE,0.1999999998
2021-11-26,NH0100.NHF,0.1999999998
2021-12-03,000300.SH,0.1999999998
2021-12-03,000852.SH,0.1999999998
2021-12-03,CBA02701.CS,0.1999999998
2021-12-03,AU9999.SGE,0.1999999998
2021-12-03,NH0100.NHF,0.1999999998
2021-12-10,000300.SH,0.1999999998
2021-12-10,000852.SH,0.1999999998
2021-12-10,CBA02701.CS,0.1999999998
2021-12-10,AU9999.SGE,0.1999999998
2021-12-10,NH0100.NHF,0.1999999998
2021-12-17,000300.SH,0.1999999998
2021-12-17,000852.SH,0.1999999998
2021-12-17,CBA02701.CS,0.1999999998
2021-12-17,AU9999.SGE,0.1999999998
2021-12-17,NH0100.NHF,0.1999999998
2021-12-24,000300.SH,0.1999999998
2021-12-24,000852.SH,0.1999999998
2021-12-24,CBA02701.CS,0.1999999998
2021-12-24,AU9999.SGE,0.1999999998
2021-12-24,NH0100.NHF,0.1999999998
2021-12-31,000300.SH,0.1999999998
2021-12-31,000852.SH,0.1999999998
2021-12-31,CBA02701.CS,0.1999999998
2021-12-31,AU9999.SGE,0.1999999998
2021-12-31,NH0100.NHF,0.1999999998
2022-01-07,000300.SH,0.1999999998
2022-01-07,000852.SH,0.1999999998
2022-01-07,CBA02701.CS,0.1999999998
2022-01-07,AU9999.SGE,0.1999999998
2022-01-07,NH0100.NHF,0.1999999998
2022-01-14,000300.SH,0.1999999998
2022-01-14,000852.SH,0.1999999998
2022-01-14,CBA02701.CS,0.1999999998
2022-01-14,AU9999.SGE,0.1999999998
2022-01-14,NH0100.NHF,0.1999999998
2022-01-21,000300.SH,0.1999999998
2022-01-21,000852.SH,0.1999999998
2022-01-21,CBA02701.CS,0.1999999998
2022-01-21,AU9999.SGE,0.1999999998
2022-01-21,NH0100.NHF,0.1999999998
2022-01-28,000300.SH,0.1999999998
2022-01-28,000852.SH,0.1999999998
2022-01-28,CBA02701.CS,0.1999999998
2022-01-28,AU9999.SGE,0.1999999998
2022-01-28,NH0100.NHF,0.1999999998
2022-02-04,000300.SH,0.1999999998
2022-02-04,000852.SH,0.1999999998
2022-02-04,CBA02701.CS,0.1999999998
2022-02-04,AU9999.SGE,0.1999999998
2022-02-04,NH0100.NHF,0.1999999998
2022-02-11,000300.SH,0.1999999998
2022-02-11,000852.SH,0.1999999998
2022-02-11,CBA02701.CS,0.1999999998
2022-02-11,AU9999.SGE,0.1999999998
2022-02-11,NH0100.NHF,0.1999999998
2022-02-18,000300.SH,0.1999999998
2022-02-18,000852.SH,0.1999999998
2022-02-18,CBA02701.CS,0.1999999998
2022-02-18,AU9999.SGE,0.1999999998
2022-02-18,NH0100.NHF,0.1999999998
2022-02-25,000300.SH,0.1999999998
2022-02-25,000852.SH,0.1999999998
2022-02-25,CBA02701.CS,0.1999999998
2022-02-25,AU9999.SGE,0.1999999998
2022-02-25,NH0100.NHF,0.1999999998
2022-03-04,000300.SH,0.1999999998
2022-03-04,000852.SH,0.1999999998
2022-03-04,CBA02701.CS,0.1999999998
2022-03-04,AU9999.SGE,0.1999999998
2022-03-04,NH0100.NHF,0.1999999998
2022-03-11,000300.SH,0.1999999998
2022-03-11,000852.SH,0.1999999998
2022-03-11,CBA02701.CS,0.1999999998
2022-03-11,AU9999.SGE,0.1999999998
2022-03-11,NH0100.NHF,0.1999999998
2022-03-18,000300.SH,0.1999999998
2022-03-18,000852.SH,0.1999999998
2022-03-18,CBA02701.CS,0.1999999998
2022-03-18,AU9999.SGE,0.1999999998
2022-03-18,NH0100.NHF,0.1999999998
2022-03-25,000300.SH,0.1999999998
2022-03-25,000852.SH,0.1999999998
2022-03-25,CBA02701.CS,0.1999999998
2022-03-25,AU9999.SGE,0.1999999998
2022-03-25,NH0100.NHF,0.1999999998
2022-04-01,000300.SH,0.1999999998
2022-04-01,000852.SH,0.1999999998
2022-04-01,CBA02701.CS,0.1999999998
2022-04-01,AU9999.SGE,0.1999999998
2022-04-01,NH0100.NHF,0.1999999998
2022-04-08,000300.SH,0.1999999998
2022-04-08,000852.SH,0.1999999998
2022-04-08,CBA02701.CS,0.1999999998
2022-04-08,AU9999.SGE,0.1999999998
2022-04-08,NH0100.NHF,0.1999999998
2022-04-15,000300.SH,0.1999999998
2022-04-15,000852.SH,0.1999999998
2022-04-15,CBA02701.CS,0.1999999998
2022-04-15,AU9999.SGE,0.1999999998
2022-04-15,NH0100.NHF,0.1999999998
2022-04-22,000300.SH,0.1999999998
2022-04-22,000852.SH,0.1999999998
2022-04-22,CBA02701.CS,0.1999999998
2022-04-22,AU9999.SGE,0.1999999998
2022-04-22,NH0100.NHF,0.1999999998
2022-04-29,000300.SH,0.1999999998
2022-04-29,000852.SH,0.1999999998
2022-04-29,CBA02701.CS,0.1999999998
2022-04-29,AU9999.SGE,0.1999999998
2022-04-29,NH0100.NHF,0.1999999998
2022-05-06,000300.SH,0.1999999998
2022-05-06,000852.SH,0.1999999998
2022-05-06,CBA02701.CS,0.1999999998
2022-05-06,AU9999.SGE,0.1999999998
2022-05-06,NH0100.NHF,0.1999999998
2022-05-13,000300.SH,0.1999999998
2022-05-13,000852.SH,0.1999999998
2022-05-13,CBA02701.CS,0.1999999998
2022-05-13,AU9999.SGE,0.1999999998
2022-05-13,NH0100.NHF,0.1999999998
2022-05-20,000300.SH,0.1999999998
2022-05-20,000852.SH,0.1999999998
2022-05-20,CBA02701.CS,0.1999999998
2022-05-20,AU9999.SGE,0.1999999998
2022-05-20,NH0100.NHF,0.1999999998
2022-05-27,000300.SH,0.1999999998
2022-05-27,000852.SH,0.1999999998
2022-05-27,CBA02701.CS,0.1999999998
2022-05-27,AU9999.SGE,0.1999999998
2022-05-27,NH0100.NHF,0.1999999998
2022-06-03,000300.SH,0.1999999998
2022-06-03,000852.SH,0.1999999998
2022-06-03,CBA02701.CS,0.1999999998
2022-06-03,AU9999.SGE,0.1999999998
2022-06-03,NH0100.NHF,0.1999999998
2022-06-10,000300.SH,0.1999999998
2022-06-10,000852.SH,0.1999999998
2022-06-10,CBA02701.CS,0.1999999998
2022-06-10,AU9999.SGE,0.1999999998
2022-06-10,NH0100.NHF,0.1999999998
2022-06-17,000300.SH,0.1999999998
2022-06-17,000852.SH,0.1999999998
2022-06-17,CBA02701.CS,0.1999999998
2022-06-17,AU9999.SGE,0.1999999998
2022-06-17,NH0100.NHF,0.1999999998
2022-06-24,000300.SH,0.1999999998
2022-06-24,000852.SH,0.1999999998
2022-06-24,CBA02701.CS,0.1999999998
2022-06-24,AU9999.SGE,0.1999999998
2022-06-24,NH0100.NHF,0.1999999998
2022-07-01,000300.SH,0.1999999998
2022-07-01,000852.SH,0.1999999998
2022-07-01,CBA02701.CS,0.1999999998
2022-07-01,AU9999.SGE,0.1999999998
2022-07-01,NH0100.NHF,0.1999999998
2022-07-08,000300.SH,0.1999999998
2022-07-08,000852.SH,0.1999999998
2022-07-08,CBA02701.CS,0.1999999998
2022-07-08,AU9999.SGE,0.1999999998
2022-07-08,NH0100.NHF,0.1999999998
2022-07-15,000300.SH,0.1999999998
2022-07-15,000852.SH,0.1999999998
2022-07-15,CBA02701.CS,0.1999999998
2022-07-15,AU9999.SGE,0.1999999998
2022-07-15,NH0100.NHF,0.1999999998
2022-07-22,000300.SH,0.1999999998
2022-07-22,000852.SH,0.1999999998
2022-07-22,CBA02701.CS,0.1999999998
2022-07-22,AU9999.SGE,0.1999999998
2022-07-22,NH0100.NHF,0.1999999998
2022-07-29,000300.SH,0.1999999998
2022-07-29,000852.SH,0.1999999998
2022-07-29,CBA02701.CS,0.1999999998
2022-07-29,AU9999.SGE,0.1999999998
2022-07-29,NH0100.NHF,0.1999999998
2022-08-05,000300.SH,0.1999999998
2022-08-05,000852.SH,0.1999999998
2022-08-05,CBA02701.CS,0.1999999998
2022-08-05,AU9999.SGE,0.1999999998
2022-08-05,NH0100.NHF,0.1999999998
2022-08-12,000300.SH,0.1999999998
2022-08-12,000852.SH,0.1999999998
2022-08-12,CBA02701.CS,0.1999999998
2022-08-12,AU9999.SGE,0.1999999998
2022-08-12,NH0100.NHF,0.1999999998
2022-08-19,000300.SH,0.1999999998
2022-08-19,000852.SH,0.1999999998
2022-08-19,CBA02701.CS,0.1999999998
2022-08-19,AU9999.SGE,0.1999999998
2022-08-19,NH0100.NHF,0.1999999998
2022-08-26,000300.SH,0.1999999998
2022-08-26,000852.SH,0.1999999998
2022-08-26,CBA02701.CS,0.1999999998
2022-08-26,AU9999.SGE,0.1999999998
2022-08-26,NH0100.NHF,0.1999999998
2022-09-02,000300.SH,0.1999999998
2022-09-02,000852.SH,0.1999999998
2022-09-02,CBA02701.CS,0.1999999998
2022-09-02,AU9999.SGE,0.1999999998
2022-09-02,NH0100.NHF,0.1999999998
2022-09-09,000300.SH,0.1999999998
2022-09-09,000852.SH,0.1999999998
2022-09-09,CBA02701.CS,0.1999999998
2022-09-09,AU9999.SGE,0.1999999998
2022-09-09,NH0100.NHF,0.1999999998
2022-09-16,000300.SH,0.1999999998
2022-09-16,000852.SH,0.1999999998
2022-09-16,CBA02701.CS,0.1999999998
2022-09-16,AU9999.SGE,0.1999999998
2022-09-16,NH0100.NHF,0.1999999998
2022-09-23,000300.SH,0.1999999998
2022-09-23,000852.SH,0.1999999998
2022-09-23,CBA02701.CS,0.1999999998
2022-09-23,AU9999.SGE,0.1999999998
2022-09-23,NH0100.NHF,0.1999999998
2022-09-30,000300.SH,0.1999999998
2022-09-30,000852.SH,0.1999999998
2022-09-30,CBA02701.CS,0.1999999998
2022-09-30,AU9999.SGE,0.1999999998
2022-09-30,NH0100.NHF,0.1999999998
2022-10-07,000300.SH,0.1999999998
2022-10-07,000852.SH,0.1999999998
2022-10-07,CBA02701.CS,0.1999999998
2022-10-07,AU9999.SGE,0.1999999998
2022-10-07,NH0100.NHF,0.1999999998
2022-10-14,000300.SH,0.1999999998
2022-10-14,000852.SH,0.1999999998
2022-10-14,CBA02701.CS,0.1999999998
2022-10-14,AU9999.SGE,0.1999999998
2022-10-14,NH0100.NHF,0.1999999998
2022-10-21,000300.SH,0.1999999998
2022-10-21,000852.SH,0.1999999998
2022-10-21,CBA02701.CS,0.1999999998
2022-10-21,AU9999.SGE,0.1999999998
2022-10-21,NH0100.NHF,0.1999999998
2022-10-28,000300.SH,0.1999999998
2022-10-28,000852.SH,0.1999999998
2022-10-28,CBA02701.CS,0.1999999998
2022-10-28,AU9999.SGE,0.1999999998
2022-10-28,NH0100.NHF,0.1999999998
2022-11-04,000300.SH,0.1999999998
2022-11-04,000852.SH,0.1999999998
2022-11-04,CBA02701.CS,0.1999999998
2022-11-04,AU9999.SGE,0.1999999998
2022-11-04,NH0100.NHF,0.1999999998
2022-11-11,000300.SH,0.1999999998
2022-11-11,000852.SH,0.1999999998
2022-11-11,CBA02701.CS,0.1999999998
2022-11-11,AU9999.SGE,0.1999999998
2022-11-11,NH0100.NHF,0.1999999998
2022-11-18,000300.SH,0.1999999998
2022-11-18,000852.SH,0.1999999998
2022-11-18,CBA02701.CS,0.1999999998
2022-11-18,AU9999.SGE,0.1999999998
2022-11-18,NH0100.NHF,0.1999999998
2022-11-25,000300.SH,0.1999999998
2022-11-25,000852.SH,0.1999999998
2022-11-25,CBA02701.CS,0.1999999998
2022-11-25,AU9999.SGE,0.1999999998
2022-11-25,NH0100.NHF,0.1999999998
2022-12-02,000300.SH,0.1999999998
2022-12-02,000852.SH,0.1999999998
2022-12-02,CBA02701.CS,0.1999999998
2022-12-02,AU9999.SGE,0.1999999998
2022-12-02,NH0100.NHF,0.1999999998
2022-12-09,000300.SH,0.1999999998
2022-12-09,000852.SH,0.1999999998
2022-12-09,CBA02701.CS,0.1999999998
2022-12-09,AU9999.SGE,0.1999999998
2022-12-09,NH0100.NHF,0.1999999998
2022-12-16,000300.SH,0.1999999998
2022-12-16,000852.SH,0.1999999998
2022-12-16,CBA02701.CS,0.1999999998
2022-12-16,AU9999.SGE,0.1999999998
2022-12-16,NH0100.NHF,0.1999999998
2022-12-23,000300.SH,0.1999999998
2022-12-23,000852.SH,0.1999999998
2022-12-23,CBA02701.CS,0.1999999998
2022-12-23,AU9999.SGE,0.1999999998
2022-12-23,NH0100.NHF,0.1999999998
2022-12-30,000300.SH,0.1999999998
2022-12-30,000852.SH,0.1999999998
2022-12-30,CBA02701.CS,0.1999999998
2022-12-30,AU9999.SGE,0.1999999998
2022-12-30,NH0100.NHF,0.1999999998
2023-01-06,000300.SH,0.1999999998
2023-01-06,000852.SH,0.1999999998
2023-01-06,CBA02701.CS,0.1999999998
2023-01-06,AU9999.SGE,0.1999999998
2023-01-06,NH0100.NHF,0.1999999998
2023-01-13,000300.SH,0.1999999998
2023-01-13,000852.SH,0.1999999998
2023-01-13,CBA02701.CS,0.1999999998
2023-01-13,AU9999.SGE,0.1999999998
2023-01-13,NH0100.NHF,0.1999999998
2023-01-20,000300.SH,0.1999999998
2023-01-20,000852.SH,0.1999999998
2023-01-20,CBA02701.CS,0.1999999998
2023-01-20,AU9999.SGE,0.1999999998
2023-01-20,NH0100.NHF,0.1999999998
2023-01-27,000300.SH,0.1999999998
2023-01-27,000852.SH,0.1999999998
2023-01-27,CBA02701.CS,0.1999999998
2023-01-27,AU9999.SGE,0.1999999998
2023-01-27,NH0100.NHF,0.1999999998
2023-02-03,000300.SH,0.1999999998
2023-02-03,000852.SH,0.1999999998
2023-02-03,CBA02701.CS,0.1999999998
2023-02-03,AU9999.SGE,0.1999999998
2023-02-03,NH0100.NHF,0.1999999998
2023-02-10,000300.SH,0.1999999998
2023-02-10,000852.SH,0.1999999998
2023-02-10,CBA02701.CS,0.1999999998
2023-02-10,AU9999.SGE,0.1999999998
2023-02-10,NH0100.NHF,0.1999999998
2023-02-17,000300.SH,0.1999999998
2023-02-17,000852.SH,0.1999999998
2023-02-17,CBA02701.CS,0.1999999998
2023-02-17,AU9999.SGE,0.1999999998
2023-02-17,NH0100.NHF,0.1999999998
2023-02-24,000300.SH,0.1999999998
2023-02-24,000852.SH,0.1999999998
2023-02-24,CBA02701.CS,0.1999999998
2023-02-24,AU9999.SGE,0.1999999998
2023-02-24,NH0100.NHF,0.1999999998
2023-03-03,000300.SH,0.1999999998
2023-03-03,000852.SH,0.1999999998
2023-03-03,CBA02701.CS,0.1999999998
2023-03-03,AU9999.SGE,0.1999999998
2023-03-03,NH0100.NHF,0.1999999998
2023-03-10,000300.SH,0.1999999998
2023-03-10,000852.SH,0.1999999998
2023-03-10,CBA02701.CS,0.1999999998
2023-03-10,AU9999.SGE,0.1999999998
2023-03-10,NH0100.NHF,0.1999999998
2023-03-17,000300.SH,0.1999999998
2023-03-17,000852.SH,0.1999999998
2023-03-17,CBA02701.CS,0.1999999998
2023-03-17,AU9999.SGE,0.1999999998
2023-03-17,NH0100.NHF,0.1999999998
2023-03-24,000300.SH,0.1999999998
2023-03-24,000852.SH,0.1999999998
2023-03-24,CBA02701.CS,0.1999999998
2023-03-24,AU9999.SGE,0.1999999998
2023-03-24,NH0100.NHF,0.1999999998
2023-03-31,000300.SH,0.1999999998
2023-03-31,000852.SH,0.1999999998
2023-03-31,CBA02701.CS,0.1999999998
2023-03-31,AU9999.SGE,0.1999999998
2023-03-31,NH0100.NHF,0.1999999998
2023-04-07,000300.SH,0.1999999998
2023-04-07,000852.SH,0.1999999998
2023-04-07,CBA02701.CS,0.1999999998
2023-04-07,AU9999.SGE,0.1999999998
2023-04-07,NH0100.NHF,0.1999999998
2023-04-14,000300.SH,0.1999999998
2023-04-14,000852.SH,0.1999999998
2023-04-14,CBA02701.CS,0.1999999998
2023-04-14,AU9999.SGE,0.1999999998
2023-04-14,NH0100.NHF,0.1999999998
2023-04-21,000300.SH,0.1999999998
2023-04-21,000852.SH,0.1999999998
2023-04-21,CBA02701.CS,0.1999999998
2023-04-21,AU9999.SGE,0.1999999998
2023-04-21,NH0100.NHF,0.1999999998
2023-04-28,000300.SH,0.1999999998
2023-04-28,000852.SH,0.1999999998
2023-04-28,CBA02701.CS,0.1999999998
2023-04-28,AU9999.SGE,0.1999999998
2023-04-28,NH0100.NHF,0.1999999998
2023-05-05,000300.SH,0.1999999998
2023-05-05,000852.SH,0.1999999998
2023-05-05,CBA02701.CS,0.1999999998
2023-05-05,AU9999.SGE,0.1999999998
2023-05-05,NH0100.NHF,0.1999999998
2023-05-12,000300.SH,0.1999999998
2023-05-12,000852.SH,0.1999999998
2023-05-12,CBA02701.CS,0.1999999998
2023-05-12,AU9999.SGE,0.1999999998
2023-05-12,NH0100.NHF,0.1999999998
2023-05-19,000300.SH,0.1999999998
2023-05-19,000852.SH,0.1999999998
2023-05-19,CBA02701.CS,0.1999999998
2023-05-19,AU9999.SGE,0.1999999998
2023-05-19,NH0100.NHF,0.1999999998
2023-05-26,000300.SH,0.1999999998
2023-05-26,000852.SH,0.1999999998
2023-05-26,CBA02701.CS,0.1999999998
2023-05-26,AU9999.SGE,0.1999999998
2023-05-26,NH0100.NHF,0.1999999998
2023-06-02,000300.SH,0.1999999998
2023-06-02,000852.SH,0.1999999998
2023-06-02,CBA02701.CS,0.1999999998
2023-06-02,AU9999.SGE,0.1999999998
2023-06-02,NH0100.NHF,0.1999999998
2023-06-09,000300.SH,0.1999999998
2023-06-09,000852.SH,0.1999999998
2023-06-09,CBA02701.CS,0.1999999998
2023-06-09,AU9999.SGE,0.1999999998
2023-06-09,NH0100.NHF,0.1999999998
2023-06-16,000300.SH,0.1999999998
2023-06-16,000852.SH,0.1999999998
2023-06-16,CBA02701.CS,0.1999999998
2023-06-16,AU9999.SGE,0.1999999998
2023-06-16,NH0100.NHF,0.1999999998
2023-06-23,000300.SH,0.1999999998
2023-06-23,000852.SH,0.1999999998
2023-06-23,CBA02701.CS,0.1999999998
2023-06-23,AU9999.SGE,0.1999999998
2023-06-23,NH0100.NHF,0.1999999998
2023-06-30,000300.SH,0.1999999998
2023-06-30,000852.SH,0.1999999998
2023-06-30,CBA02701.CS,0.1999999998
2023-06-30,AU9999.SGE,0.1999999998
2023-06-30,NH0100.NHF,0.1999999998
2023-07-07,000300.SH,0.1999999998
2023-07-07,000852.SH,0.1999999998
2023-07-07,CBA02701.CS,0.1999999998
2023-07-07,AU9999.SGE,0.1999999998
2023-07-07,NH0100.NHF,0.1999999998
2023-07-14,000300.SH,0.1999999998
2023-07-14,000852.SH,0.1999999998
2023-07-14,CBA02701.CS,0.1999999998
2023-07-14,AU9999.SGE,0.1999999998
2023-07-14,NH0100.NHF,0.1999999998
2023-07-21,000300.SH,0.1999999998
2023-07-21,000852.SH,0.1999999998
2023-07-21,CBA02701.CS,0.1999999998
2023-07-21,AU9999.SGE,0.1999999998
2023-07-21,NH0100.NHF,0.1999999998
2023-07-28,000300.SH,0.1999999998
2023-07-28,000852.SH,0.1999999998
2023-07-28,CBA02701.CS,0.1999999998
2023-07-28,AU9999.SGE,0.1999999998
2023-07-28,NH0100.NHF,0.1999999998
2023-08-04,000300.SH,0.1999999998
2023-08-04,000852.SH,0.1999999998
2023-08-04,CBA02701.CS,0.1999999998
2023-08-04,AU9999.SGE,0.1999999998
2023-08-04,NH0100.NHF,0.1999999998
2023-08-11,000300.SH,0.1999999998
2023-08-11,000852.SH,0.1999999998
2023-08-11,CBA02701.CS,0.1999999998
2023-08-11,AU9999.SGE,0.1999999998
2023-08-11,NH0100.NHF,0.1999999998
2023-08-18,000300.SH,0.1999999998
2023-08-18,000852.SH,0.1999999998
2023-08-18,CBA02701.CS,0.1999999998
2023-08-18,AU9999.SGE,0.1999999998
2023-08-18,NH0100.NHF,0.1999999998
2023-08-25,000300.SH,0.1999999998
2023-08-25,000852.SH,0.1999999998
2023-08-25,CBA02701.CS,0.1999999998
2023-08-25,AU9999.SGE,0.1999999998
2023-08-25,NH0100.NHF,0.1999999998
2023-09-01,000300.SH,0.1999999998
2023-09-01,000852.SH,0.1999999998
2023-09-01,CBA02701.CS,0.1999999998
2023-09-01,AU9999.SGE,0.1999999998
2023-09-01,NH0100.NHF,0.1999999998
2023-09-08,000300.SH,0.1999999998
2023-09-08,000852.SH,0.1999999998
2023-09-08,CBA02701.CS,0.1999999998
2023-09-08,AU9999.SGE,0.1999999998
2023-09-08,NH0100.NHF,0.1999999998
2023-09-15,000300.SH,0.1999999998
2023-09-15,000852.SH,0.1999999998
2023-09-15,CBA02701.CS,0.1999999998
2023-09-15,AU9999.SGE,0.1999999998
2023-09-15,NH0100.NHF,0.1999999998
2023-09-22,000300.SH,0.1999999998
2023-09-22,000852.SH,0.1999999998
2023-09-22,CBA02701.CS,0.1999999998
2023-09-22,AU9999.SGE,0.1999999998
2023-09-22,NH0100.NHF,0.1999999998
2023-09-29,000300.SH,0.1999999998
2023-09-29,000852.SH,0.1999999998
2023-09-29,CBA02701.CS,0.1999999998
2023-09-29,AU9999.SGE,0.1999999998
2023-09-29,NH0100.NHF,0.1999999998
2023-10-06,000300.SH,0.1999999998
2023-10-06,000852.SH,0.1999999998
2023-10-06,CBA02701.CS,0.1999999998
2023-10-06,AU9999.SGE,0.1999999998
2023-10-06,NH0100.NHF,0.1999999998
2023-10-13,000300.SH,0.1999999998
2023-10-13,000852.SH,0.1999999998
2023-10-13,CBA02701.CS,0.1999999998
2023-10-13,AU9999.SGE,0.1999999998
2023-10-13,NH0100.NHF,0.1999999998
2023-10-20,000300.SH,0.1999999998
2023-10-20,000852.SH,0.1999999998
2023-10-20,CBA02701.CS,0.1999999998
2023-10-20,AU9999.SGE,0.1999999998
2023-10-20,NH0100.NHF,0.1999999998
2023-10-27,000300.SH,0.1999999998
2023-10-27,000852.SH,0.1999999998
2023-10-27,CBA02701.CS,0.1999999998
2023-10-27,AU9999.SGE,0.1999999998
2023-10-27,NH0100.NHF,0.1999999998
2023-11-03,000300.SH,0.1999999998
2023-11-03,000852.SH,0.1999999998
2023-11-03,CBA02701.CS,0.1999999998
2023-11-03,AU9999.SGE,0.1999999998
2023-11-03,NH0100.NHF,0.1999999998
2023-11-10,000300.SH,0.1999999998
2023-11-10,000852.SH,0.1999999998
2023-11-10,CBA02701.CS,0.1999999998
2023-11-10,AU9999.SGE,0.1999999998
2023-11-10,NH0100.NHF,0.1999999998
2023-11-17,000300.SH,0.1999999998
2023-11-17,000852.SH,0.1999999998
2023-11-17,CBA02701.CS,0.1999999998
2023-11-17,AU9999.SGE,0.1999999998
2023-11-17,NH0100.NHF,0.1999999998
2023-11-24,000300.SH,0.1999999998
2023-11-24,000852.SH,0.1999999998
2023-11-24,CBA02701.CS,0.1999999998
2023-11-24,AU9999.SGE,0.1999999998
2023-11-24,NH0100.NHF,0.1999999998
2023-12-01,000300.SH,0.1999999998
2023-12-01,000852.SH,0.1999999998
2023-12-01,CBA02701.CS,0.1999999998
2023-12-01,AU9999.SGE,0.1999999998
2023-12-01,NH0100.NHF,0.1999999998
2023-12-08,000300.SH,0.1999999998
2023-12-08,000852.SH,0.1999999998
2023-12-08,CBA02701.CS,0.1999999998
2023-12-08,AU9999.SGE,0.1999999998
2023-12-08,NH0100.NHF,0.1999999998
2023-12-15,000300.SH,0.1999999998
2023-12-15,000852.SH,0.1999999998
2023-12-15,CBA02701.CS,0.1999999998
2023-12-15,AU9999.SGE,0.1999999998
2023-12-15,NH0100.NHF,0.1999999998
2023-12-22,000300.SH,0.1999999998
2023-12-22,000852.SH,0.1999999998
2023-12-22,CBA02701.CS,0.1999999998
2023-12-22,AU9999.SGE,0.1999999998
2023-12-22,NH0100.NHF,0.1999999998
2023-12-29,000300.SH,0.1999999998
2023-12-29,000852.SH,0.1999999998
2023-12-29,CBA02701.CS,0.1999999998
2023-12-29,AU9999.SGE,0.1999999998
2023-12-29,NH0100.NHF,0.1999999998
2024-01-05,000300.SH,0.1999999998
2024-01-05,000852.SH,0.1999999998
2024-01-05,CBA02701.CS,0.1999999998
2024-01-05,AU9999.SGE,0.1999999998
2024-01-05,NH0100.NHF,0.1999999998
2024-01-12,000300.SH,0.1999999998
2024-01-12,000852.SH,0.1999999998
2024-01-12,CBA02701.CS,0.1999999998
2024-01-12,AU9999.SGE,0.1999999998
2024-01-12,NH0100.NHF,0.1999999998
2024-01-19,000300.SH,0.1999999998
2024-01-19,000852.SH,0.1999999998
2024-01-19,CBA02701.CS,0.1999999998
2024-01-19,AU9999.SGE,0.1999999998
2024-01-19,NH0100.NHF,0.1999999998
2024-01-26,000300.SH,0.1999999998
2024-01-26,000852.SH,0.1999999998
2024-01-26,CBA02701.CS,0.1999999998
2024-01-26,AU9999.SGE,0.1999999998
2024-01-26,NH0100.NHF,0.1999999998
2024-02-02,000300.SH,0.1999999998
2024-02-02,000852.SH,0.1999999998
2024-02-02,CBA02701.CS,0.1999999998
2024-02-02,AU9999.SGE,0.1999999998
2024-02-02,NH0100.NHF,0.1999999998
2024-02-09,000300.SH,0.1999999998
2024-02-09,000852.SH,0.1999999998
2024-02-09,CBA02701.CS,0.1999999998
2024-02-09,AU9999.SGE,0.1999999998
2024-02-09,NH0100.NHF,0.1999999998
2024-02-16,000300.SH,0.1999999998
2024-02-16,000852.SH,0.1999999998
2024-02-16,CBA02701.CS,0.1999999998
2024-02-16,AU9999.SGE,0.1999999998
2024-02-16,NH0100.NHF,0.1999999998
2024-02-23,000300.SH,0.1999999998
2024-02-23,000852.SH,0.1999999998
2024-02-23,CBA02701.CS,0.1999999998
2024-02-23,AU9999.SGE,0.1999999998
2024-02-23,NH0100.NHF,0.1999999998
2024-03-01,000300.SH,0.1999999998
2024-03-01,000852.SH,0.1999999998
2024-03-01,CBA02701.CS,0.1999999998
2024-03-01,AU9999.SGE,0.1999999998
2024-03-01,NH0100.NHF,0.1999999998
2024-03-08,000300.SH,0.1999999998
2024-03-08,000852.SH,0.1999999998
2024-03-08,CBA02701.CS,0.1999999998
2024-03-08,AU9999.SGE,0.1999999998
2024-03-08,NH0100.NHF,0.1999999998
2024-03-15,000300.SH,0.1999999998
2024-03-15,000852.SH,0.1999999998
2024-03-15,CBA02701.CS,0.1999999998
2024-03-15,AU9999.SGE,0.1999999998
2024-03-15,NH0100.NHF,0.1999999998
2024-03-22,000300.SH,0.1999999998
2024-03-22,000852.SH,0.1999999998
2024-03-22,CBA02701.CS,0.1999999998
2024-03-22,AU9999.SGE,0.1999999998
2024-03-22,NH0100.NHF,0.1999999998
2024-03-29,000300.SH,0.1999999998
2024-03-29,000852.SH,0.1999999998
2024-03-29,CBA02701.CS,0.1999999998
2024-03-29,AU9999.SGE,0.1999999998
2024-03-29,NH0100.NHF,0.1999999998
2024-04-05,000300.SH,0.1999999998
2024-04-05,000852.SH,0.1999999998
2024-04-05,CBA02701.CS,0.1999999998
2024-04-05,AU9999.SGE,0.1999999998
2024-04-05,NH0100.NHF,0.1999999998
2024-04-12,000300.SH,0.1999999998
2024-04-12,000852.SH,0.1999999998
2024-04-12,CBA02701.CS,0.1999999998
2024-04-12,AU9999.SGE,0.1999999998
2024-04-12,NH0100.NHF,0.1999999998
2024-04-19,000300.SH,0.1999999998
2024-04-19,000852.SH,0.1999999998
2024-04-19,CBA02701.CS,0.1999999998
2024-04-19,AU9999.SGE,0.1999999998
2024-04-19,NH0100.NHF,0.1999999998
2024-04-26,000300.SH,0.1999999998
2024-04-26,000852.SH,0.1999999998
2024-04-26,CBA02701.CS,0.1999999998
2024-04-26,AU9999.SGE,0.1999999998
2024-04-26,NH0100.NHF,0.1999999998
2024-05-03,000300.SH,0.1999999998
2024-05-03,000852.SH,0.1999999998
2024-05-03,CBA02701.CS,0.1999999998
2024-05-03,AU9999.SGE,0.1999999998
2024-05-03,NH0100.NHF,0.1999999998
2024-05-10,000300.SH,0.1999999998
2024-05-10,000852.SH,0.1999999998
2024-05-10,CBA02701.CS,0.1999999998
2024-05-10,AU9999.SGE,0.1999999998
2024-05-10,NH0100.NHF,0.1999999998
2024-05-17,000300.SH,0.1999999998
2024-05-17,000852.SH,0.1999999998
2024-05-17,CBA02701.CS,0.1999999998
2024-05-17,AU9999.SGE,0.1999999998
2024-05-17,NH0100.NHF,0.1999999998
2024-05-24,000300.SH,0.1999999998
2024-05-24,000852.SH,0.1999999998
2024-05-24,CBA02701.CS,0.1999999998
2024-05-24,AU9999.SGE,0.1999999998
2024-05-24,NH0100.NHF,0.1999999998
2024-05-31,000300.SH,0.1999999998
2024-05-31,000852.SH,0.1999999998
2024-05-31,CBA02701.CS,0.1999999998
2024-05-31,AU9999.SGE,0.1999999998
2024-05-31,NH0100.NHF,0.1999999998
2024-06-07,000300.SH,0.1999999998
2024-06-07,000852.SH,0.1999999998
2024-06-07,CBA02701.CS,0.1999999998
2024-06-07,AU9999.SGE,0.1999999998
2024-06-07,NH0100.NHF,0.1999999998
2024-06-14,000300.SH,0.1999999998
2024-06-14,000852.SH,0.1999999998
2024-06-14,CBA02701.CS,0.1999999998
2024-06-14,AU9999.SGE,0.1999999998
2024-06-14,NH0100.NHF,0.1999999998
2024-06-21,000300.SH,0.1999999998
2024-06-21,000852.SH,0.1999999998
2024-06-21,CBA02701.CS,0.1999999998
2024-06-21,AU9999.SGE,0.1999999998
2024-06-21,NH0100.NHF,0.1999999998
2024-06-28,000300.SH,0.1999999998
2024-06-28,000852.SH,0.1999999998
2024-06-28,CBA02701.CS,0.1999999998
2024-06-28,AU9999.SGE,0.1999999998
2024-06-28,NH0100.NHF,0.1999999998
2024-07-05,000300.SH,0.1999999998
2024-07-05,000852.SH,0.1999999998
2024-07-05,CBA02701.CS,0.1999999998
2024-07-05,AU9999.SGE,0.1999999998
2024-07-05,NH0100.NHF,0.1999999998
2024-07-12,000300.SH,0.1999999998
2024-07-12,000852.SH,0.1999999998
2024-07-12,CBA02701.CS,0.1999999998
2024-07-12,AU9999.SGE,0.1999999998
2024-07-12,NH0100.NHF,0.1999999998
2024-07-19,000300.SH,0.1999999998
2024-07-19,000852.SH,0.1999999998
2024-07-19,CBA02701.CS,0.1999999998
2024-07-19,AU9999.SGE,0.1999999998
2024-07-19,NH0100.NHF,0.1999999998
2024-07-26,000300.SH,0.1999999998
2024-07-26,000852.SH,0.1999999998
2024-07-26,CBA02701.CS,0.1999999998
2024-07-26,AU9999.SGE,0.1999999998
2024-07-26,NH0100.NHF,0.1999999998
2024-08-02,000300.SH,0.1999999998
2024-08-02,000852.SH,0.1999999998
2024-08-02,CBA02701.CS,0.1999999998
2024-08-02,AU9999.SGE,0.1999999998
2024-08-02,NH0100.NHF,0.1999999998
2024-08-09,000300.SH,0.1999999998
2024-08-09,000852.SH,0.1999999998
2024-08-09,CBA02701.CS,0.1999999998
2024-08-09,AU9999.SGE,0.1999999998
2024-08-09,NH0100.NHF,0.1999999998
2024-08-16,000300.SH,0.1999999998
2024-08-16,000852.SH,0.1999999998
2024-08-16,CBA02701.CS,0.1999999998
2024-08-16,AU9999.SGE,0.1999999998
2024-08-16,NH0100.NHF,0.1999999998
2024-08-23,000300.SH,0.1999999998
2024-08-23,000852.SH,0.1999999998
2024-08-23,CBA02701.CS,0.1999999998
2024-08-23,AU9999.SGE,0.1999999998
2024-08-23,NH0100.NHF,0.1999999998
2024-08-30,000300.SH,0.1999999998
2024-08-30,000852.SH,0.1999999998
2024-08-30,CBA02701.CS,0.1999999998
2024-08-30,AU9999.SGE,0.1999999998
2024-08-30,NH0100.NHF,0.1999999998
2024-09-06,000300.SH,0.1999999998
2024-09-06,000852.SH,0.1999999998
2024-09-06,CBA02701.CS,0.1999999998
2024-09-06,AU9999.SGE,0.1999999998
2024-09-06,NH0100.NHF,0.1999999998
2024-09-13,000300.SH,0.1999999998
2024-09-13,000852.SH,0.1999999998
2024-09-13,CBA02701.CS,0.1999999998
2024-09-13,AU9999.SGE,0.1999999998
2024-09-13,NH0100.NHF,0.1999999998
2024-09-20,000300.SH,0.1999999998
2024-09-20,000852.SH,0.1999999998
2024-09-20,CBA02701.CS,0.1999999998
2024-09-20,AU9999.SGE,0.1999999998
2024-09-20,NH0100.NHF,0.1999999998
2024-09-27,000300.SH,0.1999999998
2024-09-27,000852.SH,0.1999999998
2024-09-27,CBA02701.CS,0.1999999998
2024-09-27,AU9999.SGE,0.1999999998
2024-09-27,NH0100.NHF,0.1999999998
2024-10-04,000300.SH,0.1999999998
2024-10-04,000852.SH,0.1999999998
2024-10-04,CBA02701.CS,0.1999999998
2024-10-04,AU9999.SGE,0.1999999998
2024-10-04,NH0100.NHF,0.1999999998
2024-10-11,000300.SH,0.1999999998
2024-10-11,000852.SH,0.1999999998
2024-10-11,CBA02701.CS,0.1999999998
2024-10-11,AU9999.SGE,0.1999999998
2024-10-11,NH0100.NHF,0.1999999998
2024-10-18,000300.SH,0.1999999998
2024-10-18,000852.SH,0.1999999998
2024-10-18,CBA02701.CS,0.1999999998
2024-10-18,AU9999.SGE,0.1999999998
2024-10-18,NH0100.NHF,0.1999999998
2024-10-25,000300.SH,0.1999999998
2024-10-25,000852.SH,0.1999999998
2024-10-25,CBA02701.CS,0.1999999998
2024-10-25,AU9999.SGE,0.1999999998
2024-10-25,NH0100.NHF,0.1999999998
2024-11-01,000300.SH,0.1999999998
2024-11-01,000852.SH,0.1999999998
2024-11-01,CBA02701.CS,0.1999999998
2024-11-01,AU9999.SGE,0.1999999998
2024-11-01,NH0100.NHF,0.1999999998
2024-11-08,000300.SH,0.1999999998
2024-11-08,000852.SH,0.1999999998
2024-11-08,CBA02701.CS,0.1999999998
2024-11-08,AU9999.SGE,0.1999999998
2024-11-08,NH0100.NHF,0.1999999998
2024-11-15,000300.SH,0.1999999998
2024-11-15,000852.SH,0.1999999998
2024-11-15,CBA02701.CS,0.1999999998
2024-11-15,AU9999.SGE,0.1999999998
2024-11-15,NH0100.NHF,0.1999999998
2024-11-22,000300.SH,0.1999999998
2024-11-22,000852.SH,0.1999999998
2024-11-22,CBA02701.CS,0.1999999998
2024-11-22,AU9999.SGE,0.1999999998
2024-11-22,NH0100.NHF,0.1999999998
2024-11-29,000300.SH,0.1999999998
2024-11-29,000852.SH,0.1999999998
2024-11-29,CBA02701.CS,0.1999999998
2024-11-29,AU9999.SGE,0.1999999998
2024-11-29,NH0100.NHF,0.1999999998
2024-12-06,000300.SH,0.1999999998
2024-12-06,000852.SH,0.1999999998
2024-12-06,CBA02701.CS,0.1999999998
2024-12-06,AU9999.SGE,0.1999999998
2024-12-06,NH0100.NHF,0.1999999998
2024-12-13,000300.SH,0.1999999998
2024-12-13,000852.SH,0.1999999998
2024-12-13,CBA02701.CS,0.1999999998
2024-12-13,AU9999.SGE,0.1999999998
2024-12-13,NH0100.NHF,0.1999999998
2024-12-20,000300.SH,0.1999999998
2024-12-20,000852.SH,0.1999999998
2024-12-20,CBA02701.CS,0.1999999998
2024-12-20,AU9999.SGE,0.1999999998
2024-12-20,NH0100.NHF,0.1999999998
2024-12-27,000300.SH,0.1999999998
2024-12-27,000852.SH,0.1999999998
2024-12-27,CBA02701.CS,0.1999999998
2024-12-27,AU9999.SGE,0.1999999998
2024-12-27,NH0100.NHF,0.1999999998
2025-01-03,000300.SH,0.1999999998
2025-01-03,000852.SH,0.1999999998
2025-01-03,CBA02701.CS,0.1999999998
2025-01-03,AU9999.SGE,0.1999999998
2025-01-03,NH0100.NHF,0.1999999998
2025-01-10,000300.SH,0.1999999998
2025-01-10,000852.SH,0.1999999998
2025-01-10,CBA02701.CS,0.1999999998
2025-01-10,AU9999.SGE,0.1999999998
2025-01-10,NH0100.NHF,0.1999999998
2025-01-17,000300.SH,0.1999999998
2025-01-17,000852.SH,0.1999999998
2025-01-17,CBA02701.CS,0.1999999998
2025-01-17,AU9999.SGE,0.1999999998
2025-01-17,NH0100.NHF,0.1999999998
2025-01-24,000300.SH,0.1999999998
2025-01-24,000852.SH,0.1999999998
2025-01-24,CBA02701.CS,0.1999999998
2025-01-24,AU9999.SGE,0.1999999998
2025-01-24,NH0100.NHF,0.1999999998
2025-01-31,000300.SH,0.1999999998
2025-01-31,000852.SH,0.1999999998
2025-01-31,CBA02701.CS,0.1999999998
2025-01-31,AU9999.SGE,0.1999999998
2025-01-31,NH0100.NHF,0.1999999998
2025-02-07,000300.SH,0.1999999998
2025-02-07,000852.SH,0.1999999998
2025-02-07,CBA02701.CS,0.1999999998
2025-02-07,AU9999.SGE,0.1999999998
2025-02-07,NH0100.NHF,0.1999999998
2025-02-14,000300.SH,0.1999999998
2025-02-14,000852.SH,0.1999999998
2025-02-14,CBA02701.CS,0.1999999998
2025-02-14,AU9999.SGE,0.1999999998
2025-02-14,NH0100.NHF,0.1999999998
2025-02-21,000300.SH,0.1999999998
2025-02-21,000852.SH,0.1999999998
2025-02-21,CBA02701.CS,0.1999999998
2025-02-21,AU9999.SGE,0.1999999998
2025-02-21,NH0100.NHF,0.1999999998
2025-02-28,000300.SH,0.1999999998
2025-02-28,000852.SH,0.1999999998
2025-02-28,CBA02701.CS,0.1999999998
2025-02-28,AU9999.SGE,0.1999999998
2025-02-28,NH0100.NHF,0.1999999998
2025-03-07,000300.SH,0.1999999998
2025-03-07,000852.SH,0.1999999998
2025-03-07,CBA02701.CS,0.1999999998
2025-03-07,AU9999.SGE,0.1999999998
2025-03-07,NH0100.NHF,0.1999999998
2025-03-14,000300.SH,0.1999999998
2025-03-14,000852.SH,0.1999999998
2025-03-14,CBA02701.CS,0.1999999998
2025-03-14,AU9999.SGE,0.1999999998
2025-03-14,NH0100.NHF,0.1999999998
2025-03-21,000300.SH,0.1999999998
2025-03-21,000852.SH,0.1999999998
2025-03-21,CBA02701.CS,0.1999999998
2025-03-21,AU9999.SGE,0.1999999998
2025-03-21,NH0100.NHF,0.1999999998
2025-03-28,000300.SH,0.1999999998
2025-03-28,000852.SH,0.1999999998
2025-03-28,CBA02701.CS,0.1999999998
2025-03-28,AU9999.SGE,0.1999999998
2025-03-28,NH0100.NHF,0.1999999998
2025-04-04,000300.SH,0.1999999998
2025-04-04,000852.SH,0.1999999998
2025-04-04,CBA02701.CS,0.1999999998
2025-04-04,AU9999.SGE,0.1999999998
2025-04-04,NH0100.NHF,0.1999999998
2025-04-11,000300.SH,0.1999999998
2025-04-11,000852.SH,0.1999999998
2025-04-11,CBA02701.CS,0.1999999998
2025-04-11,AU9999.SGE,0.1999999998
2025-04-11,NH0100.NHF,0.1999999998
2025-04-18,000300.SH,0.1999999998
2025-04-18,000852.SH,0.1999999998
2025-04-18,CBA02701.CS,0.1999999998
2025-04-18,AU9999.SGE,0.1999999998
2025-04-18,NH0100.NHF,0.1999999998
2025-04-25,000300.SH,0.1999999998
2025-04-25,000852.SH,0.1999999998
2025-04-25,CBA02701.CS,0.1999999998
2025-04-25,AU9999.SGE,0.1999999998
2025-04-25,NH0100.NHF,0.1999999998
2025-05-02,000300.SH,0.1999999998
2025-05-02,000852.SH,0.1999999998
2025-05-02,CBA02701.CS,0.1999999998
2025-05-02,AU9999.SGE,0.1999999998
2025-05-02,NH0100.NHF,0.1999999998
2025-05-09,000300.SH,0.1999999998
2025-05-09,000852.SH,0.1999999998
2025-05-09,CBA02701.CS,0.1999999998
2025-05-09,AU9999.SGE,0.1999999998
2025-05-09,NH0100.NHF,0.1999999998
2025-05-16,000300.SH,0.1999999998
2025-05-16,000852.SH,0.1999999998
2025-05-16,CBA02701.CS,0.1999999998
2025-05-16,AU9999.SGE,0.1999999998
2025-05-16,NH0100.NHF,0.1999999998
2025-05-23,000300.SH,0.1999999998
2025-05-23,000852.SH,0.1999999998
2025-05-23,CBA02701.CS,0.1999999998
2025-05-23,AU9999.SGE,0.1999999998
2025-05-23,NH0100.NHF,0.1999999998
2025-05-30,000300.SH,0.1999999998
2025-05-30,000852.SH,0.1999999998
2025-05-30,CBA02701.CS,0.1999999998
2025-05-30,AU9999.SGE,0.1999999998
2025-05-30,NH0100.NHF,0.1999999998
2025-06-06,000300.SH,0.1999999998
2025-06-06,000852.SH,0.1999999998
2025-06-06,CBA02701.CS,0.1999999998
2025-06-06,AU9999.SGE,0.1999999998
2025-06-06,NH0100.NHF,0.1999999998
2025-06-13,000300.SH,0.1999999998
2025-06-13,000852.SH,0.1999999998
2025-06-13,CBA02701.CS,0.1999999998
2025-06-13,AU9999.SGE,0.1999999998
2025-06-13,NH0100.NHF,0.1999999998
2025-06-20,000300.SH,0.1999999998
2025-06-20,000852.SH,0.1999999998
2025-06-20,CBA02701.CS,0.1999999998
2025-06-20,AU9999.SGE,0.1999999998
2025-06-20,NH0100.NHF,0.1999999998
2025-06-27,000300.SH,0.1999999998
2025-06-27,000852.SH,0.1999999998
2025-06-27,CBA02701.CS,0.1999999998
2025-06-27,AU9999.SGE,0.1999999998
2025-06-27,NH0100.NHF,0.1999999998
2025-07-04,000300.SH,0.1999999998
2025-07-04,000852.SH,0.1999999998
2025-07-04,CBA02701.CS,0.1999999998
2025-07-04,AU9999.SGE,0.1999999998
2025-07-04,NH0100.NHF,0.1999999998
2025-07-11,000300.SH,0.1999999998
2025-07-11,000852.SH,0.1999999998
2025-07-11,CBA02701.CS,0.1999999998
2025-07-11,AU9999.SGE,0.1999999998
2025-07-11,NH0100.NHF,0.1999999998
2025-07-18,000300.SH,0.1999999998
2025-07-18,000852.SH,0.1999999998
2025-07-18,CBA02701.CS,0.1999999998
2025-07-18,AU9999.SGE,0.1999999998
2025-07-18,NH0100.NHF,0.1999999998
2025-07-25,000300.SH,0.1999999998
2025-07-25,000852.SH,0.1999999998
2025-07-25,CBA02701.CS,0.1999999998
2025-07-25,AU9999.SGE,0.1999999998
2025-07-25,NH0100.NHF,0.1999999998
2025-08-01,000300.SH,0.1999999998
2025-08-01,000852.SH,0.1999999998
2025-08-01,CBA02701.CS,0.1999999998
2025-08-01,AU9999.SGE,0.1999999998
2025-08-01,NH0100.NHF,0.1999999998
2025-08-08,000300.SH,0.1999999998
2025-08-08,000852.SH,0.1999999998
2025-08-08,CBA02701.CS,0.1999999998
2025-08-08,AU9999.SGE,0.1999999998
2025-08-08,NH0100.NHF,0.1999999998
2025-08-15,000300.SH,0.1999999998
2025-08-15,000852.SH,0.1999999998
2025-08-15,CBA02701.CS,0.1999999998
2025-08-15,AU9999.SGE,0.1999999998
2025-08-15,NH0100.NHF,0.1999999998
2025-08-22,000300.SH,0.1999999998
2025-08-22,000852.SH,0.1999999998
2025-08-22,CBA02701.CS,0.1999999998
2025-08-22,AU9999.SGE,0.1999999998
2025-08-22,NH0100.NHF,0.1999999998
2025-08-29,000300.SH,0.1999999998
2025-08-29,000852.SH,0.1999999998
2025-08-29,CBA02701.CS,0.1999999998
2025-08-29,AU9999.SGE,0.1999999998
2025-08-29,NH0100.NHF,0.1999999998
2025-09-05,000300.SH,0.1999999998
2025-09-05,000852.SH,0.1999999998
2025-09-05,CBA02701.CS,0.1999999998
2025-09-05,AU9999.SGE,0.1999999998
2025-09-05,NH0100.NHF,0.1999999998
2025-09-12,000300.SH,0.1999999998
2025-09-12,000852.SH,0.1999999998
2025-09-12,CBA02701.CS,0.1999999998
2025-09-12,AU9999.SGE,0.1999999998
2025-09-12,NH0100.NHF,0.1999999998
2025-09-19,000300.SH,0.1997317227191655
2025-09-19,000852.SH,0.19898490283830975
2025-09-19,CBA02701.CS,0.20133955049063093
2025-09-19,AU9999.SGE,0.20040827682097648
2025-09-19,NH0100.NHF,0.1995355461309174
2025-09-26,000300.SH,0.1999999998
2025-09-26,000852.SH,0.1999999998
2025-09-26,CBA02701.CS,0.1999999998
2025-09-26,AU9999.SGE,0.1999999998
2025-09-26,NH0100.NHF,0.1999999998
2025-10-03,000300.SH,0.1999999998
2025-10-03,000852.SH,0.1999999998
2025-10-03,CBA02701.CS,0.1999999998
2025-10-03,AU9999.SGE,0.1999999998
2025-10-03,NH0100.NHF,0.1999999998
2025-10-10,000300.SH,0.1999999998
2025-10-10,000852.SH,0.1999999998
2025-10-10,CBA02701.CS,0.1999999998
2025-10-10,AU9999.SGE,0.1999999998
2025-10-10,NH0100.NHF,0.1999999998
2025-10-17,000300.SH,0.1999999998
2025-10-17,000852.SH,0.1999999998
2025-10-17,CBA02701.CS,0.1999999998
2025-10-17,AU9999.SGE,0.1999999998
2025-10-17,NH0100.NHF,0.1999999998
2025-10-24,000300.SH,0.1999999998
2025-10-24,000852.SH,0.1999999998
2025-10-24,CBA02701.CS,0.1999999998
2025-10-24,AU9999.SGE,0.1999999998
2025-10-24,NH0100.NHF,0.1999999998
2025-10-31,000300.SH,0.1999999998
2025-10-31,000852.SH,0.1999999998
2025-10-31,CBA02701.CS,0.1999999998
2025-10-31,AU9999.SGE,0.1999999998
2025-10-31,NH0100.NHF,0.1999999998
2025-11-07,000300.SH,0.1999999998
2025-11-07,000852.SH,0.1999999998
2025-11-07,CBA02701.CS,0.1999999998
2025-11-07,AU9999.SGE,0.1999999998
2025-11-07,NH0100.NHF,0.1999999998
2025-11-14,000300.SH,0.1999999998
2025-11-14,000852.SH,0.1999999998
2025-11-14,CBA02701.CS,0.1999999998
2025-11-14,AU9999.SGE,0.1999999998
2025-11-14,NH0100.NHF,0.1999999998
2025-11-21,000300.SH,0.1999999998
2025-11-21,000852.SH,0.1999999998
2025-11-21,CBA02701.CS,0.1999999998
2025-11-21,AU9999.SGE,0.1999999998
2025-11-21,NH0100.NHF,0.1999999998
2025-11-28,000300.SH,0.1999999998
2025-11-28,000852.SH,0.1999999998
2025-11-28,CBA02701.CS,0.1999999998
2025-11-28,AU9999.SGE,0.1999999998
2025-11-28,NH0100.NHF,0.1999999998
2025-12-05,000300.SH,0.1999999998
2025-12-05,000852.SH,0.1999999998
2025-12-05,CBA02701.CS,0.1999999998
2025-12-05,AU9999.SGE,0.1999999998
2025-12-05,NH0100.NHF,0.1999999998
2025-12-12,000300.SH,0.1999999998
2025-12-12,000852.SH,0.1999999998
2025-12-12,CBA02701.CS,0.1999999998
2025-12-12,AU9999.SGE,0.1999999998
2025-12-12,NH0100.NHF,0.1999999998
2025-12-19,000300.SH,0.1999999998
2025-12-19,000852.SH,0.1999999998
2025-12-19,CBA02701.CS,0.1999999998
2025-12-19,AU9999.SGE,0.1999999998
2025-12-19,NH0100.NHF,0.1999999998
2025-12-26,000300.SH,0.1999999998
2025-12-26,000852.SH,0.1999999998
2025-12-26,CBA02701.CS,0.1999999998
2025-12-26,AU9999.SGE,0.1999999998
2025-12-26,NH0100.NHF,0.1999999998
2026-01-02,000300.SH,0.1999999998
2026-01-02,000852.SH,0.1999999998
2026-01-02,CBA02701.CS,0.1999999998
2026-01-02,AU9999.SGE,0.1999999998
2026-01-02,NH0100.NHF,0.1999999998
2026-01-09,000300.SH,0.1999999998
2026-01-09,000852.SH,0.1999999998
2026-01-09,CBA02701.CS,0.1999999998
2026-01-09,AU9999.SGE,0.1999999998
2026-01-09,NH0100.NHF,0.1999999998
2026-01-16,000300.SH,0.1999999998
2026-01-16,000852.SH,0.1999999998
2026-01-16,CBA02701.CS,0.1999999998
2026-01-16,AU9999.SGE,0.1999999998
2026-01-16,NH0100.NHF,0.1999999998
2026-01-23,000300.SH,0.1999999998
2026-01-23,000852.SH,0.1999999998
2026-01-23,CBA02701.CS,0.1999999998
2026-01-23,AU9999.SGE,0.1999999998
2026-01-23,NH0100.NHF,0.1999999998
2026-01-30,000300.SH,0.1999999998
2026-01-30,000852.SH,0.1999999998
2026-01-30,CBA02701.CS,0.1999999998
2026-01-30,AU9999.SGE,0.1999999998
2026-01-30,NH0100.NHF,0.1999999998
2026-02-06,000300.SH,0.1999999998
2026-02-06,000852.SH,0.1999999998
2026-02-06,CBA02701.CS,0.1999999998
2026-02-06,AU9999.SGE,0.1999999998
2026-02-06,NH0100.NHF,0.1999999998
2026-02-13,000300.SH,0.1999999998
2026-02-13,000852.SH,0.1999999998
2026-02-13,CBA02701.CS,0.1999999998
2026-02-13,AU9999.SGE,0.1999999998
2026-02-13,NH0100.NHF,0.1999999998
2026-02-20,000300.SH,0.1999999998
2026-02-20,000852.SH,0.1999999998
2026-02-20,CBA02701.CS,0.1999999998
2026-02-20,AU9999.SGE,0.1999999998
2026-02-20,NH0100.NHF,0.1999999998
2026-02-27,000300.SH,0.1999999998
2026-02-27,000852.SH,0.1999999998
2026-02-27,CBA02701.CS,0.1999999998
2026-02-27,AU9999.SGE,0.1999999998
2026-02-27,NH0100.NHF,0.1999999998
2026-03-06,000300.SH,0.1999999998
2026-03-06,000852.SH,0.1999999998
2026-03-06,CBA02701.CS,0.1999999998
2026-03-06,AU9999.SGE,0.1999999998
2026-03-06,NH0100.NHF,0.1999999998
2026-03-13,000300.SH,0.1999999998
2026-03-13,000852.SH,0.1999999998
2026-03-13,CBA02701.CS,0.1999999998
2026-03-13,AU9999.SGE,0.1999999998
2026-03-13,NH0100.NHF,0.1999999998
2026-03-20,000300.SH,0.1999999998
2026-03-20,000852.SH,0.1999999998
2026-03-20,CBA02701.CS,0.1999999998
2026-03-20,AU9999.SGE,0.1999999998
2026-03-20,NH0100.NHF,0.1999999998
2026-03-27,000300.SH,0.1999999998
2026-03-27,000852.SH,0.1999999998
2026-03-27,CBA02701.CS,0.1999999998
2026-03-27,AU9999.SGE,0.1999999998
2026-03-27,NH0100.NHF,0.1999999998
2026-04-03,000300.SH,0.1999999998
2026-04-03,000852.SH,0.1999999998
2026-04-03,CBA02701.CS,0.1999999998
2026-04-03,AU9999.SGE,0.1999999998
2026-04-03,NH0100.NHF,0.1999999998
2026-04-10,000300.SH,0.1999999998
2026-04-10,000852.SH,0.1999999998
2026-04-10,CBA02701.CS,0.1999999998
2026-04-10,AU9999.SGE,0.1999999998
2026-04-10,NH0100.NHF,0.1999999998
2026-04-17,000300.SH,0.1999999998
2026-04-17,000852.SH,0.1999999998
2026-04-17,CBA02701.CS,0.1999999998
2026-04-17,AU9999.SGE,0.1999999998
2026-04-17,NH0100.NHF,0.1999999998
2026-04-24,000300.SH,0.1999999998
2026-04-24,000852.SH,0.1999999998
2026-04-24,CBA02701.CS,0.1999999998
2026-04-24,AU9999.SGE,0.1999999998
2026-04-24,NH0100.NHF,0.1999999998
2026-05-01,000300.SH,0.1999999998
2026-05-01,000852.SH,0.1999999998
2026-05-01,CBA02701.CS,0.1999999998
2026-05-01,AU9999.SGE,0.1999999998
2026-05-01,NH0100.NHF,0.1999999998
