date,alpha,tau,ae_error,regime_label,llm_macro,llm_sentiment,llm_risk,r_normal,r_event,edge_event_minus_normal,week_return_fused,regret_ema_norm,w_normal_broad,w_normal_satellite,w_normal_fi,w_normal_safe,w_normal_cash,w_event_broad,w_event_satellite,w_event_fi,w_event_safe,w_event_cash,w_fused_broad,w_fused_satellite,w_fused_fi,w_fused_safe,w_fused_cash
2015-01-02,0.42775266617536545,20.0,0.0,bull_normal,50.0,50.0,50.0,0.003946469955874421,0.003187626978544085,-0.0007588429773303356,0.0036218728454910434,1.0,0.2,0.2,0.2,0.2,0.2,0.18,0.12,0.28,0.22,0.2,0.19144494648504773,0.16577978654019096,0.23422021305980903,0.20855505311495226,0.1999999998
2015-01-09,0.39644355326890945,20.0,0.0,bull_normal,50.0,50.0,50.0,0.004588280190663645,0.004348384587239907,-0.00023989560342373758,0.004493175120735575,1.0,0.2,0.2,0.2,0.2,0.2,0.1799753982043349,0.12232856410859211,0.2787278154998139,0.2210286127249976,0.19793960946226155,0.1920613755192702,0.1692076597985043,0.23121113468663423,0.20833665774067722,0.1991831712549142
2015-01-16,0.38363950978964567,20.0,0.0,bull_normal,50.0,50.0,50.0,-0.0006376863952005913,0.00010533056840853715,0.0007430169636091285,-0.00035263573116355837,1.0,0.2,0.2,0.2,0.2,0.2,0.18001151920424957,0.12029072815192288,0.27981178307180177,0.22012864635237006,0.19975732321965586,0.1923316288337469,0.1694203738530937,0.2306189531024846,0.20772214381163023,0.19990689939904455
2015-01-23,0.37851977813988924,20.0,0.0,bull_normal,50.0,50.0,50.0,0.005034865042033321,0.0035610950241978015,-0.0014737700178355192,0.004477013937375984,1.0,0.2,0.2,0.2,0.2,0.2,0.18,0.12,0.28,0.22,0.2,0.1924296042447726,0.16971841757909042,0.23028158202090956,0.20757039535522737,0.1999999998
2015-01-30,0.3764903014525771,20.0,0.0,bull_normal,50.0,50.0,50.0,-0.0003683085065672532,-0.001526703461595755,-0.001158394955028502,-0.0008044329715826456,1.0,0.2,0.2,0.2,0.2,0.2,0.17908564020652704,0.1256744242487273,0.27757962755171733,0.22369778495696263,0.19396252303606568,0.19212594618454173,0.17201714140774985,0.22920797713431673,0.2089219859932832,0.19772694828010842
2015-02-06,0.37568850605748594,20.0,0.0,bull_normal,50.0,50.0,50.0,0.004657582414132911,0.0046924091059283935,3.482669179548283e-05,0.004670666397273813,1.0,0.2,0.2,0.2,0.2,0.2,0.1799297460005969,0.12270835259482145,0.27840399015252393,0.22142736326070686,0.1975305479913509,0.19245983606631012,0.17096241628466408,0.22945547769989205,0.208050013884116,0.1990722550650177
2015-02-13,0.37537213022005744,20.0,0.0,bull_normal,50.0,50.0,50.0,-0.0013814917046560233,0.00010535279786055718,0.0014868445025165804,-0.0008233717156170205,1.0,0.2,0.2,0.2,0.2,0.2,0.1787401519732894,0.12617945533810965,0.27757434181908847,0.22439510299548276,0.19311094787402971,0.19201964536603933,0.17228982472397147,0.2291192457099309,0.20915724156919485,0.19741404163086348
2015-02-20,0.37524737769854255,20.0,0.0,bull_normal,50.0,50.0,50.0,0.005871423007750881,0.006502925072629954,0.0006315020648790725,0.006108392495499575,1.0,0.2,0.2,0.2,0.2,0.2,0.18,0.12,0.28,0.22,0.2,0.19249505225353408,0.16998020961413637,0.23001978998586362,0.2075049473464659,0.1999999998
2015-02-27,0.37519818896544166,20.0,0.0,bull_normal,50.0,50.0,50.0,0.0033157303401611694,0.0034091644966940844,9.343415653291498e-05,0.0033507866631290453,0.9513245302271908,0.2,0.2,0.2,0.2,0.2,0.18,0.12,0.28,0.22,0.2,0.19249603602819512,0.1699841447127805,0.23001585488721948,0.20750396357180487,0.1999999998
2015-03-06,0.3751788081426639,20.0,0.0,bull_normal,50.0,50.0,50.0,-0.00017409648825574914,0.0005921897943403898,0.0007662862825961389,0.00011339788583134544,1.0,0.2,0.2,0.2,0.2,0.2,0.18,0.12,0.28,0.22,0.2,0.19249642364465028,0.16998569517860115,0.23001430442139884,0.20750357595534968,0.1999999998
2015-03-13,0.3751711191434879,20.0,0.0,bull_normal,50.0,50.0,50.0,0.0020166178758697206,0.001895285631634637,-0.00012133224423508358,0.0019710975200407563,1.0,0.2,0.2,0.2,0.2,0.2,0.18027023126585304,0.1227926990921183,0.2783466316103555,0.2206874798826814,0.1979029581489918,0.19259796039096994,0.17103405034130792,0.22939339323298621,0.20776134477208263,0.1992132502626533
2015-03-20,0.3751681184221525,20.0,0.0,bull_normal,50.0,50.0,50.0,0.0011950098078643307,0.0037374166421233266,0.0025424068342589957,0.0021488397939880607,1.0,0.2,0.2,0.2,0.2,0.2,0.17476932585661772,0.12737448915415903,0.27995241230670104,0.23057819249778264,0.18732558018473955,0.19053425526457055,0.172753223573765,0.22999559585842158,0.21147196273267152,0.1952449615705713
2015-03-27,0.37516692260396667,20.0,0.0,bull_normal,50.0,50.0,50.0,0.008815244906923531,0.009001484552235825,0.00018623964531229442,0.008885115852637083,0.9110543639094361,0.2,0.2,0.2,0.2,0.2,0.1798132928368431,0.12358328426000786,0.27816074070820074,0.22179038830199577,0.1966522938929525,0.19242661500366437,0.17133097574899409,0.22932332433061892,0.20817503271343016,0.19874405120329242
2015-04-03,0.37516650164616294,20.0,0.0,bull_normal,50.0,50.0,50.0,0.0004916698770326567,-0.0003036385480644995,-0.0007953084250971563,0.00019329679726594047,0.8977560622068356,0.2,0.2,0.2,0.2,0.2,0.1801598409530231,0.12178050596700896,0.2789982573368007,0.22040652017160417,0.198654875571563,0.19255663674568554,0.17065466589245515,0.22963749961155333,0.20765584257589673,0.19949535417440914
2015-04-10,0.375166315381648,20.0,0.0,bull_normal,50.0,50.0,50.0,-0.007937631955122803,-0.009591115824629777,-0.001653483869506974,-0.00855796339743076,0.8433025372097491,0.2,0.2,0.2,0.2,0.2,0.18,0.12,0.28,0.22,0.2,0.19249667349987037,0.16998669459948143,0.23001330500051856,0.20750332610012961,0.1999999998
2015-04-17,0.37516622969997115,20.0,0.0,bull_normal,50.0,50.0,50.0,-0.002387941294506816,-0.003021106044307316,-0.0006331647498005002,-0.0026254833238429113,0.7396332821836771,0.2,0.2,0.2,0.2,0.2,0.18,0.12,0.28,0.22,0.2,0.1924966752135039,0.1699867014540156,0.2300132981459844,0.2075033243864961,0.1999999998
2015-04-24,0.37516620362293907,20.0,0.0,bull_normal,50.0,50.0,50.0,0.004860158462880397,0.0041996131612906705,-0.0006605453015897265,0.004612344185149665,0.6990702217939729,0.2,0.2,0.2,0.2,0.2,0.17821033078726514,0.12761275589837284,0.27743725909520717,0.22547215518464997,0.19126749903450493,0.19182525233143335,0.1728427522668228,0.22905184228466294,0.20955629154916317,0.19672386056791769
2015-05-01,0.3751661700953264,20.0,0.0,bull_normal,50.0,50.0,50.0,0.00016464623447132938,-0.00017973892450776202,-0.0003443851589790914,3.5444573304029306e-05,0.7645752571781798,0.2,0.2,0.2,0.2,0.2,0.18,0.12,0.28,0.22,0.2,0.19249667640559678,0.16998670622238718,0.2300132933776128,0.20750332319440318,0.1999999998
2015-05-08,0.3751661589194555,20.0,0.0,bull_normal,50.0,50.0,50.0,0.0009596325842218886,-9.85753206444584e-05,-0.001058207904866347,0.0005626287886523478,0.7527654288397213,0.2,0.2,0.2,0.2,0.2,0.18,0.12,0.28,0.22,0.2,0.1924966766291142,0.16998670711645686,0.23001329248354316,0.20750332297088578,0.1999999998
2015-05-15,0.3751661440182943,20.0,0.0,bull_normal,50.0,50.0,50.0,-0.0008391077782263869,-2.3688128851191612e-05,0.0008154196493751953,-0.0005331899320803555,0.6897892382387693,0.2,0.2,0.2,0.2,0.2,0.1798597855069724,0.12328914769465649,0.2782429279970229,0.22165087264127867,0.1969572661600695,0.1924440731965054,0.1712206851650267,0.22935409736399,0.20812267419533703,0.19885846907914081
2015-05-22,0.3751661291171331,20.0,0.0,bull_normal,50.0,50.0,50.0,0.006677267683591489,0.006583811692870528,-9.34559907209611e-05,0.006642206154667694,0.7416030795800945,0.2,0.2,0.2,0.2,0.2,0.18,0.12,0.28,0.22,0.2,0.19249667722516067,0.16998670950064262,0.23001329009935736,0.20750332237483932,0.1999999998
2015-05-29,0.37516614215564914,20.0,0.0,bull_normal,50.0,50.0,50.0,-0.0063706803078482505,-0.006817308986467926,-0.00044662867861967534,-0.006538240259643828,0.9379486523423622,0.2,0.2,0.2,0.2,0.2,0.18,0.12,0.28,0.22,0.2,0.19249667696439032,0.16998670845756134,0.23001329114243865,0.20750332263560964,0.1999999998
2015-06-05,0.37516612725448795,20.0,0.0,bull_normal,50.0,50.0,50.0,0.0007393559824329745,0.0008427352678202914,0.00010337928538731687,0.0007781403877919307,0.9228910716617699,0.2,0.2,0.2,0.2,0.2,0.18,0.12,0.28,0.22,0.2,0.19249667726241357,0.16998670964965426,0.23001328995034573,0.20750332233758642,0.1999999998
2015-06-12,0.375166140293004,20.0,0.0,bull_normal,50.0,50.0,50.0,-0.0069019385746871475,-0.006141728367830342,0.0007602102068568059,-0.0066167334389526,0.8285351325652197,0.2,0.2,0.2,0.2,0.2,0.18,0.12,0.28,0.22,0.2,0.19249667700164325,0.16998670860657297,0.23001329099342702,0.20750332259835674,0.1999999998
2015-06-19,0.3751661253918428,20.0,0.0,bull_normal,50.0,50.0,50.0,0.005477558615348993,0.006832223777145055,0.0013546651617960623,0.0059857830893175505,0.8283105577342368,0.2,0.2,0.2,0.2,0.2,0.18,0.12,0.28,0.22,0.2,0.19249667729966646,0.16998670979866584,0.23001328980133412,0.20750332230033353,0.1999999998
2015-06-26,0.37516613843035884,20.0,0.0,bull_normal,50.0,50.0,50.0,-0.006748253426881816,-0.007880088527710993,-0.001131835100829177,-0.007172879623826954,0.7927428523359146,0.2,0.2,0.2,0.2,0.2,0.18,0.12,0.28,0.22,0.2,0.19249667703889614,0.16998670875558458,0.2300132908444154,0.20750332256110382,0.1999999998
2015-07-03,0.37516612352919765,20.0,0.0,bull_normal,50.0,50.0,50.0,0.0027465163054775756,0.00335171104643698,0.0006051947409594044,0.0029735648674500065,0.914342036802304,0.2,0.2,0.2,0.2,0.2,0.17992530325342795,0.12346771062315029,0.27805269480954764,0.2216809590701641,0.19687333224371004,0.1924686536480957,0.17128767749838483,0.22928272671342276,0.2081339611606147,0.19882697997948198
2015-07-10,0.3751661365677137,20.0,0.0,bull_normal,50.0,50.0,50.0,-0.003357374383957825,-0.004042206838137773,-0.0006848324541799482,-0.0036143003263744014,0.8106520935601712,0.2,0.2,0.2,0.2,0.2,0.180020615886073,0.12125164691861694,0.27920503917882894,0.22060315880227288,0.19891953921420824,0.19250441145847122,0.170456284442931,0.22971504831570058,0.2077296072812102,0.19959464750168693
2015-07-17,0.3751661216665525,20.0,0.0,bull_normal,50.0,50.0,50.0,0.0009173872480903616,0.0018391091047299229,0.0009217218566395613,0.0012631860610379337,0.683146665644748,0.2,0.2,0.2,0.2,0.2,0.18,0.12,0.28,0.22,0.2,0.19249667737417225,0.1699867100966891,0.2300132895033109,0.2075033222258277,0.1999999998
2015-07-24,0.37516613470506854,20.0,0.0,bull_normal,50.0,50.0,50.0,0.0005698082487298216,-4.9947314213105975e-05,-0.0006197555629429276,0.00033729694938126306,0.650488478873139,0.2,0.2,0.2,0.2,0.2,0.17952446010475967,0.12461570029126572,0.2776675561048356,0.22280777053552714,0.1953845129636119,0.19231827064918497,0.17171836348910735,0.22913823658670196,0.20855670290449713,0.1982684253705085
2015-07-31,0.37516611980390735,20.0,0.0,bull_normal,50.0,50.0,50.0,0.0004941127724249468,0.0012020858221047563,0.0007079730496798095,0.0007597202736393396,0.6241336105495545,0.2,0.2,0.2,0.2,0.2,0.17992285571680894,0.1228632314766299,0.27847301558134274,0.22133017225892218,0.19741072496629625,0.1924677354900643,0.17106089768781418,0.22944041653552352,0.20800235775312645,0.19902859153347166
2015-08-07,0.3751661328424234,20.0,0.0,bull_normal,50.0,50.0,50.0,0.00025374010964964247,-0.0001869136131799053,-0.0004406537228295478,8.842175644464218e-05,0.5984341948827103,0.2,0.2,0.2,0.2,0.2,0.17999192443035186,0.12205825923230122,0.27881881863770597,0.2209431405005964,0.19818785719904458,0.1924936474704225,0.1707588983584169,0.22957015115394633,0.20785715682332712,0.19932014519388713
2015-08-14,0.37516614588093944,20.0,0.0,bull_normal,50.0,50.0,50.0,-0.005775116990487305,-0.006705874331714253,-0.0009307573412269477,-0.006124305628821504,0.6839749074038876,0.2,0.2,0.2,0.2,0.2,0.18,0.12,0.28,0.22,0.2,0.19249667688988453,0.16998670815953812,0.23001329144046187,0.20750332271011546,0.1999999998
2015-08-21,0.37516613097977825,20.0,0.0,bull_normal,50.0,50.0,50.0,0.005255902775078573,0.004987718526499563,-0.0002681842485790101,0.005155289122994177,0.6644305699370954,0.2,0.2,0.2,0.2,0.2,0.1800155698364182,0.12042455281162946,0.27975036368057016,0.22016158229659116,0.19964793137479098,0.1925025184631909,0.17014598718720736,0.22991963515635008,0.20756394261707856,0.19986791557617303
2015-08-28,0.3751661440182943,20.0,0.0,bull_normal,50.0,50.0,50.0,-0.0001766576529533518,-0.0008036038794409668,-0.0006269462264876151,-0.0004118666508396639,0.635831947882005,0.2,0.2,0.2,0.2,0.2,0.18,0.12,0.28,0.22,0.2,0.19249667692713743,0.16998670830854973,0.23001329129145023,0.20750332267286253,0.1999999998
2015-09-04,0.3751661291171331,20.0,0.0,bull_normal,50.0,50.0,50.0,0.0033350431895968293,0.002022418139747643,-0.0013126250498491864,0.0028425907278201356,0.6332595413524735,0.2,0.2,0.2,0.2,0.2,0.18,0.12,0.28,0.22,0.2,0.19249667722516067,0.16998670950064262,0.23001329009935736,0.20750332237483932,0.1999999998
2015-09-11,0.37516614215564914,20.0,0.0,bull_normal,50.0,50.0,50.0,-0.0005307663076055027,-0.00010683175609925609,0.00042393455150624665,-0.00037172041701869846,0.6128560283055702,0.2,0.2,0.2,0.2,0.2,0.1800051606862333,0.12183436421129225,0.2789611543408645,0.22079591919253966,0.19840340156907044,0.19249861307913335,0.17067489980133202,0.2296235514245953,0.20780192456824373,0.19940101012669534
2015-09-18,0.37516612725448795,20.0,0.0,bull_normal,50.0,50.0,50.0,-0.004285556370318422,-0.003129801882143214,0.0011557544881752079,-0.003851956431080779,0.6826333810665355,0.2,0.2,0.2,0.2,0.2,0.1798398209106029,0.12342066625279678,0.27820447645206603,0.2217133180257511,0.19682171835878326,0.19243658349383738,0.1712700277590628,0.22933967033514674,0.20814610122542,0.19880761618653303
2015-09-25,0.375166140293004,20.0,0.0,bull_normal,50.0,50.0,50.0,-0.002905396249015266,-0.003797453831574878,-0.000892057582559612,-0.0032400660459431965,0.7243737498435826,0.2,0.2,0.2,0.2,0.2,0.18003312333498894,0.12131209728402256,0.2792380808927183,0.22052298963658454,0.19889370885168564,0.19250910375537225,0.17047896307981641,0.22972744474301848,0.2076995306015312,0.19958495682026164
2015-10-02,0.3751661253918428,20.0,0.0,bull_normal,50.0,50.0,50.0,0.0006974065200828671,0.0010386792407922035,0.0003412727207093364,0.0008254404835878807,0.6502187974904315,0.2,0.2,0.2,0.2,0.2,0.17997981537596794,0.1222706147438011,0.2787564482006614,0.22099770967666052,0.19799541200290907,0.19248910471248346,0.17083856753350343,0.22954675129151875,0.20787762917361788,0.19924794628887643
2015-10-09,0.37516613843035884,20.0,0.0,bull_normal,50.0,50.0,50.0,0.0026482404617972693,0.000887882728979687,-0.0017603577328175824,0.0019878138469322615,0.6986106310220673,0.2,0.2,0.2,0.2,0.2,0.18,0.12,0.28,0.22,0.2,0.19249667703889614,0.16998670875558458,0.2300132908444154,0.20750332256110382,0.1999999998
2015-10-16,0.37516612352919765,20.0,0.0,bull_normal,50.0,50.0,50.0,-0.004953193596557525,-0.004577419045768755,0.0003757745507887702,-0.004812215710204961,0.6665036523919852,0.2,0.2,0.2,0.2,0.2,0.18010429985012333,0.1215915524719722,0.2791016993332494,0.2204559930642761,0.19874645528037888,0.19253580710733567,0.1705838065183835,0.229676277673751,0.20767439541319022,0.1995297122873395
2015-10-23,0.3751661365677137,20.0,0.0,bull_normal,50.0,50.0,50.0,0.0044305506682904595,0.0062722395069802405,0.001841688838689781,0.005121489949540094,0.7190259596868546,0.2,0.2,0.2,0.2,0.2,0.17828475501856644,0.12664324005179564,0.2776637981049652,0.22524607103141236,0.19216213579326044,0.19185317524384093,0.17247902760662795,0.2291368268570779,0.20947147072289757,0.19705949856955565
2015-10-30,0.3751661216665525,20.0,0.0,bull_normal,50.0,50.0,50.0,0.0005276881592681111,0.001060799221539591,0.0005331110622714799,0.0007276933681903443,0.7351707466013907,0.2,0.2,0.2,0.2,0.2,0.18,0.12,0.28,0.22,0.2,0.19249667737417225,0.1699867100966891,0.2300132895033109,0.2075033222258277,0.1999999998
2015-11-06,0.37516613470506854,20.0,0.0,bull_normal,50.0,50.0,50.0,0.0034869204842733997,0.003192545805812768,-0.0002943746784606319,0.003376481070623795,0.6496163641873544,0.2,0.2,0.2,0.2,0.2,0.17993611617753313,0.12274755803004529,0.2785266344990179,0.2212622916412323,0.19752739965217145,0.19247271006668082,0.17101749977858696,0.22946053370693364,0.20797689156203608,0.19907236388576238
2015-11-13,0.37516611980390735,20.0,0.0,bull_normal,50.0,50.0,50.0,-0.005513546753516446,-0.0031760912209657295,0.002337455532550716,-0.0046366126265186035,0.7368802465882606,0.2,0.2,0.2,0.2,0.2,0.18001283581045097,0.12166042382126324,0.2790686765419331,0.22069111791056759,0.19856694591578508,0.19250149297262176,0.17060964500733106,0.2296638883466034,0.20776260621315015,0.19946236646029356
2015-11-20,0.3751661328424234,20.0,0.0,bull_normal,50.0,50.0,50.0,-0.0059679137228156615,-0.006141059045171202,-0.00017314532235554025,-0.006032871977790672,0.7670087127810166,0.2,0.2,0.2,0.2,0.2,0.17997823482630104,0.12227782783112856,0.278734197845009,0.22102556281281296,0.19798417668474835,0.19248851159461572,0.1708412730604502,0.2295384042984239,0.20788807888343042,0.1992437311630797
2015-11-27,0.37516614588093944,20.0,0.0,bull_normal,50.0,50.0,50.0,-0.00028105796997021567,-0.0006332896671327877,-0.000352231697162572,-0.0004132033778385966,0.6758219131913854,0.2,0.2,0.2,0.2,0.2,0.17929919219779192,0.1252635938125714,0.27763762715828655,0.223224631593118,0.19457495523823215,0.19223375752798974,0.17196143036170858,0.2291270091271887,0.2087130953155817,0.19796470666753127
2015-12-04,0.37516613097977825,20.0,0.0,bull_normal,50.0,50.0,50.0,-0.005943595074112642,-0.0063722648549192455,-0.00042866978080660385,-0.006104417451141387,0.6763740527131905,0.2,0.2,0.2,0.2,0.2,0.17900074034605837,0.12581406697470165,0.2775697095781191,0.22387577745929124,0.19373970564182968,0.19212178881006914,0.1721679503616059,0.22910152759454647,0.2089573828445791,0.19765134938919934
2015-12-11,0.3751661440182943,20.0,0.0,bull_normal,50.0,50.0,50.0,-0.0014844855927746827,-0.0014926792201595412,-8.193627384858564e-06,-0.001487559562878623,0.6696218610521328,0.2,0.2,0.2,0.2,0.2,0.1798281904828849,0.12350208973370358,0.27819393005550425,0.22173494793569815,0.1967408417922092,0.19243221981316017,0.1713005738086355,0.229335714995224,0.20815421639932,0.19877727398366024
2015-12-18,0.3751661291171331,20.0,0.0,bull_normal,50.0,50.0,50.0,0.0022991711463053277,0.0028231273736596153,0.0005239562273542876,0.0024957417734529103,0.6866746306081515,0.2,0.2,0.2,0.2,0.2,0.18001850997347635,0.12054192381951107,0.2796846438146587,0.22020559955114902,0.19954932284120488,0.1925036215402529,0.17019002096208166,0.22989497914012802,0.207580456362515,0.19983092099502242
2015-12-25,0.37516614215564914,20.0,0.0,bull_normal,50.0,50.0,50.0,0.007639504882074862,0.006316872540433009,-0.0013226323416418526,0.0071432980018274975,0.6294252139617941,0.2,0.2,0.2,0.2,0.2,0.18,0.12,0.28,0.22,0.2,0.19249667696439032,0.16998670845756134,0.23001329114243865,0.20750332263560964,0.1999999998
2016-01-01,0.37516612725448795,20.0,0.0,bull_normal,50.0,50.0,50.0,-0.004833750439751348,-0.007109499727572815,-0.0022757492878214677,-0.005687534480977952,0.8423729383638435,0.2,0.2,0.2,0.2,0.2,0.1800586836392685,0.1214076139997216,0.2792023293866564,0.22048466866691596,0.19884670430743745,0.1925186933760691,0.1705147987420709,0.22971403095581217,0.20768515360417306,0.1995673223218747
2016-01-08,0.375166140293004,20.0,0.0,bull_normal,50.0,50.0,50.0,-0.0006664071628714094,-2.878378379902885e-05,0.0006376233790723806,-0.000427192460357049,0.8163184227827519,0.2,0.2,0.2,0.2,0.2,0.18,0.12,0.28,0.22,0.2,0.19249667700164325,0.16998670860657297,0.23001329099342702,0.20750332259835674,0.1999999998
2016-01-15,0.3751661253918428,20.0,0.0,bull_normal,50.0,50.0,50.0,0.0024168885334895124,0.003323298042787126,0.0009064095092976136,0.0027569426743540757,0.8245640261944055,0.2,0.2,0.2,0.2,0.2,0.18000827842545494,0.12020004060190485,0.27988244208672003,0.2200738773426974,0.1998353615432228,0.19249978308446564,0.1700617582561285,0.2299691860545438,0.20753103857671984,0.19993823302814215
2016-01-22,0.37516613843035884,20.0,0.0,bull_normal,50.0,50.0,50.0,-0.0031532303729514925,-0.0017912023032216743,0.0013620280697298182,-0.0026422435589549586,0.797387868699079,0.2,0.2,0.2,0.2,0.2,0.18001805569571883,0.12028942739479173,0.2798097905337282,0.22011610111431693,0.19976662526144434,0.19250345092452886,0.17009529211353597,0.22994193069353264,0.20754687976778605,0.1999124455006164
2016-01-29,0.37516612352919765,20.0,0.0,bull_normal,50.0,50.0,50.0,0.004888684017876269,0.003439650433166097,-0.001449033584710172,0.004345055700691881,0.888194519370219,0.2,0.2,0.2,0.2,0.2,0.18,0.12,0.28,0.22,0.2,0.19249667733691936,0.16998670994767748,0.2300132896523225,0.2075033222630806,0.1999999998
2016-02-05,0.3751661365677137,20.0,0.0,bull_normal,50.0,50.0,50.0,0.0004073366759832903,0.001567754493503847,0.0011604178175205566,0.0008426861445441295,0.8147890357459001,0.2,0.2,0.2,0.2,0.2,0.18,0.12,0.28,0.22,0.2,0.19249667707614904,0.1699867089045962,0.2300132906954038,0.20750332252385095,0.1999999998
2016-02-12,0.3751661216665525,20.0,0.0,bull_normal,50.0,50.0,50.0,0.0011135930063942757,0.0016687823199783187,0.000555189313584043,0.001321881226640435,0.7872795294228081,0.2,0.2,0.2,0.2,0.2,0.18020141691956007,0.12289838449697617,0.27841561232541595,0.22074424648936997,0.19774033976867783,0.19257224217864607,0.17107408576643074,0.22941888092481533,0.20778253829452936,0.19915225183557847
2016-02-19,0.37516613470506854,20.0,0.0,bull_normal,50.0,50.0,50.0,-0.002621973391747422,-0.0032703451268667294,-0.0006483717351193075,-0.00286522050659893,0.7297739508352143,0.2,0.2,0.2,0.2,0.2,0.18000054596157597,0.12001206120687362,0.27999279318294923,0.22000448342151555,0.19999011622708573,0.19249688193969589,0.16999123400996594,0.23001058679269842,0.2075050045145166,0.19999629174312317
2016-02-26,0.37516611980390735,20.0,0.0,bull_normal,50.0,50.0,50.0,0.0011995190088222674,0.0026412839500217266,0.0014417649411994592,0.0017404203657409567,0.7404302777649904,0.2,0.2,0.2,0.2,0.2,0.18,0.12,0.28,0.22,0.2,0.19249667741142518,0.1699867102457007,0.2300132893542993,0.2075033221885748,0.1999999998
2016-03-04,0.3751661328424234,20.0,0.0,bull_normal,50.0,50.0,50.0,-0.0022500039048396975,-0.0017782307180557162,0.0004717731867839813,-0.0020730105807021944,0.7273711619402692,0.2,0.2,0.2,0.2,0.2,0.18002275454478342,0.12080247196515881,0.2795329130438764,0.22031535317730283,0.1993265072688786,0.1925052138852173,0.17028776950620145,0.22983805519052578,0.2076216322812351,0.19974732813682036
2016-03-11,0.37516614588093944,20.0,0.0,bull_normal,50.0,50.0,50.0,-0.004307272623754786,-0.0037678476149990005,0.0005394250087557852,-0.004104898618123187,0.8888912981105425,0.2,0.2,0.2,0.2,0.2,0.1800077049066159,0.12018477737969703,0.2798913655789919,0.2200681594127637,0.1998479927219314,0.1924995675100011,0.1700560303768557,0.22997253548346303,0.20752889381428194,0.1999429718153982
2016-03-18,0.37516613097977825,20.0,0.0,bull_normal,50.0,50.0,50.0,-0.005122642438161737,-0.004845491707368943,0.0002771507307927938,-0.005018664865773323,0.814698436106646,0.2,0.2,0.2,0.2,0.2,0.18,0.12,0.28,0.22,0.2,0.19249667718790775,0.16998670935163104,0.23001329024836897,0.20750332241209224,0.1999999998
2016-03-25,0.3751661440182943,20.0,0.0,bull_normal,50.0,50.0,50.0,0.0025464181265800628,0.0035968013150871787,0.001050383188507116,0.0029404863342134325,0.8188572527961623,0.2,0.2,0.2,0.2,0.2,0.18,0.12,0.28,0.22,0.2,0.19249667692713743,0.16998670830854973,0.23001329129145023,0.20750332267286253,0.1999999998
2016-04-01,0.3751661291171331,20.0,0.0,bull_normal,50.0,50.0,50.0,0.003866489859951551,0.002077290476849089,-0.0017891993831024616,0.0031952428499789944,0.9464819107595736,0.2,0.2,0.2,0.2,0.2,0.18,0.12,0.28,0.22,0.2,0.19249667722516067,0.16998670950064262,0.23001329009935736,0.20750332237483932,0.1999999998
2016-04-08,0.37516614215564914,20.0,0.0,bull_normal,50.0,50.0,50.0,0.004055802895811304,0.003714333084588231,-0.00034146981122307315,0.003927694980144431,0.8460325601037166,0.2,0.2,0.2,0.2,0.2,0.18000130437943945,0.12002013768814117,0.2799877084716943,0.22000687584005188,0.1999839736206732,0.1924971663233921,0.16999426343632568,0.23000867977718764,0.20750590221799345,0.19999398724510126
2016-04-15,0.37516612725448795,20.0,0.0,bull_normal,50.0,50.0,50.0,0.0018294316094833638,0.0009022173854760286,-0.0009272142240073352,0.0014815722384456844,0.7845003029789697,0.2,0.2,0.2,0.2,0.2,0.18,0.12,0.28,0.22,0.2,0.19249667726241357,0.16998670964965426,0.23001328995034573,0.20750332233758642,0.1999999998
2016-04-22,0.375166140293004,20.0,0.0,bull_normal,50.0,50.0,50.0,-0.00446130360743632,-0.004746743012492827,-0.0002854394050565076,-0.0045683908027505105,0.7005618380002546,0.2,0.2,0.2,0.2,0.2,0.18,0.12,0.28,0.22,0.2,0.19249667700164325,0.16998670860657297,0.23001329099342702,0.20750332259835674,0.1999999998
2016-04-29,0.3751661253918428,20.0,0.0,bull_normal,50.0,50.0,50.0,-0.0014142945514927486,-0.0029380451505422,-0.0015237505990494515,-0.0019859541578156766,0.8656716644900503,0.2,0.2,0.2,0.2,0.2,0.18,0.12,0.28,0.22,0.2,0.19249667729966646,0.16998670979866584,0.23001328980133412,0.20750332230033353,0.1999999998
2016-05-06,0.37516613843035884,20.0,0.0,bull_normal,50.0,50.0,50.0,0.002787904464049066,0.0016956208587220998,-0.0010922836053269662,0.0023781166393896415,0.9193630398884725,0.2,0.2,0.2,0.2,0.2,0.17630883004668338,0.1274717799066509,0.2787918412555185,0.22833658821622294,0.18909096057492414,0.19111187506260502,0.1727898675675612,0.2295600305940907,0.21063092816674067,0.19590729760900247
2016-05-13,0.37516612352919765,20.0,0.0,bull_normal,50.0,50.0,50.0,0.008205320000198312,0.009333651882012925,0.0011283318818146124,0.008628631889724474,0.8967866158936496,0.2,0.2,0.2,0.2,0.2,0.1801652127348562,0.12475589363783657,0.2774427713239352,0.22155457162554473,0.19608155067782723,0.19255865955815105,0.17177096012591753,0.22905390408390497,0.2080865448730015,0.19852993035902491
2016-05-20,0.3751661365677137,20.0,0.0,bull_normal,50.0,50.0,50.0,0.003254369143334862,0.0023525828614540754,-0.0009017862818807864,0.0029160494650358345,0.8883073202298599,0.2,0.2,0.2,0.2,0.2,0.18,0.12,0.28,0.22,0.2,0.19249667707614904,0.1699867089045962,0.2300132906954038,0.20750332252385095,0.1999999998
2016-05-27,0.3751661216665525,20.0,0.0,bull_normal,50.0,50.0,50.0,0.008406438215731926,0.008711732671969908,0.0003052944562379825,0.008520974344324054,0.7327371664643061,0.2,0.2,0.2,0.2,0.2,0.18001543022213898,0.1204194636024149,0.27975502826279797,0.22015760181250163,0.19965247610014655,0.1925024662707628,0.17014407862943,0.2299213844068388,0.20756244908653243,0.1998696206064359
2016-06-03,0.37516613470506854,20.0,0.0,bull_normal,50.0,50.0,50.0,0.004973313175548098,0.004028531114104588,-0.0009447820614435099,0.0046188629367987875,0.6936814782226636,0.2,0.2,0.2,0.2,0.2,0.18,0.12,0.28,0.22,0.2,0.19249667711340196,0.1699867090536078,0.23001329054639216,0.20750332248659803,0.1999999998
2016-06-10,0.37516611980390735,20.0,0.0,bull_normal,50.0,50.0,50.0,-0.002011152412835695,-0.0023781833375313317,-0.00036703092469563686,-0.0021488499785529466,0.738989986654061,0.2,0.2,0.2,0.2,0.2,0.18004875354575456,0.12046148717619765,0.279716593554825,0.2201159091337998,0.19965725658942307,0.1925149680899943,0.1701598445987609,0.22990696485804188,0.20754680736850883,0.19987141408469408
2016-06-17,0.3751661328424234,20.0,0.0,bull_normal,50.0,50.0,50.0,0.004869654844224523,0.004230256858363324,-0.000639397985861199,0.0046297743698919674,0.7104570289216733,0.2,0.2,0.2,0.2,0.2,0.18,0.12,0.28,0.22,0.2,0.19249667715065485,0.1699867092026194,0.23001329039738058,0.2075033224493451,0.1999999998
2016-06-24,0.37516614588093944,20.0,0.0,bull_normal,50.0,50.0,50.0,0.002483387039511297,0.002219263475207027,-0.0002641235643042702,0.0023842968174706304,0.7973975400349176,0.2,0.2,0.2,0.2,0.2,0.1799908491311783,0.12209225435811251,0.27882300584119807,0.2209334809785848,0.19816040969092621,0.19249324379370064,0.17077165116248882,0.22957172307862125,0.20785353317075403,0.19930984779443497
2016-07-01,0.37516613097977825,20.0,0.0,bull_normal,50.0,50.0,50.0,-0.0009183626316964166,-0.001311902165676971,-0.0003935395339805545,-0.0010660053349814808,0.788840958726462,0.2,0.2,0.2,0.2,0.2,0.17862783233079174,0.12631285557433874,0.27758970257148874,0.22460865748844955,0.19286095203493128,0.19198188635291014,0.17235507895052143,0.22910902828850815,0.20923233460931584,0.19732167079874444
2016-07-08,0.3751661440182943,20.0,0.0,bull_normal,50.0,50.0,50.0,0.005928591278444298,0.004743042002106771,-0.0011855492763375277,0.005483813322413255,0.7862753299448246,0.2,0.2,0.2,0.2,0.2,0.17885645725306,0.12597460712140396,0.2773212928466986,0.22446268585133664,0.19338495692750088,0.19206765840467688,0.1722281786220696,0.2290083310587969,0.20917757131399925,0.1975182596004573
2016-07-15,0.3751661291171331,20.0,0.0,bull_normal,50.0,50.0,50.0,-0.0006233652549057534,-0.000965556331505432,-0.0003421910765996786,-0.000751743755780336,0.7316793876852403,0.2,0.2,0.2,0.2,0.2,0.18,0.12,0.28,0.22,0.2,0.19249667722516067,0.16998670950064262,0.23001329009935736,0.20750332237483932,0.1999999998
2016-07-22,0.37516614215564914,20.0,0.0,bull_normal,50.0,50.0,50.0,-0.001129934512647946,-0.003072420822217742,-0.001942486309569796,-0.0018586896057407203,0.7166285086238673,0.2,0.2,0.2,0.2,0.2,0.17998572280905475,0.12216674315202097,0.2787806128982258,0.22097839304810346,0.19808852809259492,0.19249132064574795,0.17079959712613432,0.2295558183881291,0.20787038258061147,0.19928288025937704
2016-07-29,0.37516612725448795,20.0,0.0,bull_normal,50.0,50.0,50.0,-0.0003580077941860346,-0.0008595718452282186,-0.0005015640510421841,-0.0005461776362394254,0.6335320680248318,0.2,0.2,0.2,0.2,0.2,0.18,0.12,0.28,0.22,0.2,0.19249667726241357,0.16998670964965426,0.23001328995034573,0.20750332233758642,0.1999999998
2016-08-05,0.375166140293004,20.0,0.0,bull_normal,50.0,50.0,50.0,-0.008027088907382412,-0.0071045096256626295,0.0009225792817197827,-0.007680968391464342,0.6496828946940616,0.2,0.2,0.2,0.2,0.2,0.18,0.12,0.28,0.22,0.2,0.19249667700164325,0.16998670860657297,0.23001329099342702,0.20750332259835674,0.1999999998
2016-08-12,0.3751661253918428,20.0,0.0,bull_normal,50.0,50.0,50.0,0.004179565140418811,0.0033282125237336555,-0.0008513526166851553,0.0038601664740146673,0.7139844408101191,0.2,0.2,0.2,0.2,0.2,0.18,0.12,0.28,0.22,0.2,0.19249667729966646,0.16998670979866584,0.23001328980133412,0.20750332230033353,0.1999999998
2016-08-19,0.37516613843035884,20.0,0.0,bull_normal,50.0,50.0,50.0,-0.015753200097825534,-0.01611684008431594,-0.00036363998649040566,-0.01588962549144638,0.6730498512514492,0.2,0.2,0.2,0.2,0.2,0.17895790117605934,0.12653745790101947,0.2773439153914031,0.22408076900055765,0.19307995653096044,0.19210571684764646,0.17243934158900845,0.22901681783946026,0.20903428890733838,0.19740383381654636
2016-08-26,0.37516612352919765,20.0,0.0,bull_normal,50.0,50.0,50.0,-0.0014137950153281166,-0.002609797103216571,-0.0011960020878884546,-0.0018624944805115601,0.6522645579976207,0.2,0.2,0.2,0.2,0.2,0.1800199701884712,0.12061202807855714,0.2796445920838416,0.22023349880728166,0.19948991084184842,0.19250416947510676,0.17021632214917115,0.22987995264227912,0.20759092310536958,0.19980863162807336
2016-09-02,0.3751661365677137,20.0,0.0,bull_normal,50.0,50.0,50.0,-0.0067503617931511375,-0.007372430456773567,-0.0006220686636224295,-0.006983740883378464,0.7119132028280126,0.2,0.2,0.2,0.2,0.2,0.1772763387872754,0.12896921058238175,0.27744948621535714,0.227328502869084,0.18897646154590164,0.19147485162267366,0.17335165298348565,0.2290564242935135,0.21025272862932115,0.19586434147100595
2016-09-09,0.3751661216665525,20.0,0.0,bull_normal,50.0,50.0,50.0,0.00652631848672161,0.0054767641906745546,-0.0010495542960470552,0.006132561265862605,0.8066709461112509,0.2,0.2,0.2,0.2,0.2,0.18,0.12,0.28,0.22,0.2,0.19249667737417225,0.1699867100966891,0.2300132895033109,0.2075033222258277,0.1999999998
2016-09-16,0.37516613470506854,20.0,0.0,bull_normal,50.0,50.0,50.0,0.0014742479490017905,0.002254258016413887,0.0007800100674120966,0.0017668813092569448,0.7619687776832446,0.2,0.2,0.2,0.2,0.2,0.18,0.12,0.28,0.22,0.2,0.19249667711340196,0.1699867090536078,0.23001329054639216,0.20750332248659803,0.1999999998
2016-09-23,0.37516611980390735,20.0,0.0,bull_normal,50.0,50.0,50.0,0.00341022556836145,0.0035591377640766743,0.00014891219571522415,0.0034660923755533177,0.7719488607374092,0.2,0.2,0.2,0.2,0.2,0.1800692325423527,0.12114452538724033,0.2793251223222618,0.22037470009340382,0.1990864196547412,0.1925226511156778,0.17041609739381933,0.22976009811485315,0.20764389696856672,0.19965725540708287
2016-09-30,0.3751661328424234,20.0,0.0,bull_normal,50.0,50.0,50.0,0.0065809096463188615,0.00731838719830155,0.0007374775519826881,0.006857586240696715,0.9263518227515808,0.2,0.2,0.2,0.2,0.2,0.18,0.12,0.28,0.22,0.2,0.19249667715065485,0.1699867092026194,0.23001329039738058,0.2075033224493451,0.1999999998
2016-10-07,0.37516614588093944,20.0,0.0,bull_normal,50.0,50.0,50.0,0.005357926274078376,0.006271482608730058,0.0009135563346516816,0.005700661677494104,0.8290831768562673,0.2,0.2,0.2,0.2,0.2,0.18091594092732483,0.12847313016078685,0.2755166978568469,0.2212467290568658,0.1938475019981755,0.1928403069171,0.1731655397423293,0.22833130825627737,0.2079710532448699,0.19769179083942356
2016-10-14,0.37516613097977825,20.0,0.0,bull_normal,50.0,50.0,50.0,-0.0029302202016845123,-0.0038325454330658286,-0.0009023252313813163,-0.0032687420643585322,0.727136301435556,0.2,0.2,0.2,0.2,0.2,0.18,0.12,0.28,0.22,0.2,0.19249667718790775,0.16998670935163104,0.23001329024836897,0.20750332241209224,0.1999999998
2016-10-21,0.3751661440182943,20.0,0.0,bull_normal,50.0,50.0,50.0,-0.0016411903658331266,-0.0018488522670130076,-0.00020766190117988098,-0.0017190980788391924,0.6291263532409452,0.2,0.2,0.2,0.2,0.2,0.18,0.12,0.28,0.22,0.2,0.19249667692713743,0.16998670830854973,0.23001329129145023,0.20750332267286253,0.1999999998
2016-10-28,0.3751661291171331,20.0,0.0,bull_normal,50.0,50.0,50.0,0.00654260465915775,0.00682199604305517,0.0002793913838974203,0.0066474228365158,0.5367203456830788,0.2,0.2,0.2,0.2,0.2,0.18,0.12,0.28,0.22,0.2,0.19249667722516067,0.16998670950064262,0.23001329009935736,0.20750332237483932,0.1999999998
2016-11-04,0.37516614215564914,20.0,0.0,bull_normal,50.0,50.0,50.0,-0.0030194448935903884,-0.004489375296772431,-0.0014699304031820424,-0.003570913008618579,0.5481694667841316,0.2,0.2,0.2,0.2,0.2,0.18005439982189417,0.12097828216828828,0.2794387520777656,0.22031327775919263,0.19921528817285922,0.1925170859356839,0.17035372680421074,0.22980272992487163,0.20762085384383158,0.19970560249140207
2016-11-11,0.37516612725448795,20.0,0.0,bull_normal,50.0,50.0,50.0,0.0007917850054264023,-0.00036179437111468903,-0.0011535793765410913,0.0003590010978898333,0.636908720664017,0.2,0.2,0.2,0.2,0.2,0.1800160669200991,0.12156008524688999,0.27912176807989464,0.22064376792119808,0.19865831183191823,0.19250270502659803,0.17057200078933152,0.229683807082378,0.2077448422551915,0.19949664384650093
2016-11-18,0.375166140293004,20.0,0.0,bull_normal,50.0,50.0,50.0,-0.0019342420572761015,-0.0034634408236075215,-0.00152919876633142,-0.0025079456536735377,0.6732313272659104,0.2,0.2,0.2,0.2,0.2,0.17872908099126072,0.1260669543894297,0.27740890236535576,0.22463631834234787,0.19315874391160595,0.19201987122298628,0.17226282446591284,0.22904119889568728,0.20924271225428562,0.19743339216112776
2016-11-25,0.3751661253918428,20.0,0.0,bull_normal,50.0,50.0,50.0,0.0008376443754588616,0.00044414111210681407,-0.00039350326335204754,0.0006900152801280127,0.6054443715337379,0.2,0.2,0.2,0.2,0.2,0.18,0.12,0.28,0.22,0.2,0.19249667729966646,0.16998670979866584,0.23001328980133412,0.20750332230033353,0.1999999998
2016-12-02,0.37516613843035884,20.0,0.0,bull_normal,50.0,50.0,50.0,-0.008497939874117667,-0.009719555881442158,-0.0012216160073244917,-0.00895624882527406,0.6027866509740656,0.2,0.2,0.2,0.2,0.2,0.18001193242350388,0.12030402611568054,0.27981737652251865,0.2201183610223475,0.1997483039159494,0.1925011536801397,0.17010076905927235,0.22994477669965052,0.2075477276087542,0.19990557195218311
2016-12-09,0.37516612352919765,20.0,0.0,bull_normal,50.0,50.0,50.0,-0.009687208233603412,-0.009884266857931708,-0.00019705862432829561,-0.009761137944039516,0.6995706293884881,0.2,0.2,0.2,0.2,0.2,0.180127960107573,0.12097093566937166,0.27944480061052823,0.2201375865321915,0.19931871708033555,0.1925446836343959,0.1703509721185876,0.2298049976497969,0.2075549400689611,0.19974440552825842
2016-12-16,0.3751661365677137,20.0,0.0,bull_normal,50.0,50.0,50.0,0.004399699081851841,0.0060668099030672705,0.0016671108212154293,0.005025142602852319,0.6860228925382533,0.2,0.2,0.2,0.2,0.2,0.18,0.12,0.28,0.22,0.2,0.19249667707614904,0.1699867089045962,0.2300132906954038,0.20750332252385095,0.1999999998
2016-12-23,0.3751661216665525,20.0,0.0,bull_normal,50.0,50.0,50.0,-0.004347182359736329,-0.005309885989044605,-0.0009627036293082761,-0.004708356141949872,0.6768739777226072,0.2,0.2,0.2,0.2,0.2,0.18000624251674474,0.1201469702216313,0.2799135024002251,0.22005405428662178,0.199879230574777,0.19249901935496647,0.17004184834468383,0.22998083853430235,0.2075236015628788,0.19995469120316847
2016-12-30,0.37516613470506854,20.0,0.0,bull_normal,50.0,50.0,50.0,-0.0011613025472876008,-0.0024010124377595093,-0.0012397098904719085,-0.001626399713425191,0.7014538592708492,0.2,0.2,0.2,0.2,0.2,0.17959523576045122,0.12421274769622716,0.27750513821330924,0.22291844121263232,0.19576843711738,0.19234482327833544,0.17156718932170853,0.22907730289419204,0.20859822279461038,0.19841246071115354
2017-01-06,0.37516611980390735,20.0,0.0,bull_normal,50.0,50.0,50.0,-0.005104115301308229,-0.0029917539602041755,0.002112361341104053,-0.004311628889030814,0.8197283658261506,0.2,0.2,0.2,0.2,0.2,0.18,0.12,0.28,0.22,0.2,0.19249667741142518,0.1699867102457007,0.2300132893542993,0.2075033221885748,0.1999999998
2017-01-13,0.3751661328424234,20.0,0.0,bull_normal,50.0,50.0,50.0,-0.005061850792031627,-0.006470897236965037,-0.0014090464449334102,-0.00559047729218218,0.7547781691601192,0.2,0.2,0.2,0.2,0.2,0.1800157798606752,0.12043247175460521,0.27973947281279404,0.22017199583689545,0.19964027973503,0.19250259721995522,0.17014895795819598,0.22991554942015394,0.20756784946227366,0.1998650449394211
2017-01-20,0.37516614588093944,20.0,0.0,bull_normal,50.0,50.0,50.0,-0.00043634532324235675,0.0007334552756886121,0.0011698005989309688,2.5242589052651315e-06,0.7586110340997176,0.2,0.2,0.2,0.2,0.2,0.18002289815311479,0.12121123172744912,0.27930985759141863,0.22048528108621054,0.19897073144180685,0.1925052675017278,0.1704411212980395,0.22975437337318433,0.20768538374471593,0.19961385308233237
2017-01-27,0.37516613097977825,20.0,0.0,bull_normal,50.0,50.0,50.0,0.003375326077814261,0.001265664323012853,-0.0021096617548014077,0.002583852437005555,0.7674231059748653,0.2,0.2,0.2,0.2,0.2,0.18,0.12,0.28,0.22,0.2,0.19249667718790775,0.16998670935163104,0.23001329024836897,0.20750332241209224,0.1999999998
2017-02-03,0.3751661440182943,20.0,0.0,bull_normal,50.0,50.0,50.0,-0.0071803513736306114,-0.007178757749602906,1.5936240277056313e-06,-0.007179753492669368,0.8082182543031408,0.2,0.2,0.2,0.2,0.2,0.1784032636530937,0.1264562792583286,0.2775214184910322,0.22517666285806148,0.19244237573948386,0.19189763550945377,0.17240888570018,0.22908341142502564,0.20944543131426208,0.1971646350510784
2017-02-10,0.3751661291171331,20.0,0.0,bull_normal,50.0,50.0,50.0,-0.006419524943566334,-0.007251790582109995,-0.0008322656385436611,-0.006731762814844195,0.8565439355379872,0.2,0.2,0.2,0.2,0.2,0.18,0.12,0.28,0.22,0.2,0.19249667722516067,0.16998670950064262,0.23001329009935736,0.20750332237483932,0.1999999998
2017-02-17,0.37516614215564914,20.0,0.0,bull_normal,50.0,50.0,50.0,-0.0015044132893079166,-0.0029706108884218975,-0.001466197599113981,-0.002054480984150903,0.8151160759615811,0.2,0.2,0.2,0.2,0.2,0.18,0.12,0.28,0.22,0.2,0.19249667696439032,0.16998670845756134,0.23001329114243865,0.20750332263560964,0.1999999998
2017-02-24,0.37516612725448795,20.0,0.0,bull_normal,50.0,50.0,50.0,-0.002818224681626277,-0.001968381851680097,0.0008498428299461799,-0.0024993924358409814,0.6963615944201904,0.2,0.2,0.2,0.2,0.2,0.18,0.12,0.28,0.22,0.2,0.19249667726241357,0.16998670964965426,0.23001328995034573,0.20750332233758642,0.1999999998
2017-03-03,0.375166140293004,20.0,0.0,bull_normal,50.0,50.0,50.0,-0.0014055160757629095,-0.00019122499298959437,0.001214291082773315,-0.000949955176096677,0.7297606634227809,0.2,0.2,0.2,0.2,0.2,0.18,0.12,0.28,0.22,0.2,0.19249667700164325,0.16998670860657297,0.23001329099342702,0.20750332259835674,0.1999999998
2017-03-10,0.3751661253918428,20.0,0.0,bull_normal,50.0,50.0,50.0,0.003715485631824409,0.004002321698332175,0.0002868360665077658,0.003823096803695668,0.6780291150714124,0.2,0.2,0.2,0.2,0.2,0.1798150492339808,0.12357390765778611,0.2781645449014916,0.22178393572474567,0.19666256248199582,0.19242729003746017,0.17132751888580489,0.22932468922438462,0.20817259455346518,0.19874790629888509
2017-03-17,0.37516613843035884,20.0,0.0,bull_normal,50.0,50.0,50.0,0.00031137961452420553,-0.00036030248286939823,-0.0006716820973936038,5.938723573285568e-05,0.6476311432126559,0.2,0.2,0.2,0.2,0.2,0.18,0.12,0.28,0.22,0.2,0.19249667703889614,0.16998670875558458,0.2300132908444154,0.20750332256110382,0.1999999998
2017-03-24,0.37516612352919765,20.0,0.0,bull_normal,50.0,50.0,50.0,-0.004009129710203511,-0.0038009152249137835,0.0002082144852897272,-0.003931014684963721,0.6000637431822808,0.2,0.2,0.2,0.2,0.2,0.18,0.12,0.28,0.22,0.2,0.19249667733691936,0.16998670994767748,0.2300132896523225,0.2075033222630806,0.1999999998
2017-03-31,0.3751661365677137,20.0,0.0,bull_normal,50.0,50.0,50.0,-0.0005440852490614073,-0.00082779397548169,-0.0002837087264202827,-0.0006505231552125279,0.5755488336718481,0.2,0.2,0.2,0.2,0.2,0.17805606902800997,0.12672498601393264,0.2776150028706147,0.22581430902274147,0.1917896330647013,0.19176738000436253,0.17250969592339224,0.229118520537542,0.20968465437454234,0.19691974816016095
2017-04-07,0.3751661216665525,20.0,0.0,bull_normal,50.0,50.0,50.0,-0.0012217940255345712,-0.0023503488890607304,-0.0011285548635261591,-0.001645189575126416,0.5404822246655693,0.2,0.2,0.2,0.2,0.2,0.18,0.12,0.28,0.22,0.2,0.19249667737417225,0.1699867100966891,0.2300132895033109,0.2075033222258277,0.1999999998
2017-04-14,0.37516613470506854,20.0,0.0,bull_normal,50.0,50.0,50.0,-4.954656967697737e-05,0.0028673790056564694,0.0029169255753334466,0.001044785122598445,0.5870073482345565,0.2,0.2,0.2,0.2,0.2,0.18,0.12,0.28,0.22,0.2,0.19249667711340196,0.1699867090536078,0.23001329054639216,0.20750332248659803,0.1999999998
2017-04-21,0.37516611980390735,20.0,0.0,bull_normal,50.0,50.0,50.0,0.0035835947722098424,0.003480030071986757,-0.00010356470022308524,0.0035447408019337523,0.652205853135772,0.2,0.2,0.2,0.2,0.2,0.18000136080738707,0.12192638110977719,0.2789302679390638,0.2208206816110294,0.19832130853274252,0.19249718794025186,0.1707094231711966,0.22961196212816934,0.20781121412387124,0.1993702116365109
2017-04-28,0.3751661328424234,20.0,0.0,bull_normal,50.0,50.0,50.0,-0.004713517532600526,-0.004872151467198246,-0.00015863393459772043,-0.004773031607608099,0.5954974480724751,0.2,0.2,0.2,0.2,0.2,0.18,0.12,0.28,0.22,0.2,0.19249667715065485,0.1699867092026194,0.23001329039738058,0.2075033224493451,0.1999999998
2017-05-05,0.37516614588093944,20.0,0.0,bull_normal,50.0,50.0,50.0,0.003717019503223379,0.004489273595289195,0.0007722540920658159,0.004006743090577752,0.6432152422438608,0.2,0.2,0.2,0.2,0.2,0.18,0.12,0.28,0.22,0.2,0.19249667688988453,0.16998670815953812,0.23001329144046187,0.20750332271011546,0.1999999998
2017-05-12,0.37516613097977825,20.0,0.0,bull_normal,50.0,50.0,50.0,-0.005663183258099385,-0.005320503797611557,0.0003426794604878278,-0.005534621525207307,0.6375871044705208,0.2,0.2,0.2,0.2,0.2,0.18,0.12,0.28,0.22,0.2,0.19249667718790775,0.16998670935163104,0.23001329024836897,0.20750332241209224,0.1999999998
2017-05-19,0.3751661440182943,20.0,0.0,bull_normal,50.0,50.0,50.0,-0.0005243392693003849,4.103514583392444e-05,0.0005653744151343093,-0.00031222992973561783,0.5622786434857729,0.2,0.2,0.2,0.2,0.2,0.18,0.12,0.28,0.22,0.2,0.19249667692713743,0.16998670830854973,0.23001329129145023,0.20750332267286253,0.1999999998
2017-05-26,0.3751661291171331,20.0,0.0,bull_normal,50.0,50.0,50.0,-0.003905669378742833,-0.0023736542794896643,0.001532015099253169,-0.003330909200876112,0.5911278854500108,0.2,0.2,0.2,0.2,0.2,0.18005383971256708,0.12111616592936811,0.27934718381147217,0.22039089733358758,0.19909191321300507,0.19251687606169704,0.17040545715139735,0.22976837557712726,0.20764997381421693,0.19965931639556134
2017-06-02,0.37516614215564914,20.0,0.0,bull_normal,50.0,50.0,50.0,0.002535273645797092,0.00023033762967657157,-0.0023049360161205203,0.0016705396910430051,0.6446693987617419,0.2,0.2,0.2,0.2,0.2,0.18,0.12,0.28,0.22,0.2,0.19249667696439032,0.16998670845756134,0.23001329114243865,0.20750332263560964,0.1999999998
2017-06-09,0.37516612725448795,20.0,0.0,bull_normal,50.0,50.0,50.0,-4.0849418334711965e-05,-0.0006387529070138092,-0.0005979034886790973,-0.0002651625543892345,0.7099796766006398,0.2,0.2,0.2,0.2,0.2,0.1798651028902875,0.1232823498870046,0.2782864612667614,0.22158965559375796,0.19697643036218843,0.19244606843623555,0.17121813614382456,0.22937042826053897,0.2080997072697687,0.19886565888963237
2017-06-16,0.375166140293004,20.0,0.0,bull_normal,50.0,50.0,50.0,0.006375724455257353,0.007179879734044301,0.0008041552787869484,0.006677416280718681,0.6734593326786467,0.2,0.2,0.2,0.2,0.2,0.18,0.12,0.28,0.22,0.2,0.19249667700164325,0.16998670860657297,0.23001329099342702,0.20750332259835674,0.1999999998
2017-06-23,0.3751661253918428,20.0,0.0,bull_normal,50.0,50.0,50.0,-0.0009314757369389852,-0.0005701666606373589,0.00036130907630162624,-0.0007959248099180737,0.6350307529039986,0.2,0.2,0.2,0.2,0.2,0.18,0.12,0.28,0.22,0.2,0.19249667729966646,0.16998670979866584,0.23001328980133412,0.20750332230033353,0.1999999998
2017-06-30,0.37516613843035884,20.0,0.0,bull_normal,50.0,50.0,50.0,0.0019732120366898133,0.001308396485053901,-0.0006648155516359123,0.0017237957516903235,0.6312385677899248,0.2,0.2,0.2,0.2,0.2,0.18,0.12,0.28,0.22,0.2,0.19249667703889614,0.16998670875558458,0.2300132908444154,0.20750332256110382,0.1999999998
2017-07-07,0.37516612352919765,20.0,0.0,bull_normal,50.0,50.0,50.0,0.0038421955765088533,0.006167056075155339,0.002324860498646486,0.0047144044728178085,0.7024871296728945,0.2,0.2,0.2,0.2,0.2,0.18,0.12,0.28,0.22,0.2,0.19249667733691936,0.16998670994767748,0.2300132896523225,0.2075033222630806,0.1999999998
2017-07-14,0.3751661365677137,20.0,0.0,bull_normal,50.0,50.0,50.0,0.0009053115586251569,0.0006739173387349444,-0.00023139421989021248,0.000818500282306346,0.6721068094221717,0.2,0.2,0.2,0.2,0.2,0.18,0.12,0.28,0.22,0.2,0.19249667707614904,0.1699867089045962,0.2300132906954038,0.20750332252385095,0.1999999998
2017-07-21,0.3751661216665525,20.0,0.0,bull_normal,50.0,50.0,50.0,0.0030741462574604512,0.004337852394727216,0.0012637061372667647,0.003548245984356797,0.688619437664237,0.2,0.2,0.2,0.2,0.2,0.18,0.12,0.28,0.22,0.2,0.19249667737417225,0.1699867100966891,0.2300132895033109,0.2075033222258277,0.1999999998
2017-07-28,0.37516613470506854,20.0,0.0,bull_normal,50.0,50.0,50.0,-0.008939317608918374,-0.010028382990411028,-0.0010890653814926536,-0.009347898049186175,0.8275105655823674,0.2,0.2,0.2,0.2,0.2,0.17898799148575753,0.12597576852534895,0.27751959992480474,0.22392852445486588,0.1935881156092228,0.19211700579120464,0.17222861503091327,0.22908272843858957,0.20897717181995054,0.19759447791934187
2017-08-04,0.37516611980390735,20.0,0.0,bull_normal,50.0,50.0,50.0,-0.003310581862904771,-0.0026069700213198284,0.0007036118415849426,-0.0030466105354026553,0.9191860597294746,0.2,0.2,0.2,0.2,0.2,0.18,0.12,0.28,0.22,0.2,0.19249667741142518,0.1699867102457007,0.2300132893542993,0.2075033221885748,0.1999999998
2017-08-11,0.3751661328424234,20.0,0.0,bull_normal,50.0,50.0,50.0,0.004192232826929009,0.003977763108267921,-0.00021446971866108822,0.004111771047855355,0.8385040948169278,0.2,0.2,0.2,0.2,0.2,0.18,0.12,0.28,0.22,0.2,0.19249667715065485,0.1699867092026194,0.23001329039738058,0.2075033224493451,0.1999999998
2017-08-18,0.37516614588093944,20.0,0.0,bull_normal,50.0,50.0,50.0,0.004313750495532497,0.004268233574790946,-4.55169207415505e-05,0.004296674083508847,0.788231820734746,0.2,0.2,0.2,0.2,0.2,0.17959516585346924,0.12428699403730306,0.2775973460204495,0.22279596406440094,0.1957245300243773,0.19234479682356148,0.17159504318831936,0.22911189700796977,0.20855227377112942,0.19839598820901996
2017-08-25,0.37516613097977825,20.0,0.0,bull_normal,50.0,50.0,50.0,0.005397368977670861,0.006275405992463318,0.0008780370147924562,0.005726778721640803,0.8136461864464049,0.2,0.2,0.2,0.2,0.2,0.18,0.12,0.28,0.22,0.2,0.19249667718790775,0.16998670935163104,0.23001329024836897,0.20750332241209224,0.1999999998
2017-09-01,0.3751661440182943,20.0,0.0,bull_normal,50.0,50.0,50.0,-0.00014499572595256415,0.000669758211632354,0.0008147539375849182,0.00016067236697421905,0.8508659488095235,0.2,0.2,0.2,0.2,0.2,0.18,0.12,0.28,0.22,0.2,0.19249667692713743,0.16998670830854973,0.23001329129145023,0.20750332267286253,0.1999999998
2017-09-08,0.3751661291171331,20.0,0.0,bull_normal,50.0,50.0,50.0,-0.009994051539589682,-0.009455453397184095,0.0005385981424055868,-0.00979198774956171,0.7441405496034268,0.2,0.2,0.2,0.2,0.2,0.18003279797506208,0.1210175300712719,0.2794165942198964,0.22038048487471285,0.19915259285905682,0.19250898191449525,0.17036845231836026,0.22979441601135017,0.2076460674123302,0.19968208134346405
2017-09-15,0.37516614215564914,20.0,0.0,bull_normal,50.0,50.0,50.0,0.0032891499388599038,0.002737964063439294,-0.0005511858754206097,0.0030823636572853055,0.7348192207154883,0.2,0.2,0.2,0.2,0.2,0.18,0.12,0.28,0.22,0.2,0.19249667696439032,0.16998670845756134,0.23001329114243865,0.20750332263560964,0.1999999998
2017-09-22,0.37516612725448795,20.0,0.0,bull_normal,50.0,50.0,50.0,-0.0012127098989122046,0.0006978890027966525,0.0019105989017088572,-0.0004959179077254971,0.720964147506683,0.2,0.2,0.2,0.2,0.2,0.18,0.12,0.28,0.22,0.2,0.19249667726241357,0.16998670964965426,0.23001328995034573,0.20750332233758642,0.1999999998
2017-09-29,0.375166140293004,20.0,0.0,bull_normal,50.0,50.0,50.0,-0.005108256152271929,-0.005686831989230118,-0.000578575836958189,-0.005325318210565007,0.712810416475201,0.2,0.2,0.2,0.2,0.2,0.18,0.12,0.28,0.22,0.2,0.19249667700164325,0.16998670860657297,0.23001329099342702,0.20750332259835674,0.1999999998
2017-10-06,0.3751661253918428,20.0,0.0,bull_normal,50.0,50.0,50.0,-0.004401930801085044,-0.005977442372673849,-0.0015755115715888049,-0.004993009367915018,0.724324143767044,0.2,0.2,0.2,0.2,0.2,0.18,0.12,0.28,0.22,0.2,0.19249667729966646,0.16998670979866584,0.23001328980133412,0.20750332230033353,0.1999999998
2017-10-13,0.37516613843035884,20.0,0.0,bull_normal,50.0,50.0,50.0,0.0019617103972494948,-4.7564401142995436e-05,-0.0020092747983924903,0.0012078985288832477,0.8688277255794774,0.2,0.2,0.2,0.2,0.2,0.179560630371179,0.12458136285745612,0.27779105426047823,0.22258853284838764,0.195478419662499,0.19233184043207263,0.1717054809658459,0.22918456920214555,0.20847445243306245,0.1983036559668734
2017-10-20,0.37516612352919765,20.0,0.0,bull_normal,50.0,50.0,50.0,-0.001120144818301899,-0.002260717085508473,-0.001140572267206574,-0.0015480488928466475,0.8841417490155287,0.2,0.2,0.2,0.2,0.2,0.18,0.12,0.28,0.22,0.2,0.19249667733691936,0.16998670994767748,0.2300132896523225,0.2075033222630806,0.1999999998
2017-10-27,0.3751661365677137,20.0,0.0,bull_normal,50.0,50.0,50.0,-0.003013960951348821,-0.002099761595018471,0.0009141993563303499,-0.002670984308110688,0.8345439806265713,0.2,0.2,0.2,0.2,0.2,0.18,0.12,0.28,0.22,0.2,0.19249667707614904,0.1699867089045962,0.2300132906954038,0.20750332252385095,0.1999999998
2017-11-03,0.3751661216665525,20.0,0.0,bull_normal,50.0,50.0,50.0,-0.006209061068578853,-0.005880564625046693,0.00032849644353215995,-0.006085820325791817,0.7557089018454988,0.2,0.2,0.2,0.2,0.2,0.18,0.12,0.28,0.22,0.2,0.19249667737417225,0.1699867100966891,0.2300132895033109,0.2075033222258277,0.1999999998
2017-11-10,0.37516613470506854,20.0,0.0,bull_normal,50.0,50.0,50.0,0.005429512221634408,0.00630577449881348,0.0008762622771790723,0.005758256147393284,0.7315857618622567,0.2,0.2,0.2,0.2,0.2,0.18001499510820634,0.12159543957032896,0.2791030082179599,0.22066035875326157,0.19862619835024323,0.19250230277018157,0.1705852639497651,0.2296767696069985,0.20775106672733007,0.19948459594572468
2017-11-17,0.37516611980390735,20.0,0.0,bull_normal,50.0,50.0,50.0,0.00020241068556130093,0.0010214842523585178,0.0008190735667972168,0.0005096993369408596,0.6840324247686526,0.2,0.2,0.2,0.2,0.2,0.18,0.12,0.28,0.22,0.2,0.19249667741142518,0.1699867102457007,0.2300132893542993,0.2075033221885748,0.1999999998
2017-11-24,0.3751661328424234,20.0,0.0,bull_normal,50.0,50.0,50.0,0.0005547610798655267,0.0003026993782493269,-0.0002520617016161998,0.00046019606557230037,0.8317040340628685,0.2,0.2,0.2,0.2,0.2,0.18,0.12,0.28,0.22,0.2,0.19249667715065485,0.1699867092026194,0.23001329039738058,0.2075033224493451,0.1999999998
2017-12-01,0.37516614588093944,20.0,0.0,bull_normal,50.0,50.0,50.0,-0.0006075719495780983,0.0012110931871403658,0.0018186651367184641,7.472964033786985e-05,0.8638725194551897,0.2,0.2,0.2,0.2,0.2,0.18,0.12,0.28,0.22,0.2,0.19249667688988453,0.16998670815953812,0.23001329144046187,0.20750332271011546,0.1999999998
2017-12-08,0.37516613097977825,20.0,0.0,bull_normal,50.0,50.0,50.0,-0.001004145539158,-0.0025315137440618343,-0.0015273682049038342,-0.001577162357596138,0.9081421121782591,0.2,0.2,0.2,0.2,0.2,0.18,0.12,0.28,0.22,0.2,0.19249667718790775,0.16998670935163104,0.23001329024836897,0.20750332241209224,0.1999999998
2017-12-15,0.3751661440182943,20.0,0.0,bull_normal,50.0,50.0,50.0,-0.006773352904849187,-0.007680782520538069,-0.0009074296156888822,-0.007113789767621397,0.8498069896590859,0.2,0.2,0.2,0.2,0.2,0.18,0.12,0.28,0.22,0.2,0.19249667692713743,0.16998670830854973,0.23001329129145023,0.20750332267286253,0.1999999998
2017-12-22,0.3751661291171331,20.0,0.0,bull_normal,50.0,50.0,50.0,-0.007059633015171567,-0.005500588045572777,0.00155904496959879,-0.006474732142332918,0.8897602760240747,0.2,0.2,0.2,0.2,0.2,0.18,0.12,0.28,0.22,0.2,0.19249667722516067,0.16998670950064262,0.23001329009935736,0.20750332237483932,0.1999999998
2017-12-29,0.37516614215564914,20.0,0.0,bull_normal,50.0,50.0,50.0,0.0036746400638045886,0.004498521058543878,0.0008238809947392896,0.003983732314212553,0.8094470312029969,0.2,0.2,0.2,0.2,0.2,0.17996284724795802,0.12499175691347997,0.27750736545861654,0.22189757822740627,0.19564045215253928,0.19248273850975017,0.17185944663949765,0.229078139058679,0.20821522973791226,0.1983644450541607
2018-01-05,0.37516612725448795,20.0,0.0,bull_normal,50.0,50.0,50.0,-0.0009926984596336558,9.020584333272465e-05,0.0010829043029663805,-0.0005864294455161099,0.8848466742692992,0.2,0.2,0.2,0.2,0.2,0.18,0.12,0.28,0.22,0.2,0.19249667726241357,0.16998670964965426,0.23001328995034573,0.20750332233758642,0.1999999998
2018-01-12,0.375166140293004,20.0,0.0,bull_normal,50.0,50.0,50.0,-0.0027646570162059747,-0.0038679113890851937,-0.001103254372879219,-0.0031785606978618885,0.9219505571117591,0.2,0.2,0.2,0.2,0.2,0.18,0.12,0.28,0.22,0.2,0.19249667700164325,0.16998670860657297,0.23001329099342702,0.20750332259835674,0.1999999998
2018-01-19,0.3751661253918428,20.0,0.0,bull_normal,50.0,50.0,50.0,-0.001032230450349775,-0.0009117039722014669,0.00012052647814830798,-0.0009870129975487365,0.9333805922707048,0.2,0.2,0.2,0.2,0.2,0.1782880263360421,0.12664868501665508,0.27767375962120894,0.2252258032356954,0.19216372579039837,0.19185440277402876,0.17248107119282077,0.22914056321256573,0.20946386665036898,0.1970600951702156
2018-01-26,0.37516613843035884,20.0,0.0,bull_normal,50.0,50.0,50.0,0.007723805704476115,0.008506901989111509,0.0007830962846353939,0.008017596905584339,0.8266901030393636,0.2,0.2,0.2,0.2,0.2,0.18,0.12,0.28,0.22,0.2,0.19249667703889614,0.16998670875558458,0.2300132908444154,0.20750332256110382,0.1999999998
2018-02-02,0.37516612352919765,20.0,0.0,bull_normal,50.0,50.0,50.0,-0.0011012170257133774,-0.0017607392814512886,-0.0006595222557379112,-0.001348647432431154,0.8254053635883414,0.2,0.2,0.2,0.2,0.2,0.18002271217137036,0.12079489548570166,0.27954096581319204,0.22030776176045114,0.19933366476928482,0.19250519817420078,0.17028492780536078,0.2298410755760626,0.20761878404960413,0.19975001339477164
2018-02-09,0.3751661365677137,20.0,0.0,bull_normal,50.0,50.0,50.0,-0.00913927785798106,-0.008959310024680629,0.00017996783330043176,-0.009071760012183515,0.8197826781274822,0.2,0.2,0.2,0.2,0.2,0.18002173563622603,0.12135176223247948,0.2792099318446903,0.22057339627138975,0.1988431740152144,0.19250483155080966,0.17049384431840653,0.22971688387824746,0.20771844138749546,0.19956599786504084
2018-02-16,0.3751661216665525,20.0,0.0,bull_normal,50.0,50.0,50.0,-0.0016342954561389977,-0.000406994509205979,0.0012273009469330187,-0.0011738537185865961,0.7741717415910608,0.2,0.2,0.2,0.2,0.2,0.18,0.12,0.28,0.22,0.2,0.19249667737417225,0.1699867100966891,0.2300132895033109,0.2075033222258277,0.1999999998
2018-02-23,0.37516613470506854,20.0,0.0,bull_normal,50.0,50.0,50.0,-0.0046912449134781835,-0.003550917429557524,0.0011403274839206596,-0.004263432654774282,0.8660496621877508,0.2,0.2,0.2,0.2,0.2,0.17984011479165812,0.12332826554701655,0.2781039255445353,0.22184883040156853,0.19687886371522145,0.1924366935978518,0.1712353615729054,0.2293019476225338,0.20819694104138609,0.19882905516532284
2018-03-02,0.37516611980390735,20.0,0.0,bull_normal,50.0,50.0,50.0,0.0007372350923837022,0.0007051786396508566,-3.2056452732845604e-05,0.0007252085966720345,0.7698701871420248,0.2,0.2,0.2,0.2,0.2,0.18,0.12,0.28,0.22,0.2,0.19249667741142518,0.1699867102457007,0.2300132893542993,0.2075033221885748,0.1999999998
2018-03-09,0.3751661328424234,20.0,0.0,bull_normal,50.0,50.0,50.0,0.00023170302776317247,-0.0015618256394772608,-0.0017935286672404332,-0.0004411681860262776,0.7776706374630986,0.2,0.2,0.2,0.2,0.2,0.17991995606705635,0.12287112907744535,0.2784455401746516,0.22136697721410936,0.19739639746673743,0.19246664737790492,0.17106385959441886,0.22943010971662886,0.20801616600393338,0.1990232163071139
2018-03-16,0.37516614588093944,20.0,0.0,bull_normal,50.0,50.0,50.0,-0.0015744592879270208,-0.004500936522059014,-0.0029264772341319927,-0.0026723744701922575,0.9231098329852172,0.2,0.2,0.2,0.2,0.2,0.1800699320082653,0.12093152302906197,0.2794511461397744,0.22027303098044368,0.19927436784245459,0.19252291301187288,0.1703361840638012,0.22980738005327506,0.20760575469065218,0.19972776718039864
2018-03-23,0.37516613097977825,20.0,0.0,bull_normal,50.0,50.0,50.0,-0.0012245432070728327,-0.003645263565496009,-0.0024207203584231765,-0.0021327154959937212,1.0,0.2,0.2,0.2,0.2,0.2,0.1799911140605648,0.12409865922662738,0.2778037036707016,0.22168115731499163,0.19642536572711447,0.19249334348439306,0.17152438747435172,0.22918931425284497,0.20813403569689526,0.19865891809151492
2018-03-30,0.3751661440182943,20.0,0.0,bull_normal,50.0,50.0,50.0,0.0034850131879578137,0.004503267536056848,0.0010182543480990345,0.0038670277414969622,0.8554434533076988,0.2,0.2,0.2,0.2,0.2,0.18,0.12,0.28,0.22,0.2,0.19249667692713743,0.16998670830854973,0.23001329129145023,0.20750332267286253,0.1999999998
2018-04-06,0.3751661291171331,20.0,0.0,bull_normal,50.0,50.0,50.0,0.006781190845283325,0.005958745490643162,-0.0008224453546401634,0.0064726371986999695,0.7727142710620039,0.2,0.2,0.2,0.2,0.2,0.1800197913582408,0.1206122791135494,0.2796102025777932,0.22027364851201914,0.19948407843839747,0.19250410227241438,0.17021641588538253,0.2298670513094744,0.20760598602772953,0.19980644350499907
2018-04-13,0.37516614215564914,20.0,0.0,bull_normal,50.0,50.0,50.0,-0.0012052945578179205,-0.002579223428040526,-0.0013739288702226055,-0.0017207461499348586,0.8328936744612664,0.2,0.2,0.2,0.2,0.2,0.18001023555733017,0.12015469927761642,0.2799073605266918,0.22005025728005317,0.19987744735830842,0.19250051699894286,0.17004474638868095,0.229978535948661,0.2075221774654636,0.19995402219825156
2018-04-20,0.37516612725448795,20.0,0.0,bull_normal,50.0,50.0,50.0,-0.0006744647175925778,0.0002574138700617304,0.0009318785876543082,-0.0003248554364660744,0.8107710860131968,0.2,0.2,0.2,0.2,0.2,0.18,0.12,0.28,0.22,0.2,0.19249667726241357,0.16998670964965426,0.23001328995034573,0.20750332233758642,0.1999999998
2018-04-27,0.375166140293004,20.0,0.0,bull_normal,50.0,50.0,50.0,-0.007176197050268332,-0.008102268616230389,-0.0009260715659620573,-0.007523627737781787,0.7704110014210341,0.2,0.2,0.2,0.2,0.2,0.18001853968268197,0.12054929085697363,0.27964590583148596,0.22024876900028534,0.19953749462857315,0.19250363246283034,0.17019278393707593,0.22988044685105818,0.20759665230392504,0.19982648344511053
2018-05-04,0.3751661253918428,20.0,0.0,bull_normal,50.0,50.0,50.0,0.007415138086619433,0.007918679212004088,0.0005035411253846546,0.007604049652001391,0.7493172910214538,0.2,0.2,0.2,0.2,0.2,0.18,0.12,0.28,0.22,0.2,0.19249667729966646,0.16998670979866584,0.23001328980133412,0.20750332230033353,0.1999999998
2018-05-11,0.37516613843035884,20.0,0.0,bull_normal,50.0,50.0,50.0,-0.0023502352667567057,-0.0012580773216403257,0.00109215794511638,-0.0019404945859908627,0.7162668649304564,0.2,0.2,0.2,0.2,0.2,0.18,0.12,0.28,0.22,0.2,0.19249667703889614,0.16998670875558458,0.2300132908444154,0.20750332256110382,0.1999999998
2018-05-18,0.37516612352919765,20.0,0.0,bull_normal,50.0,50.0,50.0,-0.001576980505514211,-0.0023233644673870592,-0.0007463839618728483,-0.001856998481297413,0.6876106416875848,0.2,0.2,0.2,0.2,0.2,0.18,0.12,0.28,0.22,0.2,0.19249667733691936,0.16998670994767748,0.2300132896523225,0.2075033222630806,0.1999999998
2018-05-25,0.3751661365677137,20.0,0.0,bull_normal,50.0,50.0,50.0,0.004493199751612934,0.0027406588393233482,-0.0017525409122895858,0.003835705744536687,0.7246931929051396,0.2,0.2,0.2,0.2,0.2,0.18,0.12,0.28,0.22,0.2,0.19249667707614904,0.1699867089045962,0.2300132906954038,0.20750332252385095,0.1999999998
2018-06-01,0.3751661216665525,20.0,0.0,bull_normal,50.0,50.0,50.0,-0.0003012365760541764,0.000368142456692677,0.0006693790327468534,-5.010824036352294e-05,0.6637917338559759,0.2,0.2,0.2,0.2,0.2,0.17987942473399457,0.12318849615468301,0.2783271313594065,0.2215296124150073,0.1970753353369087,0.19245144161930128,0.17118292583179398,0.2293856858639894,0.2080771809826451,0.19890276470227
2018-06-08,0.37516613470506854,20.0,0.0,bull_normal,50.0,50.0,50.0,0.000298922397048287,0.0003911020592483092,9.21796622000222e-05,0.0003335050842807837,0.6324274382639489,0.2,0.2,0.2,0.2,0.2,0.18,0.12,0.28,0.22,0.2,0.19249667711340196,0.1699867090536078,0.23001329054639216,0.20750332248659803,0.1999999998
2018-06-15,0.37516611980390735,20.0,0.0,bull_normal,50.0,50.0,50.0,-0.0016281113715452978,-0.0022603009910000193,-0.0006321896194547215,-0.0018652874961911467,0.640811145260186,0.2,0.2,0.2,0.2,0.2,0.18,0.12,0.28,0.22,0.2,0.19249667741142518,0.1699867102457007,0.2300132893542993,0.2075033221885748,0.1999999998
2018-06-22,0.3751661328424234,20.0,0.0,bull_normal,50.0,50.0,50.0,-0.001784086176492785,-0.0017343626494462285,4.972352704655657e-05,-0.001765431591374011,0.570519144138662,0.2,0.2,0.2,0.2,0.2,0.18003139600359405,0.12043458376615926,0.2797382367687131,0.22013682525499353,0.19965895820654,0.19250845586789814,0.17014975031340243,0.22991508569827654,0.2075546546510849,0.19987205246933792
2018-06-29,0.37516614588093944,20.0,0.0,bull_normal,50.0,50.0,50.0,0.0043210462567413,0.004184131525270345,-0.00013691473147095512,0.004269680480351337,0.5655219866780097,0.2,0.2,0.2,0.2,0.2,0.18019743033986113,0.12419881337223437,0.27776937120772954,0.22122179910849996,0.19661258597167502,0.19257074606949612,0.17156196078809738,0.22917643503441154,0.20796170037223374,0.1987291567357611
2018-07-06,0.37516613097977825,20.0,0.0,bull_normal,50.0,50.0,50.0,0.0015869583277211316,0.0029393775321295552,0.0013524192044084237,0.00209434020600745,0.5788684878929726,0.2,0.2,0.2,0.2,0.2,0.18001500078883653,0.12040437438820481,0.2797554036565541,0.22016140338816956,0.19966381777823494,0.19250230497581158,0.17013841692616943,0.2299215259846383,0.20756387549669827,0.19987387561668235
2018-07-13,0.3751661440182943,20.0,0.0,bull_normal,50.0,50.0,50.0,-0.004174884970499891,-0.002068651221470413,0.0021062337490294777,-0.003384697373090608,0.6984891128987973,0.2,0.2,0.2,0.2,0.2,0.17990405602174778,0.1228385500497546,0.2782219072425119,0.22166953095601144,0.19736595572997434,0.19246068199481078,0.17105163618425417,0.22934621108858363,0.20812967416332218,0.1990117955690292
2018-07-20,0.3751661291171331,20.0,0.0,bull_normal,50.0,50.0,50.0,0.005461097757299011,0.00521978542212206,-0.0002413123351769509,0.005370565537231891,0.9708798017261139,0.2,0.2,0.2,0.2,0.2,0.18001918181659957,0.1203166563654168,0.2798121319365878,0.22010493527483402,0.19974709460656184,0.19250387359303653,0.17010550824339757,0.22994280836529277,0.20754269053566726,0.19990511826260582
2018-07-27,0.37516614215564914,20.0,0.0,bull_normal,50.0,50.0,50.0,0.005599211295198276,0.005924617631747035,0.0003254063365487588,0.005721292729392984,0.9644024420737566,0.2,0.2,0.2,0.2,0.2,0.18,0.12,0.28,0.22,0.2,0.19249667696439032,0.16998670845756134,0.23001329114243865,0.20750332263560964,0.1999999998
2018-08-03,0.37516612725448795,20.0,0.0,bull_normal,50.0,50.0,50.0,0.0019983281537211866,0.0037191223464329605,0.001720794192711774,0.002643911844158964,1.0,0.2,0.2,0.2,0.2,0.2,0.1802947918036621,0.12238268573488678,0.27858682405157154,0.22044081017448938,0.19829488823539013,0.19260727316162923,0.17088061262838236,0.22948311420317483,0.20766869938343863,0.19936029962337495
2018-08-10,0.375166140293004,20.0,0.0,bull_normal,50.0,50.0,50.0,0.006169878786813459,0.005214720264396822,-0.0009551585224166371,0.005811535644778904,0.9473569431276537,0.2,0.2,0.2,0.2,0.2,0.17983066289488747,0.1233859101645994,0.27799921612864925,0.22197947594936662,0.1968047348624972,0.19243314745357332,0.17125698745313428,0.22926266463160247,0.20824595494934084,0.19880124451234904
2018-08-17,0.3751661253918428,20.0,0.0,bull_normal,50.0,50.0,50.0,0.00951438005394026,0.0119171722879586,0.0024027922340183402,0.010415826296082705,0.9417126761859371,0.2,0.2,0.2,0.2,0.2,0.1799728133298123,0.12222137554831251,0.2785886213475749,0.22121867716274213,0.19799851261155807,0.19248647778196007,0.1708200946553331,0.22948378834137256,0.20796052868912582,0.1992491095322085
2018-08-24,0.37516613843035884,20.0,0.0,bull_normal,50.0,50.0,50.0,0.004223898647739901,0.004770677406498907,0.0005467787587590056,0.00442903151881023,0.8247673611636152,0.2,0.2,0.2,0.2,0.2,0.18,0.12,0.28,0.22,0.2,0.19249667703889614,0.16998670875558458,0.2300132908444154,0.20750332256110382,0.1999999998
2018-08-31,0.37516612352919765,20.0,0.0,bull_normal,50.0,50.0,50.0,-0.0020161851698402193,-0.003531024554215937,-0.0015148393843757175,-0.002584501586861312,0.7828221548644086,0.2,0.2,0.2,0.2,0.2,0.17985536921807987,0.12320376179139281,0.2781064533662385,0.22183734544084963,0.1969970701834392,0.19244241676717766,0.17118865283846332,0.22930289510272284,0.20819263202901891,0.19887340226261724
2018-09-07,0.3751661365677137,20.0,0.0,bull_normal,50.0,50.0,50.0,-0.0035582919060347484,-0.004820697088232307,-0.001262405182197559,-0.0040319035769909636,0.7659874469992998,0.2,0.2,0.2,0.2,0.2,0.18,0.12,0.28,0.22,0.2,0.19249667707614904,0.1699867089045962,0.2300132906954038,0.20750332252385095,0.1999999998
2018-09-14,0.3751661216665525,20.0,0.0,bull_normal,50.0,50.0,50.0,0.0038322484853520592,0.004479705873180534,0.0006474573878284744,0.004075152558412871,0.7104132048826579,0.2,0.2,0.2,0.2,0.2,0.1803434573103009,0.12268807562413865,0.27846673651085985,0.22040149551320135,0.19810023504149932,0.192625530921107,0.17099518500233507,0.22943806098717245,0.20765394974023133,0.19928727234915397
2018-09-21,0.37516613470506854,20.0,0.0,bull_normal,50.0,50.0,50.0,-0.00027604164078084476,0.0005203329440896905,0.0007963745848705353,2.2731133979656393e-05,0.7025012571644735,0.2,0.2,0.2,0.2,0.2,0.18027225729259325,0.12525091340216837,0.2773064020489201,0.22135822264621316,0.19581220461010498,0.19259881882940727,0.17195667393640038,0.2290027438156466,0.20801288162633716,0.1984288807922085
2018-09-28,0.37516611980390735,20.0,0.0,bull_normal,50.0,50.0,50.0,0.001624465892849857,0.0002350749913271485,-0.0013893909015227086,0.001103213498331516,0.6853919372346355,0.2,0.2,0.2,0.2,0.2,0.18024947878079267,0.1218911808093988,0.2789359408883665,0.22024735757304892,0.19867604194839308,0.19259027339749496,0.17069621721110095,0.22961409042654496,0.2075961223693669,0.19950329559549218
2018-10-05,0.3751661328424234,20.0,0.0,bull_normal,50.0,50.0,50.0,0.002660610147790803,0.0027443632006442136,8.375305285341066e-05,0.0026920314540515326,0.686035935854423,0.2,0.2,0.2,0.2,0.2,0.17987597710122508,0.12311324118781009,0.2782107215393525,0.22168845083651134,0.19711160933510094,0.1924501479593841,0.1711546918584879,0.22934201371739246,0.2081367720195402,0.1989163734451953
2018-10-12,0.37516614588093944,20.0,0.0,bull_normal,50.0,50.0,50.0,0.007014132402895254,0.008513988964442037,0.001499856561546783,0.0075768278008881695,0.7106481983877928,0.2,0.2,0.2,0.2,0.2,0.18,0.12,0.28,0.22,0.2,0.19249667688988453,0.16998670815953812,0.23001329144046187,0.20750332271011546,0.1999999998
2018-10-19,0.37516613097977825,20.0,0.0,bull_normal,50.0,50.0,50.0,-0.004576969307741899,-0.0037717603105689797,0.0008052089971729193,-0.004274882159367546,0.7594164995206075,0.2,0.2,0.2,0.2,0.2,0.17997956196102416,0.12225769517149991,0.2787409722727793,0.2210189781326328,0.1980027924620639,0.19248900952790804,0.17083372011320735,0.22954094568762365,0.2078856084952828,0.19925071517597814
2018-10-26,0.3751661440182943,20.0,0.0,bull_normal,50.0,50.0,50.0,0.0012191227121309026,0.00021399460671093815,-0.0010051281054199645,0.0008420326757340482,0.7564696115605104,0.2,0.2,0.2,0.2,0.2,0.18,0.12,0.28,0.22,0.2,0.19249667692713743,0.16998670830854973,0.23001329129145023,0.20750332267286253,0.1999999998
2018-11-02,0.3751661291171331,20.0,0.0,bull_normal,50.0,50.0,50.0,0.0031340315777285367,0.0038945813300190224,0.0007605497522904857,0.0034193640808769885,0.7401334979276324,0.2,0.2,0.2,0.2,0.2,0.18,0.12,0.28,0.22,0.2,0.19249667722516067,0.16998670950064262,0.23001329009935736,0.20750332237483932,0.1999999998
2018-11-09,0.37516614215564914,20.0,0.0,bull_normal,50.0,50.0,50.0,-0.003889608502131694,-0.003978696047807082,-8.90875456753884e-05,-0.003923031129033814,0.7322923403318696,0.2,0.2,0.2,0.2,0.2,0.18070246902365664,0.12539581004940717,0.276985347300453,0.22070274319803143,0.1962136304284518,0.1927602195577159,0.1720110336955778,0.22888229552034145,0.20776696808987757,0.19857948213648724
2018-11-16,0.37516612725448795,20.0,0.0,bull_normal,50.0,50.0,50.0,-0.002568061592830448,-0.0019265505518447728,0.0006415110409856751,-0.0023273883776654685,0.7218292617929836,0.2,0.2,0.2,0.2,0.2,0.18002109289493412,0.12134342860495055,0.2792379583976346,0.22054424693764374,0.19885327316483703,0.19250459060211067,0.17049071855611245,0.22972739775386541,0.20770750535324817,0.1995697867346633
2018-11-23,0.375166140293004,20.0,0.0,bull_normal,50.0,50.0,50.0,0.00032057363873383546,0.0007954176372253532,0.00047484399849151773,0.0004987190283904761,0.7526772520574201,0.2,0.2,0.2,0.2,0.2,0.18,0.12,0.28,0.22,0.2,0.19249667700164325,0.16998670860657297,0.23001329099342702,0.20750332259835674,0.1999999998
2018-11-30,0.3751661253918428,20.0,0.0,bull_normal,50.0,50.0,50.0,-0.008680131076595966,-0.00788331324917535,0.0007968178274206164,-0.008381192011258235,0.7018502422438218,0.2,0.2,0.2,0.2,0.2,0.18,0.12,0.28,0.22,0.2,0.19249667729966646,0.16998670979866584,0.23001328980133412,0.20750332230033353,0.1999999998
2018-12-07,0.37516613843035884,20.0,0.0,bull_normal,50.0,50.0,50.0,-0.0024804599558315974,-0.0018852887637113636,0.0005951711921202338,-0.002257171875721684,0.7678963072999956,0.2,0.2,0.2,0.2,0.2,0.18003952979508198,0.12198059462388891,0.27871147206065777,0.22097383691924857,0.19829456660112285,0.19251150727945512,0.17072976079168187,0.22952987879363618,0.2078686731971939,0.1993601789380329
2018-12-14,0.37516612352919765,20.0,0.0,bull_normal,50.0,50.0,50.0,-0.0053107713132099985,-0.0031078454497873243,0.002202925863422674,-0.0044843081521231945,0.7309942965696778,0.2,0.2,0.2,0.2,0.2,0.18,0.12,0.28,0.22,0.2,0.19249667733691936,0.16998670994767748,0.2300132896523225,0.2075033222630806,0.1999999998
2018-12-21,0.3751661365677137,20.0,0.0,bull_normal,50.0,50.0,50.0,0.001472304576984038,0.0015516697556114956,7.936517862745752e-05,0.0015020797029256278,0.6940141844905311,0.2,0.2,0.2,0.2,0.2,0.18003346984515495,0.12167787803703047,0.2790583644952524,0.22065153728072975,0.19857875034183245,0.19250923382863477,0.17061619192475122,0.2296600209413859,0.20774775724804773,0.19946679505718032
2018-12-28,0.3751661216665525,20.0,0.0,bull_normal,50.0,50.0,50.0,-0.006511566517365769,-0.007491337645601561,-0.0009797711282357917,-0.006879143444787709,0.7016855227113082,0.2,0.2,0.2,0.2,0.2,0.18,0.12,0.28,0.22,0.2,0.19249667737417225,0.1699867100966891,0.2300132895033109,0.2075033222258277,0.1999999998
2019-01-04,0.37516613470506854,20.0,0.0,bull_normal,50.0,50.0,50.0,-0.0010886686641218375,-0.00202637316505642,-0.0009377045009345826,-0.0014404636357925468,0.8733566757341205,0.2,0.2,0.2,0.2,0.2,0.18,0.12,0.28,0.22,0.2,0.19249667711340196,0.1699867090536078,0.23001329054639216,0.20750332248659803,0.1999999998
2019-01-11,0.37516611980390735,20.0,0.0,bull_normal,50.0,50.0,50.0,0.0019164173666830968,0.003576634307206363,0.0016602169405232664,0.00253927451175265,0.9616378781033731,0.2,0.2,0.2,0.2,0.2,0.18,0.12,0.28,0.22,0.2,0.19249667741142518,0.1699867102457007,0.2300132893542993,0.2075033221885748,0.1999999998
2019-01-18,0.3751661328424234,20.0,0.0,bull_normal,50.0,50.0,50.0,-0.0002062211794597436,0.0002187836674935096,0.0004250048469532532,-4.6773754542231614e-05,0.86793066281389,0.2,0.2,0.2,0.2,0.2,0.17985354327872982,0.1233292923113468,0.2782001786916723,0.22170615884835054,0.19691082686990058,0.19244173154896208,0.17123574692292037,0.22933805839800311,0.2081434154658556,0.19884104666425884
2019-01-25,0.37516614588093944,20.0,0.0,bull_normal,50.0,50.0,50.0,0.00785041184536525,0.0065586141812389994,-0.0012917976641262504,0.007365773087091229,0.8099341146164959,0.2,0.2,0.2,0.2,0.2,0.18031351764858425,0.12272098807512759,0.2784803510642997,0.22044797371829114,0.19803716949369726,0.1926142980976519,0.17100753076765093,0.22944317060673322,0.20767138728329462,0.19926361224466924
2019-02-01,0.37516613097977825,20.0,0.0,bull_normal,50.0,50.0,50.0,0.0016271906342664748,0.0017739037265093974,0.00014671309224292264,0.0016822324157650984,0.8446159332748675,0.2,0.2,0.2,0.2,0.2,0.18001795823097366,0.12051788926509754,0.2796984158297552,0.22019610583862947,0.19956963083554416,0.19250341450793465,0.17018100386329935,0.22990014608216663,0.20757689468075985,0.19983853986583955
2019-02-08,0.3751661440182943,20.0,0.0,bull_normal,50.0,50.0,50.0,0.0007943694517751102,0.001500054204421068,0.0007056847526459578,0.0010591184782586796,0.834312706603885,0.2,0.2,0.2,0.2,0.2,0.179999968921442,0.12187105071026001,0.27885911336142094,0.22091811910515274,0.19835174790172425,0.19249666526751466,0.1706886631880787,0.22958526925092054,0.20784776987694778,0.19938163141653817
2019-02-15,0.3751661291171331,20.0,0.0,bull_normal,50.0,50.0,50.0,-0.0007687260790344992,-0.0007977566532066861,-2.9030574172186885e-05,-0.0007796173663931093,0.8121320651979422,0.2,0.2,0.2,0.2,0.2,0.17945309448671626,0.12472429787748439,0.27750130188566485,0.22314199086511527,0.19517931488501922,0.19229149680095436,0.17175910604636235,0.2290758632009074,0.20868209092424725,0.1981914420275286
2019-02-22,0.37516614215564914,20.0,0.0,bull_normal,50.0,50.0,50.0,0.001041367559951404,0.0009620151937428226,-7.935236620858134e-05,0.001011597237838411,0.780985740618631,0.2,0.2,0.2,0.2,0.2,0.17991713089751732,0.12291038910451782,0.2784514099286661,0.22135829022765316,0.1973627798416456,0.1924655872829391,0.17107858790898325,0.22943231258017674,0.20801290713973644,0.19901060408816448
2019-03-01,0.37516612725448795,20.0,0.0,bull_normal,50.0,50.0,50.0,0.011175856549470856,0.010936130042912958,-0.0002397265065578972,0.011085919273319363,0.7993610926574745,0.2,0.2,0.2,0.2,0.2,0.18,0.12,0.28,0.22,0.2,0.19249667726241357,0.16998670964965426,0.23001328995034573,0.20750332233758642,0.1999999998
2019-03-08,0.375166140293004,20.0,0.0,bull_normal,50.0,50.0,50.0,0.005525727315239611,0.004681802081392632,-0.0008439252338469788,0.005209115137352254,0.7249389222463367,0.2,0.2,0.2,0.2,0.2,0.17994050604818065,0.12270702079851219,0.2785456296354845,0.22123886176285001,0.19756798175497256,0.19247435688539072,0.1710022911502281,0.22946766047776085,0.20796810158381698,0.1990875889028033
2019-03-15,0.3751661253918428,20.0,0.0,bull_normal,50.0,50.0,50.0,0.006823352404088426,0.005875750139283434,-0.0009476022648049927,0.006467844127521158,0.6754085509383224,0.2,0.2,0.2,0.2,0.2,0.18,0.12,0.28,0.22,0.2,0.19249667729966646,0.16998670979866584,0.23001328980133412,0.20750332230033353,0.1999999998
2019-03-22,0.37516613843035884,20.0,0.0,bull_normal,50.0,50.0,50.0,0.0005906115448704547,-0.0004283112054112062,-0.0010189227502816608,0.00020834623108009672,0.6767824623117491,0.2,0.2,0.2,0.2,0.2,0.18012304846713809,0.12359601689595748,0.2780889800724637,0.221153685162737,0.19703826940170371,0.19254284065710595,0.17133581252682215,0.22929634087845507,0.20793614616813944,0.1988888587694773
2019-03-29,0.37516612352919765,20.0,0.0,bull_normal,50.0,50.0,50.0,-0.00147333784282463,-0.0025719259271848294,-0.0010985880843601993,-0.0018854908739039222,0.6985509255625777,0.2,0.2,0.2,0.2,0.2,0.18000190356960022,0.12191574250708002,0.27893573781295977,0.22081538215233965,0.19833123395802024,0.19249739149174644,0.17070543163702007,0.2296140145335912,0.20780922602406288,0.19937393531357933
2019-04-05,0.3751661365677137,20.0,0.0,bull_normal,50.0,50.0,50.0,0.008340854784990491,0.007745312453226519,-0.0005955423317639723,0.008117427461102647,0.6834800305845654,0.2,0.2,0.2,0.2,0.2,0.18,0.12,0.28,0.22,0.2,0.19249667707614904,0.1699867089045962,0.2300132906954038,0.20750332252385095,0.1999999998
2019-04-12,0.3751661216665525,20.0,0.0,bull_normal,50.0,50.0,50.0,0.0024760839774731875,0.002440831390984882,-3.525258648830534e-05,0.0024628583988587963,0.645428819238129,0.2,0.2,0.2,0.2,0.2,0.17999863297554156,0.1218944028785493,0.2788442576487921,0.22093338276370472,0.19832932373341233,0.19249616451290846,0.17069742587679768,0.22957969412819604,0.20785349581696705,0.19937321866513072
2019-04-19,0.37516613470506854,20.0,0.0,bull_normal,50.0,50.0,50.0,-0.001865629058645573,-0.0010893245487674334,0.0007763045098781395,-0.0015743858947460927,0.6359310237402453,0.2,0.2,0.2,0.2,0.2,0.18,0.12,0.28,0.22,0.2,0.19249667711340196,0.1699867090536078,0.23001329054639216,0.20750332248659803,0.1999999998
2019-04-26,0.37516611980390735,20.0,0.0,bull_normal,50.0,50.0,50.0,-0.0016846620910144386,-0.0028546810253893946,-0.001170018934374956,-0.00212361355259738,0.6341374793664638,0.2,0.2,0.2,0.2,0.2,0.18,0.12,0.28,0.22,0.2,0.19249667741142518,0.1699867102457007,0.2300132893542993,0.2075033221885748,0.1999999998
2019-05-03,0.3751661328424234,20.0,0.0,bull_normal,50.0,50.0,50.0,-0.0031990822505913556,-0.003217434993299662,-1.835274270830644e-05,-0.003205967574894315,0.5865686441571472,0.2,0.2,0.2,0.2,0.2,0.18,0.12,0.28,0.22,0.2,0.19249667715065485,0.1699867092026194,0.23001329039738058,0.2075033224493451,0.1999999998
2019-05-10,0.37516614588093944,20.0,0.0,bull_normal,50.0,50.0,50.0,0.005374059563712839,0.006093757005005603,0.0007196974412927637,0.005644065673318953,0.5814700433787344,0.2,0.2,0.2,0.2,0.2,0.18001961474511008,0.12142001726012494,0.27919664730666793,0.2205790116306663,0.19878470905743076,0.19250403567820257,0.1705194505615709,0.2297119007070228,0.20772054827179554,0.1995440637814082
2019-05-17,0.37516613097977825,20.0,0.0,bull_normal,50.0,50.0,50.0,0.0006743233207810141,0.001203900845498394,0.00052957752471738,0.0008730028709100784,0.6171867433906449,0.2,0.2,0.2,0.2,0.2,0.18,0.12,0.28,0.22,0.2,0.19249667718790775,0.16998670935163104,0.23001329024836897,0.20750332241209224,0.1999999998
2019-05-24,0.3751661440182943,20.0,0.0,bull_normal,50.0,50.0,50.0,-0.004080139639632216,-0.0051890392619468656,-0.0011088996223146495,-0.004496161230543184,0.5644376232947637,0.2,0.2,0.2,0.2,0.2,0.1782606656102316,0.12656793785105894,0.2773415985473933,0.22569080442568862,0.19213899356562744,0.19184413755162213,0.17245077622381924,0.2290159490702205,0.2096383198234754,0.19705081633086263
2019-05-31,0.3751661291171331,20.0,0.0,bull_normal,50.0,50.0,50.0,0.00015564413030656873,0.002046621113162368,0.0018909769828557993,0.0008650746443490999,0.5447863532660666,0.2,0.2,0.2,0.2,0.2,0.180012220962677,0.12031271706947219,0.27980874612576356,0.2201258115238514,0.1997405043182358,0.1925012621164177,0.17010403035298804,0.22994153812375315,0.2075505225971938,0.19990264580964728
2019-06-07,0.37516614215564914,20.0,0.0,bull_normal,50.0,50.0,50.0,-0.007014255001434464,-0.005547662399632758,0.0014665926018017058,-0.00646403910643846,0.579613459195269,0.2,0.2,0.2,0.2,0.2,0.1792840673663518,0.12525238252434226,0.27757612450914126,0.22333321046142246,0.19455421513874227,0.19222808328044974,0.17195722454437404,0.22910393512637683,0.20875383034416378,0.19795692570463533
2019-06-14,0.37516612725448795,20.0,0.0,bull_normal,50.0,50.0,50.0,-0.0030431272715129333,-0.0029097358264571233,0.00013339144505580998,-0.002993083316669382,0.6441926324260652,0.2,0.2,0.2,0.2,0.2,0.1776942639242074,0.1268675256461061,0.27766491938349025,0.22656340622497648,0.1912098848212197,0.19163164318925252,0.17256317264754828,0.2291372467994988,0.20996569003014648,0.19670224633355385
2019-06-21,0.375166140293004,20.0,0.0,bull_normal,50.0,50.0,50.0,-0.00216059677331593,-0.0032168126649211553,-0.0010562158916052255,-0.0025568532101287425,0.632644777912867,0.2,0.2,0.2,0.2,0.2,0.18,0.12,0.28,0.22,0.2,0.19249667700164325,0.16998670860657297,0.23001329099342702,0.20750332259835674,0.1999999998
2019-06-28,0.3751661253918428,20.0,0.0,bull_normal,50.0,50.0,50.0,0.011012859345647354,0.009946261425549007,-0.0010665979200983472,0.010612707926000352,0.6041380902713849,0.2,0.2,0.2,0.2,0.2,0.18,0.12,0.28,0.22,0.2,0.19249667729966646,0.16998670979866584,0.23001328980133412,0.20750332230033353,0.1999999998
2019-07-05,0.37516613843035884,20.0,0.0,bull_normal,50.0,50.0,50.0,0.005744544886809521,0.007397427743298323,0.0016528828564888022,0.006364650558991515,0.6018658703166647,0.2,0.2,0.2,0.2,0.2,0.18005145241611165,0.12041352778033085,0.27974912188186846,0.22008232977654407,0.19970356814514492,0.19251598024314234,0.17014185037590981,0.22991916986971345,0.2075342099054168,0.19988878860581746
2019-07-12,0.37516612352919765,20.0,0.0,bull_normal,50.0,50.0,50.0,-0.006271363303901865,-0.0064448253825575095,-0.0001734620786556446,-0.006336440393193979,0.5291221513346941,0.2,0.2,0.2,0.2,0.2,0.18,0.12,0.28,0.22,0.2,0.19249667733691936,0.16998670994767748,0.2300132896523225,0.2075033222630806,0.1999999998
2019-07-19,0.3751661365677137,20.0,0.0,bull_normal,50.0,50.0,50.0,0.005461403039648917,0.0072894406294017515,0.0018280375897528345,0.006147220833549821,0.5447595013433992,0.2,0.2,0.2,0.2,0.2,0.18,0.12,0.28,0.22,0.2,0.19249667707614904,0.1699867089045962,0.2300132906954038,0.20750332252385095,0.1999999998
2019-07-26,0.3751661216665525,20.0,0.0,bull_normal,50.0,50.0,50.0,-0.0034538419131592167,-0.004729732942536406,-0.0012758910293771894,-0.003932512998387289,0.6027497056632989,0.2,0.2,0.2,0.2,0.2,0.18007056989072265,0.12250547964995524,0.2786280039979454,0.22088579197704797,0.19791015448432883,0.19252315280635462,0.1709266811789373,0.22949856308479277,0.20783564136612784,0.19921596056378743
2019-08-02,0.37516613470506854,20.0,0.0,bull_normal,50.0,50.0,50.0,0.0013293908334037561,-0.0003940007424269101,-0.0017233915758306663,0.0006828326766332562,0.6457808573840071,0.2,0.2,0.2,0.2,0.2,0.18,0.12,0.28,0.22,0.2,0.19249667711340196,0.1699867090536078,0.23001329054639216,0.20750332248659803,0.1999999998
2019-08-09,0.37516611980390735,20.0,0.0,bull_normal,50.0,50.0,50.0,-0.003970929804105472,-0.005283001675139168,-0.0013120718710336963,-0.004463174712401861,0.5987988804711396,0.2,0.2,0.2,0.2,0.2,0.17784705136867693,0.12782671066147924,0.2770830898702245,0.22667686095951523,0.19056628714010415,0.19168896402808222,0.17292302691245937,0.228918963500189,0.21000825420472136,0.1964607903545478
2019-08-16,0.3751661328424234,20.0,0.0,bull_normal,50.0,50.0,50.0,-0.00900925431582587,-0.005919478500037014,0.003089775815788856,-0.007850075063816247,0.7387041479793324,0.2,0.2,0.2,0.2,0.2,0.18000533318264056,0.12005465203897499,0.27996638020774256,0.2200148123751497,0.19995882219549221,0.19249867798015988,0.17000721279671313,0.23000067738994504,0.20750887955084274,0.19998455128233933
2019-08-23,0.37516614588093944,20.0,0.0,bull_normal,50.0,50.0,50.0,-0.004243368143979773,-0.0034384777960960577,0.0008048903478837157,-0.00394140053036607,0.7046683494654805,0.2,0.2,0.2,0.2,0.2,0.18,0.12,0.28,0.22,0.2,0.19249667688988453,0.16998670815953812,0.23001329144046187,0.20750332271011546,0.1999999998
2019-08-30,0.37516613097977825,20.0,0.0,bull_normal,50.0,50.0,50.0,0.0028382152510571554,0.0006595689072753752,-0.00217864634378178,0.0020208609294664437,0.7633191084857356,0.2,0.2,0.2,0.2,0.2,0.17991291156174224,0.12294418931167211,0.2784360164385622,0.2213786055944529,0.1973282770935706,0.1924640045555062,0.1710912694634585,0.22942653658729512,0.20802052853859299,0.19899765985514717
2019-09-06,0.3751661440182943,20.0,0.0,bull_normal,50.0,50.0,50.0,-0.003892267868307586,-0.002424238625181828,0.0014680292431257578,-0.0033415129945164874,0.7094031515523781,0.2,0.2,0.2,0.2,0.2,0.18001964528254127,0.12268066206414087,0.2784981053194041,0.22111632700864806,0.19768526032526573,0.1925040471720292,0.1709924019575639,0.22944983125597296,0.2079221307717417,0.1991315878426922
2019-09-13,0.3751661291171331,20.0,0.0,bull_normal,50.0,50.0,50.0,-0.006920522588668675,-0.006657992448701043,0.00026253013996763164,-0.006822030165458409,0.6372605325186549,0.2,0.2,0.2,0.2,0.2,0.18,0.12,0.28,0.22,0.2,0.19249667722516067,0.16998670950064262,0.23001329009935736,0.20750332237483932,0.1999999998
2019-09-20,0.37516614215564914,20.0,0.0,bull_normal,50.0,50.0,50.0,-0.000184253947646193,-0.001023882395126321,-0.0008396284474801281,-0.0004992541126321958,0.6543250041600981,0.2,0.2,0.2,0.2,0.2,0.1792751026729832,0.12544438768695007,0.27758012739428445,0.2233080776400214,0.19439230460576082,0.19222472003102645,0.17202925838043157,0.22910543687335205,0.20874440136052677,0.1978961823546631
2019-09-27,0.37516612725448795,20.0,0.0,bull_normal,50.0,50.0,50.0,-0.0019111198138819958,-0.0007868934170646768,0.001124226396817319,-0.0014893481489414257,0.6930049365136689,0.2,0.2,0.2,0.2,0.2,0.17531275126367543,0.1274911842161211,0.27957357745864364,0.2297335677757743,0.1878889192857856,0.19073818030828665,0.1727971482177559,0.22985331065709103,0.21115502726074104,0.19545633255612535
2019-10-04,0.375166140293004,20.0,0.0,bull_normal,50.0,50.0,50.0,0.004293978843137391,0.003859287958952746,-0.00043469088418464493,0.004130897537766387,0.6980941292991211,0.2,0.2,0.2,0.2,0.2,0.18,0.12,0.28,0.22,0.2,0.19249667700164325,0.16998670860657297,0.23001329099342702,0.20750332259835674,0.1999999998
2019-10-11,0.3751661253918428,20.0,0.0,bull_normal,50.0,50.0,50.0,-0.0029892504649963627,-0.0032209036323661146,-0.0002316531673697518,-0.0030761588831570616,0.6592024313433245,0.2,0.2,0.2,0.2,0.2,0.18,0.12,0.28,0.22,0.2,0.19249667729966646,0.16998670979866584,0.23001328980133412,0.20750332230033353,0.1999999998
2019-10-18,0.37516613843035884,20.0,0.0,bull_normal,50.0,50.0,50.0,-0.002555855549094129,-0.002294353833528242,0.0002615017155658873,-0.002457748957814613,0.57317196004297,0.2,0.2,0.2,0.2,0.2,0.18,0.12,0.28,0.22,0.2,0.19249667703889614,0.16998670875558458,0.2300132908444154,0.20750332256110382,0.1999999998
2019-10-25,0.37516612352919765,20.0,0.0,bull_normal,50.0,50.0,50.0,0.0010861937020076983,0.0012172420401923467,0.0001310483381846484,0.0011353585979040173,0.5373255127954444,0.2,0.2,0.2,0.2,0.2,0.18,0.12,0.28,0.22,0.2,0.19249667733691936,0.16998670994767748,0.2300132896523225,0.2075033222630806,0.1999999998
2019-11-01,0.3751661365677137,20.0,0.0,bull_normal,50.0,50.0,50.0,-0.003921051656143889,-0.002558625398791196,0.0013624262573526933,-0.0034099154574045534,0.5086545107385104,0.2,0.2,0.2,0.2,0.2,0.1800073907546642,0.12017652452933641,0.279896193748263,0.2200650733636884,0.1998548176040479,0.19249944983701997,0.17005293493021054,0.22997434610502698,0.20752773584627499,0.19994553228146744
2019-11-08,0.3751661216665525,20.0,0.0,bull_normal,50.0,50.0,50.0,-0.00521199674093589,-0.006877441287584648,-0.0016654445466487578,-0.005836815106515999,0.5961565749605743,0.2,0.2,0.2,0.2,0.2,0.18,0.12,0.28,0.22,0.2,0.19249667737417225,0.1699867100966891,0.2300132895033109,0.2075033222258277,0.1999999998
2019-11-15,0.37516613470506854,20.0,0.0,bull_normal,50.0,50.0,50.0,0.002145361868370287,0.0014292331800108298,-0.000716128688359457,0.001876694634530364,0.6071916859287428,0.2,0.2,0.2,0.2,0.2,0.18,0.12,0.28,0.22,0.2,0.19249667711340196,0.1699867090536078,0.23001329054639216,0.20750332248659803,0.1999999998
2019-11-22,0.37516611980390735,20.0,0.0,bull_normal,50.0,50.0,50.0,0.00203655517671548,0.0022755852560033393,0.00023903007928785915,0.002126231161952096,0.6087715923081122,0.2,0.2,0.2,0.2,0.2,0.18,0.12,0.28,0.22,0.2,0.19249667741142518,0.1699867102457007,0.2300132893542993,0.2075033221885748,0.1999999998
2019-11-29,0.3751661328424234,20.0,0.0,bull_normal,50.0,50.0,50.0,-0.007052124955210669,-0.006379702610475231,0.0006724223447354379,-0.006799854857699585,0.5230097739968991,0.2,0.2,0.2,0.2,0.2,0.18,0.12,0.28,0.22,0.2,0.19249667715065485,0.1699867092026194,0.23001329039738058,0.2075033224493451,0.1999999998
2019-12-06,0.37516614588093944,20.0,0.0,bull_normal,50.0,50.0,50.0,0.0061973912590126985,0.005783100182570658,-0.00041429107644204086,0.006041963266549108,0.5440529626904766,0.2,0.2,0.2,0.2,0.2,0.18,0.12,0.28,0.22,0.2,0.19249667688988453,0.16998670815953812,0.23001329144046187,0.20750332271011546,0.1999999998
2019-12-13,0.37516613097977825,20.0,0.0,bull_normal,50.0,50.0,50.0,-0.0006625293936526509,-0.0005550161668215755,0.00010751322683107535,-0.0006221940716910914,0.538629274622694,0.2,0.2,0.2,0.2,0.2,0.18001433562325253,0.12038130956476292,0.27977430419907034,0.22014603001119648,0.19968402060171775,0.1925020554282132,0.17012976378560565,0.22992861682804047,0.20755810792634494,0.19988145503179566
2019-12-20,0.3751661440182943,20.0,0.0,bull_normal,50.0,50.0,50.0,-0.0022857223117557345,-0.001684131294267336,0.0006015910174883986,-0.002060025727388544,0.5086789740132668,0.2,0.2,0.2,0.2,0.2,0.18002257803596922,0.12078268651409499,0.27954784539422,0.22030273544674772,0.19934415460896812,0.19250514744182304,0.17028034578972423,0.22984365819166927,0.20761689876296296,0.19975394881382044
2019-12-27,0.3751661291171331,20.0,0.0,bull_normal,50.0,50.0,50.0,-0.0011616073992697037,-0.0013262698063920388,-0.00016466240712233507,-0.001223383155937516,0.5073320066615545,0.2,0.2,0.2,0.2,0.2,0.18,0.12,0.28,0.22,0.2,0.19249667722516067,0.16998670950064262,0.23001329009935736,0.20750332237483932,0.1999999998
2020-01-03,0.3481227958400268,20.0,0.0,bull_normal,53.0,56.8,47.25,0.004267569287067221,0.004290395587326449,2.2826300259228167e-05,0.004275515638256632,0.6402337542838082,0.2,0.2,0.2,0.2,0.2,0.1823286076717358,0.13171807731636742,0.2731494363605496,0.2200186244803513,0.19278525417099582,0.1938481853024505,0.17622950599381176,0.22546498607449164,0.20696893931600255,0.19748838231324353
2020-01-10,0.3708180056710262,20.0,0.0,bull_normal,54.7,60.0,37.75,-0.000364832927448535,-0.0010969949373389443,-0.0007321620098904093,-0.0006363317831478551,0.6671224970652662,0.2,0.2,0.2,0.2,0.2,0.18617740546959125,0.15443217576279136,0.2611399189926489,0.22012502083452207,0.17812547894044645,0.19487433286816025,0.1831026301104878,0.22267178260507034,0.20746271988248258,0.19188853353379892
2020-01-17,0.37246428467915393,20.0,0.0,bull_normal,55.35,61.779999999999994,36.949999999999996,-0.0014626428907094432,-0.0013836921665867916,7.895072412265154e-05,-0.0014332365642909617,0.7020352634104042,0.2,0.2,0.2,0.2,0.2,0.18842071896536536,0.15577871336203516,0.2591388855566353,0.2169583379437566,0.17970334417220757,0.19568713117664874,0.18352914992126942,0.22202712248354736,0.20631637500525227,0.19244022041328207
2020-01-24,0.3721244311600458,20.0,0.0,bull_normal,55.82000000000001,61.81,36.849999999999994,-0.00731348607054136,-0.007672640204062874,-0.0003591541335215137,-0.007447136090729695,0.8157700326117282,0.2,0.2,0.2,0.2,0.2,0.18909997520575467,0.16459874192912435,0.2561407887703478,0.21695996696105135,0.17320052713372183,0.19594383427786724,0.1868263267911991,0.22089135886515057,0.20631121785156317,0.1900272612142199
2020-01-31,0.37144939313293435,20.0,0.0,bull_normal,54.419999999999995,59.65,39.635,0.00423242750166938,0.004949298244215544,0.000716870742546164,0.004498708699444202,0.8853198668342366,0.2,0.2,0.2,0.2,0.2,0.18538875138844102,0.14511920789874524,0.26421136844065657,0.2203976531219687,0.18488301915018845,0.19457266037574933,0.17961456289971964,0.22385127361566584,0.2075766956659147,0.1943848064429505
2020-02-07,0.3337133535242174,20.0,0.0,bull_normal,58.17999999999999,65.84,38.55,-0.0010742475919377275,0.00028330040459842426,0.0013575479965361517,-0.0006212156968223492,0.9480819313970176,0.2,0.2,0.2,0.2,0.2,0.1916630746518907,0.1641313364589812,0.2539002071112204,0.21371995811855662,0.17658542365935115,0.1972178564867835,0.18803014781526461,0.217987218652748,0.20457853302937679,0.19218624301582699
2020-02-14,0.39892924661398865,20.0,0.0,bull_normal,55.8,56.0,35.2,0.0008600525932698464,0.0012430860944443417,0.0003830335011744953,0.00101285585830845,0.9528164002131742,0.2,0.2,0.2,0.2,0.2,0.1863363530434759,0.14929940613725382,0.2620973553848602,0.21975208908555427,0.18251479634885584,0.19454917141908515,0.1797740501076788,0.22477245097563092,0.20787968581007282,0.19302464068753225
2020-02-21,0.39893916426808573,20.0,0.0,bull_normal,56.95,59.55,35.449999999999996,0.006831706034736501,0.006523539884096289,-0.0003081661506402116,0.006708766481435616,0.894224265768703,0.2,0.2,0.2,0.2,0.2,0.18837036928855794,0.15770574483408864,0.25704887494069834,0.21907906811109953,0.17779594282555544,0.19536048464787034,0.18312716500764298,0.22275903026851768,0.20761138727964454,0.19114193179632438
2020-02-28,0.40965712154866196,20.0,0.0,bull_normal,55.25,57.010000000000005,36.775,-0.0003171402021748693,-0.0006883592079556169,-0.00037121900578074757,-0.00046921271107795346,0.8114338028737001,0.2,0.2,0.2,0.2,0.2,0.18795023950518047,0.15225812622166196,0.261198771536171,0.2164204088525419,0.1821724538844448,0.19506372960527768,0.18044220123018426,0.22507051236475142,0.2067267372184577,0.19269681858132875
2020-03-06,0.40308586732135154,20.0,0.0,bull_normal,55.790000000000006,58.239999999999995,37.224999999999994,-0.005201910075225626,-0.005547541045259286,-0.0003456309700336606,-0.005341229029213534,0.711230330380258,0.2,0.2,0.2,0.2,0.2,0.18663505442299186,0.14982492339322181,0.26221020143594226,0.21881720669482382,0.18251261405302027,0.1946127791257762,0.1797751355482664,0.2250760527769667,0.2075849498735632,0.19295108167542735
2020-03-13,0.3503695413528476,20.0,0.0,bull_normal,54.9,59.8,45.2,0.003726755135715728,0.0023842231413804724,-0.0013425319943352557,0.003256372813352587,0.776696144818153,0.2,0.2,0.2,0.2,0.2,0.18440805437885952,0.1399316246232941,0.26830693094238756,0.21904354650585814,0.18830984354960062,0.1945370569693854,0.17895387069049898,0.22393266784157229,0.20667227844831684,0.1959041250502264
2020-03-20,0.3254705987928901,20.0,0.0,bull_normal,56.2,53.1,51.25,4.073734927410786e-05,0.0016811569147595694,0.0016404195654854616,0.0005746456869495881,0.7703833459402151,0.2,0.2,0.2,0.2,0.2,0.1816739975909092,0.12895799162374375,0.2744910032612036,0.2205746297524856,0.19430237777165782,0.19403542482839783,0.17687791481745244,0.22424463121186244,0.20669643685878705,0.19814559128350018
2020-03-27,0.30748744719312526,20.0,0.0,bull_normal,57.290000000000006,54.65,50.75,0.002562378809926649,0.0030809800807133397,0.0005186012707866909,0.002721842188070117,0.6904972633546406,0.2,0.2,0.2,0.2,0.2,0.1767096949676894,0.13896067657878092,0.27431887710458275,0.23011567727095827,0.17989507407798855,0.1928385233684271,0.18123117408158265,0.22285212157629566,0.20926019251527883,0.19381798745841583
2020-04-03,0.2668117400316987,20.0,0.0,bull_normal,60.11,57.85,52.41,-0.00027743830923299,0.0014658032006286113,0.0017432415098616013,0.0001876789911209898,0.8048206722784104,0.2,0.2,0.2,0.2,0.2,0.18400774647938595,0.13991947706714578,0.26823947734021797,0.22005080194220938,0.18778249717104092,0.19573307881540383,0.18396981095030096,0.21820709346979011,0.20534978914988208,0.196740226614623
2020-04-10,0.3546734046249185,20.0,0.0,bull_normal,57.5,58.0,36.0,-0.0054191832848334625,-0.0055570801612965385,-0.00013789687646307593,-0.005468091634027672,0.8274580567980999,0.2,0.2,0.2,0.2,0.2,0.18839957617288178,0.1600488502605028,0.25767199554300113,0.21778707947209466,0.17609249855151965,0.19588563799025832,0.1858303895173822,0.2204547227902946,0.2063086038283932,0.19152064487367165
2020-04-17,0.3615682934469078,20.0,0.0,bull_normal,59.0,59.0,38.5,-0.0027257301688107974,-0.0022728492105945747,0.00045288095821622264,-0.0025619827710519744,0.7823745897066163,0.2,0.2,0.2,0.2,0.2,0.18819520917220886,0.15422210004138417,0.25966462463142675,0.21720647003734103,0.1807115961176392,0.1957317617301661,0.18344816265093183,0.22157283628556249,0.20622131380142544,0.1930259245319142
2020-04-24,0.38859900171519257,20.0,0.0,bull_normal,58.5,55.5,37.75,-0.0068384475895203085,-0.0074556719071368184,-0.0006172243176165099,-0.0070783003361021245,0.7364215194360613,0.2,0.2,0.2,0.2,0.2,0.18625957234246354,0.15216337504032673,0.2615964041202279,0.21989410994979816,0.1800865385471837,0.194660483334481,0.18141073511383615,0.22393630092642983,0.207730831058773,0.19226164856647998
2020-05-01,0.36264057728112675,20.0,0.0,bull_normal,59.8,58.1,41.0,0.005915523151546343,0.00613391950757136,0.0002183963560250168,0.005994722526176626,0.6888010248461622,0.2,0.2,0.2,0.2,0.2,0.18580767588737612,0.1581333451132603,0.2599363982061146,0.22157815818381743,0.17454442260943162,0.1948532871959839,0.18481745191822554,0.2217353698238815,0.20782511553261787,0.19076877452929109
2020-05-08,0.0,20.0,22.480093002319336,event_stress,57.0,57.2,33.0,0.0003314439477795142,-0.0011019496940334627,-0.001433393641812977,0.0003314439474480706,0.6581513336785773,0.2,0.2,0.2,0.2,0.2,0.1884654635666162,0.15904566520785726,0.2570672972615033,0.2185497561460804,0.1768718178179427,0.1999999998,0.1999999998,0.1999999998,0.1999999998,0.1999999998
2020-05-15,0.0,20.0,18.325870513916016,bull_normal,57.45,57.4,34.72,-0.0028234730604965283,-0.00241672606532137,0.00040674699517515836,-0.0028234730576730555,0.5996334085244408,0.2,0.2,0.2,0.2,0.2,0.1883499600387692,0.15575503963477697,0.2588553873907586,0.21745522708785672,0.17958438584783837,0.1999999998,0.1999999998,0.1999999998,0.1999999998,0.1999999998
2020-05-22,0.0,20.0,12.185969352722168,bull_normal,57.61,57.410000000000004,36.125,-0.0033464683827753223,-0.003655276264055844,-0.00030880788128052157,-0.003346468379428854,0.6336944638442464,0.2,0.2,0.2,0.2,0.2,0.18772794595357617,0.1535295562328367,0.26013258416786844,0.21789540131261315,0.18071451233310556,0.1999999998,0.1999999998,0.1999999998,0.1999999998,0.1999999998
2020-05-29,0.0,20.0,14.688297271728516,bull_normal,61.0,61.0,47.25,-0.0020281855317475514,-0.0035897524251969457,-0.0015615668934493942,-0.0020281855297193657,0.6029321971070829,0.2,0.2,0.2,0.2,0.2,0.1860361971470867,0.1452978650924572,0.26467096606477736,0.21832884646879566,0.185666125226883,0.1999999998,0.1999999998,0.1999999998,0.1999999998,0.1999999998
2020-06-05,0.0,20.0,16.467313766479492,bull_normal,61.470000000000006,61.67,49.48,0.00016669058836199011,-0.0019260058765618675,-0.0020926964649238575,0.00016669058819529942,0.618799774422828,0.2,0.2,0.2,0.2,0.2,0.18627309208078455,0.14914923884376127,0.26340402007911684,0.2184189330736934,0.18275471592264395,0.1999999998,0.1999999998,0.1999999998,0.1999999998,0.1999999998
2020-06-12,0.0,20.0,9.892292022705078,bull_normal,61.0,59.5,44.25,0.0004384023119326199,0.0008712023016852124,0.0004327999897525925,0.0004384023114942175,0.5536690935972315,0.2,0.2,0.2,0.2,0.2,0.18695816989409117,0.14875196299190058,0.2627765720409121,0.21764450210296915,0.183868792970127,0.1999999998,0.1999999998,0.1999999998,0.1999999998,0.1999999998
2020-06-19,0.0,20.0,16.091083526611328,bull_normal,64.12,62.379999999999995,43.449999999999996,-0.0026101457095259258,-0.0037949843665819583,-0.0011848386570560325,-0.0026101457069157797,0.5555358632693922,0.2,0.2,0.2,0.2,0.2,0.19050973039847652,0.15955515265738646,0.25628917433059484,0.21460870492182943,0.17903723769171276,0.1999999998,0.1999999998,0.1999999998,0.1999999998,0.1999999998
2020-06-26,0.0,20.0,15.091196060180664,bull_normal,63.23,61.980000000000004,44.94,0.0042504439861097126,0.003643182066681743,-0.0006072619194279695,0.004250443981859268,0.5252682731971914,0.2,0.2,0.2,0.2,0.2,0.1890263901373829,0.15480843007033598,0.25913403077112646,0.21577046171159417,0.18126068730956044,0.1999999998,0.1999999998,0.1999999998,0.1999999998,0.1999999998
2020-07-03,0.0,20.0,26.05910873413086,event_stress,59.5,61.5,36.25,0.01075329834166771,0.009727485112188818,-0.0010258132294788912,0.01075329833091441,0.5458994496763746,0.2,0.2,0.2,0.2,0.2,0.19040031574612434,0.16958780849362068,0.2530554940195812,0.2164479298820681,0.17050845185860578,0.1999999998,0.1999999998,0.1999999998,0.1999999998,0.1999999998
2020-07-10,0.0,20.0,40.52382278442383,event_stress,59.7,63.6,36.7,0.0040173934704818975,0.0028301304268187806,-0.001187263043663117,0.004017393466464503,0.5993715929807726,0.2,0.2,0.2,0.2,0.2,0.19131883123272722,0.17494266413824644,0.25101393703842106,0.21553348440817083,0.16719108318243453,0.1999999998,0.1999999998,0.1999999998,0.1999999998,0.1999999998
2020-07-17,0.0,20.0,21.38831329345703,event_stress,58.95,62.45,37.699999999999996,-0.004871491997339028,-0.003927864046676846,0.0009436279506621816,-0.004871491992467534,0.6365735359092152,0.2,0.2,0.2,0.2,0.2,0.18930820327911724,0.16919779217358535,0.2543118459263461,0.21760601913969277,0.16957613948125866,0.1999999998,0.1999999998,0.1999999998,0.1999999998,0.1999999998
2020-07-24,0.0,20.0,23.901744842529297,event_stress,59.8,53.3,39.25,0.005658073571756514,0.006490656068087018,0.0008325824963305037,0.005658073566098441,0.63736777592715,0.2,0.2,0.2,0.2,0.2,0.1819616305473307,0.15145142456878502,0.26363213051803314,0.22764019573292046,0.1753146186329307,0.1999999998,0.1999999998,0.1999999998,0.1999999998,0.1999999998
2020-07-31,0.0,20.0,15.238004684448242,bull_normal,58.0,63.3,34.25,0.000522190226528042,0.000137729927771194,-0.000384460298756848,0.0005221902260058522,0.6127166834483919,0.2,0.2,0.2,0.2,0.2,0.19312454215130606,0.16916256157445544,0.2512458820388566,0.2123272549905882,0.17413975924479363,0.1999999998,0.1999999998,0.1999999998,0.1999999998,0.1999999998
2020-08-07,0.0,20.0,14.925023078918457,bull_normal,59.0,57.0,44.25,-0.0014853741647511682,-0.001139890769430864,0.0003454833953203042,-0.001485374163265794,0.6361238472500147,0.2,0.2,0.2,0.2,0.2,0.18456091958042437,0.141120948220028,0.26667868256789207,0.220318114486306,0.18732133514534946,0.1999999998,0.1999999998,0.1999999998,0.1999999998,0.1999999998
2020-08-14,0.0,20.0,13.823225021362305,bull_normal,58.5,58.8,39.25,-0.005818645591243921,-0.006470653873961791,-0.0006520082827178699,-0.005818645585425274,0.6151152119172029,0.2,0.2,0.2,0.2,0.2,0.18707467896891466,0.14987206773624162,0.26073704258710956,0.21949396047757067,0.18282225023016344,0.1999999998,0.1999999998,0.1999999998,0.1999999998,0.1999999998
2020-08-21,0.0,20.0,12.165945053100586,bull_normal,57.3,58.2,41.724999999999994,-0.002283213732234899,-0.002266748004914519,1.6465727320379934e-05,-0.002283213729951685,0.4959725566345754,0.2,0.2,0.2,0.2,0.2,0.18535903628313252,0.14391020734652957,0.2646145644798767,0.22025967761047704,0.18585651427998418,0.1999999998,0.1999999998,0.1999999998,0.1999999998,0.1999999998
2020-08-28,0.0,20.0,14.585526466369629,bull_normal,58.0,59.2,34.5,0.001056797219276877,7.9304074796319e-05,-0.000977493144480558,0.0010567972182200798,0.46284561694078025,0.2,0.2,0.2,0.2,0.2,0.18961597893837204,0.15916183444010185,0.25620997301457427,0.2168536293426653,0.17815858426428652,0.1999999998,0.1999999998,0.1999999998,0.1999999998,0.1999999998
2020-09-04,0.0,20.0,15.925451278686523,bull_normal,53.5,53.5,40.75,-0.0021964158173613103,-0.0016840186232741623,0.000512397194087148,-0.002196415815164894,0.4870040141365501,0.2,0.2,0.2,0.2,0.2,0.18258178320102125,0.13560763728283654,0.27076644859767596,0.221354115907232,0.1896900150112342,0.1999999998,0.1999999998,0.1999999998,0.1999999998,0.1999999998
2020-09-11,0.0,20.0,10.068678855895996,bull_normal,51.7,55.0,37.75,-0.0012730171180150508,-0.00034223324045137783,0.000930783877563673,-0.0012730171167420333,0.5455902368741737,0.2,0.2,0.2,0.2,0.2,0.18331200710734416,0.1390450972029744,0.26871369137599743,0.22130042159153906,0.18762878272214498,0.1999999998,0.1999999998,0.1999999998,0.1999999998,0.1999999998
2020-09-18,0.0,20.0,14.900884628295898,bull_normal,51.15,55.5,39.4,0.002616911545528097,0.002497652581186962,-0.00011925896434113485,0.002616911542911185,0.5776376992452987,0.2,0.2,0.2,0.2,0.2,0.1817973686942792,0.14142405308717262,0.2690471164760386,0.22390948266507543,0.1838219790774341,0.1999999998,0.1999999998,0.1999999998,0.1999999998,0.1999999998
2020-09-25,0.0,20.0,14.763071060180664,bull_normal,57.0,56.5,42.25,-0.00984698650647858,-0.008813308564425092,0.0010336779420534875,-0.009846986496631592,0.6379430862968917,0.2,0.2,0.2,0.2,0.2,0.18432464814150668,0.1409649753436072,0.26702622798904097,0.22049640615730048,0.18718774236854469,0.1999999998,0.1999999998,0.1999999998,0.1999999998,0.1999999998
2020-10-02,0.0,20.0,11.913022994995117,bull_normal,57.3,56.3,43.97,-0.003423128105068492,-0.0033961968252080423,2.6931279860449922e-05,-0.003423128101645364,0.5885783809829594,0.2,0.2,0.2,0.2,0.2,0.18377983658643482,0.13874330719704178,0.2684337014339316,0.22060632459093557,0.18843683019165625,0.1999999998,0.1999999998,0.1999999998,0.1999999998,0.1999999998
2020-10-09,0.0,20.0,24.261320114135742,event_stress,56.58,55.029999999999994,45.849999999999994,0.006642974957390334,0.0055866773873554,-0.0010562975700349336,0.006642974950747358,0.7262528442328232,0.2,0.2,0.2,0.2,0.2,0.18253290022103463,0.133892934229067,0.2713782202981552,0.221127829883928,0.191068115367815,0.1999999998,0.1999999998,0.1999999998,0.1999999998,0.1999999998
2020-10-16,0.0,20.0,16.474544525146484,bull_normal,52.3,60.0,44.25,0.0011996179423844084,0.0007857742963712916,-0.0004138436460131168,0.00119961794118479,0.6272034494525124,0.2,0.2,0.2,0.2,0.2,0.18313708166787607,0.13777685618679736,0.2691059955554809,0.22152389693678573,0.1884561696530599,0.1999999998,0.1999999998,0.1999999998,0.1999999998,0.1999999998
2020-10-23,0.0,20.0,12.734755516052246,bull_normal,54.3,54.3,40.75,-0.0030620904034858103,-0.002223838017020284,0.0008382523864655261,-0.0030620904004237193,0.6136640096618208,0.2,0.2,0.2,0.2,0.2,0.18305944628790075,0.1390288730206047,0.2690304702887767,0.2215219915055533,0.1873592188971645,0.1999999998,0.1999999998,0.1999999998,0.1999999998,0.1999999998
2020-10-30,0.0,20.0,11.300322532653809,bull_normal,56.5,56.0,40.75,-0.004099074211701901,-0.0036300392809517886,0.0004690349307501125,-0.004099074207602827,0.5752523457472918,0.2,0.2,0.2,0.2,0.2,0.18456970528963035,0.14242460797274956,0.2666553691556322,0.2200446625325065,0.18630565504948146,0.1999999998,0.1999999998,0.1999999998,0.1999999998,0.1999999998
2020-11-06,0.0,20.0,15.468669891357422,bull_normal,57.05,55.45,43.25,0.00719318054916979,0.00646123752464328,-0.0007319430245265098,0.007193180541976608,0.4941488634785523,0.2,0.2,0.2,0.2,0.2,0.18387851225516164,0.1406161503622408,0.2676215190743312,0.22091525957077243,0.186968558737494,0.1999999998,0.1999999998,0.1999999998,0.1999999998,0.1999999998
2020-11-13,0.0,20.0,14.71613883972168,bull_normal,57.0,54.5,40.5,-0.005067924297959409,-0.005505019768019457,-0.00043709547006004837,-0.005067924292891483,0.4679118229615714,0.2,0.2,0.2,0.2,0.2,0.18411317364329807,0.14118724928490767,0.26658959704838187,0.22144334976103527,0.18666663026237715,0.1999999998,0.1999999998,0.1999999998,0.1999999998,0.1999999998
2020-11-20,0.0,20.0,14.838322639465332,bull_normal,59.3,55.5,47.25,0.0014890360451505387,0.0009580032604583247,-0.000531032784692214,0.0014890360436615028,0.44601984103360587,0.2,0.2,0.2,0.2,0.2,0.1831752266131113,0.13578457413869352,0.27012486029437127,0.22068478444170056,0.19023055451212337,0.1999999998,0.1999999998,0.1999999998,0.1999999998,0.1999999998
2020-11-27,0.0,20.0,11.840664863586426,bull_normal,58.9,54.779999999999994,50.08,-0.0024050593064937707,-0.0024414028928446425,-3.6343586350871815e-05,-0.002405059304088711,0.42611807957153813,0.2,0.2,0.2,0.2,0.2,0.18200755503473146,0.13092332729024878,0.2730386497372079,0.22106070525723173,0.1929697626805802,0.1999999998,0.1999999998,0.1999999998,0.1999999998,0.1999999998
2020-12-04,0.0,20.0,12.943492889404297,bull_normal,57.7,58.7,39.25,-0.000628285533186892,-0.00025446617915913627,0.00037381935402775574,-0.0006282855325586068,0.4031095212785621,0.2,0.2,0.2,0.2,0.2,0.18656723732370978,0.14831516163382194,0.26160357154183544,0.22000044386934198,0.18351358563129086,0.1999999998,0.1999999998,0.1999999998,0.1999999998,0.1999999998
2020-12-11,0.0,20.0,7.790973663330078,bull_normal,53.8,56.8,46.8,-0.007273477720693138,-0.006282885415449291,0.0009905923052438478,-0.00727347771341966,0.39568828791521277,0.2,0.2,0.2,0.2,0.2,0.18188309573910108,0.13454207040132693,0.2713581626205743,0.22251568483251097,0.18970098640648675,0.1999999998,0.1999999998,0.1999999998,0.1999999998,0.1999999998
2020-12-18,0.0,20.0,9.832808494567871,bull_normal,60.0,64.5,44.25,0.006117158315098432,0.005783023754244862,-0.00033413456085357,0.006117158308981273,0.38804021544713746,0.2,0.2,0.2,0.2,0.2,0.18596348154547834,0.1633684121088608,0.25799641573688875,0.22233738215704407,0.17033430845172792,0.1999999998,0.1999999998,0.1999999998,0.1999999998,0.1999999998
2020-12-25,0.0,20.0,9.054994583129883,bull_normal,58.65,64.3,46.599999999999994,0.005074600405854416,0.005484359549245249,0.00040975914339083305,0.005074600400779816,0.4118751455109764,0.2,0.2,0.2,0.2,0.2,0.18660029135692374,0.14700066092695113,0.2633833237730977,0.218147125007897,0.18486859893513022,0.1999999998,0.1999999998,0.1999999998,0.1999999998,0.1999999998
2021-01-01,0.0,20.0,19.242372512817383,bull_normal,60.5,64.3,50.75,0.009430650655586544,0.008533794070401737,-0.0008968565851848066,0.009430650646155891,0.4870439887264146,0.2,0.2,0.2,0.2,0.2,0.1855890220754666,0.15396812965405962,0.26227396956314364,0.2202745311633099,0.17789434754402025,0.1999999998,0.1999999998,0.1999999998,0.1999999998,0.1999999998
2021-01-08,0.0,20.0,23.21727752685547,event_stress,58.5,60.5,47.25,0.007228603952611971,0.0064896114381184635,-0.0007389925144935076,0.007228603945383368,0.475201883688142,0.2,0.2,0.2,0.2,0.2,0.1840799193071102,0.14872942567651878,0.2650558769189915,0.22167445652462872,0.1804603215727507,0.1999999998,0.1999999998,0.1999999998,0.1999999998,0.1999999998
2021-01-15,0.0,20.0,25.394426345825195,event_stress,58.1,59.6,49.599999999999994,0.0013282724158093218,0.0015743573408894874,0.0002460849250801656,0.0013282724144810494,0.6196429059047267,0.2,0.2,0.2,0.2,0.2,0.1827469742347418,0.14226024727421618,0.2673050667121687,0.22354736296465627,0.18414034881421704,0.1999999998,0.1999999998,0.1999999998,0.1999999998,0.1999999998
2021-01-22,0.0,20.0,19.092498779296875,bull_normal,58.220000000000006,58.120000000000005,50.25,-0.005061269393529692,-0.004920530029730562,0.00014073936379912968,-0.005061269388468422,0.6048724008057975,0.2,0.2,0.2,0.2,0.2,0.18290161185016668,0.13688230955516723,0.27016669708922614,0.22103387165124558,0.18901550985419438,0.1999999998,0.1999999998,0.1999999998,0.1999999998,0.1999999998
2021-01-29,0.0,20.0,29.021522521972656,event_stress,53.5,52.5,47.25,-0.008315541471694176,-0.00776301974167198,0.0005525217300221957,-0.008315541463378633,0.5653717608503873,0.2,0.2,0.2,0.2,0.2,0.18021419633656827,0.13254139937273304,0.2737693766407421,0.2240187098863598,0.18945631776359692,0.1999999998,0.1999999998,0.1999999998,0.1999999998,0.1999999998
2021-02-05,0.0,20.0,11.8753662109375,bull_normal,56.0,52.5,49.75,0.0005943853961258085,-9.064553000345337e-05,-0.0006850309261292618,0.0005943853955314229,0.5151664956189401,0.2,0.2,0.2,0.2,0.2,0.18043623880712206,0.13214647884616232,0.27375010971857394,0.2236118849444187,0.19005528768372307,0.1999999998,0.1999999998,0.1999999998,0.1999999998,0.1999999998
2021-02-12,0.0,20.0,13.067367553710938,bull_normal,57.5,59.5,39.0,0.00649456144526117,0.0052465291072778435,-0.0012480323379833267,0.006494561438766608,0.5305948794128258,0.2,0.2,0.2,0.2,0.2,0.18723949640700185,0.1530755692554423,0.260211423197146,0.2190323434700582,0.18044116767035154,0.1999999998,0.1999999998,0.1999999998,0.1999999998,0.1999999998
2021-02-19,0.0,20.0,13.92538833618164,bull_normal,57.529999999999994,59.470000000000006,41.045,0.0024153225865924076,0.0014836532144701273,-0.0009316693721222802,0.0024153225841770844,0.5828429960677323,0.2,0.2,0.2,0.2,0.2,0.18645238000507067,0.1482923007273621,0.2632264160963146,0.21839353755497948,0.18363536561627325,0.1999999998,0.1999999998,0.1999999998,0.1999999998,0.1999999998
2021-02-26,0.0,20.0,16.314613342285156,bull_normal,55.879999999999995,56.42999999999999,43.125,-0.01160866118949813,-0.009345434104858039,0.0022632270846400914,-0.01160866117788947,0.6475918183761811,0.2,0.2,0.2,0.2,0.2,0.1758856459838033,0.14621156205273686,0.2729453477719498,0.2320544881612434,0.17290295603026665,0.1999999998,0.1999999998,0.1999999998,0.1999999998,0.1999999998
2021-03-05,0.0,20.0,9.931452751159668,bull_normal,58.0,57.3,40.75,-0.00498521502670325,-0.0042131275390377655,0.0007720874876654847,-0.004985215021718034,0.691737063799424,0.2,0.2,0.2,0.2,0.2,0.1840865828934114,0.15216248029594467,0.26263599252125175,0.22372132363982475,0.17739362064956735,0.1999999998,0.1999999998,0.1999999998,0.1999999998,0.1999999998
2021-03-12,0.0,20.0,15.837449073791504,bull_normal,58.3,55.9,44.0,-0.006752125040637251,-0.005953324651227404,0.0007988003894098469,-0.006752125033885125,0.6991444933424065,0.2,0.2,0.2,0.2,0.2,0.18396108550273005,0.14272374140067065,0.2667028472854832,0.2213342432760359,0.1852780825350801,0.1999999998,0.1999999998,0.1999999998,0.1999999998,0.1999999998
2021-03-19,0.0,20.0,16.068668365478516,bull_normal,59.3,59.8,43.75,-0.0023195541122752266,-0.002003241939065637,0.0003163121732095895,-0.0023195541099556723,0.6760515325038342,0.2,0.2,0.2,0.2,0.2,0.17930152690200254,0.15584469043818977,0.26682273536847373,0.22916206962357072,0.16886897766776315,0.1999999998,0.1999999998,0.1999999998,0.1999999998,0.1999999998
2021-03-26,0.0,20.0,15.919195175170898,bull_normal,57.5,56.0,45.25,0.0024728507536101777,0.0024907158898626273,1.7865136252449582e-05,0.0024728507511373268,0.6388630266037417,0.2,0.2,0.2,0.2,0.2,0.183340296343486,0.14035646586069814,0.26839125864003266,0.22132625833137504,0.18658572082440802,0.1999999998,0.1999999998,0.1999999998,0.1999999998,0.1999999998
2021-04-02,0.0,20.0,8.506269454956055,bull_normal,53.0,54.0,43.75,0.005148778988437524,0.005206711776874351,5.7932788436826366e-05,0.005148778983288745,0.534137454271491,0.2,0.2,0.2,0.2,0.2,0.18129508302068165,0.135406134182697,0.27121920136715005,0.22385190738031888,0.18822767404915236,0.1999999998,0.1999999998,0.1999999998,0.1999999998,0.1999999998
2021-04-09,0.07526353001594543,20.0,3.9420175552368164,bull_normal,52.0,54.8,40.25,-0.0016590296203344982,-0.001053936074589044,0.0006050935457454542,-0.001613488142478342,0.5440440535817356,0.2,0.2,0.2,0.2,0.2,0.18260042435478976,0.13570367220156715,0.27056569422327836,0.22152261278644533,0.18960759643391922,0.19869044631747157,0.19516083120766672,0.2053110230399587,0.20161986761185433,0.19921783082304864
2021-04-16,0.055119192227721214,20.0,3.8919382095336914,bull_normal,55.7,53.8,47.25,-0.0006714577129161358,0.0007213454720457074,0.0013928031849618433,-0.0005946875258341537,0.5780309378226126,0.2,0.2,0.2,0.2,0.2,0.18164190289492668,0.13022447034001314,0.2738542191094003,0.22111359687801255,0.19316581077764733,0.19898811631774216,0.1961540289717261,0.2040707846958485,0.20116376420377402,0.1996233048109092
2021-04-23,0.0,20.0,8.050714492797852,bull_normal,53.0,51.5,41.75,0.008365303571213822,0.008173121472782152,-0.00019218209843166988,0.008365303562848519,0.5091451622908986,0.2,0.2,0.2,0.2,0.2,0.1802962394845251,0.1369666072985638,0.2717578843289667,0.2252054095966343,0.18577385929131016,0.1999999998,0.1999999998,0.1999999998,0.1999999998,0.1999999998
2021-04-30,0.0,20.0,6.358579635620117,bull_normal,53.5,56.0,46.75,-0.004983867433592355,-0.0049592721197572655,2.4595313835089512e-05,-0.004983867428608488,0.442804262405812,0.2,0.2,0.2,0.2,0.2,0.18175180019693452,0.13148619382840784,0.27329065937337593,0.22124019143744758,0.19223115516383407,0.1999999998,0.1999999998,0.1999999998,0.1999999998,0.1999999998
2021-05-07,0.0,20.0,6.370876312255859,bull_normal,53.05,54.55,49.25,-0.0008315439033253855,0.0002515188782620196,0.0010830627815874051,-0.0008315439024938417,0.4709003266222704,0.2,0.2,0.2,0.2,0.2,0.1812802889949395,0.12687736473928998,0.27575938657283483,0.22046541645618814,0.19561754323674763,0.1999999998,0.1999999998,0.1999999998,0.1999999998,0.1999999998
2021-05-14,0.0,20.0,10.10379695892334,bull_normal,53.5,54.5,45.75,0.0009898452776788125,0.0009712231344988206,-1.8622143179991882e-05,0.0009898452766889667,0.4407025036459787,0.2,0.2,0.2,0.2,0.2,0.181615639085611,0.1304147357594434,0.2737617024751309,0.22124055640561707,0.1929673662741978,0.1999999998,0.1999999998,0.1999999998,0.1999999998,0.1999999998
2021-05-21,0.0,20.0,8.897092819213867,bull_normal,52.5,55.0,48.75,0.0023994055362430273,0.003891555843342007,0.0014921503070989797,0.002399405533843621,0.5135966863435064,0.2,0.2,0.2,0.2,0.2,0.18088262747806635,0.1264843567895323,0.2761609673442497,0.22100568674860135,0.19546636163955025,0.1999999998,0.1999999998,0.1999999998,0.1999999998,0.1999999998
2021-05-28,0.0,20.0,12.698261260986328,bull_normal,57.0,55.0,45.25,0.002343742329590488,0.001221514620092819,-0.001122227709497669,0.0023437423272467455,0.5076244757637651,0.2,0.2,0.2,0.2,0.2,0.1829348685424988,0.13625004130799404,0.27034773221087677,0.22088327082372453,0.18958408711490587,0.1999999998,0.1999999998,0.1999999998,0.1999999998,0.1999999998
2021-06-04,0.05066557228565216,20.0,4.607467174530029,bull_normal,50.7,49.8,45.25,-0.0039997568857516015,-0.003963514629244931,3.6242256506670636e-05,-0.003997920647086846,0.43929611370258853,0.2,0.2,0.2,0.2,0.2,0.17923153541525072,0.12976425765877392,0.27529143005948475,0.22512889628311417,0.1905838805833763,0.1989477536573716,0.1964414657229327,0.20381468318835427,0.2012731697098176,0.19952292672152377
2021-06-11,0.0,20.0,8.018877983093262,bull_normal,49.769999999999996,48.68,46.849999999999994,-2.415419536666444e-05,8.427197226771983e-05,0.00010842616763438427,-2.4154195342510155e-05,0.4563747218589943,0.2,0.2,0.2,0.2,0.2,0.18018028120775945,0.12306081021938071,0.27800701507475967,0.2212310320740304,0.1975208614240698,0.1999999998,0.1999999998,0.1999999998,0.1999999998,0.1999999998
2021-06-18,0.0,20.0,11.080519676208496,bull_normal,50.5,51.0,38.5,-0.012733266190668436,-0.01178808686719207,0.0009451793234763663,-0.012733266177935168,0.5576549412915577,0.2,0.2,0.2,0.2,0.2,0.1816296977203552,0.13216251195390108,0.2724019431549029,0.22240578950491394,0.19140005766592694,0.1999999998,0.1999999998,0.1999999998,0.1999999998,0.1999999998
2021-06-25,0.0,20.0,7.416897773742676,bull_normal,51.5,50.5,45.25,0.003765253154686125,0.003327543434129524,-0.00043770972055660103,0.0037652531509208714,0.4896199459080824,0.2,0.2,0.2,0.2,0.2,0.1805406486197015,0.12651109168531266,0.27614574735475983,0.2218091372141671,0.19499337512605894,0.1999999998,0.1999999998,0.1999999998,0.1999999998,0.1999999998
2021-07-02,0.0,20.0,12.77878189086914,bull_normal,51.5,48.5,40.25,0.003482170213890328,0.004948000620808407,0.0014658304069180795,0.0034821702104081576,0.7129422199255152,0.2,0.2,0.2,0.2,0.2,0.1813620285134048,0.1312594019367186,0.27339380869530466,0.22207178186697532,0.19191297898759668,0.1999999998,0.1999999998,0.1999999998,0.1999999998,0.1999999998
2021-07-09,0.0,20.0,6.864459037780762,bull_normal,51.3,48.5,40.25,0.00028389911782886765,0.001426267514506214,0.0011423683966773463,0.00028389911754496844,0.7033675361499191,0.2,0.2,0.2,0.2,0.2,0.18135114262479293,0.13097733095447434,0.27336655651798936,0.2221891138518805,0.19211585605086287,0.1999999998,0.1999999998,0.1999999998,0.1999999998,0.1999999998
2021-07-16,0.0,20.0,8.422077178955078,bull_normal,52.15,48.9,42.25,0.0034245630547098723,0.0037156155417526425,0.00029105248704277024,0.0034245630512853087,0.5840787533809092,0.2,0.2,0.2,0.2,0.2,0.18104655751528423,0.12933823100033429,0.2744757331355829,0.221962950252814,0.19317652809598465,0.1999999998,0.1999999998,0.1999999998,0.1999999998,0.1999999998
2021-07-23,0.0,20.0,9.367161750793457,bull_normal,51.5,49.5,38.5,-0.0011657778497295458,-0.0006084385598953241,0.0005573392898342217,-0.0011657778485637679,0.5698920806791107,0.2,0.2,0.2,0.2,0.2,0.18162715364646204,0.13270825179649212,0.27248996375784523,0.22219258422371607,0.19098204657548457,0.1999999998,0.1999999998,0.1999999998,0.1999999998,0.1999999998
2021-07-30,0.0,20.0,16.903968811035156,bull_normal,53.6,53.5,42.7,-0.0036814069075550176,-0.0011624590939175907,0.002518947813637427,-0.0036814069038736113,0.655229717674457,0.2,0.2,0.2,0.2,0.2,0.1787559612138723,0.14031886654590264,0.2719289194802674,0.22785259663486654,0.18114365612509112,0.1999999998,0.1999999998,0.1999999998,0.1999999998,0.1999999998
2021-08-06,0.0,20.0,12.206250190734863,bull_normal,52.5,51.5,40.25,0.001119431744686196,0.0006985106409364957,-0.00042092110374970023,0.001119431743566764,0.6159534569637234,0.2,0.2,0.2,0.2,0.2,0.17302026630495904,0.13814482794719235,0.2775412450164209,0.2351025693790934,0.1761910913523343,0.1999999998,0.1999999998,0.1999999998,0.1999999998,0.1999999998
2021-08-13,0.0,20.0,10.34262466430664,bull_normal,53.2,52.8,39.0,-0.0016420828396168392,-0.0025432629579675422,-0.0009011801183507031,-0.0016420828379747566,0.5777266389541592,0.2,0.2,0.2,0.2,0.2,0.18275130409126933,0.1367420039286295,0.2701116423374505,0.22147563616658722,0.18891941347606336,0.1999999998,0.1999999998,0.1999999998,0.1999999998,0.1999999998
2021-08-20,0.0,20.0,15.734041213989258,bull_normal,53.8,50.5,43.75,-0.003009404706178223,-0.0008770438162884637,0.0021323608898897593,-0.003009404703168818,0.6426267146328003,0.2,0.2,0.2,0.2,0.2,0.1812139368275652,0.12930966924539206,0.2744274109366636,0.22163756113914596,0.19341142185123328,0.1999999998,0.1999999998,0.1999999998,0.1999999998,0.1999999998
2021-08-27,0.0,20.0,5.959560394287109,bull_normal,51.5,49.0,45.0,-0.0011219823422400326,-0.002464351333397012,-0.0013423689911569792,-0.0011219823411180501,0.5884946779282965,0.2,0.2,0.2,0.2,0.2,0.18051992987065169,0.12644815012767788,0.2762407649565203,0.22176067995105858,0.19503047509409158,0.1999999998,0.1999999998,0.1999999998,0.1999999998,0.1999999998
2021-09-03,0.0,20.0,6.926104545593262,bull_normal,51.0,48.5,53.75,0.0020157410270532344,0.0025503115486130014,0.000534570521559767,0.002015741025037493,0.5467997197713218,0.2,0.2,0.2,0.2,0.2,0.17996270410042467,0.12350780479768304,0.2779761061959459,0.22167438782805562,0.1968789970778907,0.1999999998,0.1999999998,0.1999999998,0.1999999998,0.1999999998
2021-09-10,0.0,20.0,14.124284744262695,bull_normal,49.3,58.0,45.25,0.0017438554080583418,-0.00017064047860343282,-0.0019144958866617746,0.0017438554063144867,0.5721055228512727,0.2,0.2,0.2,0.2,0.2,0.18168968748304273,0.13116021652347198,0.27355713302182544,0.22114568261670872,0.19244728035495123,0.1999999998,0.1999999998,0.1999999998,0.1999999998,0.1999999998
2021-09-17,0.0,20.0,18.120441436767578,bull_normal,51.8,57.0,45.7,-0.007807271313362366,-0.007596502309263686,0.00021076900409868014,-0.007807271305555094,0.6400971227974149,0.2,0.2,0.2,0.2,0.2,0.17535247263728523,0.13955691351227298,0.27514967469605056,0.2321679047572838,0.17777303439710754,0.1999999998,0.1999999998,0.1999999998,0.1999999998,0.1999999998
2021-09-24,0.0,20.0,9.29004955291748,bull_normal,51.03,55.92999999999999,47.209999999999994,-0.0029562694557949756,-0.002826420575384477,0.00012984888041049853,-0.002956269452838706,0.5828517937966473,0.2,0.2,0.2,0.2,0.2,0.18140732792168562,0.12837976124741188,0.2751227003807755,0.22058523418755055,0.1945049762625763,0.1999999998,0.1999999998,0.1999999998,0.1999999998,0.1999999998
2021-10-01,0.0,20.0,11.113815307617188,bull_normal,53.0,52.5,43.25,-0.0012592250598986068,-0.0006971879698261281,0.0005620370900724787,-0.0012592250586393814,0.6065483737294199,0.2,0.2,0.2,0.2,0.2,0.18157225849054243,0.13096459250819428,0.27349723892933286,0.22152882643435234,0.19243708363757805,0.1999999998,0.1999999998,0.1999999998,0.1999999998,0.1999999998
2021-10-08,0.0,20.0,9.358205795288086,bull_normal,51.3,58.1,48.3,6.478834098426245e-05,-6.30116235181177e-05,-0.00012779996450238014,6.478834091947446e-05,0.5509021863176911,0.2,0.2,0.2,0.2,0.2,0.18132390951850966,0.12859172901514862,0.2749760524931315,0.22090245922334567,0.19420584974986446,0.1999999998,0.1999999998,0.1999999998,0.1999999998,0.1999999998
2021-10-15,0.0,20.0,11.84499740600586,bull_normal,50.7,57.4,52.27499999999999,-0.0035703542378761697,-0.004530482854104378,-0.0009601286162282084,-0.003570354234305815,0.5881367300601537,0.2,0.2,0.2,0.2,0.2,0.18078870590240856,0.12713984924460064,0.27587269476799314,0.22141579692272953,0.19478295316226815,0.1999999998,0.1999999998,0.1999999998,0.1999999998,0.1999999998
2021-10-22,0.0,20.0,12.195123672485352,bull_normal,52.0,55.3,54.2,-0.0024651799180911518,-0.0036408864091177417,-0.00117570649102659,-0.0024651799156259714,0.5218076306389814,0.2,0.2,0.2,0.2,0.2,0.18061167110693374,0.1277675649860167,0.27550720811424806,0.22211359753656634,0.19399995825623503,0.1999999998,0.1999999998,0.1999999998,0.1999999998,0.1999999998
2021-10-29,0.0,20.0,10.787958145141602,bull_normal,53.3,52.2,48.25,-0.0015842221863028496,-0.0007361103387482588,0.0008481118475545908,-0.0015842221847186273,0.5073080512155229,0.2,0.2,0.2,0.2,0.2,0.18065693925641949,0.12545719908010095,0.27673684356234585,0.2210824687169186,0.19606654938421514,0.1999999998,0.1999999998,0.1999999998,0.1999999998,0.1999999998
2021-11-05,0.0,20.0,13.368719100952148,bull_normal,54.0,57.5,51.75,-0.0025451534028675398,-0.001183952551622058,0.0013612008512454818,-0.0025451534003223864,0.5745240701553651,0.2,0.2,0.2,0.2,0.2,0.18149377044065573,0.13164706589258313,0.27303267110610174,0.22210139446310778,0.19172509809755164,0.1999999998,0.1999999998,0.1999999998,0.1999999998,0.1999999998
2021-11-12,0.0,20.0,9.8818941116333,bull_normal,54.0,55.2,50.0,0.005992922830997901,0.00581190978405358,-0.00018101304694432066,0.005992922825004978,0.5963360465850586,0.2,0.2,0.2,0.2,0.2,0.1809385931649192,0.12637382560309537,0.27593068779544205,0.2211663298948778,0.1955905635416656,0.1999999998,0.1999999998,0.1999999998,0.1999999998,0.1999999998
2021-11-19,0.0,20.0,11.548362731933594,bull_normal,52.8,58.3,51.75,0.0018274350731719874,0.0020414247854019115,0.00021398971222992406,0.0018274350713445523,0.5200576520314981,0.2,0.2,0.2,0.2,0.2,0.181351503750152,0.12928242338583634,0.2743021399098243,0.22146992868583787,0.19359400426834938,0.1999999998,0.1999999998,0.1999999998,0.1999999998,0.1999999998
2021-11-26,0.0,20.0,11.64718246459961,bull_normal,53.0,58.5,51.75,-0.0014342158968357823,-0.0005119299159548865,0.0009222859808808957,-0.001434215895401566,0.6143969943299712,0.2,0.2,0.2,0.2,0.2,0.18139858410038615,0.12925953351832778,0.27389638541416833,0.22183533905354524,0.19361015791357242,0.1999999998,0.1999999998,0.1999999998,0.1999999998,0.1999999998
2021-12-03,0.0,20.0,15.403181076049805,bull_normal,52.3,54.0,42.25,-0.003985129692529685,-0.005965563455029191,-0.0019804337624995056,-0.003985129688544555,0.5962230754948918,0.2,0.2,0.2,0.2,0.2,0.18198056106891647,0.13290351505369818,0.27240311634141606,0.22143307887937858,0.19127972865659068,0.1999999998,0.1999999998,0.1999999998,0.1999999998,0.1999999998
2021-12-10,0.0,20.0,20.81270980834961,event_stress,51.0,57.3,52.25,0.006750002286260878,0.006098447427120895,-0.0006515548591399826,0.006750002279510875,0.5486446245493503,0.2,0.2,0.2,0.2,0.2,0.1808684423794592,0.12831478667374177,0.27528697994654927,0.22165648526214085,0.19387330573810893,0.1999999998,0.1999999998,0.1999999998,0.1999999998,0.1999999998
2021-12-17,0.0,20.0,15.549629211425781,bull_normal,52.2,53.8,47.25,0.002095500502476491,0.003634546424454611,0.0015390459219781199,0.0020955005003809907,0.5575943784050863,0.2,0.2,0.2,0.2,0.2,0.17887880891113778,0.13398596508596863,0.27425494411096724,0.22623757493005026,0.18664270696187607,0.1999999998,0.1999999998,0.1999999998,0.1999999998,0.1999999998
2021-12-24,0.0,20.0,10.449832916259766,bull_normal,52.8,57.3,43.75,0.00010972692834033582,6.921730837460397e-05,-4.0509619965731856e-05,0.00010972692823060902,0.5505566319917626,0.2,0.2,0.2,0.2,0.2,0.18270860690182006,0.13517160780429394,0.2710944569093434,0.2207747197868134,0.1902506085977292,0.1999999998,0.1999999998,0.1999999998,0.1999999998,0.1999999998
2021-12-31,0.0,20.0,12.955085754394531,bull_normal,58.5,56.5,54.0,0.00288495570196191,0.004340524948167593,0.0014555692462056833,0.0028849556990769546,0.6537927582532582,0.2,0.2,0.2,0.2,0.2,0.18246435507691758,0.1353792318597541,0.27080612062587517,0.2216290997527683,0.18972119268468474,0.1999999998,0.1999999998,0.1999999998,0.1999999998,0.1999999998
2022-01-07,0.0,20.0,9.08293342590332,bull_normal,52.8,46.5,45.25,-0.005662740964856608,-0.005740709034309595,-7.796806945298707e-05,-0.005662740959193867,0.571878192635303,0.2,0.2,0.2,0.2,0.2,0.1807692615455368,0.12773905255074974,0.2754254091591298,0.22184958992230686,0.19421668682227672,0.1999999998,0.1999999998,0.1999999998,0.1999999998,0.1999999998
2022-01-14,0.0,20.0,14.195652961730957,bull_normal,54.5,54.6,51.2,0.00241219138142176,0.004900005631219502,0.002487814249797742,0.0024121913790095682,0.6842710311764048,0.2,0.2,0.2,0.2,0.2,0.18104598246978915,0.12758211461704405,0.2754837447990578,0.2211752810039543,0.19471287711015464,0.1999999998,0.1999999998,0.1999999998,0.1999999998,0.1999999998
2022-01-21,0.0,20.0,26.425655364990234,event_stress,60.0,54.0,44.25,0.007236528135220212,0.007923842508085515,0.0006873143728653034,0.007236528127983683,0.6597207575403714,0.2,0.2,0.2,0.2,0.2,0.18398526482351804,0.1408612250517081,0.2671929666457152,0.22111135162400322,0.18684919185505544,0.1999999998,0.1999999998,0.1999999998,0.1999999998,0.1999999998
2022-01-28,0.0,20.0,39.91114807128906,event_stress,60.370000000000005,54.3,47.15,-0.008274483345396719,-0.007427508498744846,0.0008469748466518731,-0.008274483337122236,0.780078330976943,0.2,0.2,0.2,0.2,0.2,0.18356740531793805,0.13688709966069115,0.269765831336355,0.2199555325180927,0.18982413116692312,0.1999999998,0.1999999998,0.1999999998,0.1999999998,0.1999999998
2022-02-04,0.0,20.0,39.91114807128906,event_stress,54.5,57.0,43.75,-0.008274483345396719,-0.007432585767496624,0.0008418975779000953,-0.008274483337122236,0.8763643897262003,0.2,0.2,0.2,0.2,0.2,0.18314206416257978,0.13678407235760048,0.27007128116323686,0.22060879774365044,0.18939378457293246,0.1999999998,0.1999999998,0.1999999998,0.1999999998,0.1999999998
2022-02-11,0.0,20.0,67.86438751220703,event_stress,52.0,44.5,45.25,0.007621513423052763,0.006061714433990156,-0.0015597989890626072,0.007621513415431249,1.0,0.2,0.2,0.2,0.2,0.2,0.18058930450553623,0.12763637966227834,0.2755318536300528,0.22216503931334305,0.1940774228887897,0.1999999998,0.1999999998,0.1999999998,0.1999999998,0.1999999998
2022-02-18,0.0,20.0,45.61260986328125,event_stress,55.5,58.6,53.199999999999996,0.005516160037502188,0.005018158884735574,-0.0004980011527666141,0.005516160031986027,0.9898114556940769,0.2,0.2,0.2,0.2,0.2,0.18211232700984856,0.1333878997493475,0.2718388568590915,0.22167687371708736,0.1909840426646252,0.1999999998,0.1999999998,0.1999999998,0.1999999998,0.1999999998
2022-02-25,0.0,20.0,53.68067169189453,event_stress,56.1,54.6,61.199999999999996,-0.00028707353175020127,-0.00019368159522754463,9.339193652265664e-05,-0.0002870735314631281,0.9095256210948476,0.2,0.2,0.2,0.2,0.2,0.17942137385035198,0.13458480023919442,0.27181345867372525,0.227677903759897,0.18650246347683136,0.1999999998,0.1999999998,0.1999999998,0.1999999998,0.1999999998
2022-03-04,0.0,20.0,28.24494171142578,event_stress,56.720000000000006,53.85,63.849999999999994,-0.003934917558443116,-0.004324741395657665,-0.00038982383721454864,-0.0039349175545081985,0.8427123180019545,0.2,0.2,0.2,0.2,0.2,0.17972588745318868,0.13439292426723884,0.27172339926117556,0.2271184666019048,0.18703932241649218,0.1999999998,0.1999999998,0.1999999998,0.1999999998,0.1999999998
2022-03-11,0.0,20.0,66.02262878417969,event_stress,52.6,54.2,46.8,0.00282698807814616,0.0051499682894282535,0.0023229802112820935,0.0028269880753191714,0.8897638212082952,0.2,0.2,0.2,0.2,0.2,0.18110901660835416,0.1278544856554255,0.2751119747573499,0.22140100534280627,0.19452351763606424,0.1999999998,0.1999999998,0.1999999998,0.1999999998,0.1999999998
2022-03-18,0.0,20.0,47.755882263183594,event_stress,53.05,53.85,46.3,-0.0037147094258805353,-0.004026436326772415,-0.0003117269008918798,-0.0037147094221658254,0.8080155685577004,0.2,0.2,0.2,0.2,0.2,0.18119522505727664,0.12835766539695712,0.2746650045659625,0.22161050755436898,0.19417159742543486,0.1999999998,0.1999999998,0.1999999998,0.1999999998,0.1999999998
2022-03-25,0.0,20.0,33.04129409790039,event_stress,53.6,54.3,48.2,-0.0009533123614482244,-0.00030322388753525247,0.000650088473912972,-0.0009533123604949119,0.7532426506639911,0.2,0.2,0.2,0.2,0.2,0.18082975241648744,0.13162120661212304,0.273571062526338,0.22302102928099163,0.19095694916405986,0.1999999998,0.1999999998,0.1999999998,0.1999999998,0.1999999998
2022-04-01,0.0,20.0,46.55447769165039,event_stress,55.05,55.15,50.5,-0.004828405648749439,-0.0061987396938347535,-0.0013703340450853148,-0.004828405643921033,0.8098093259023095,0.2,0.2,0.2,0.2,0.2,0.18117165024621035,0.1277601198668003,0.2751485920899717,0.2212339331903527,0.19468570460666482,0.1999999998,0.1999999998,0.1999999998,0.1999999998,0.1999999998
2022-04-08,0.0,20.0,28.94109535217285,event_stress,55.010000000000005,56.010000000000005,52.5,0.0003480455363323803,0.0014596022462104565,0.0011115567098780761,0.0003480455359843345,0.8054245958509588,0.2,0.2,0.2,0.2,0.2,0.18139599887131855,0.13013031985321305,0.27399467844597647,0.22154050764847527,0.19293849518101655,0.1999999998,0.1999999998,0.1999999998,0.1999999998,0.1999999998
2022-04-15,0.0,20.0,20.463573455810547,event_stress,58.0,53.0,47.75,0.0004879661671805463,0.000496588915118569,8.622747938022673e-06,0.00048796616669258,0.8027301964131122,0.2,0.2,0.2,0.2,0.2,0.18194413518412222,0.13171538926161597,0.27291767321212496,0.22117730415981407,0.19224549818232284,0.1999999998,0.1999999998,0.1999999998,0.1999999998,0.1999999998
2022-04-22,0.0,20.0,30.619169235229492,event_stress,50.7,51.3,44.75,-0.0068607849305076735,-0.006261247031109803,0.0005995378993978702,-0.006860784923646889,0.843549191785133,0.2,0.2,0.2,0.2,0.2,0.1803389270170319,0.12886548968637973,0.27494663758899957,0.22315763219272142,0.1926913135148673,0.1999999998,0.1999999998,0.1999999998,0.1999999998,0.1999999998
2022-04-29,0.0,20.0,23.623430252075195,event_stress,57.5,58.5,47.75,3.195469037184925e-05,-0.0001629863649171399,-0.00019494105528898917,3.195469033989457e-05,0.7101700532502725,0.2,0.2,0.2,0.2,0.2,0.1768611944854648,0.14543744533989375,0.27178613094291,0.2313039360125478,0.17461129321918367,0.1999999998,0.1999999998,0.1999999998,0.1999999998,0.1999999998
2022-05-06,0.0,20.0,37.39347457885742,event_stress,58.25,59.35,50.05,0.0051007337910492,0.0036940949545970214,-0.0014066388364521783,0.005100733785948466,0.6881917990164801,0.2,0.2,0.2,0.2,0.2,0.1774803426480022,0.14419592235978385,0.2703200493108472,0.23183382352367757,0.1761698621576893,0.1999999998,0.1999999998,0.1999999998,0.1999999998,0.1999999998
2022-05-13,0.0,20.0,51.26845932006836,event_stress,52.8,54.5,37.75,0.006179813545123473,0.005941411603611378,-0.00023840194151209578,0.00617981353894366,0.6122721413535589,0.2,0.2,0.2,0.2,0.2,0.1833775913389644,0.1418071622485129,0.267666772325939,0.2217665030168109,0.18538197106977286,0.1999999998,0.1999999998,0.1999999998,0.1999999998,0.1999999998
2022-05-20,0.0,20.0,35.361427307128906,event_stress,53.9,57.85,40.1,0.005848040795241475,0.00492741247051534,-0.0009206283247261346,0.005848040789393435,0.5660912986164793,0.2,0.2,0.2,0.2,0.2,0.18446106586833277,0.14227737696816106,0.26691272032788815,0.22003000143223655,0.18631883540338148,0.1999999998,0.1999999998,0.1999999998,0.1999999998,0.1999999998
2022-05-27,0.0,20.0,22.499916076660156,event_stress,53.77,58.470000000000006,40.75,9.927483952943677e-05,0.0009177239415858168,0.00081844910205638,9.927483943016208e-05,0.5323866386065015,0.2,0.2,0.2,0.2,0.2,0.18407905087157325,0.14564974278968676,0.26589535450143664,0.22136683220117603,0.18300901963612734,0.1999999998,0.1999999998,0.1999999998,0.1999999998,0.1999999998
2022-06-03,0.0,20.0,20.02814292907715,event_stress,54.029999999999994,58.17999999999999,42.45,-0.00036424809324001105,-0.002888937050580584,-0.002524688957340573,-0.00036424809287576357,0.5867079262472079,0.2,0.2,0.2,0.2,0.2,0.18376299280115796,0.14159058951903894,0.26772942891343743,0.22084844236020468,0.18606854640616102,0.1999999998,0.1999999998,0.1999999998,0.1999999998,0.1999999998
2022-06-10,0.0,20.0,16.96683692932129,bull_normal,53.839999999999996,58.45,43.45,0.0069679391964320185,0.005246452278523818,-0.0017214869179082003,0.006967939189464078,0.594672874709886,0.2,0.2,0.2,0.2,0.2,0.1834683354079424,0.13793539106080768,0.2693048776753072,0.22049296445119498,0.1887984314047477,0.1999999998,0.1999999998,0.1999999998,0.1999999998,0.1999999998
2022-06-17,0.0,20.0,18.75616455078125,bull_normal,58.5,56.3,42.25,0.0016480163845907436,0.0008672016664916061,-0.0007808147180991375,0.0016480163829427272,0.5675803172938527,0.2,0.2,0.2,0.2,0.2,0.18480494005167997,0.14383882150826136,0.2651237334543574,0.2209684671166928,0.18526403786900836,0.1999999998,0.1999999998,0.1999999998,0.1999999998,0.1999999998
2022-06-24,0.0,20.0,37.32365036010742,event_stress,59.6,60.15,41.75,-0.0033526651495706626,-0.0036294560296953773,-0.0002767908801247147,-0.003352665146217996,0.621867927478893,0.2,0.2,0.2,0.2,0.2,0.1875108907894568,0.15273373728072848,0.26042619967958136,0.21822908148633552,0.18110009076389783,0.1999999998,0.1999999998,0.1999999998,0.1999999998,0.1999999998
2022-07-01,0.0,20.0,23.735260009765625,event_stress,59.15,59.75,43.75,0.0030038852671294162,0.0022372215065779638,-0.0007666637605514524,0.0030038852641255305,0.5687423537560691,0.2,0.2,0.2,0.2,0.2,0.18621935861609834,0.14920461177086172,0.26303060134333,0.2189634708152495,0.18258195745446051,0.1999999998,0.1999999998,0.1999999998,0.1999999998,0.1999999998
2022-07-08,0.0,20.0,28.273609161376953,event_stress,57.86999999999999,58.58,45.75,-0.007589789014685288,-0.008937269348124851,-0.0013474803334395631,-0.007589789007095499,0.56358647820358,0.2,0.2,0.2,0.2,0.2,0.18423220433270193,0.1396486575720623,0.26774254962605787,0.22016439107643812,0.1882121973927398,0.1999999998,0.1999999998,0.1999999998,0.1999999998,0.1999999998
2022-07-15,0.0,20.0,20.954059600830078,event_stress,56.029999999999994,55.839999999999996,47.75,-0.0047464331096572585,-0.0027343249813259686,0.00201210812833129,-0.004746433104910825,0.6766294527066531,0.2,0.2,0.2,0.2,0.2,0.18211747717748275,0.13199176246977515,0.2728153664616073,0.22083505994561192,0.1922403339455229,0.1999999998,0.1999999998,0.1999999998,0.1999999998,0.1999999998
2022-07-22,0.0,20.0,19.179851531982422,bull_normal,51.5,52.0,45.75,-0.0011304184919792596,-0.0010117156035820746,0.00011870288839718507,-0.001130418490848841,0.6156468795052256,0.2,0.2,0.2,0.2,0.2,0.1801558798709611,0.1307169640194964,0.2745543025527318,0.2236374909230408,0.19093536263376995,0.1999999998,0.1999999998,0.1999999998,0.1999999998,0.1999999998
2022-07-29,0.0,20.0,17.179210662841797,bull_normal,54.2,54.7,46.349999999999994,0.006573692144349119,0.008103451940107783,0.0015297597957586633,0.006573692137775427,0.6203241173831563,0.2,0.2,0.2,0.2,0.2,0.18167001188399443,0.1304978236686095,0.2736239386055677,0.22125624435522176,0.1929519814866066,0.1999999998,0.1999999998,0.1999999998,0.1999999998,0.1999999998
2022-08-05,0.0,20.0,21.693971633911133,event_stress,54.339999999999996,55.510000000000005,47.25,0.004280960068857743,0.00476727144891083,0.00048631138005308765,0.004280960064576783,0.5303676285253681,0.2,0.2,0.2,0.2,0.2,0.1817076049841372,0.13295443497288328,0.2726453017223421,0.2217737392061152,0.19091891911452227,0.1999999998,0.1999999998,0.1999999998,0.1999999998,0.1999999998
2022-08-12,0.0,20.0,10.698698043823242,bull_normal,53.0,54.5,38.75,0.0014618558297065484,0.0007768885596628402,-0.0006849672700437083,0.0014618558282446924,0.467297763273078,0.2,0.2,0.2,0.2,0.2,0.18333257241513473,0.13963655637400937,0.26860322775793743,0.22125355411659095,0.1871740893363275,0.1999999998,0.1999999998,0.1999999998,0.1999999998,0.1999999998
2022-08-19,0.0,20.0,18.80864906311035,bull_normal,54.32000000000001,55.35,41.05,0.0012963513247666737,0.003310049592940439,0.0020136982681737657,0.001296351323470322,0.6779312597748399,0.2,0.2,0.2,0.2,0.2,0.1833982722512456,0.13838729370089226,0.26912671648289815,0.22076418797127886,0.1883235295936852,0.1999999998,0.1999999998,0.1999999998,0.1999999998,0.1999999998
2022-08-26,0.0,20.0,10.48355770111084,bull_normal,52.8,53.7,50.75,-0.0012577968514207063,-0.0018735996287266923,-0.000615802777305986,-0.001257796850162909,0.6266318429500093,0.2,0.2,0.2,0.2,0.2,0.1805739217481281,0.12497672873327605,0.2770473451629511,0.2210185995752999,0.19638340478034483,0.1999999998,0.1999999998,0.1999999998,0.1999999998,0.1999999998
2022-09-02,0.0,20.0,13.65256118774414,bull_normal,52.5,52.879999999999995,52.75,-0.003248372841426884,-0.002154243823254353,0.0010941290181725313,-0.003248372838178511,0.650896709050351,0.2,0.2,0.2,0.2,0.2,0.1804539037905219,0.12548984848396483,0.2767250150132165,0.22155910975917256,0.19577212295312424,0.1999999998,0.1999999998,0.1999999998,0.1999999998,0.1999999998
2022-09-09,0.0,20.0,12.597677230834961,bull_normal,53.0,51.0,47.25,0.004052476301409426,0.002732746733288487,-0.0013197295681209391,0.00405247629735695,0.5915959034781862,0.2,0.2,0.2,0.2,0.2,0.1805667410338781,0.12510941960499555,0.2767441917098537,0.221357470122051,0.19622217752922166,0.1999999998,0.1999999998,0.1999999998,0.1999999998,0.1999999998
2022-09-16,0.0,20.0,20.727134704589844,event_stress,51.54,49.059999999999995,49.599999999999994,-0.007834400591669245,-0.008644579602423078,-0.000810179010753833,-0.007834400583834842,0.6922599196496513,0.2,0.2,0.2,0.2,0.2,0.18012085001502856,0.12284157976825867,0.2782774131862196,0.2211028411247707,0.1976573159057224,0.1999999998,0.1999999998,0.1999999998,0.1999999998,0.1999999998
2022-09-23,0.0,20.0,22.55105209350586,event_stress,49.470000000000006,47.910000000000004,50.5,-0.0010405254064704303,-0.00034555825260510555,0.0006949671538653247,-0.0010405254054299048,0.6531132472244495,0.2,0.2,0.2,0.2,0.2,0.18003015321809163,0.12131070348334982,0.2792373880906981,0.22053096566746946,0.19889078954039105,0.1999999998,0.1999999998,0.1999999998,0.1999999998,0.1999999998
2022-09-30,0.0,20.0,28.174972534179688,event_stress,52.3,48.3,56.699999999999996,-0.0047965877739164905,-0.0058126629872039225,-0.001016075213287432,-0.004796587769119903,0.6038744101262602,0.2,0.2,0.2,0.2,0.2,0.17978911649970833,0.12596617194829807,0.27660754171007557,0.22313148711760247,0.19450568272431557,0.1999999998,0.1999999998,0.1999999998,0.1999999998,0.1999999998
2022-10-07,0.0,20.0,28.174972534179688,event_stress,50.0,57.0,36.25,-0.0047965877739164905,-0.00574010070512029,-0.0009435129312037995,-0.004796587769119903,0.5644833404477088,0.2,0.2,0.2,0.2,0.2,0.1838863602773129,0.14155285326021314,0.2675634406603317,0.22076304252568513,0.18623430327645712,0.1999999998,0.1999999998,0.1999999998,0.1999999998,0.1999999998
2022-10-14,0.0,20.0,27.362335205078125,event_stress,53.0,58.0,50.75,0.007793037638327537,0.008835347061562599,0.0010423094232350624,0.007793037630534499,0.6021242314212458,0.2,0.2,0.2,0.2,0.2,0.1813759492710103,0.1309044696822594,0.2738453791383905,0.22159333539384102,0.1922808665144987,0.1999999998,0.1999999998,0.1999999998,0.1999999998,0.1999999998
2022-10-21,0.0,20.0,22.479154586791992,event_stress,54.25,59.32000000000001,50.05,-0.009522555836569625,-0.009472082363499673,5.04734730699518e-05,-0.009522555827047068,0.499862716411139,0.2,0.2,0.2,0.2,0.2,0.18200781546449818,0.13137857806778566,0.27331968724898575,0.2206371234198048,0.19265679579892545,0.1999999998,0.1999999998,0.1999999998,0.1999999998,0.1999999998
2022-10-28,0.0,20.0,24.540958404541016,event_stress,52.120000000000005,56.36,52.209999999999994,-0.004992646078382249,-0.002403809125307792,0.002588836953074457,-0.004992646073389603,0.5566139855555002,0.2,0.2,0.2,0.2,0.2,0.18091149038535168,0.12797303586524056,0.2752942565369426,0.22162184683503047,0.19419937037743465,0.1999999998,0.1999999998,0.1999999998,0.1999999998,0.1999999998
2022-11-04,0.0,20.0,46.599090576171875,event_stress,52.71,56.96999999999999,51.98,0.01089579531536098,0.0071704886827722095,-0.0037253066325887707,0.010895795304465184,0.6765546127614421,0.2,0.2,0.2,0.2,0.2,0.1735850701383358,0.13502234419868384,0.2780613122741855,0.23386433668517262,0.17946693670362227,0.1999999998,0.1999999998,0.1999999998,0.1999999998,0.1999999998
2022-11-11,0.0,20.0,13.196148872375488,bull_normal,53.5,56.5,46.7,0.00382464200703311,0.0032052457172413638,-0.0006193962897917461,0.0038246420032084674,0.7922847057518823,0.2,0.2,0.2,0.2,0.2,0.1813057704524579,0.1361871683208279,0.27104270185779405,0.22386357994974027,0.18760077941917985,0.1999999998,0.1999999998,0.1999999998,0.1999999998,0.1999999998
2022-11-18,0.0,20.0,16.460689544677734,bull_normal,51.3,53.2,38.3,-0.005547109025888378,-0.007309045267369091,-0.0017619362414807134,-0.005547109020341268,0.7474616538732,0.2,0.2,0.2,0.2,0.2,0.18245115960291153,0.13586891817272923,0.2707215054128649,0.22165233734849224,0.18930607946300212,0.1999999998,0.1999999998,0.1999999998,0.1999999998,0.1999999998
2022-11-25,0.0,20.0,14.299627304077148,bull_normal,54.0,59.5,38.3,0.004015850800072001,0.004653960452222979,0.0006381096521509777,0.00401585079605615,0.6920500729142708,0.2,0.2,0.2,0.2,0.2,0.18592773461465575,0.1474846099438508,0.2639220282917292,0.2189766305382347,0.18368899661152943,0.1999999998,0.1999999998,0.1999999998,0.1999999998,0.1999999998
2022-12-02,0.0,20.0,20.11107635498047,event_stress,55.5,57.7,36.8,0.0012958400678411185,-0.00019485177737467026,-0.0014906918452157888,0.0012958400665452788,0.6817327630863033,0.2,0.2,0.2,0.2,0.2,0.18645527853486812,0.14957637062737436,0.2625930127351218,0.21884381412612255,0.18253152397651307,0.1999999998,0.1999999998,0.1999999998,0.1999999998,0.1999999998
2022-12-09,0.0,20.0,21.746170043945312,event_stress,56.0,57.95,38.099999999999994,0.0040226343692528884,0.002244502008967929,-0.0017781323602849594,0.004022634365230254,0.6685212352781321,0.2,0.2,0.2,0.2,0.2,0.18626121659176179,0.15054706321619468,0.26242783599198877,0.21927557496296682,0.18148830923708803,0.1999999998,0.1999999998,0.1999999998,0.1999999998,0.1999999998
2022-12-16,0.0,20.0,14.41066837310791,bull_normal,60.0,63.2,41.2,-0.0032925631710908703,-0.003058905359645672,0.00023365781144519832,-0.003292563167798307,0.5676788315840717,0.2,0.2,0.2,0.2,0.2,0.189636611333748,0.15731171925679882,0.25728475786300653,0.21595980780386198,0.17980710374258463,0.1999999998,0.1999999998,0.1999999998,0.1999999998,0.1999999998
2022-12-23,0.0,20.0,11.272066116333008,bull_normal,55.5,57.2,46.7,-0.0023286496876723326,-0.001088185081848627,0.0012404646058237056,-0.0023286496853436823,0.5398045711743359,0.2,0.2,0.2,0.2,0.2,0.18263995685543621,0.13421185429870827,0.27153894016775226,0.2206255466538822,0.19098370202422096,0.1999999998,0.1999999998,0.1999999998,0.1999999998,0.1999999998
2022-12-30,0.0,20.0,11.986933708190918,bull_normal,57.5,60.5,47.25,0.007861894552803558,0.008066755599068718,0.00020486104626516073,0.00786189454494166,0.4773005996754231,0.2,0.2,0.2,0.2,0.2,0.18390501744442697,0.14650415478304196,0.26597213240741796,0.22149726659642963,0.18212142876868337,0.1999999998,0.1999999998,0.1999999998,0.1999999998,0.1999999998
2023-01-06,0.0,20.0,11.259847640991211,bull_normal,59.0,63.3,33.7,0.003696834821066616,0.0036393077742686675,-5.752704679794869e-05,0.003696834817369781,0.5100688774929086,0.2,0.2,0.2,0.2,0.2,0.19285782250216552,0.1789069309427263,0.24856043580870568,0.21395821120070221,0.16571659954570034,0.1999999998,0.1999999998,0.1999999998,0.1999999998,0.1999999998
2023-01-13,0.0,20.0,11.066617965698242,bull_normal,53.9,57.5,40.55,0.005929093009427568,0.004781367588062532,-0.0011477254213650362,0.005929093003498476,0.46966391823061576,0.2,0.2,0.2,0.2,0.2,0.18416267618292076,0.14116481795414468,0.2675576743198121,0.22021349005215224,0.18690134149097018,0.1999999998,0.1999999998,0.1999999998,0.1999999998,0.1999999998
2023-01-20,0.0,20.0,21.41967010498047,event_stress,55.25,58.85,43.45,0.0035860757528851516,0.003169691440625421,-0.00041638431225973077,0.0035860757492990752,0.4653987051551543,0.2,0.2,0.2,0.2,0.2,0.18418432495283274,0.1404297722904056,0.2679298237954954,0.21989071481494113,0.18756536414632521,0.1999999998,0.1999999998,0.1999999998,0.1999999998,0.1999999998
2023-01-27,0.0,20.0,21.41967010498047,event_stress,52.0,64.0,37.75,0.0035860757528851516,0.0033348362849404383,-0.00025123946794471325,0.0035860757492990752,0.4619865346947852,0.2,0.2,0.2,0.2,0.2,0.18736386870785898,0.15208369871765584,0.26148052220658274,0.2174891730983883,0.18158273726951404,0.1999999998,0.1999999998,0.1999999998,0.1999999998,0.1999999998
2023-02-03,0.0,20.0,20.132614135742188,event_stress,52.55,64.45,38.5,-0.0016447419084462747,-0.0013710760013324066,0.00027366590711386815,-0.0016447419068015326,0.4348496848265903,0.2,0.2,0.2,0.2,0.2,0.18763594242697879,0.15201390015214755,0.2607586230309516,0.217709654613992,0.1818818797759301,0.1999999998,0.1999999998,0.1999999998,0.1999999998,0.1999999998
2023-02-10,0.0,20.0,12.88224983215332,bull_normal,54.9,62.6,35.3,-0.004826118930350904,-0.004781893276526703,4.422565382420068e-05,-0.004826118925524785,0.41616638654287225,0.2,0.2,0.2,0.2,0.2,0.1890568239558932,0.1589953902518385,0.2563782393188677,0.21798898630125568,0.177580560172145,0.1999999998,0.1999999998,0.1999999998,0.1999999998,0.1999999998
2023-02-17,0.0,20.0,13.485366821289062,bull_normal,52.0,57.0,40.75,-0.0037099712421358533,-0.003225916266293194,0.0004840549758426591,-0.0037099712384258817,0.37527896127626154,0.2,0.2,0.2,0.2,0.2,0.18277114460867866,0.13967086892490688,0.2680414645801552,0.22319570583411769,0.1863208160521415,0.1999999998,0.1999999998,0.1999999998,0.1999999998,0.1999999998
2023-02-24,0.0,20.0,15.950748443603516,bull_normal,52.8,58.5,43.65,0.0013232303328023327,0.0007948465621348281,-0.0005283837706675045,0.0013232303314791023,0.33066731684963085,0.2,0.2,0.2,0.2,0.2,0.18244263047188305,0.14188088815302155,0.2686751885914765,0.22274806525093807,0.18425322753268072,0.1999999998,0.1999999998,0.1999999998,0.1999999998,0.1999999998
2023-03-03,0.0,20.0,12.56244945526123,bull_normal,52.8,62.0,37.25,0.0008532883792071495,0.0007040289426847348,-0.00014925943652241468,0.0008532883783538608,0.33967706869346137,0.2,0.2,0.2,0.2,0.2,0.17831534382964795,0.15757185320543507,0.2677038339317255,0.23005426815782157,0.1663547008753699,0.1999999998,0.1999999998,0.1999999998,0.1999999998,0.1999999998
2023-03-10,0.0,20.0,11.294656753540039,bull_normal,53.25,61.4,39.55,-0.0032033256642727713,-0.001668988760404331,0.0015343369038684402,-0.003203325661069445,0.43377663085804025,0.2,0.2,0.2,0.2,0.2,0.1852011499506725,0.15231103932795095,0.2628574000780128,0.2208533228161368,0.17877708782722693,0.1999999998,0.1999999998,0.1999999998,0.1999999998,0.1999999998
2023-03-17,0.0,20.0,13.704490661621094,bull_normal,53.92,62.02,41.2,0.003084549668902699,0.003854680066930113,0.0007701303980274139,0.0030845496658181482,0.580900848256478,0.2,0.2,0.2,0.2,0.2,0.18562793693597043,0.145324499276076,0.26442172548015985,0.21955651007932853,0.1850693282284653,0.1999999998,0.1999999998,0.1999999998,0.1999999998,0.1999999998
2023-03-24,0.0,20.0,25.898265838623047,event_stress,54.5,57.0,47.25,0.0006321881042378186,8.23366164234356e-05,-0.0005498514878143829,0.0006321881036056303,0.6028789124948771,0.2,0.2,0.2,0.2,0.2,0.1820137960341958,0.1313766767131744,0.2725449596000103,0.2215200718992786,0.19254449575334093,0.1999999998,0.1999999998,0.1999999998,0.1999999998,0.1999999998
2023-03-31,0.0,20.0,18.596681594848633,bull_normal,55.870000000000005,58.4,49.25,0.001300754285494837,0.0012324068010054548,-6.834748448938228e-05,0.0013007542841940826,0.49919429312153724,0.2,0.2,0.2,0.2,0.2,0.18224238118253322,0.13181934523272884,0.27230421905061775,0.2211743991160941,0.19245965541802607,0.1999999998,0.1999999998,0.1999999998,0.1999999998,0.1999999998
2023-04-07,0.0,20.0,26.276390075683594,event_stress,53.1,58.3,32.3,0.0068559068852047,0.006701603277783074,-0.00015430360742162575,0.006855906878348792,0.47173643212501903,0.2,0.2,0.2,0.2,0.2,0.1870190358869863,0.15149430615491807,0.25958774773339116,0.2206039912608326,0.1812949189638719,0.1999999998,0.1999999998,0.1999999998,0.1999999998,0.1999999998
2023-04-14,0.0,20.0,21.052520751953125,event_stress,53.9,56.45,35.2,-0.0010135179900964393,-0.00041620985624969497,0.0005973081338467444,-0.001013517989082921,0.4507604062505722,0.2,0.2,0.2,0.2,0.2,0.18552665542218405,0.14656927020870011,0.2633700751217988,0.22074030177392454,0.18379369747339258,0.1999999998,0.1999999998,0.1999999998,0.1999999998,0.1999999998
2023-04-21,0.0,20.0,16.506359100341797,bull_normal,57.3,59.0,40.75,-0.008170413383538511,-0.007632166508077704,0.0005382468754608072,-0.008170413375368097,0.5016192748200032,0.2,0.2,0.2,0.2,0.2,0.186055329892729,0.14654410435261894,0.26321743898606115,0.21969858121560817,0.18448454555298274,0.1999999998,0.1999999998,0.1999999998,0.1999999998,0.1999999998
2023-04-28,0.0,20.0,12.456376075744629,bull_normal,58.5,57.0,52.25,0.003393891041489446,0.003958910989973724,0.000565019948484278,0.0033938910380955545,0.47466477779785543,0.2,0.2,0.2,0.2,0.2,0.18250614646768387,0.13414297881321577,0.27086768699125624,0.22172673793089742,0.19075644979694667,0.1999999998,0.1999999998,0.1999999998,0.1999999998,0.1999999998
2023-05-05,0.0,20.0,11.968705177307129,bull_normal,59.1,57.5,51.75,0.011136943789360667,0.012283365348349968,0.001146421558989301,0.011136943778223723,0.47677154549234324,0.2,0.2,0.2,0.2,0.2,0.18278612973957967,0.13454117432835333,0.27026298614701527,0.2216927610494058,0.19071694873564607,0.1999999998,0.1999999998,0.1999999998,0.1999999998,0.1999999998
2023-05-12,0.0,20.0,6.253450870513916,bull_normal,55.8,53.0,40.75,-0.004035474764585451,-0.003129171332818523,0.000906303431766928,-0.004035474760549976,0.5156630483168084,0.2,0.2,0.2,0.2,0.2,0.18295104611176702,0.1390492792633453,0.2682614108089942,0.22265834809099352,0.1870799157249,0.1999999998,0.1999999998,0.1999999998,0.1999999998,0.1999999998
2023-05-19,0.0,20.0,10.01243782043457,bull_normal,56.15,54.1,39.949999999999996,-0.003592625212402523,-0.0037606075159647657,-0.00016798230356224273,-0.0035926252088098977,0.4724699321974815,0.2,0.2,0.2,0.2,0.2,0.18397248393570836,0.1406768069876956,0.26766923025542816,0.22062950639271617,0.18705197242845173,0.1999999998,0.1999999998,0.1999999998,0.1999999998,0.1999999998
2023-05-26,0.0,20.0,9.253732681274414,bull_normal,55.71,53.31,41.55,-0.004215586849600542,-0.0030368138169435902,0.001178773032656952,-0.004215586845384955,0.5026715329464223,0.2,0.2,0.2,0.2,0.2,0.18300899642653531,0.13772790797339032,0.2695418629805048,0.2213265827682973,0.18839464985127227,0.1999999998,0.1999999998,0.1999999998,0.1999999998,0.1999999998
2023-06-02,0.0,20.0,6.827239990234375,bull_normal,54.6,61.5,38.2,0.0017427906422791046,0.0020598027596783705,0.00031701211739926585,0.0017427906405363138,0.5017513585209353,0.2,0.2,0.2,0.2,0.2,0.18725368752810753,0.15157537437354074,0.2615523536616021,0.21777031315390802,0.1818482712828416,0.1999999998,0.1999999998,0.1999999998,0.1999999998,0.1999999998
2023-06-09,0.0,20.0,6.339134693145752,bull_normal,55.489999999999995,62.17999999999999,39.5,0.0027324087422172854,0.003195388890655533,0.00046298014843824736,0.0027324087394848765,0.5025049882262571,0.2,0.2,0.2,0.2,0.2,0.18721210524217496,0.15058902586626358,0.261144466279942,0.21855041830129526,0.1825039843103241,0.1999999998,0.1999999998,0.1999999998,0.1999999998,0.1999999998
2023-06-16,0.0,20.0,11.832171440124512,bull_normal,53.5,59.0,37.75,0.006647402743862364,0.004279307098085674,-0.0023680956457766906,0.006647402737214961,0.5514006826392861,0.2,0.2,0.2,0.2,0.2,0.18529116522632347,0.15039370394183116,0.2632814291553753,0.22056628579242307,0.18046741588404716,0.1999999998,0.1999999998,0.1999999998,0.1999999998,0.1999999998
2023-06-23,0.0,20.0,15.946859359741211,bull_normal,54.05,59.7,37.75,0.0031129585674533567,0.0006650534988016036,-0.002447905068651753,0.003112958564340398,0.8053141112510926,0.2,0.2,0.2,0.2,0.2,0.17759619747371166,0.15537841476824968,0.2690683856074882,0.2306113190644609,0.16734568308608966,0.1999999998,0.1999999998,0.1999999998,0.1999999998,0.1999999998
2023-06-30,0.0,20.0,8.697489738464355,bull_normal,54.410000000000004,59.81,39.75,-0.0018645385197560464,-0.0015617449760117093,0.0003027935437443371,-0.0018645385178915077,0.7075514946414823,0.2,0.2,0.2,0.2,0.2,0.18557752760784124,0.1457843655347284,0.26453437822036474,0.21944404905496506,0.1846596795821006,0.1999999998,0.1999999998,0.1999999998,0.1999999998,0.1999999998
2023-07-07,0.0,20.0,20.677927017211914,event_stress,61.3,60.0,51.3,0.004759128760184674,0.005004645188242937,0.00024551642805826276,0.0047591287554255455,0.7353183528217953,0.2,0.2,0.2,0.2,0.2,0.18478451543319807,0.14330597431072642,0.2663072355515973,0.21976087826732776,0.18584139643715047,0.1999999998,0.1999999998,0.1999999998,0.1999999998,0.1999999998
2023-07-14,0.0,20.0,14.18533992767334,bull_normal,60.739999999999995,59.25,52.074999999999996,0.004942996047219226,0.003834807963883,-0.001108188083336226,0.00494299604227623,0.6709083183674972,0.2,0.2,0.2,0.2,0.2,0.1838473340144649,0.14502982445265758,0.2662077464002084,0.22167493315391204,0.1832401619787571,0.1999999998,0.1999999998,0.1999999998,0.1999999998,0.1999999998
2023-07-21,0.0,20.0,26.029634475708008,event_stress,60.96,59.77,52.9,0.0030332074078051876,0.004076440770115207,0.001043233362310019,0.00303320740477198,0.6240196914873896,0.2,0.2,0.2,0.2,0.2,0.18379842704586188,0.14622049882188343,0.26524195330996986,0.2226497757055293,0.18208934511675542,0.1999999998,0.1999999998,0.1999999998,0.1999999998,0.1999999998
2023-07-28,0.0,20.0,13.903834342956543,bull_normal,59.7,61.6,48.2,0.0057312259711806675,0.0030516244599500726,-0.002679601511230595,0.005731225965449441,0.7126965017711965,0.2,0.2,0.2,0.2,0.2,0.18538938388818516,0.14371107794372368,0.26592993531438736,0.21871029039795659,0.18625931245574723,0.1999999998,0.1999999998,0.1999999998,0.1999999998,0.1999999998
2023-08-04,0.0,20.0,9.890667915344238,bull_normal,54.5,62.0,35.3,0.0005521467731199305,0.0003170570673208197,-0.0002350897057991108,0.0005521467725677836,0.6069292728146095,0.2,0.2,0.2,0.2,0.2,0.1882969279628231,0.16185118885003788,0.2572923366140044,0.21807672750049267,0.17448281907264182,0.1999999998,0.1999999998,0.1999999998,0.1999999998,0.1999999998
2023-08-11,0.0,20.0,11.27982234954834,bull_normal,62.5,65.2,52.25,-0.005741895121486951,-0.004873069692670409,0.0008688254288165423,-0.005741895115745056,0.5903844969556281,0.2,0.2,0.2,0.2,0.2,0.18776163833967371,0.15483425377685117,0.2600452991693108,0.21763809152900307,0.1797207171851612,0.1999999998,0.1999999998,0.1999999998,0.1999999998,0.1999999998
2023-08-18,0.0,20.0,15.11018180847168,bull_normal,61.3,63.8,55.75,0.00035481333046462186,0.001619672999409023,0.001264859668944401,0.000354813330109809,0.6311975786244544,0.2,0.2,0.2,0.2,0.2,0.1862803193786176,0.14940041076562852,0.2626049014908298,0.21927284427294233,0.18244152409198167,0.1999999998,0.1999999998,0.1999999998,0.1999999998,0.1999999998
2023-08-25,0.0,20.0,9.499320983886719,bull_normal,58.7,59.6,49.25,-0.002732829239407702,-0.0024481152668959717,0.00028471397251173024,-0.0027328292366748724,0.5830235391361276,0.2,0.2,0.2,0.2,0.2,0.18398974595262732,0.13794832483033054,0.2692714542584404,0.2193219394482668,0.18946853551033482,0.1999999998,0.1999999998,0.1999999998,0.1999999998,0.1999999998
2023-09-01,0.0,20.0,12.980344772338867,bull_normal,59.4,61.1,48.75,0.0032952738817810107,0.0021499998915936484,-0.0011452739901873623,0.0032952738784857365,0.5588237141467912,0.2,0.2,0.2,0.2,0.2,0.18398515898059267,0.14987284413358348,0.26485426950961366,0.2218814035960976,0.17940632378011254,0.1999999998,0.1999999998,0.1999999998,0.1999999998,0.1999999998
2023-09-08,0.0,20.0,14.608733177185059,bull_normal,54.5,56.5,52.25,-0.005527941467880762,-0.0059472734834064185,-0.00041933201552565684,-0.00552794146235282,0.5932658444601789,0.2,0.2,0.2,0.2,0.2,0.18154185757996658,0.13023955961800177,0.27396096233709766,0.22121842646193304,0.1930391940030009,0.1999999998,0.1999999998,0.1999999998,0.1999999998,0.1999999998
2023-09-15,0.0,20.0,8.589619636535645,bull_normal,55.45,58.08,51.27499999999999,-0.0010257945577699845,-0.0005456208487376856,0.0004801737090322989,-0.0010257945567441898,0.534914985748079,0.2,0.2,0.2,0.2,0.2,0.18200972021715434,0.1317876294419923,0.27300109458127314,0.22091345157017864,0.19228810418940162,0.1999999998,0.1999999998,0.1999999998,0.1999999998,0.1999999998
2023-09-22,0.0,20.0,7.492888450622559,bull_normal,56.5,59.9,52.25,-0.002873442863815972,-0.0037217375525062696,-0.0008482946886902978,-0.0028734428609425286,0.5165212319014665,0.2,0.2,0.2,0.2,0.2,0.18285009121758358,0.13560448486892177,0.270758903337767,0.22074246603844155,0.19004405453728615,0.1999999998,0.1999999998,0.1999999998,0.1999999998,0.1999999998
2023-09-29,0.0,20.0,29.78413200378418,event_stress,68.5,68.8,47.0,-0.0049752622059924265,-0.005542391839193995,-0.0005671296332015689,-0.004975262201017164,0.5172329490459341,0.2,0.2,0.2,0.2,0.2,0.19506924582523089,0.17089546842142692,0.2485552472819698,0.210566648042284,0.1749133904290884,0.1999999998,0.1999999998,0.1999999998,0.1999999998,0.1999999998
2023-10-06,0.0,20.0,29.78413200378418,event_stress,68.44,67.78,48.074999999999996,-0.0049752622059924265,-0.005602336231128953,-0.0006270740251365266,-0.004975262201017164,0.5178023227615082,0.2,0.2,0.2,0.2,0.2,0.19357714592247924,0.16654958606564738,0.2511090051507135,0.21199937069726182,0.17676489216389807,0.1999999998,0.1999999998,0.1999999998,0.1999999998,0.1999999998
2023-10-13,0.0,20.0,25.333967208862305,event_stress,62.0,62.5,53.75,-0.006820445544926853,-0.007009573296182482,-0.00018912775125562876,-0.006820445538106407,0.46600202904822324,0.2,0.2,0.2,0.2,0.2,0.18592629693593601,0.14636741614378937,0.26343978317304984,0.2197779583757802,0.18448854537144457,0.1999999998,0.1999999998,0.1999999998,0.1999999998,0.1999999998
2023-10-20,0.0,20.0,39.02693176269531,event_stress,63.6,59.15,52.949999999999996,-0.0028427837027975595,-0.001482720975607976,0.0013600627271895835,-0.0028427836999547758,0.7945571176921206,0.2,0.2,0.2,0.2,0.2,0.18509029722927814,0.14302993975571462,0.26492979753436774,0.22070612293239988,0.1862438425482395,0.1999999998,0.1999999998,0.1999999998,0.1999999998,0.1999999998
2023-10-27,0.0,20.0,20.376544952392578,event_stress,63.910000000000004,58.760000000000005,53.5,0.004377357323923979,0.004417156443657098,3.979911973311934e-05,0.004377357319546621,0.6997030897452978,0.2,0.2,0.2,0.2,0.2,0.18528694306383994,0.14453012766694612,0.2650166657809649,0.21982812049850273,0.18533814298974624,0.1999999998,0.1999999998,0.1999999998,0.1999999998,0.1999999998
2023-11-03,0.0,20.0,15.29140853881836,bull_normal,68.3,65.5,42.7,0.004655068826742407,0.004775032958477886,0.00011996413173547861,0.004655068822087338,0.6296693098128664,0.2,0.2,0.2,0.2,0.2,0.19676085956875106,0.17970802840818134,0.2450013967928906,0.20886958390113947,0.16966013132903746,0.1999999998,0.1999999998,0.1999999998,0.1999999998,0.1999999998
2023-11-10,0.0,20.0,13.94404125213623,bull_normal,53.5,54.0,45.25,-0.003420512280698256,-0.0037377286933407377,-0.00031721641264248175,-0.0034205122772777434,0.5493111155850579,0.2,0.2,0.2,0.2,0.2,0.18157690905617005,0.13037357105823025,0.2736729458688079,0.22144174374776676,0.19293483026902508,0.1999999998,0.1999999998,0.1999999998,0.1999999998,0.1999999998
2023-11-17,0.0,20.0,13.346832275390625,bull_normal,66.6,63.3,42.25,2.5452217588464484e-07,0.00047358991593874337,0.0004733353937628587,2.5452217563023257e-07,0.520384858136216,0.2,0.2,0.2,0.2,0.2,0.19313563209844398,0.16674727086924612,0.250990912021724,0.21311551542226176,0.17601066958832415,0.1999999998,0.1999999998,0.1999999998,0.1999999998,0.1999999998
2023-11-24,0.0,20.0,24.723976135253906,event_stress,67.32000000000001,62.65,41.75,-0.009094980269055206,-0.009677526084033944,-0.0005825458149787376,-0.009094980259960226,0.4823604484388483,0.2,0.2,0.2,0.2,0.2,0.19389479858033243,0.16942403758938077,0.25030182977454973,0.2115804481450586,0.17479888591067844,0.1999999998,0.1999999998,0.1999999998,0.1999999998,0.1999999998
2023-12-01,0.0,20.0,13.764066696166992,bull_normal,67.56,62.760000000000005,40.849999999999994,-0.0025848287526156664,-0.0017404569811944283,0.0008443717714212381,-0.0025848287500308364,0.5813800348966588,0.2,0.2,0.2,0.2,0.2,0.19448185176293845,0.17092949753803394,0.24873075553784205,0.2117159198699678,0.17414197529121778,0.1999999998,0.1999999998,0.1999999998,0.1999999998,0.1999999998
2023-12-08,0.0,20.0,16.414527893066406,bull_normal,61.4,60.0,51.75,-0.004611371678070047,-0.003991223370312523,0.0006201483077575235,-0.0046113716734586755,0.5796089527376033,0.2,0.2,0.2,0.2,0.2,0.1844855858556014,0.1402577801906339,0.26663218922841536,0.220731735661721,0.18789270906362826,0.1999999998,0.1999999998,0.1999999998,0.1999999998,0.1999999998
2023-12-15,0.0,20.0,10.380339622497559,bull_normal,61.5,62.3,45.3,-0.0013205993927386812,-0.00019603481501692454,0.0011245645777217567,-0.0013205993914180815,0.6263888864815323,0.2,0.2,0.2,0.2,0.2,0.18791377573566365,0.15155845679565177,0.26113590665727665,0.2167278719366719,0.18266398887473603,0.1999999998,0.1999999998,0.1999999998,0.1999999998,0.1999999998
2023-12-22,0.0,20.0,12.588353157043457,bull_normal,62.5,61.7,46.8,0.00022606185142761957,0.0008012416036514602,0.0005751797522238406,0.00022606185120155754,0.5771756580810583,0.2,0.2,0.2,0.2,0.2,0.1875093107394823,0.14985397632998038,0.2620832722812231,0.2169341691968898,0.18361927145242438,0.1999999998,0.1999999998,0.1999999998,0.1999999998,0.1999999998
2023-12-29,0.0,20.0,14.713910102844238,bull_normal,63.95,64.15,45.949999999999996,0.010320328015096589,0.01078096674518803,0.0004606387300914415,0.010320328004776261,0.5907249128158476,0.2,0.2,0.2,0.2,0.2,0.19023283631413915,0.16017067407715138,0.25644495759378944,0.21493714646478052,0.17821438555013944,0.1999999998,0.1999999998,0.1999999998,0.1999999998,0.1999999998
2024-01-05,0.0,20.0,14.005855560302734,bull_normal,65.31,65.51,44.8,-0.008248687414423675,-0.007053057761671734,0.0011956296527519412,-0.008248687406174987,0.6364213913897756,0.2,0.2,0.2,0.2,0.2,0.1924619211245717,0.1648288614561961,0.25323923974562434,0.21248575097891817,0.1769842266946898,0.1999999998,0.1999999998,0.1999999998,0.1999999998,0.1999999998
2024-01-12,0.0,20.0,26.170467376708984,event_stress,64.8,60.0,54.25,-0.007853247335545129,-0.007580314190401356,0.00027293314514377325,-0.007853247327691881,0.538782281244766,0.2,0.2,0.2,0.2,0.2,0.18452434046945163,0.1548878734424053,0.2619621893444261,0.2229021014946918,0.17572349524902514,0.1999999998,0.1999999998,0.1999999998,0.1999999998,0.1999999998
2024-01-19,0.0,20.0,28.353065490722656,event_stress,65.5,61.2,53.39999999999999,-0.003063605183964894,-0.002689110735740279,0.00037449444822461537,-0.003063605180901288,0.507845562218995,0.2,0.2,0.2,0.2,0.2,0.1864212557772002,0.15603006635149966,0.2596977900034143,0.22088585808408068,0.1769650297838052,0.1999999998,0.1999999998,0.1999999998,0.1999999998,0.1999999998
2024-01-26,0.0,20.0,13.315013885498047,bull_normal,60.5,63.0,52.5,0.0033897027710922956,0.0029606013308780604,-0.00042910144021423516,0.003389702767702591,0.5023316971296719,0.2,0.2,0.2,0.2,0.2,0.17838189670267565,0.15376675112684637,0.2686883698753588,0.22957860114815237,0.1695843811469667,0.1999999998,0.1999999998,0.1999999998,0.1999999998,0.1999999998
2024-02-02,0.0,20.0,20.48769187927246,event_stress,54.0,59.3,50.25,-0.005527188372232139,-0.0031146901063114157,0.0024124982659207233,-0.005527188366704952,0.5705782175944004,0.2,0.2,0.2,0.2,0.2,0.18134210788743116,0.13721223748881772,0.27136260808288226,0.22318909291707023,0.1868939536237986,0.1999999998,0.1999999998,0.1999999998,0.1999999998,0.1999999998
2024-02-09,0.0,20.0,21.401723861694336,event_stress,66.5,68.1,44.25,0.009257074426421137,0.008914133725524815,-0.0003429407008963218,0.00925707441716406,0.6902316474541541,0.2,0.2,0.2,0.2,0.2,0.1933897798310689,0.18628691603922895,0.2466788692921734,0.2133183280465171,0.16032610679101164,0.1999999998,0.1999999998,0.1999999998,0.1999999998,0.1999999998
2024-02-16,0.0,20.0,21.401723861694336,event_stress,53.0,55.0,40.75,0.009257074426421137,0.007188655228631586,-0.0020684191977895505,0.00925707441716406,0.785954391341957,0.2,0.2,0.2,0.2,0.2,0.17803037065285182,0.1438039771361395,0.2715274513552363,0.22924787242438524,0.17739032843138716,0.1999999998,0.1999999998,0.1999999998,0.1999999998,0.1999999998
2024-02-23,0.0,20.0,21.375995635986328,event_stress,65.3,61.3,47.5,0.00737454600703632,0.006774239777935432,-0.0006003062291008885,0.0073745459996617715,0.7690405794526051,0.2,0.2,0.2,0.2,0.2,0.1885377254312495,0.15455644657809184,0.25949145103583476,0.21654217477041204,0.18087220218441194,0.1999999998,0.1999999998,0.1999999998,0.1999999998,0.1999999998
2024-03-01,0.0,20.0,18.94527816772461,bull_normal,65.8,61.029999999999994,49.449999999999996,0.006030655842812343,0.005040301332575725,-0.0009903545102366174,0.006030655836781687,0.687885129833431,0.2,0.2,0.2,0.2,0.2,0.1823884578138688,0.16061446670543178,0.2624776060183045,0.22601936157084754,0.16850010789154748,0.1999999998,0.1999999998,0.1999999998,0.1999999998,0.1999999998
2024-03-08,0.0,20.0,33.764320373535156,event_stress,63.7,64.8,37.75,0.011803496514154431,0.011901788361151211,9.829184699678035e-05,0.011803496502350932,0.7991043223734801,0.2,0.2,0.2,0.2,0.2,0.1954630970604359,0.17390198788647884,0.2467807404559987,0.21106220438514595,0.17279197021194065,0.1999999998,0.1999999998,0.1999999998,0.1999999998,0.1999999998
2024-03-15,0.0,20.0,13.955896377563477,bull_normal,63.410000000000004,63.2,38.35,-0.00011116488546949342,-0.0011695358181392549,-0.0010583709326697614,-0.00011116488535832879,0.7131142077663839,0.2,0.2,0.2,0.2,0.2,0.19358603985079184,0.16937350953942998,0.2502890117721434,0.21232082408378605,0.1744306147538488,0.1999999998,0.1999999998,0.1999999998,0.1999999998,0.1999999998
2024-03-22,0.0,20.0,14.067305564880371,bull_normal,58.7,60.2,50.75,0.001981029278938564,0.002616680423334277,0.0006356511443957129,0.001981029276957535,0.6235879487581242,0.2,0.2,0.2,0.2,0.2,0.18368876945435883,0.1375682067108287,0.26948289760235505,0.2198556366229341,0.1894044896095234,0.1999999998,0.1999999998,0.1999999998,0.1999999998,0.1999999998
2024-03-29,0.0,20.0,24.272106170654297,event_stress,60.7,58.8,49.25,0.002367552918786254,0.0029774530008202286,0.0006099000820339747,0.002367552916418701,0.7608453472266121,0.2,0.2,0.2,0.2,0.2,0.18429248027658038,0.13918197080523953,0.2684237260603883,0.21933699470430354,0.18876482815348813,0.1999999998,0.1999999998,0.1999999998,0.1999999998,0.1999999998
2024-04-05,0.0,20.0,24.50827407836914,event_stress,57.5,62.0,40.75,0.010816375705289722,0.0113810247784142,0.0005646490731244774,0.010816375694473345,0.8785950543567501,0.2,0.2,0.2,0.2,0.2,0.18767154614200005,0.15629592814202925,0.2593849048341305,0.21829668661392013,0.17835093426792004,0.1999999998,0.1999999998,0.1999999998,0.1999999998,0.1999999998
2024-04-12,0.0,20.0,31.890609741210938,event_stress,59.2,61.8,37.75,0.005309846617577805,0.0073258972905844676,0.0020160506730066627,0.005309846612267958,1.0,0.2,0.2,0.2,0.2,0.2,0.18963483025038502,0.16185330340549323,0.25420932357326465,0.2185465466503143,0.1757559961205429,0.1999999998,0.1999999998,0.1999999998,0.1999999998,0.1999999998
2024-04-19,0.0,20.0,22.235801696777344,event_stress,61.4,62.27,40.05,0.003307712309780281,0.002655764229687339,-0.0006519480800929417,0.0033077123064725687,0.8866033385617391,0.2,0.2,0.2,0.2,0.2,0.1906234142448166,0.16040911694821042,0.2553722404391762,0.21522300588702822,0.1783722224807685,0.1999999998,0.1999999998,0.1999999998,0.1999999998,0.1999999998
2024-04-26,0.0,20.0,23.998302459716797,event_stress,62.0,63.0,47.25,-0.003282624647215621,-0.004974845113837287,-0.0016922204666216661,-0.003282624643932996,0.8347804304794746,0.2,0.2,0.2,0.2,0.2,0.1876062422582238,0.1499031234762743,0.26183405167648743,0.21698759667887094,0.1836689859101436,0.1999999998,0.1999999998,0.1999999998,0.1999999998,0.1999999998
2024-05-03,0.0,20.0,29.945255279541016,event_stress,63.92,64.95,46.449999999999996,0.001054366220658517,-0.0014922095884812802,-0.0025465758091397974,0.0010543662196041506,0.8356976716909889,0.2,0.2,0.2,0.2,0.2,0.19030526087512048,0.1581446239114903,0.2572131866175496,0.21431593448382943,0.18002099411201017,0.1999999998,0.1999999998,0.1999999998,0.1999999998,0.1999999998
2024-05-10,0.0,20.0,18.767335891723633,bull_normal,61.5,59.8,43.55,0.008868726765885446,0.008545412375724822,-0.0003233143901606242,0.008868726757016719,0.7198480852505418,0.2,0.2,0.2,0.2,0.2,0.18764750899577817,0.15106307590469376,0.26138862852210626,0.21715822940841614,0.18274255716900561,0.1999999998,0.1999999998,0.1999999998,0.1999999998,0.1999999998
2024-05-17,0.0,20.0,12.013651847839355,bull_normal,59.6,63.3,45.2,0.0026605948534412726,0.00223345733060627,-0.00042713752283500247,0.0026605948507806777,0.6184123272410958,0.2,0.2,0.2,0.2,0.2,0.1874399527585977,0.15051649301796663,0.26152921809426055,0.21759342979670968,0.18292090633246533,0.1999999998,0.1999999998,0.1999999998,0.1999999998,0.1999999998
2024-05-24,0.0,20.0,17.400657653808594,bull_normal,61.5,61.0,47.25,-0.006098995477872624,-0.005312033385703527,0.0007869620921690966,-0.006098995471773628,0.6320346586023875,0.2,0.2,0.2,0.2,0.2,0.1863217939989515,0.14553392745694727,0.26373456996750105,0.21870049129468,0.1857092172819203,0.1999999998,0.1999999998,0.1999999998,0.1999999998,0.1999999998
2024-05-31,0.0,20.0,12.38498306274414,bull_normal,57.5,57.7,45.5,-0.002965102428981434,-0.0025682719410145237,0.0003968304879669103,-0.0029651024260163314,0.5595560792903035,0.2,0.2,0.2,0.2,0.2,0.18409840792814117,0.13893176241376518,0.26816492468625786,0.22013941536620055,0.1886654896056352,0.1999999998,0.1999999998,0.1999999998,0.1999999998,0.1999999998
2024-06-07,0.0,20.0,10.078767776489258,bull_normal,57.3,66.4,44.25,0.0015070293575291502,0.0019298699629045986,0.0004228406053754484,0.0015070293560221209,0.491273628373101,0.2,0.2,0.2,0.2,0.2,0.1882230259401587,0.1524146515088714,0.260357108915913,0.21672918513041856,0.18227602850463828,0.1999999998,0.1999999998,0.1999999998,0.1999999998,0.1999999998
2024-06-14,0.0,20.0,14.461387634277344,bull_normal,63.2,56.3,51.25,-0.00741583214607286,-0.007344567716182978,7.126442988988207e-05,-0.007415832138657028,0.4627840198123215,0.2,0.2,0.2,0.2,0.2,0.183931636529347,0.13846532758909713,0.2682851492024565,0.22048655363991457,0.1888313330391849,0.1999999998,0.1999999998,0.1999999998,0.1999999998,0.1999999998
2024-06-21,0.0,20.0,21.130619049072266,event_stress,57.3,61.8,50.75,-0.0023158349473376186,-0.0014506327034182187,0.0008652022439193999,-0.002315834945021783,0.5120658132501975,0.2,0.2,0.2,0.2,0.2,0.18357300858928513,0.13683354400480166,0.2692667287037742,0.22053154573129546,0.1897951729708434,0.1999999998,0.1999999998,0.1999999998,0.1999999998,0.1999999998
2024-06-28,0.0,20.0,26.27972412109375,event_stress,59.5,60.0,37.25,-0.0003544988904464519,0.00042747231471481354,0.0007819712051612654,-0.0003544988900919529,0.5859325581999122,0.2,0.2,0.2,0.2,0.2,0.18982098153220192,0.15819892128118435,0.25603745362091646,0.21678559722514545,0.17915704634055177,0.1999999998,0.1999999998,0.1999999998,0.1999999998,0.1999999998
2024-07-05,0.0,20.0,18.597579956054688,bull_normal,64.8,66.0,36.25,-0.0025670709789620983,-0.0025846104540508683,-1.7539475088769983e-05,-0.002567070976395027,0.5833665209794554,0.2,0.2,0.2,0.2,0.2,0.1988722659842694,0.1837498019787144,0.241814741788644,0.20680096018434774,0.16876223006402447,0.1999999998,0.1999999998,0.1999999998,0.1999999998,0.1999999998
2024-07-12,0.0,20.0,17.13673973083496,bull_normal,63.7,60.6,45.75,0.0007631973801968768,0.0009129541489136548,0.00014975676871677808,0.0007631973794336791,0.5806625237451513,0.2,0.2,0.2,0.2,0.2,0.18436136324451896,0.16321014650357465,0.2605154397660842,0.22316524964179796,0.16874780084402424,0.1999999998,0.1999999998,0.1999999998,0.1999999998,0.1999999998
2024-07-19,0.0,20.0,15.274833679199219,bull_normal,65.22,61.02,48.05,0.003641436825731113,0.0028929022687154858,-0.0007485345570156271,0.003641436822089676,0.5705138186223075,0.2,0.2,0.2,0.2,0.2,0.1878197415164935,0.1504722993948691,0.26138109945808,0.21689519881050737,0.18343166082005,0.1999999998,0.1999999998,0.1999999998,0.1999999998,0.1999999998
2024-07-26,0.0,20.0,15.283838272094727,bull_normal,59.6,59.2,39.5,-0.005242134635920493,-0.003589502401008875,0.0016526322349116182,-0.005242134630678358,0.7150936856397738,0.2,0.2,0.2,0.2,0.2,0.187879699745696,0.1576759891466759,0.2584015803336187,0.21865610143064876,0.1773866293433606,0.1999999998,0.1999999998,0.1999999998,0.1999999998,0.1999999998
2024-08-02,0.0,20.0,12.911852836608887,bull_normal,60.8,59.7,42.4,0.0029359275583937883,0.004549641272553483,0.001613713714159695,0.0029359275554578603,0.7307791651235824,0.2,0.2,0.2,0.2,0.2,0.1876042959996912,0.15392284056668842,0.2600259452293753,0.2182205037968796,0.18022641440736537,0.1999999998,0.1999999998,0.1999999998,0.1999999998,0.1999999998
2024-08-09,0.0,20.0,19.932580947875977,bull_normal,59.7,59.3,47.25,-0.010832850501108828,-0.011477450005723602,-0.0006445995046147745,-0.01083285049027598,0.6360963779040557,0.2,0.2,0.2,0.2,0.2,0.1846715328512123,0.14087694390126212,0.2671255781615984,0.21959742836195245,0.18772851672397475,0.1999999998,0.1999999998,0.1999999998,0.1999999998,0.1999999998
2024-08-16,0.0,20.0,19.529560089111328,bull_normal,62.2,60.8,44.25,-0.0034595367008833423,-0.004219981510019781,-0.0007604448091364387,-0.0034595366974238054,0.6013394294889516,0.2,0.2,0.2,0.2,0.2,0.18811168511066337,0.1523389183944174,0.2606103484518714,0.21671017307254462,0.1822288749705032,0.1999999998,0.1999999998,0.1999999998,0.1999999998,0.1999999998
2024-08-23,0.0,20.0,13.71949577331543,bull_normal,62.7,60.95,45.55,0.0022541396027719648,0.002930635887794507,0.0006764962850225424,0.002254139600517825,0.5676378342261552,0.2,0.2,0.2,0.2,0.2,0.18773442895248377,0.1509405331496583,0.2613989449538344,0.21697142601626745,0.18295466692775608,0.1999999998,0.1999999998,0.1999999998,0.1999999998,0.1999999998
2024-08-30,0.0,20.0,20.047189712524414,event_stress,59.3,59.5,45.25,0.0012136095999162693,0.00024456701395548646,-0.0009690425859607828,0.0012136095987026593,0.6167967383275565,0.2,0.2,0.2,0.2,0.2,0.18548234427815097,0.14413913149559796,0.26555734410023074,0.21883424582687733,0.18598693429914304,0.1999999998,0.1999999998,0.1999999998,0.1999999998,0.1999999998
2024-09-06,0.0,20.0,19.221166610717773,bull_normal,60.55,60.45,44.449999999999996,0.001141001410737201,0.0030750163400585944,0.0019340149293213935,0.0011410014095961987,0.7330049507959188,0.2,0.2,0.2,0.2,0.2,0.18688712895128612,0.148688628715363,0.2628341935450196,0.2177558792916661,0.18383416949666523,0.1999999998,0.1999999998,0.1999999998,0.1999999998,0.1999999998
2024-09-13,0.0,20.0,15.765263557434082,bull_normal,59.2,59.7,52.25,-0.002034958726688388,-0.0004137751952638846,0.0016211835314245036,-0.0020349587246534287,0.7209501464973681,0.2,0.2,0.2,0.2,0.2,0.18391251382374962,0.13906960161526413,0.26861662260338787,0.22001746495806357,0.1883837969995349,0.1999999998,0.1999999998,0.1999999998,0.1999999998,0.1999999998
2024-09-20,0.0,20.0,17.032398223876953,bull_normal,64.0,62.0,42.25,0.001579599187343958,0.0012510899065556029,-0.0003285092807883551,0.0015795991857643586,0.6733247608596983,0.2,0.2,0.2,0.2,0.2,0.19090353462817827,0.1609858513273057,0.25544832787156047,0.2143626601439428,0.1782996260290127,0.1999999998,0.1999999998,0.1999999998,0.1999999998,0.1999999998
2024-09-27,0.0,20.0,242.85665893554688,event_stress,66.5,64.5,43.75,0.03257099345194888,0.028478678223078212,-0.004092315228870668,0.032570993419377886,1.0,0.2,0.2,0.2,0.2,0.2,0.18870393011937606,0.18170232636990083,0.2523049086227389,0.21864024269503102,0.1586485921929531,0.1999999998,0.1999999998,0.1999999998,0.1999999998,0.1999999998
2024-10-04,0.0,20.0,579.437255859375,event_stress,63.0,63.5,48.5,0.042521526456215084,0.032835053335964016,-0.009686473120251067,0.04252152641369355,1.0,0.2,0.2,0.2,0.2,0.2,0.1843810284843725,0.1621065097627801,0.26103365925926547,0.22275724967250993,0.16972155282107199,0.1999999998,0.1999999998,0.1999999998,0.1999999998,0.1999999998
2024-10-11,0.0,20.0,126.14768981933594,event_stress,62.8,64.0,38.0,-3.0977707646698515e-06,0.00046601491663639515,0.000469112687401065,-3.0977707615725718e-06,0.8416289634954564,0.2,0.2,0.2,0.2,0.2,0.1873245595372873,0.18175640434015314,0.25344870663262414,0.22049806843025996,0.1569722610596755,0.1999999998,0.1999999998,0.1999999998,0.1999999998,0.1999999998
2024-10-18,0.0,20.0,68.40298461914062,event_stress,66.0,59.0,42.5,0.004528012262540754,0.004470614708632118,-5.739755390863667e-05,0.004528012258012742,0.7466595026571071,0.2,0.2,0.2,0.2,0.2,0.1900764039721085,0.1639721525159665,0.2546111400694876,0.21660428204413473,0.1747360213983027,0.1999999998,0.1999999998,0.1999999998,0.1999999998,0.1999999998
2024-10-25,0.0,20.0,42.712074279785156,event_stress,67.6,64.7,48.75,-0.0030511114179900753,-0.003883709743755074,-0.0008325983257649987,-0.003051111414938964,0.624997907491704,0.2,0.2,0.2,0.2,0.2,0.19096372899933803,0.159513537146061,0.25617051740628216,0.2137040571196499,0.1796481593286688,0.1999999998,0.1999999998,0.1999999998,0.1999999998,0.1999999998
2024-11-01,0.0,20.0,23.982830047607422,event_stress,67.34,64.62,48.849999999999994,0.0008795775007573004,0.0015987512640917632,0.0007191737633344628,0.0008795774998777229,0.5506453134566602,0.2,0.2,0.2,0.2,0.2,0.19074284078082118,0.15882608135308846,0.25659562038271133,0.2138711930569989,0.17996426442638014,0.1999999998,0.1999999998,0.1999999998,0.1999999998,0.1999999998
2024-11-08,0.0,20.0,10.305638313293457,bull_normal,62.5,61.2,42.25,0.005224674884875582,0.004173017583319826,-0.0010516573015557562,0.005224674879650906,0.49128907429664154,0.2,0.2,0.2,0.2,0.2,0.1891665764257403,0.1581919870845267,0.2563573856604263,0.21793167892737572,0.17835237190193093,0.1999999998,0.1999999998,0.1999999998,0.1999999998,0.1999999998
2024-11-15,0.0,20.0,26.35165023803711,event_stress,61.95,60.9,42.849999999999994,-0.008051846970299894,-0.007539771925421537,0.000512075044878357,-0.008051846962248047,0.4807919057317691,0.2,0.2,0.2,0.2,0.2,0.1850601198642191,0.16422010843547974,0.25925466925519214,0.2227895858748757,0.16867551657023327,0.1999999998,0.1999999998,0.1999999998,0.1999999998,0.1999999998
2024-11-22,0.0,20.0,25.66501235961914,event_stress,59.0,58.0,36.25,0.0014586862574399158,0.0024090702699577906,0.0009503840125178748,0.0014586862559812302,0.5462389702523371,0.2,0.2,0.2,0.2,0.2,0.1884322110726637,0.154799244876561,0.25794419570288807,0.2185244669405943,0.180299881407293,0.1999999998,0.1999999998,0.1999999998,0.1999999998,0.1999999998
2024-11-29,0.0,20.0,17.266902923583984,bull_normal,65.3,60.0,47.0,0.0004944576091978133,0.00017159115630398513,-0.0003228664528938282,0.0004944576087033556,0.4709682259233858,0.2,0.2,0.2,0.2,0.2,0.18768291118566735,0.14968637385774036,0.26077439537071073,0.21808275255820694,0.18377356702767444,0.1999999998,0.1999999998,0.1999999998,0.1999999998,0.1999999998
2024-12-06,0.0,20.0,17.27111053466797,bull_normal,67.05,63.6,46.5,-0.002051385347112449,-0.0014068900757881803,0.000644495271324269,-0.0020513853450610637,0.43753680807892864,0.2,0.2,0.2,0.2,0.2,0.19134826697334778,0.16088853430528194,0.2550756237102677,0.21378536884447252,0.17890220616663008,0.1999999998,0.1999999998,0.1999999998,0.1999999998,0.1999999998
2024-12-13,0.0,20.0,23.88559341430664,event_stress,66.0,68.1,44.0,0.0065705414387296456,0.008363101604728192,0.0017925601659985468,0.006570541432159104,0.5124234561823482,0.2,0.2,0.2,0.2,0.2,0.195273772498834,0.1727070447036379,0.24866165185352207,0.20958089813039815,0.17377663281360795,0.1999999998,0.1999999998,0.1999999998,0.1999999998,0.1999999998
2024-12-20,0.0,20.0,19.114971160888672,bull_normal,66.8,66.2,47.25,-0.0016018524237659264,-0.0013619645056879685,0.00023988791807795788,-0.0016018524221640738,0.4588101332641481,0.2,0.2,0.2,0.2,0.2,0.19233396038306083,0.16375558688959507,0.2537716560369944,0.212396514044962,0.17774228264538786,0.1999999998,0.1999999998,0.1999999998,0.1999999998,0.1999999998
2024-12-27,0.0,20.0,14.810264587402344,bull_normal,60.5,61.4,52.75,0.0006115098095512612,-0.00035188711464393703,-0.0009633969241951983,0.0006115098089397513,0.4072989623366802,0.2,0.2,0.2,0.2,0.2,0.18494104461295788,0.1429938765707142,0.2662633985311153,0.21951633204772128,0.18628534823749135,0.1999999998,0.1999999998,0.1999999998,0.1999999998,0.1999999998
2025-01-03,0.0,20.0,20.17166519165039,event_stress,71.2,69.4,52.75,0.00011976931394653355,0.0014029277478631338,0.0012831584339166003,0.00011976931382676401,0.4453081238496961,0.2,0.2,0.2,0.2,0.2,0.1961963592702143,0.17531113731075373,0.2468838739336139,0.2089428268024471,0.17266580268297094,0.1999999998,0.1999999998,0.1999999998,0.1999999998,0.1999999998
2025-01-10,0.0,20.0,17.136428833007812,bull_normal,70.6,69.22,52.849999999999994,-0.005887716800733313,-0.00686221533086864,-0.000974498530135327,-0.005887716794845597,0.41448745375696056,0.2,0.2,0.2,0.2,0.2,0.19573408224346944,0.174058402082054,0.24766735526130662,0.20937550470451027,0.17316465570865971,0.1999999998,0.1999999998,0.1999999998,0.1999999998,0.1999999998
2025-01-17,0.0,20.0,18.00389862060547,bull_normal,61.5,57.5,48.2,0.004307522258390968,0.003342946794458466,-0.0009645754639325019,0.0043075222540834455,0.4197922390077834,0.2,0.2,0.2,0.2,0.2,0.1844137310292733,0.13995041136510827,0.2678946471392417,0.21950339517429363,0.188237815292083,0.1999999998,0.1999999998,0.1999999998,0.1999999998,0.1999999998
2025-01-24,0.0,20.0,16.795421600341797,bull_normal,63.540000000000006,64.32000000000001,47.25,0.0009401637658781249,0.00015824056507992047,-0.0007819232007982044,0.0009401637649379611,0.386657938354613,0.2,0.2,0.2,0.2,0.2,0.18937073849179636,0.15653278751987457,0.2584217460720453,0.21542705120994124,0.18024767670634248,0.1999999998,0.1999999998,0.1999999998,0.1999999998,0.1999999998
2025-01-31,0.0,20.0,11.09433364868164,bull_normal,68.5,68.0,50.0,0.001304844688259733,0.001618810626591944,0.000313965938332211,0.0013048446869548883,0.32920025304517203,0.2,0.2,0.2,0.2,0.2,0.19287545751382495,0.16460907457733173,0.25322613514296954,0.21159091445810627,0.17769841830776748,0.1999999998,0.1999999998,0.1999999998,0.1999999998,0.1999999998
2025-02-07,0.0,20.0,13.195215225219727,bull_normal,69.5,65.8,47.0,0.00880987956356523,0.008867133047517075,5.725348395184404e-05,0.00880987955475535,0.3093438073220418,0.2,0.2,0.2,0.2,0.2,0.19386686139112025,0.16823862239219514,0.24951371632050115,0.2128116710620454,0.17556912883413806,0.1999999998,0.1999999998,0.1999999998,0.1999999998,0.1999999998
2025-02-14,0.0,20.0,14.026698112487793,bull_normal,65.0,63.0,42.5,-0.002265427207689908,-0.003356642044495479,-0.001091214836805571,-0.002265427205424481,0.3278207677657404,0.2,0.2,0.2,0.2,0.2,0.19221258527611393,0.16448939881238656,0.2533821947542501,0.21297042292928103,0.17694539822796831,0.1999999998,0.1999999998,0.1999999998,0.1999999998,0.1999999998
2025-02-21,0.0,20.0,18.47249984741211,bull_normal,68.3,64.3,42.95,-0.002730405881244418,-0.003964216597282457,-0.0012338107160380384,-0.0027304058785140124,0.32853198194018013,0.2,0.2,0.2,0.2,0.2,0.19455813530962443,0.1704571015831932,0.24870158163657147,0.21167459384000425,0.1746085876306066,0.1999999998,0.1999999998,0.1999999998,0.1999999998,0.1999999998
2025-02-28,0.0,20.0,21.692710876464844,event_stress,70.6,66.6,42.449999999999996,-0.007480638853888672,-0.007783201335594004,-0.000302562481705332,-0.007480638846408032,0.29834959300027686,0.2,0.2,0.2,0.2,0.2,0.19871727409025333,0.1821116544489581,0.24244836299331202,0.20677855791327576,0.16994415055420076,0.1999999998,0.1999999998,0.1999999998,0.1999999998,0.1999999998
2025-03-07,0.0,20.0,12.181278228759766,bull_normal,71.4,65.7,55.75,-0.001113480367701339,-0.001359506916843335,-0.0002460265491419961,-0.0011134803665878584,0.2630409130475832,0.2,0.2,0.2,0.2,0.2,0.19414438571230708,0.17141860033138334,0.24910959524307646,0.21195364625763607,0.173373772455597,0.1999999998,0.1999999998,0.1999999998,0.1999999998,0.1999999998
2025-03-14,0.0,20.0,18.04887580871582,bull_normal,69.9,66.2,47.75,0.0021088639691362386,0.0017792513036101437,-0.0003296126655260949,0.0021088639670273743,0.24456095590252247,0.2,0.2,0.2,0.2,0.2,0.19422029730277857,0.1687896961044865,0.2506378371043776,0.21057452748707964,0.17577764200127782,0.1999999998,0.1999999998,0.1999999998,0.1999999998,0.1999999998
2025-03-21,0.0,20.0,17.730093002319336,bull_normal,68.0,59.5,52.75,-0.004579415959213101,-0.004436964653821999,0.0001424513053911022,-0.0045794159546336845,0.24632289104162847,0.2,0.2,0.2,0.2,0.2,0.18778462454858721,0.15159866905482436,0.26071726722084726,0.21750255936825738,0.18239687980748384,0.1999999998,0.1999999998,0.1999999998,0.1999999998,0.1999999998
2025-03-28,0.0,20.0,14.578508377075195,bull_normal,70.1,63.5,40.75,0.0011396571558678333,0.001637724500519303,0.0004980673446514697,0.0011396571547281759,0.24353893670542195,0.2,0.2,0.2,0.2,0.2,0.19731725594976895,0.17894220364245006,0.244569461857616,0.20824598184403476,0.17092509670613015,0.1999999998,0.1999999998,0.1999999998,0.1999999998,0.1999999998
2025-04-04,0.0,20.0,21.403427124023438,event_stress,65.0,57.0,38.75,0.005217138359245075,0.006187577788092259,0.0009704394288471835,0.005217138354027936,0.2663736328195993,0.2,0.2,0.2,0.2,0.2,0.19286574627821276,0.16574463978619777,0.25274649609218086,0.2119243751862281,0.17671874265718046,0.1999999998,0.1999999998,0.1999999998,0.1999999998,0.1999999998
2025-04-11,0.0,20.0,20.59331512451172,event_stress,70.6,74.1,42.7,0.0022323106899963326,0.00228030021847956,4.798952848322725e-05,0.0022323106877640215,0.2704119132251992,0.2,0.2,0.2,0.2,0.2,0.20570242784979512,0.20117670611736105,0.2308156315794907,0.19997321719665678,0.1623320172566964,0.1999999998,0.1999999998,0.1999999998,0.1999999998,0.1999999998
2025-04-18,0.0,20.0,21.958120346069336,event_stress,71.64000000000001,72.42,42.8,0.0009868508197293866,0.0010024334382021138,1.558261847272712e-05,0.000986850818742536,0.30978928189425436,0.2,0.2,0.2,0.2,0.2,0.2042825756638283,0.19674937199001433,0.23411019263595065,0.20039907494329118,0.16445878476691553,0.1999999998,0.1999999998,0.1999999998,0.1999999998,0.1999999998
2025-04-25,0.0,20.0,30.134929656982422,event_stress,61.2,55.6,51.2,-0.002522708329664245,-0.0032712111356713886,-0.0007485028060071437,-0.0025227083271415363,0.27627949748801806,0.2,0.2,0.2,0.2,0.2,0.18303336820939525,0.13491025779034443,0.27004249991973067,0.22129628590158495,0.1907175881789448,0.1999999998,0.1999999998,0.1999999998,0.1999999998,0.1999999998
2025-05-02,0.0,20.0,24.607986450195312,event_stress,62.64000000000001,57.27,53.199999999999996,-0.003444384249709785,-0.0029985818196271467,0.00044580243008263826,-0.0034443842462654004,0.26544692800463027,0.2,0.2,0.2,0.2,0.2,0.18434300140891505,0.14066269763557693,0.2668642661324316,0.22070626231954435,0.18742377250353207,0.1999999998,0.1999999998,0.1999999998,0.1999999998,0.1999999998
2025-05-09,0.0,20.0,20.83251953125,event_stress,68.0,65.2,42.5,0.001769098404494414,0.0017849786139405922,1.5880209446178083e-05,0.0017690984027253155,0.22862981385526246,0.2,0.2,0.2,0.2,0.2,0.19571286689898365,0.17421913337909592,0.24754266195808555,0.20953435321401287,0.17299098454982198,0.1999999998,0.1999999998,0.1999999998,0.1999999998,0.1999999998
2025-05-16,0.0,20.0,30.42140007019043,event_stress,67.52000000000001,65.12,45.05,-0.0073024671022899924,-0.00845115012727353,-0.0011486830249835371,-0.007302467094987525,0.2397275063078165,0.2,0.2,0.2,0.2,0.2,0.1932852051066781,0.16651859610313843,0.2513006313787483,0.21246007202724773,0.17643549538418749,0.1999999998,0.1999999998,0.1999999998,0.1999999998,0.1999999998
2025-05-23,0.0,20.0,17.393173217773438,bull_normal,66.0,65.5,42.5,0.004034399049307421,0.004239720475977233,0.00020532142666981196,0.004034399045273022,0.2530250647177099,0.2,0.2,0.2,0.2,0.2,0.1938839070020409,0.16856952770294162,0.24960076268300166,0.21260040537988312,0.17534539723213274,0.1999999998,0.1999999998,0.1999999998,0.1999999998,0.1999999998
2025-05-30,0.0,20.0,12.620182037353516,bull_normal,66.02000000000001,66.79,41.9,-0.0031210401446029644,-0.0034225331994786304,-0.000301493054875666,-0.0031210401414819237,0.2363499027702331,0.2,0.2,0.2,0.2,0.2,0.19528811257826453,0.17252900131737106,0.24731556040320088,0.21114342581206108,0.17372389988910242,0.1999999998,0.1999999998,0.1999999998,0.1999999998,0.1999999998
2025-06-06,0.0,20.0,11.836191177368164,bull_normal,61.2,66.4,39.25,0.005393771008104616,0.00561462599369859,0.00022085498559397398,0.005393771002710844,0.2128440598594027,0.2,0.2,0.2,0.2,0.2,0.1936797036190544,0.1690996196591633,0.2502762658972127,0.21217761121979853,0.17476679960477104,0.1999999998,0.1999999998,0.1999999998,0.1999999998,0.1999999998
2025-06-13,0.0,20.0,8.935701370239258,bull_normal,62.3,60.0,52.25,0.001039966960128211,0.0010031344896464939,-3.683247048171705e-05,0.001039966959088244,0.19533895056024822,0.2,0.2,0.2,0.2,0.2,0.18552656482212546,0.14363033528388797,0.26520346081132684,0.21925065571949687,0.18638898336316298,0.1999999998,0.1999999998,0.1999999998,0.1999999998,0.1999999998
2025-06-20,0.0,20.0,9.917930603027344,bull_normal,64.32000000000001,59.95,54.099999999999994,-0.0027579135371613257,-0.002677566924458496,8.034661270282968e-05,-0.002757913534403412,0.19700395240370058,0.2,0.2,0.2,0.2,0.2,0.18588612000488386,0.14659509399274226,0.2633473138078288,0.21992903013901502,0.18424244205553003,0.1999999998,0.1999999998,0.1999999998,0.1999999998,0.1999999998
2025-06-27,0.0,20.0,8.465886116027832,bull_normal,62.94,58.8,54.699999999999996,-0.0032493915437633923,-0.0036741112036206285,-0.0004247196598572362,-0.0032493915405140007,0.207148532139572,0.2,0.2,0.2,0.2,0.2,0.18341266707640963,0.14960202806675646,0.2645119027291203,0.22366087385413852,0.17881252827357513,0.1999999998,0.1999999998,0.1999999998,0.1999999998,0.1999999998
2025-07-04,0.0,20.0,11.096841812133789,bull_normal,59.7,60.8,39.25,0.002488160066995281,0.0022692510568667985,-0.00021890901012848246,0.0024881600645071207,0.17360329012778583,0.2,0.2,0.2,0.2,0.2,0.1890020689961699,0.1560108806011021,0.25789785169892504,0.21699870967682391,0.180090489026979,0.1999999998,0.1999999998,0.1999999998,0.1999999998,0.1999999998
2025-07-11,0.0,20.0,11.441459655761719,bull_normal,65.8,60.7,56.0,-0.0014077171029945078,-0.002299993779435112,-0.0008922766764406043,-0.0014077171015867908,0.16635583786268152,0.2,0.2,0.2,0.2,0.2,0.18705275468560523,0.15172637356508326,0.26073913222559625,0.21914389568827566,0.18133784383543966,0.1999999998,0.1999999998,0.1999999998,0.1999999998,0.1999999998
2025-07-18,0.0,20.0,10.065231323242188,bull_normal,67.32000000000001,62.15,55.75,0.0024979574052335285,0.002077530894487763,-0.00042042651074576535,0.0024979574027355705,0.1811366206886847,0.2,0.2,0.2,0.2,0.2,0.18889954963910155,0.1569056814208222,0.25776940940510085,0.21719237768360966,0.1792329818513658,0.1999999998,0.1999999998,0.1999999998,0.1999999998,0.1999999998
2025-07-25,0.0,20.0,9.69139289855957,bull_normal,60.3,59.3,42.25,-0.0030252956519481195,-0.004094792386576873,-0.0010694967346287533,-0.0030252956489228234,0.183011324588896,0.2,0.2,0.2,0.2,0.2,0.187229041200004,0.1502973727824188,0.261880198591382,0.2177226131623595,0.18287077426383563,0.1999999998,0.1999999998,0.1999999998,0.1999999998,0.1999999998
2025-08-01,0.0,20.0,7.673639297485352,bull_normal,62.120000000000005,58.75,45.15,-0.002815348114494927,-0.0023475726078338857,0.0004677755066610414,-0.002815348111679579,0.18406269872220615,0.2,0.2,0.2,0.2,0.2,0.1865856483800026,0.14751459034552122,0.2634084771416719,0.2180414989932858,0.18444978513951837,0.1999999998,0.1999999998,0.1999999998,0.1999999998,0.1999999998
2025-08-08,0.0,20.0,6.28231954574585,bull_normal,65.8,61.2,57.25,0.00413699306695676,0.004175273219667235,3.828015271047525e-05,0.004136993062819767,0.16398585038048466,0.2,0.2,0.2,0.2,0.2,0.1871239188721568,0.15246762708043932,0.25968570803092184,0.22003875684338675,0.18068398917309536,0.1999999998,0.1999999998,0.1999999998,0.1999999998,0.1999999998
2025-08-15,0.0,20.0,6.668877601623535,bull_normal,69.2,61.1,42.25,0.0003171834279711641,-0.0004990938542774641,-0.0008162772822486282,0.00031718342765398033,0.16617130478709444,0.2,0.2,0.2,0.2,0.2,0.1936070326894181,0.16795223271770884,0.25012902951105237,0.2127626956422642,0.17554900943955654,0.1999999998,0.1999999998,0.1999999998,0.1999999998,0.1999999998
2025-08-22,0.0,20.0,7.149256229400635,bull_normal,69.24000000000001,59.95,41.75,-0.0005773963463674039,-0.0013480815699211852,-0.0007706852235537813,-0.0005773963457900075,0.19502082226253015,0.2,0.2,0.2,0.2,0.2,0.19337165745335366,0.1678958648617438,0.25092085589617763,0.2124034663264627,0.17540815546226235,0.1999999998,0.1999999998,0.1999999998,0.1999999998,0.1999999998
2025-08-29,0.0,20.0,8.64034652709961,bull_normal,64.5,61.1,45.5,0.003679668085143343,0.003486020346857805,-0.0001936477382855381,0.003679668081463675,0.1661718524606333,0.2,0.2,0.2,0.2,0.2,0.18884459873606171,0.15421347185248763,0.25937010901847973,0.21604593388669416,0.18152588650627685,0.1999999998,0.1999999998,0.1999999998,0.1999999998,0.1999999998
2025-09-05,0.0,20.0,6.255481719970703,bull_normal,58.0,57.0,43.75,0.0014621121095695628,0.0021808598550066114,0.0007187477454370485,0.0014621121081074505,0.2122985493864263,0.2,0.2,0.2,0.2,0.2,0.18446135309735,0.14315171447631492,0.2661601914293295,0.220712184820783,0.18551455617622262,0.1999999998,0.1999999998,0.1999999998,0.1999999998,0.1999999998
2025-09-12,0.0,20.0,8.000490188598633,bull_normal,61.6,56.6,42.949999999999996,0.0026175017181971016,0.0024875091411472243,-0.00012999257704987728,0.0026175017155795994,0.19716600201886691,0.2,0.2,0.2,0.2,0.2,0.18596761157935884,0.15212985088080228,0.2619615013468233,0.22015469073333807,0.1797863454596775,0.1999999998,0.1999999998,0.1999999998,0.1999999998,0.1999999998
2025-09-19,0.022801466286182404,20.0,4.776209831237793,bull_normal,58.8,55.5,34.25,-0.0033374990439579166,-0.0031722130916006946,0.000165285952357222,-0.003333730278553934,0.18039402573061672,0.2,0.2,0.2,0.2,0.2,0.18823421802196272,0.1554810664382355,0.2587484451726793,0.2179057353707188,0.17963053499640363,0.1997317227191655,0.19898490283830975,0.20133955049063093,0.20040827682097648,0.1995355461309174
2025-09-26,0.0,20.0,40.372825622558594,event_stress,62.5,56.4,45.5,-0.007250262080502361,-0.009470277392346939,-0.0022200153118445776,-0.007250262073252098,0.2575307748294719,0.2,0.2,0.2,0.2,0.2,0.18566205745539419,0.14442398652332283,0.26518576965040214,0.21878698267881844,0.1859412036920625,0.1999999998,0.1999999998,0.1999999998,0.1999999998,0.1999999998
2025-10-03,0.0,20.0,23.657787322998047,event_stress,61.67,55.10999999999999,47.345,0.003562719513251997,0.003466470679059897,-9.624883419210011e-05,0.0035627195096892775,0.22835118273110516,0.2,0.2,0.2,0.2,0.2,0.18395656533669147,0.13856362224848873,0.26867962038871795,0.21995131691133232,0.18884887511476953,0.1999999998,0.1999999998,0.1999999998,0.1999999998,0.1999999998
2025-10-10,0.0,20.0,32.646697998046875,event_stress,67.2,67.1,45.2,0.004334164728550701,0.005095323541380866,0.0007611588128301648,0.004334164724216536,0.28517368048829767,0.2,0.2,0.2,0.2,0.2,0.19460162596981845,0.17054015046475973,0.24980899624488073,0.2102747701176862,0.17477445720285498,0.1999999998,0.1999999998,0.1999999998,0.1999999998,0.1999999998
2025-10-17,0.0,20.0,46.85993957519531,event_stress,68.9,67.6,42.3,0.0052083210802841865,0.00597211158873877,0.0007637905084545834,0.005208321075075865,0.45086477235745415,0.2,0.2,0.2,0.2,0.2,0.19801158680741504,0.1799189129356547,0.24319884753714502,0.2080147993657066,0.17085585335407869,0.1999999998,0.1999999998,0.1999999998,0.1999999998,0.1999999998
2025-10-24,0.0,20.0,34.37996292114258,event_stress,70.2,74.8,40.55,4.433203071490438e-05,-0.00033471124916327146,-0.00037904327987817583,4.4332030670571404e-05,0.4360848857420551,0.2,0.2,0.2,0.2,0.2,0.2060088606045912,0.20086324487302093,0.22988616896313563,0.20040667508046356,0.16283505047878868,0.1999999998,0.1999999998,0.1999999998,0.1999999998,0.1999999998
2025-10-31,0.0,20.0,12.87620735168457,bull_normal,66.1,64.3,45.05,-0.0004797211884437688,0.0002240723609193166,0.0007037935493630854,-0.00047972118796404733,0.43050869167768596,0.2,0.2,0.2,0.2,0.2,0.1918691991025327,0.1627823460996801,0.25390572165792075,0.21352628682495634,0.17791644631491016,0.1999999998,0.1999999998,0.1999999998,0.1999999998,0.1999999998
2025-11-07,0.0,20.0,13.03089714050293,bull_normal,61.0,57.5,42.75,0.00016860748190659742,-0.00028216622601481275,-0.0004507737079214102,0.0001686074817379899,0.36511717562658275,0.2,0.2,0.2,0.2,0.2,0.18651613392007868,0.14793871358459196,0.26319114678350886,0.21836274071724182,0.18399126499457866,0.1999999998,0.1999999998,0.1999999998,0.1999999998,0.1999999998
2025-11-14,0.0,20.0,9.51344108581543,bull_normal,68.0,58.5,47.75,1.8877571724937333e-05,0.00046252706642660105,0.0004436494947016637,1.8877571706060076e-05,0.34997856788960174,0.2,0.2,0.2,0.2,0.2,0.18780024828108338,0.14992677172400148,0.26036501266021855,0.21823316928866612,0.1836747980460304,0.1999999998,0.1999999998,0.1999999998,0.1999999998,0.1999999998
2025-11-21,0.0,20.0,7.855384826660156,bull_normal,63.1,56.8,49.7,-0.011483630652473983,-0.010283977486346603,0.0011996531661273794,-0.011483630640990351,0.3474617350160933,0.2,0.2,0.2,0.2,0.2,0.18395601426775485,0.13757667092288295,0.26814914739717255,0.220778411154071,0.18953975625811867,0.1999999998,0.1999999998,0.1999999998,0.1999999998,0.1999999998
2025-11-28,0.0,20.0,12.405293464660645,bull_normal,56.5,53.5,59.25,0.005656167425842437,0.00496115238011953,-0.0006950150457229066,0.00565616742018627,0.3156185033821971,0.2,0.2,0.2,0.2,0.2,0.18035410538978366,0.13229260440325807,0.27208358790989445,0.22569882178883233,0.18957088050823157,0.1999999998,0.1999999998,0.1999999998,0.1999999998,0.1999999998
2025-12-05,0.0,20.0,9.878982543945312,bull_normal,54.5,56.0,29.5,-0.0020485768202593763,-0.001986083173807069,6.249364645230732e-05,-0.0020485768182107993,0.2965231465620564,0.2,0.2,0.2,0.2,0.2,0.1874277283453134,0.15905632045185578,0.25712621961144116,0.22088135579234963,0.17550837579904,0.1999999998,0.1999999998,0.1999999998,0.1999999998,0.1999999998
2025-12-12,0.0,20.0,6.7934980392456055,bull_normal,54.19,53.69,34.84,-0.0018893871229660915,-0.0011818837292015996,0.0007075033937644919,-0.0018893871210767044,0.2657995382409565,0.2,0.2,0.2,0.2,0.2,0.18664312475663605,0.15079542707231722,0.26247968841609126,0.2182782099402014,0.18180354981475397,0.1999999998,0.1999999998,0.1999999998,0.1999999998,0.1999999998
2025-12-19,0.0,20.0,6.885918617248535,bull_normal,59.3,53.1,51.2,-0.0004957099325687705,-3.843564658769391e-05,0.0004572742859810766,-0.0004957099320730605,0.23827274895488917,0.2,0.2,0.2,0.2,0.2,0.17823920315110747,0.1388789914648303,0.2722067104298367,0.2290366885825929,0.18163840637163262,0.1999999998,0.1999999998,0.1999999998,0.1999999998,0.1999999998
2025-12-26,0.0,20.0,20.51524543762207,event_stress,60.2,50.5,54.45,0.004062545834960922,0.002574221460415293,-0.0014883243745456294,0.004062545830898376,0.22620556819651355,0.2,0.2,0.2,0.2,0.2,0.18101397876887115,0.13276434370548773,0.272183311993981,0.22395466490418653,0.1900837006274736,0.1999999998,0.1999999998,0.1999999998,0.1999999998,0.1999999998
2026-01-02,0.0,20.0,21.75489044189453,event_stress,60.0,60.5,40.75,-0.008940421318414634,-0.010274583419181946,-0.0013341621007673127,-0.00894042130947421,0.22180865815974288,0.2,0.2,0.2,0.2,0.2,0.18814391800888797,0.152930863317511,0.2593778842631293,0.21793438262975748,0.18161295178071424,0.1999999998,0.1999999998,0.1999999998,0.1999999998,0.1999999998
2026-01-09,0.0,20.0,20.839658737182617,event_stress,61.34000000000001,61.720000000000006,42.75,0.007326819171402259,0.006324499634563847,-0.001002319536838412,0.007326819164075439,0.2083746576238799,0.2,0.2,0.2,0.2,0.2,0.18883821159053954,0.1549418443060487,0.25915113688650354,0.21615758569074817,0.18091122152616015,0.1999999998,0.1999999998,0.1999999998,0.1999999998,0.1999999998
2026-01-16,0.0,20.0,19.875621795654297,bull_normal,61.739999999999995,62.73,43.65,-0.0003638300658973202,0.0007287708301809662,0.0010926008960782864,-0.0003638300655334902,0.22563769578503717,0.2,0.2,0.2,0.2,0.2,0.18868065741330814,0.1633612645732822,0.25659908896801814,0.2176661726312565,0.17369281641413514,0.1999999998,0.1999999998,0.1999999998,0.1999999998,0.1999999998
2026-01-23,0.0,20.0,21.636674880981445,event_stress,61.34000000000001,60.85,45.949999999999996,0.0007496827830314651,0.0019840334182785213,0.0012343506352470563,0.0007496827822817834,0.32306790687373876,0.2,0.2,0.2,0.2,0.2,0.18672466959192316,0.15042478005262247,0.2616563492975453,0.2191217180272471,0.1820724830306621,0.1999999998,0.1999999998,0.1999999998,0.1999999998,0.1999999998
2026-01-30,0.0,20.0,37.23126220703125,event_stress,58.8,52.0,37.75,0.0024267620802736504,0.0027873752293782845,0.0003606131491046341,0.0024267620778468885,0.29292898336890266,0.2,0.2,0.2,0.2,0.2,0.1847237219070513,0.143172733419958,0.2645583080453662,0.22195378674457436,0.18559144988305015,0.1999999998,0.1999999998,0.1999999998,0.1999999998,0.1999999998
2026-02-06,0.0,20.0,44.177467346191406,event_stress,64.2,66.8,53.55,-0.007115920409923692,-0.006745295104170195,0.0003706253057534966,-0.007115920402807772,0.30450593632227363,0.2,0.2,0.2,0.2,0.2,0.1888954075567883,0.15455063631771457,0.25733658873417986,0.21820873084142653,0.18100863654989063,0.1999999998,0.1999999998,0.1999999998,0.1999999998,0.1999999998
2026-02-13,0.0,20.0,34.520530700683594,event_stress,65.6,65.7,55.55,0.00309164092635008,0.0034600339057991934,0.00036839297944911333,0.0030916409232584386,0.26813568521314424,0.2,0.2,0.2,0.2,0.2,0.18908453870977043,0.1564415249804191,0.25613936257817943,0.2187499171857477,0.17958465654588346,0.1999999998,0.1999999998,0.1999999998,0.1999999998,0.1999999998
2026-02-20,0.0,20.0,34.520530700683594,event_stress,66.22,64.47999999999999,55.05,0.00309164092635008,0.0034565479398891296,0.0003649070135390495,0.0030916409232584386,0.2390394843258408,0.2,0.2,0.2,0.2,0.2,0.18938289914852008,0.15801900919881512,0.25721471715447264,0.21647615859574576,0.1789072159024465,0.1999999998,0.1999999998,0.1999999998,0.1999999998,0.1999999998
2026-02-27,0.0,20.0,23.65283966064453,event_stress,64.46000000000001,61.77,57.05,0.0008679812081819752,0.0007864375062340044,-8.154370194797078e-05,0.0008679812073139942,0.2370429610248984,0.2,0.2,0.2,0.2,0.2,0.18690857142343026,0.15214600695671773,0.26079093641183504,0.21932754243046446,0.18082694277755246,0.1999999998,0.1999999998,0.1999999998,0.1999999998,0.1999999998
2026-03-06,0.0,20.0,29.734546661376953,event_stress,66.2,62.3,56.25,0.003430541032490648,0.003409108138370249,-2.1432894120398862e-05,0.003430541029060106,0.36590362609094396,0.2,0.2,0.2,0.2,0.2,0.1876653148912084,0.15578162352114186,0.2580339675601817,0.21998468322823872,0.17853441079922933,0.1999999998,0.1999999998,0.1999999998,0.1999999998,0.1999999998
2026-03-13,0.0,20.0,52.00897216796875,event_stress,59.3,64.1,54.2,0.007380966668572925,0.0060570593650213,-0.0013239073035516257,0.007380966661191958,0.5321021306770075,0.2,0.2,0.2,0.2,0.2,0.18446906139634883,0.15102573317186896,0.2632933633655769,0.22231962487955387,0.17889221718665146,0.1999999998,0.1999999998,0.1999999998,0.1999999998,0.1999999998
2026-03-20,0.0,20.0,52.18888473510742,event_stress,60.220000000000006,63.1,56.86,-0.015599633131796499,-0.014765152489602343,0.0008344806421941558,-0.015599633116196865,0.5320190272995914,0.2,0.2,0.2,0.2,0.2,0.18519139286684705,0.14819143796412748,0.26296374709341774,0.22163795274922443,0.18201546932638332,0.1999999998,0.1999999998,0.1999999998,0.1999999998,0.1999999998
2026-03-27,0.0,20.0,47.55607986450195,event_stress,62.1,64.8,54.9,-0.012999445641194133,-0.013138779443688995,-0.0001393338024948624,-0.012999445628194686,0.45191038823808644,0.2,0.2,0.2,0.2,0.2,0.18730915877505985,0.1517372280502188,0.2610906964218823,0.2181412901866674,0.18172162656617163,0.1999999998,0.1999999998,0.1999999998,0.1999999998,0.1999999998
2026-04-03,0.0,20.0,31.25466537475586,event_stress,62.5,64.0,55.15,-0.003934035567366705,-0.0029237661401235733,0.0010102694272431313,-0.0039340355634326675,0.4281389734023014,0.2,0.2,0.2,0.2,0.2,0.18706206514543589,0.15097427032537092,0.2612025472275938,0.21874774798189242,0.18201336931970694,0.1999999998,0.1999999998,0.1999999998,0.1999999998,0.1999999998
2026-04-10,0.0,20.0,34.60612487792969,event_stress,64.1,65.52000000000001,54.949999999999996,0.007239418070024938,0.006464796809280414,-0.0007746212607445246,0.007239418062785518,0.39794895716964174,0.2,0.2,0.2,0.2,0.2,0.1851267887457904,0.16281377569353428,0.2583341522656284,0.22400248124640154,0.16972280204864543,0.1999999998,0.1999999998,0.1999999998,0.1999999998,0.1999999998
2026-04-17,0.0,20.0,40.85631561279297,event_stress,58.1,67.0,47.75,0.014272106317358584,0.012275872980769272,-0.001996233336589312,0.01427210630308648,0.4045003409201259,0.2,0.2,0.2,0.2,0.2,0.18145780521225272,0.1592822709312934,0.26373673041607226,0.22700293520367773,0.1685202582367039,0.1999999998,0.1999999998,0.1999999998,0.1999999998,0.1999999998
2026-04-24,0.0,20.0,40.85631561279297,event_stress,55.19,63.65999999999999,50.12,0.014272106317358584,0.011877686002679267,-0.002394420314679317,0.01427210630308648,0.4097414479205131,0.2,0.2,0.2,0.2,0.2,0.17761080136051957,0.1462592975607834,0.2708479820288138,0.23047770049393715,0.1748042185559461,0.1999999998,0.1999999998,0.1999999998,0.1999999998,0.1999999998
2026-05-01,0.0,20.0,40.85631561279297,event_stress,55.19,63.65999999999999,50.12,0.014272106317358584,0.011877686002679267,-0.002394420314679317,0.01427210630308648,0.4139343335208229,0.2,0.2,0.2,0.2,0.2,0.17761080136051957,0.1462592975607834,0.2708479820288138,0.23047770049393715,0.1748042185559461,0.1999999998,0.1999999998,0.1999999998,0.1999999998,0.1999999998
