date,code,weight
2015-01-02,000300.SH,0.19144494648504773
2015-01-02,000852.SH,0.16577978654019096
2015-01-02,CBA02701.CS,0.23422021305980903
2015-01-02,AU9999.SGE,0.20855505311495226
2015-01-02,NH0100.NHF,0.1999999998
2015-01-09,000300.SH,0.1920613755192702
2015-01-09,000852.SH,0.1692076597985043
2015-01-09,CBA02701.CS,0.23121113468663423
2015-01-09,AU9999.SGE,0.20833665774067722
2015-01-09,NH0100.NHF,0.1991831712549142
2015-01-16,000300.SH,0.1923316288337469
2015-01-16,000852.SH,0.1694203738530937
2015-01-16,CBA02701.CS,0.2306189531024846
2015-01-16,AU9999.SGE,0.20772214381163023
2015-01-16,NH0100.NHF,0.19990689939904455
2015-01-23,000300.SH,0.1924296042447726
2015-01-23,000852.SH,0.16971841757909042
2015-01-23,CBA02701.CS,0.23028158202090956
2015-01-23,AU9999.SGE,0.20757039535522737
2015-01-23,NH0100.NHF,0.1999999998
2015-01-30,000300.SH,0.19212594618454173
2015-01-30,000852.SH,0.17201714140774985
2015-01-30,CBA02701.CS,0.22920797713431673
2015-01-30,AU9999.SGE,0.2089219859932832
2015-01-30,NH0100.NHF,0.19772694828010842
2015-02-06,000300.SH,0.19245983606631012
2015-02-06,000852.SH,0.17096241628466408
2015-02-06,CBA02701.CS,0.22945547769989205
2015-02-06,AU9999.SGE,0.208050013884116
2015-02-06,NH0100.NHF,0.1990722550650177
2015-02-13,000300.SH,0.19201964536603933
2015-02-13,000852.SH,0.17228982472397147
2015-02-13,CBA02701.CS,0.2291192457099309
2015-02-13,AU9999.SGE,0.20915724156919485
2015-02-13,NH0100.NHF,0.19741404163086348
2015-02-20,000300.SH,0.19249505225353408
2015-02-20,000852.SH,0.16998020961413637
2015-02-20,CBA02701.CS,0.23001978998586362
2015-02-20,AU9999.SGE,0.2075049473464659
2015-02-20,NH0100.NHF,0.1999999998
2015-02-27,000300.SH,0.19249603602819512
2015-02-27,000852.SH,0.1699841447127805
2015-02-27,CBA02701.CS,0.23001585488721948
2015-02-27,AU9999.SGE,0.20750396357180487
2015-02-27,NH0100.NHF,0.1999999998
2015-03-06,000300.SH,0.19249642364465028
2015-03-06,000852.SH,0.16998569517860115
2015-03-06,CBA02701.CS,0.23001430442139884
2015-03-06,AU9999.SGE,0.20750357595534968
2015-03-06,NH0100.NHF,0.1999999998
2015-03-13,000300.SH,0.19259796039096994
2015-03-13,000852.SH,0.17103405034130792
2015-03-13,CBA02701.CS,0.22939339323298621
2015-03-13,AU9999.SGE,0.20776134477208263
2015-03-13,NH0100.NHF,0.1992132502626533
2015-03-20,000300.SH,0.19053425526457055
2015-03-20,000852.SH,0.172753223573765
2015-03-20,CBA02701.CS,0.22999559585842158
2015-03-20,AU9999.SGE,0.21147196273267152
2015-03-20,NH0100.NHF,0.1952449615705713
2015-03-27,000300.SH,0.19242661500366437
2015-03-27,000852.SH,0.17133097574899409
2015-03-27,CBA02701.CS,0.22932332433061892
2015-03-27,AU9999.SGE,0.20817503271343016
2015-03-27,NH0100.NHF,0.19874405120329242
2015-04-03,000300.SH,0.19255663674568554
2015-04-03,000852.SH,0.17065466589245515
2015-04-03,CBA02701.CS,0.22963749961155333
2015-04-03,AU9999.SGE,0.20765584257589673
2015-04-03,NH0100.NHF,0.19949535417440914
2015-04-10,000300.SH,0.19249667349987037
2015-04-10,000852.SH,0.16998669459948143
2015-04-10,CBA02701.CS,0.23001330500051856
2015-04-10,AU9999.SGE,0.20750332610012961
2015-04-10,NH0100.NHF,0.1999999998
2015-04-17,000300.SH,0.1924966752135039
2015-04-17,000852.SH,0.1699867014540156
2015-04-17,CBA02701.CS,0.2300132981459844
2015-04-17,AU9999.SGE,0.2075033243864961
2015-04-17,NH0100.NHF,0.1999999998
2015-04-24,000300.SH,0.19182525233143335
2015-04-24,000852.SH,0.1728427522668228
2015-04-24,CBA02701.CS,0.22905184228466294
2015-04-24,AU9999.SGE,0.20955629154916317
2015-04-24,NH0100.NHF,0.19672386056791769
2015-05-01,000300.SH,0.19249667640559678
2015-05-01,000852.SH,0.16998670622238718
2015-05-01,CBA02701.CS,0.2300132933776128
2015-05-01,AU9999.SGE,0.20750332319440318
2015-05-01,NH0100.NHF,0.1999999998
2015-05-08,000300.SH,0.1924966766291142
2015-05-08,000852.SH,0.16998670711645686
2015-05-08,CBA02701.CS,0.23001329248354316
2015-05-08,AU9999.SGE,0.20750332297088578
2015-05-08,NH0100.NHF,0.1999999998
2015-05-15,000300.SH,0.1924440731965054
2015-05-15,000852.SH,0.1712206851650267
2015-05-15,CBA02701.CS,0.22935409736399
2015-05-15,AU9999.SGE,0.20812267419533703
2015-05-15,NH0100.NHF,0.19885846907914081
2015-05-22,000300.SH,0.19249667722516067
2015-05-22,000852.SH,0.16998670950064262
2015-05-22,CBA02701.CS,0.23001329009935736
2015-05-22,AU9999.SGE,0.20750332237483932
2015-05-22,NH0100.NHF,0.1999999998
2015-05-29,000300.SH,0.19249667696439032
2015-05-29,000852.SH,0.16998670845756134
2015-05-29,CBA02701.CS,0.23001329114243865
2015-05-29,AU9999.SGE,0.20750332263560964
2015-05-29,NH0100.NHF,0.1999999998
2015-06-05,000300.SH,0.19249667726241357
2015-06-05,000852.SH,0.16998670964965426
2015-06-05,CBA02701.CS,0.23001328995034573
2015-06-05,AU9999.SGE,0.20750332233758642
2015-06-05,NH0100.NHF,0.1999999998
2015-06-12,000300.SH,0.19249667700164325
2015-06-12,000852.SH,0.16998670860657297
2015-06-12,CBA02701.CS,0.23001329099342702
2015-06-12,AU9999.SGE,0.20750332259835674
2015-06-12,NH0100.NHF,0.1999999998
2015-06-19,000300.SH,0.19249667729966646
2015-06-19,000852.SH,0.16998670979866584
2015-06-19,CBA02701.CS,0.23001328980133412
2015-06-19,AU9999.SGE,0.20750332230033353
2015-06-19,NH0100.NHF,0.1999999998
2015-06-26,000300.SH,0.19249667703889614
2015-06-26,000852.SH,0.16998670875558458
2015-06-26,CBA02701.CS,0.2300132908444154
2015-06-26,AU9999.SGE,0.20750332256110382
2015-06-26,NH0100.NHF,0.1999999998
2015-07-03,000300.SH,0.1924686536480957
2015-07-03,000852.SH,0.17128767749838483
2015-07-03,CBA02701.CS,0.22928272671342276
2015-07-03,AU9999.SGE,0.2081339611606147
2015-07-03,NH0100.NHF,0.19882697997948198
2015-07-10,000300.SH,0.19250441145847122
2015-07-10,000852.SH,0.170456284442931
2015-07-10,CBA02701.CS,0.22971504831570058
2015-07-10,AU9999.SGE,0.2077296072812102
2015-07-10,NH0100.NHF,0.19959464750168693
2015-07-17,000300.SH,0.19249667737417225
2015-07-17,000852.SH,0.1699867100966891
2015-07-17,CBA02701.CS,0.2300132895033109
2015-07-17,AU9999.SGE,0.2075033222258277
2015-07-17,NH0100.NHF,0.1999999998
2015-07-24,000300.SH,0.19231827064918497
2015-07-24,000852.SH,0.17171836348910735
2015-07-24,CBA02701.CS,0.22913823658670196
2015-07-24,AU9999.SGE,0.20855670290449713
2015-07-24,NH0100.NHF,0.1982684253705085
2015-07-31,000300.SH,0.1924677354900643
2015-07-31,000852.SH,0.17106089768781418
2015-07-31,CBA02701.CS,0.22944041653552352
2015-07-31,AU9999.SGE,0.20800235775312645
2015-07-31,NH0100.NHF,0.19902859153347166
2015-08-07,000300.SH,0.1924936474704225
2015-08-07,000852.SH,0.1707588983584169
2015-08-07,CBA02701.CS,0.22957015115394633
2015-08-07,AU9999.SGE,0.20785715682332712
2015-08-07,NH0100.NHF,0.19932014519388713
2015-08-14,000300.SH,0.19249667688988453
2015-08-14,000852.SH,0.16998670815953812
2015-08-14,CBA02701.CS,0.23001329144046187
2015-08-14,AU9999.SGE,0.20750332271011546
2015-08-14,NH0100.NHF,0.1999999998
2015-08-21,000300.SH,0.1925025184631909
2015-08-21,000852.SH,0.17014598718720736
2015-08-21,CBA02701.CS,0.22991963515635008
2015-08-21,AU9999.SGE,0.20756394261707856
2015-08-21,NH0100.NHF,0.19986791557617303
2015-08-28,000300.SH,0.19249667692713743
2015-08-28,000852.SH,0.16998670830854973
2015-08-28,CBA02701.CS,0.23001329129145023
2015-08-28,AU9999.SGE,0.20750332267286253
2015-08-28,NH0100.NHF,0.1999999998
2015-09-04,000300.SH,0.19249667722516067
2015-09-04,000852.SH,0.16998670950064262
2015-09-04,CBA02701.CS,0.23001329009935736
2015-09-04,AU9999.SGE,0.20750332237483932
2015-09-04,NH0100.NHF,0.1999999998
2015-09-11,000300.SH,0.19249861307913335
2015-09-11,000852.SH,0.17067489980133202
2015-09-11,CBA02701.CS,0.2296235514245953
2015-09-11,AU9999.SGE,0.20780192456824373
2015-09-11,NH0100.NHF,0.19940101012669534
2015-09-18,000300.SH,0.19243658349383738
2015-09-18,000852.SH,0.1712700277590628
2015-09-18,CBA02701.CS,0.22933967033514674
2015-09-18,AU9999.SGE,0.20814610122542
2015-09-18,NH0100.NHF,0.19880761618653303
2015-09-25,000300.SH,0.19250910375537225
2015-09-25,000852.SH,0.17047896307981641
2015-09-25,CBA02701.CS,0.22972744474301848
2015-09-25,AU9999.SGE,0.2076995306015312
2015-09-25,NH0100.NHF,0.19958495682026164
2015-10-02,000300.SH,0.19248910471248346
2015-10-02,000852.SH,0.17083856753350343
2015-10-02,CBA02701.CS,0.22954675129151875
2015-10-02,AU9999.SGE,0.20787762917361788
2015-10-02,NH0100.NHF,0.19924794628887643
2015-10-09,000300.SH,0.19249667703889614
2015-10-09,000852.SH,0.16998670875558458
2015-10-09,CBA02701.CS,0.2300132908444154
2015-10-09,AU9999.SGE,0.20750332256110382
2015-10-09,NH0100.NHF,0.1999999998
2015-10-16,000300.SH,0.19253580710733567
2015-10-16,000852.SH,0.1705838065183835
2015-10-16,CBA02701.CS,0.229676277673751
2015-10-16,AU9999.SGE,0.20767439541319022
2015-10-16,NH0100.NHF,0.1995297122873395
2015-10-23,000300.SH,0.19185317524384093
2015-10-23,000852.SH,0.17247902760662795
2015-10-23,CBA02701.CS,0.2291368268570779
2015-10-23,AU9999.SGE,0.20947147072289757
2015-10-23,NH0100.NHF,0.19705949856955565
2015-10-30,000300.SH,0.19249667737417225
2015-10-30,000852.SH,0.1699867100966891
2015-10-30,CBA02701.CS,0.2300132895033109
2015-10-30,AU9999.SGE,0.2075033222258277
2015-10-30,NH0100.NHF,0.1999999998
2015-11-06,000300.SH,0.19247271006668082
2015-11-06,000852.SH,0.17101749977858696
2015-11-06,CBA02701.CS,0.22946053370693364
2015-11-06,AU9999.SGE,0.20797689156203608
2015-11-06,NH0100.NHF,0.19907236388576238
2015-11-13,000300.SH,0.19250149297262176
2015-11-13,000852.SH,0.17060964500733106
2015-11-13,CBA02701.CS,0.2296638883466034
2015-11-13,AU9999.SGE,0.20776260621315015
2015-11-13,NH0100.NHF,0.19946236646029356
2015-11-20,000300.SH,0.19248851159461572
2015-11-20,000852.SH,0.1708412730604502
2015-11-20,CBA02701.CS,0.2295384042984239
2015-11-20,AU9999.SGE,0.20788807888343042
2015-11-20,NH0100.NHF,0.1992437311630797
2015-11-27,000300.SH,0.19223375752798974
2015-11-27,000852.SH,0.17196143036170858
2015-11-27,CBA02701.CS,0.2291270091271887
2015-11-27,AU9999.SGE,0.2087130953155817
2015-11-27,NH0100.NHF,0.19796470666753127
2015-12-04,000300.SH,0.19212178881006914
2015-12-04,000852.SH,0.1721679503616059
2015-12-04,CBA02701.CS,0.22910152759454647
2015-12-04,AU9999.SGE,0.2089573828445791
2015-12-04,NH0100.NHF,0.19765134938919934
2015-12-11,000300.SH,0.19243221981316017
2015-12-11,000852.SH,0.1713005738086355
2015-12-11,CBA02701.CS,0.229335714995224
2015-12-11,AU9999.SGE,0.20815421639932
2015-12-11,NH0100.NHF,0.19877727398366024
2015-12-18,000300.SH,0.1925036215402529
2015-12-18,000852.SH,0.17019002096208166
2015-12-18,CBA02701.CS,0.22989497914012802
2015-12-18,AU9999.SGE,0.207580456362515
2015-12-18,NH0100.NHF,0.19983092099502242
2015-12-25,000300.SH,0.19249667696439032
2015-12-25,000852.SH,0.16998670845756134
2015-12-25,CBA02701.CS,0.23001329114243865
2015-12-25,AU9999.SGE,0.20750332263560964
2015-12-25,NH0100.NHF,0.1999999998
2016-01-01,000300.SH,0.1925186933760691
2016-01-01,000852.SH,0.1705147987420709
2016-01-01,CBA02701.CS,0.22971403095581217
2016-01-01,AU9999.SGE,0.20768515360417306
2016-01-01,NH0100.NHF,0.1995673223218747
2016-01-08,000300.SH,0.19249667700164325
2016-01-08,000852.SH,0.16998670860657297
2016-01-08,CBA02701.CS,0.23001329099342702
2016-01-08,AU9999.SGE,0.20750332259835674
2016-01-08,NH0100.NHF,0.1999999998
2016-01-15,000300.SH,0.19249978308446564
2016-01-15,000852.SH,0.1700617582561285
2016-01-15,CBA02701.CS,0.2299691860545438
2016-01-15,AU9999.SGE,0.20753103857671984
2016-01-15,NH0100.NHF,0.19993823302814215
2016-01-22,000300.SH,0.19250345092452886
2016-01-22,000852.SH,0.17009529211353597
2016-01-22,CBA02701.CS,0.22994193069353264
2016-01-22,AU9999.SGE,0.20754687976778605
2016-01-22,NH0100.NHF,0.1999124455006164
2016-01-29,000300.SH,0.19249667733691936
2016-01-29,000852.SH,0.16998670994767748
2016-01-29,CBA02701.CS,0.2300132896523225
2016-01-29,AU9999.SGE,0.2075033222630806
2016-01-29,NH0100.NHF,0.1999999998
2016-02-05,000300.SH,0.19249667707614904
2016-02-05,000852.SH,0.1699867089045962
2016-02-05,CBA02701.CS,0.2300132906954038
2016-02-05,AU9999.SGE,0.20750332252385095
2016-02-05,NH0100.NHF,0.1999999998
2016-02-12,000300.SH,0.19257224217864607
2016-02-12,000852.SH,0.17107408576643074
2016-02-12,CBA02701.CS,0.22941888092481533
2016-02-12,AU9999.SGE,0.20778253829452936
2016-02-12,NH0100.NHF,0.19915225183557847
2016-02-19,000300.SH,0.19249688193969589
2016-02-19,000852.SH,0.16999123400996594
2016-02-19,CBA02701.CS,0.23001058679269842
2016-02-19,AU9999.SGE,0.2075050045145166
2016-02-19,NH0100.NHF,0.19999629174312317
2016-02-26,000300.SH,0.19249667741142518
2016-02-26,000852.SH,0.1699867102457007
2016-02-26,CBA02701.CS,0.2300132893542993
2016-02-26,AU9999.SGE,0.2075033221885748
2016-02-26,NH0100.NHF,0.1999999998
2016-03-04,000300.SH,0.1925052138852173
2016-03-04,000852.SH,0.17028776950620145
2016-03-04,CBA02701.CS,0.22983805519052578
2016-03-04,AU9999.SGE,0.2076216322812351
2016-03-04,NH0100.NHF,0.19974732813682036
2016-03-11,000300.SH,0.1924995675100011
2016-03-11,000852.SH,0.1700560303768557
2016-03-11,CBA02701.CS,0.22997253548346303
2016-03-11,AU9999.SGE,0.20752889381428194
2016-03-11,NH0100.NHF,0.1999429718153982
2016-03-18,000300.SH,0.19249667718790775
2016-03-18,000852.SH,0.16998670935163104
2016-03-18,CBA02701.CS,0.23001329024836897
2016-03-18,AU9999.SGE,0.20750332241209224
2016-03-18,NH0100.NHF,0.1999999998
2016-03-25,000300.SH,0.19249667692713743
2016-03-25,000852.SH,0.16998670830854973
2016-03-25,CBA02701.CS,0.23001329129145023
2016-03-25,AU9999.SGE,0.20750332267286253
2016-03-25,NH0100.NHF,0.1999999998
2016-04-01,000300.SH,0.19249667722516067
2016-04-01,000852.SH,0.16998670950064262
2016-04-01,CBA02701.CS,0.23001329009935736
2016-04-01,AU9999.SGE,0.20750332237483932
2016-04-01,NH0100.NHF,0.1999999998
2016-04-08,000300.SH,0.1924971663233921
2016-04-08,000852.SH,0.16999426343632568
2016-04-08,CBA02701.CS,0.23000867977718764
2016-04-08,AU9999.SGE,0.20750590221799345
2016-04-08,NH0100.NHF,0.19999398724510126
2016-04-15,000300.SH,0.19249667726241357
2016-04-15,000852.SH,0.16998670964965426
2016-04-15,CBA02701.CS,0.23001328995034573
2016-04-15,AU9999.SGE,0.20750332233758642
2016-04-15,NH0100.NHF,0.1999999998
2016-04-22,000300.SH,0.19249667700164325
2016-04-22,000852.SH,0.16998670860657297
2016-04-22,CBA02701.CS,0.23001329099342702
2016-04-22,AU9999.SGE,0.20750332259835674
2016-04-22,NH0100.NHF,0.1999999998
2016-04-29,000300.SH,0.19249667729966646
2016-04-29,000852.SH,0.16998670979866584
2016-04-29,CBA02701.CS,0.23001328980133412
2016-04-29,AU9999.SGE,0.20750332230033353
2016-04-29,NH0100.NHF,0.1999999998
2016-05-06,000300.SH,0.19111187506260502
2016-05-06,000852.SH,0.1727898675675612
2016-05-06,CBA02701.CS,0.2295600305940907
2016-05-06,AU9999.SGE,0.21063092816674067
2016-05-06,NH0100.NHF,0.19590729760900247
2016-05-13,000300.SH,0.19255865955815105
2016-05-13,000852.SH,0.17177096012591753
2016-05-13,CBA02701.CS,0.22905390408390497
2016-05-13,AU9999.SGE,0.2080865448730015
2016-05-13,NH0100.NHF,0.19852993035902491
2016-05-20,000300.SH,0.19249667707614904
2016-05-20,000852.SH,0.1699867089045962
2016-05-20,CBA02701.CS,0.2300132906954038
2016-05-20,AU9999.SGE,0.20750332252385095
2016-05-20,NH0100.NHF,0.1999999998
2016-05-27,000300.SH,0.1925024662707628
2016-05-27,000852.SH,0.17014407862943
2016-05-27,CBA02701.CS,0.2299213844068388
2016-05-27,AU9999.SGE,0.20756244908653243
2016-05-27,NH0100.NHF,0.1998696206064359
2016-06-03,000300.SH,0.19249667711340196
2016-06-03,000852.SH,0.1699867090536078
2016-06-03,CBA02701.CS,0.23001329054639216
2016-06-03,AU9999.SGE,0.20750332248659803
2016-06-03,NH0100.NHF,0.1999999998
2016-06-10,000300.SH,0.1925149680899943
2016-06-10,000852.SH,0.1701598445987609
2016-06-10,CBA02701.CS,0.22990696485804188
2016-06-10,AU9999.SGE,0.20754680736850883
2016-06-10,NH0100.NHF,0.19987141408469408
2016-06-17,000300.SH,0.19249667715065485
2016-06-17,000852.SH,0.1699867092026194
2016-06-17,CBA02701.CS,0.23001329039738058
2016-06-17,AU9999.SGE,0.2075033224493451
2016-06-17,NH0100.NHF,0.1999999998
2016-06-24,000300.SH,0.19249324379370064
2016-06-24,000852.SH,0.17077165116248882
2016-06-24,CBA02701.CS,0.22957172307862125
2016-06-24,AU9999.SGE,0.20785353317075403
2016-06-24,NH0100.NHF,0.19930984779443497
2016-07-01,000300.SH,0.19198188635291014
2016-07-01,000852.SH,0.17235507895052143
2016-07-01,CBA02701.CS,0.22910902828850815
2016-07-01,AU9999.SGE,0.20923233460931584
2016-07-01,NH0100.NHF,0.19732167079874444
2016-07-08,000300.SH,0.19206765840467688
2016-07-08,000852.SH,0.1722281786220696
2016-07-08,CBA02701.CS,0.2290083310587969
2016-07-08,AU9999.SGE,0.20917757131399925
2016-07-08,NH0100.NHF,0.1975182596004573
2016-07-15,000300.SH,0.19249667722516067
2016-07-15,000852.SH,0.16998670950064262
2016-07-15,CBA02701.CS,0.23001329009935736
2016-07-15,AU9999.SGE,0.20750332237483932
2016-07-15,NH0100.NHF,0.1999999998
2016-07-22,000300.SH,0.19249132064574795
2016-07-22,000852.SH,0.17079959712613432
2016-07-22,CBA02701.CS,0.2295558183881291
2016-07-22,AU9999.SGE,0.20787038258061147
2016-07-22,NH0100.NHF,0.19928288025937704
2016-07-29,000300.SH,0.19249667726241357
2016-07-29,000852.SH,0.16998670964965426
2016-07-29,CBA02701.CS,0.23001328995034573
2016-07-29,AU9999.SGE,0.20750332233758642
2016-07-29,NH0100.NHF,0.1999999998
2016-08-05,000300.SH,0.19249667700164325
2016-08-05,000852.SH,0.16998670860657297
2016-08-05,CBA02701.CS,0.23001329099342702
2016-08-05,AU9999.SGE,0.20750332259835674
2016-08-05,NH0100.NHF,0.1999999998
2016-08-12,000300.SH,0.19249667729966646
2016-08-12,000852.SH,0.16998670979866584
2016-08-12,CBA02701.CS,0.23001328980133412
2016-08-12,AU9999.SGE,0.20750332230033353
2016-08-12,NH0100.NHF,0.1999999998
2016-08-19,000300.SH,0.19210571684764646
2016-08-19,000852.SH,0.17243934158900845
2016-08-19,CBA02701.CS,0.22901681783946026
2016-08-19,AU9999.SGE,0.20903428890733838
2016-08-19,NH0100.NHF,0.19740383381654636
2016-08-26,000300.SH,0.19250416947510676
2016-08-26,000852.SH,0.17021632214917115
2016-08-26,CBA02701.CS,0.22987995264227912
2016-08-26,AU9999.SGE,0.20759092310536958
2016-08-26,NH0100.NHF,0.19980863162807336
2016-09-02,000300.SH,0.19147485162267366
2016-09-02,000852.SH,0.17335165298348565
2016-09-02,CBA02701.CS,0.2290564242935135
2016-09-02,AU9999.SGE,0.21025272862932115
2016-09-02,NH0100.NHF,0.19586434147100595
2016-09-09,000300.SH,0.19249667737417225
2016-09-09,000852.SH,0.1699867100966891
2016-09-09,CBA02701.CS,0.2300132895033109
2016-09-09,AU9999.SGE,0.2075033222258277
2016-09-09,NH0100.NHF,0.1999999998
2016-09-16,000300.SH,0.19249667711340196
2016-09-16,000852.SH,0.1699867090536078
2016-09-16,CBA02701.CS,0.23001329054639216
2016-09-16,AU9999.SGE,0.20750332248659803
2016-09-16,NH0100.NHF,0.1999999998
2016-09-23,000300.SH,0.1925226511156778
2016-09-23,000852.SH,0.17041609739381933
2016-09-23,CBA02701.CS,0.22976009811485315
2016-09-23,AU9999.SGE,0.20764389696856672
2016-09-23,NH0100.NHF,0.19965725540708287
2016-09-30,000300.SH,0.19249667715065485
2016-09-30,000852.SH,0.1699867092026194
2016-09-30,CBA02701.CS,0.23001329039738058
2016-09-30,AU9999.SGE,0.2075033224493451
2016-09-30,NH0100.NHF,0.1999999998
2016-10-07,000300.SH,0.1928403069171
2016-10-07,000852.SH,0.1731655397423293
2016-10-07,CBA02701.CS,0.22833130825627737
2016-10-07,AU9999.SGE,0.2079710532448699
2016-10-07,NH0100.NHF,0.19769179083942356
2016-10-14,000300.SH,0.19249667718790775
2016-10-14,000852.SH,0.16998670935163104
2016-10-14,CBA02701.CS,0.23001329024836897
2016-10-14,AU9999.SGE,0.20750332241209224
2016-10-14,NH0100.NHF,0.1999999998
2016-10-21,000300.SH,0.19249667692713743
2016-10-21,000852.SH,0.16998670830854973
2016-10-21,CBA02701.CS,0.23001329129145023
2016-10-21,AU9999.SGE,0.20750332267286253
2016-10-21,NH0100.NHF,0.1999999998
2016-10-28,000300.SH,0.19249667722516067
2016-10-28,000852.SH,0.16998670950064262
2016-10-28,CBA02701.CS,0.23001329009935736
2016-10-28,AU9999.SGE,0.20750332237483932
2016-10-28,NH0100.NHF,0.1999999998
2016-11-04,000300.SH,0.1925170859356839
2016-11-04,000852.SH,0.17035372680421074
2016-11-04,CBA02701.CS,0.22980272992487163
2016-11-04,AU9999.SGE,0.20762085384383158
2016-11-04,NH0100.NHF,0.19970560249140207
2016-11-11,000300.SH,0.19250270502659803
2016-11-11,000852.SH,0.17057200078933152
2016-11-11,CBA02701.CS,0.229683807082378
2016-11-11,AU9999.SGE,0.2077448422551915
2016-11-11,NH0100.NHF,0.19949664384650093
2016-11-18,000300.SH,0.19201987122298628
2016-11-18,000852.SH,0.17226282446591284
2016-11-18,CBA02701.CS,0.22904119889568728
2016-11-18,AU9999.SGE,0.20924271225428562
2016-11-18,NH0100.NHF,0.19743339216112776
2016-11-25,000300.SH,0.19249667729966646
2016-11-25,000852.SH,0.16998670979866584
2016-11-25,CBA02701.CS,0.23001328980133412
2016-11-25,AU9999.SGE,0.20750332230033353
2016-11-25,NH0100.NHF,0.1999999998
2016-12-02,000300.SH,0.1925011536801397
2016-12-02,000852.SH,0.17010076905927235
2016-12-02,CBA02701.CS,0.22994477669965052
2016-12-02,AU9999.SGE,0.2075477276087542
2016-12-02,NH0100.NHF,0.19990557195218311
2016-12-09,000300.SH,0.1925446836343959
2016-12-09,000852.SH,0.1703509721185876
2016-12-09,CBA02701.CS,0.2298049976497969
2016-12-09,AU9999.SGE,0.2075549400689611
2016-12-09,NH0100.NHF,0.19974440552825842
2016-12-16,000300.SH,0.19249667707614904
2016-12-16,000852.SH,0.1699867089045962
2016-12-16,CBA02701.CS,0.2300132906954038
2016-12-16,AU9999.SGE,0.20750332252385095
2016-12-16,NH0100.NHF,0.1999999998
2016-12-23,000300.SH,0.19249901935496647
2016-12-23,000852.SH,0.17004184834468383
2016-12-23,CBA02701.CS,0.22998083853430235
2016-12-23,AU9999.SGE,0.2075236015628788
2016-12-23,NH0100.NHF,0.19995469120316847
2016-12-30,000300.SH,0.19234482327833544
2016-12-30,000852.SH,0.17156718932170853
2016-12-30,CBA02701.CS,0.22907730289419204
2016-12-30,AU9999.SGE,0.20859822279461038
2016-12-30,NH0100.NHF,0.19841246071115354
2017-01-06,000300.SH,0.19249667741142518
2017-01-06,000852.SH,0.1699867102457007
2017-01-06,CBA02701.CS,0.2300132893542993
2017-01-06,AU9999.SGE,0.2075033221885748
2017-01-06,NH0100.NHF,0.1999999998
2017-01-13,000300.SH,0.19250259721995522
2017-01-13,000852.SH,0.17014895795819598
2017-01-13,CBA02701.CS,0.22991554942015394
2017-01-13,AU9999.SGE,0.20756784946227366
2017-01-13,NH0100.NHF,0.1998650449394211
2017-01-20,000300.SH,0.1925052675017278
2017-01-20,000852.SH,0.1704411212980395
2017-01-20,CBA02701.CS,0.22975437337318433
2017-01-20,AU9999.SGE,0.20768538374471593
2017-01-20,NH0100.NHF,0.19961385308233237
2017-01-27,000300.SH,0.19249667718790775
2017-01-27,000852.SH,0.16998670935163104
2017-01-27,CBA02701.CS,0.23001329024836897
2017-01-27,AU9999.SGE,0.20750332241209224
2017-01-27,NH0100.NHF,0.1999999998
2017-02-03,000300.SH,0.19189763550945377
2017-02-03,000852.SH,0.17240888570018
2017-02-03,CBA02701.CS,0.22908341142502564
2017-02-03,AU9999.SGE,0.20944543131426208
2017-02-03,NH0100.NHF,0.1971646350510784
2017-02-10,000300.SH,0.19249667722516067
2017-02-10,000852.SH,0.16998670950064262
2017-02-10,CBA02701.CS,0.23001329009935736
2017-02-10,AU9999.SGE,0.20750332237483932
2017-02-10,NH0100.NHF,0.1999999998
2017-02-17,000300.SH,0.19249667696439032
2017-02-17,000852.SH,0.16998670845756134
2017-02-17,CBA02701.CS,0.23001329114243865
2017-02-17,AU9999.SGE,0.20750332263560964
2017-02-17,NH0100.NHF,0.1999999998
2017-02-24,000300.SH,0.19249667726241357
2017-02-24,000852.SH,0.16998670964965426
2017-02-24,CBA02701.CS,0.23001328995034573
2017-02-24,AU9999.SGE,0.20750332233758642
2017-02-24,NH0100.NHF,0.1999999998
2017-03-03,000300.SH,0.19249667700164325
2017-03-03,000852.SH,0.16998670860657297
2017-03-03,CBA02701.CS,0.23001329099342702
2017-03-03,AU9999.SGE,0.20750332259835674
2017-03-03,NH0100.NHF,0.1999999998
2017-03-10,000300.SH,0.19242729003746017
2017-03-10,000852.SH,0.17132751888580489
2017-03-10,CBA02701.CS,0.22932468922438462
2017-03-10,AU9999.SGE,0.20817259455346518
2017-03-10,NH0100.NHF,0.19874790629888509
2017-03-17,000300.SH,0.19249667703889614
2017-03-17,000852.SH,0.16998670875558458
2017-03-17,CBA02701.CS,0.2300132908444154
2017-03-17,AU9999.SGE,0.20750332256110382
2017-03-17,NH0100.NHF,0.1999999998
2017-03-24,000300.SH,0.19249667733691936
2017-03-24,000852.SH,0.16998670994767748
2017-03-24,CBA02701.CS,0.2300132896523225
2017-03-24,AU9999.SGE,0.2075033222630806
2017-03-24,NH0100.NHF,0.1999999998
2017-03-31,000300.SH,0.19176738000436253
2017-03-31,000852.SH,0.17250969592339224
2017-03-31,CBA02701.CS,0.229118520537542
2017-03-31,AU9999.SGE,0.20968465437454234
2017-03-31,NH0100.NHF,0.19691974816016095
2017-04-07,000300.SH,0.19249667737417225
2017-04-07,000852.SH,0.1699867100966891
2017-04-07,CBA02701.CS,0.2300132895033109
2017-04-07,AU9999.SGE,0.2075033222258277
2017-04-07,NH0100.NHF,0.1999999998
2017-04-14,000300.SH,0.19249667711340196
2017-04-14,000852.SH,0.1699867090536078
2017-04-14,CBA02701.CS,0.23001329054639216
2017-04-14,AU9999.SGE,0.20750332248659803
2017-04-14,NH0100.NHF,0.1999999998
2017-04-21,000300.SH,0.19249718794025186
2017-04-21,000852.SH,0.1707094231711966
2017-04-21,CBA02701.CS,0.22961196212816934
2017-04-21,AU9999.SGE,0.20781121412387124
2017-04-21,NH0100.NHF,0.1993702116365109
2017-04-28,000300.SH,0.19249667715065485
2017-04-28,000852.SH,0.1699867092026194
2017-04-28,CBA02701.CS,0.23001329039738058
2017-04-28,AU9999.SGE,0.2075033224493451
2017-04-28,NH0100.NHF,0.1999999998
2017-05-05,000300.SH,0.19249667688988453
2017-05-05,000852.SH,0.16998670815953812
2017-05-05,CBA02701.CS,0.23001329144046187
2017-05-05,AU9999.SGE,0.20750332271011546
2017-05-05,NH0100.NHF,0.1999999998
2017-05-12,000300.SH,0.19249667718790775
2017-05-12,000852.SH,0.16998670935163104
2017-05-12,CBA02701.CS,0.23001329024836897
2017-05-12,AU9999.SGE,0.20750332241209224
2017-05-12,NH0100.NHF,0.1999999998
2017-05-19,000300.SH,0.19249667692713743
2017-05-19,000852.SH,0.16998670830854973
2017-05-19,CBA02701.CS,0.23001329129145023
2017-05-19,AU9999.SGE,0.20750332267286253
2017-05-19,NH0100.NHF,0.1999999998
2017-05-26,000300.SH,0.19251687606169704
2017-05-26,000852.SH,0.17040545715139735
2017-05-26,CBA02701.CS,0.22976837557712726
2017-05-26,AU9999.SGE,0.20764997381421693
2017-05-26,NH0100.NHF,0.19965931639556134
2017-06-02,000300.SH,0.19249667696439032
2017-06-02,000852.SH,0.16998670845756134
2017-06-02,CBA02701.CS,0.23001329114243865
2017-06-02,AU9999.SGE,0.20750332263560964
2017-06-02,NH0100.NHF,0.1999999998
2017-06-09,000300.SH,0.19244606843623555
2017-06-09,000852.SH,0.17121813614382456
2017-06-09,CBA02701.CS,0.22937042826053897
2017-06-09,AU9999.SGE,0.2080997072697687
2017-06-09,NH0100.NHF,0.19886565888963237
2017-06-16,000300.SH,0.19249667700164325
2017-06-16,000852.SH,0.16998670860657297
2017-06-16,CBA02701.CS,0.23001329099342702
2017-06-16,AU9999.SGE,0.20750332259835674
2017-06-16,NH0100.NHF,0.1999999998
2017-06-23,000300.SH,0.19249667729966646
2017-06-23,000852.SH,0.16998670979866584
2017-06-23,CBA02701.CS,0.23001328980133412
2017-06-23,AU9999.SGE,0.20750332230033353
2017-06-23,NH0100.NHF,0.1999999998
2017-06-30,000300.SH,0.19249667703889614
2017-06-30,000852.SH,0.16998670875558458
2017-06-30,CBA02701.CS,0.2300132908444154
2017-06-30,AU9999.SGE,0.20750332256110382
2017-06-30,NH0100.NHF,0.1999999998
2017-07-07,000300.SH,0.19249667733691936
2017-07-07,000852.SH,0.16998670994767748
2017-07-07,CBA02701.CS,0.2300132896523225
2017-07-07,AU9999.SGE,0.2075033222630806
2017-07-07,NH0100.NHF,0.1999999998
2017-07-14,000300.SH,0.19249667707614904
2017-07-14,000852.SH,0.1699867089045962
2017-07-14,CBA02701.CS,0.2300132906954038
2017-07-14,AU9999.SGE,0.20750332252385095
2017-07-14,NH0100.NHF,0.1999999998
2017-07-21,000300.SH,0.19249667737417225
2017-07-21,000852.SH,0.1699867100966891
2017-07-21,CBA02701.CS,0.2300132895033109
2017-07-21,AU9999.SGE,0.2075033222258277
2017-07-21,NH0100.NHF,0.1999999998
2017-07-28,000300.SH,0.19211700579120464
2017-07-28,000852.SH,0.17222861503091327
2017-07-28,CBA02701.CS,0.22908272843858957
2017-07-28,AU9999.SGE,0.20897717181995054
2017-07-28,NH0100.NHF,0.19759447791934187
2017-08-04,000300.SH,0.19249667741142518
2017-08-04,000852.SH,0.1699867102457007
2017-08-04,CBA02701.CS,0.2300132893542993
2017-08-04,AU9999.SGE,0.2075033221885748
2017-08-04,NH0100.NHF,0.1999999998
2017-08-11,000300.SH,0.19249667715065485
2017-08-11,000852.SH,0.1699867092026194
2017-08-11,CBA02701.CS,0.23001329039738058
2017-08-11,AU9999.SGE,0.2075033224493451
2017-08-11,NH0100.NHF,0.1999999998
2017-08-18,000300.SH,0.19234479682356148
2017-08-18,000852.SH,0.17159504318831936
2017-08-18,CBA02701.CS,0.22911189700796977
2017-08-18,AU9999.SGE,0.20855227377112942
2017-08-18,NH0100.NHF,0.19839598820901996
2017-08-25,000300.SH,0.19249667718790775
2017-08-25,000852.SH,0.16998670935163104
2017-08-25,CBA02701.CS,0.23001329024836897
2017-08-25,AU9999.SGE,0.20750332241209224
2017-08-25,NH0100.NHF,0.1999999998
2017-09-01,000300.SH,0.19249667692713743
2017-09-01,000852.SH,0.16998670830854973
2017-09-01,CBA02701.CS,0.23001329129145023
2017-09-01,AU9999.SGE,0.20750332267286253
2017-09-01,NH0100.NHF,0.1999999998
2017-09-08,000300.SH,0.19250898191449525
2017-09-08,000852.SH,0.17036845231836026
2017-09-08,CBA02701.CS,0.22979441601135017
2017-09-08,AU9999.SGE,0.2076460674123302
2017-09-08,NH0100.NHF,0.19968208134346405
2017-09-15,000300.SH,0.19249667696439032
2017-09-15,000852.SH,0.16998670845756134
2017-09-15,CBA02701.CS,0.23001329114243865
2017-09-15,AU9999.SGE,0.20750332263560964
2017-09-15,NH0100.NHF,0.1999999998
2017-09-22,000300.SH,0.19249667726241357
2017-09-22,000852.SH,0.16998670964965426
2017-09-22,CBA02701.CS,0.23001328995034573
2017-09-22,AU9999.SGE,0.20750332233758642
2017-09-22,NH0100.NHF,0.1999999998
2017-09-29,000300.SH,0.19249667700164325
2017-09-29,000852.SH,0.16998670860657297
2017-09-29,CBA02701.CS,0.23001329099342702
2017-09-29,AU9999.SGE,0.20750332259835674
2017-09-29,NH0100.NHF,0.1999999998
2017-10-06,000300.SH,0.19249667729966646
2017-10-06,000852.SH,0.16998670979866584
2017-10-06,CBA02701.CS,0.23001328980133412
2017-10-06,AU9999.SGE,0.20750332230033353
2017-10-06,NH0100.NHF,0.1999999998
2017-10-13,000300.SH,0.19233184043207263
2017-10-13,000852.SH,0.1717054809658459
2017-10-13,CBA02701.CS,0.22918456920214555
2017-10-13,AU9999.SGE,0.20847445243306245
2017-10-13,NH0100.NHF,0.1983036559668734
2017-10-20,000300.SH,0.19249667733691936
2017-10-20,000852.SH,0.16998670994767748
2017-10-20,CBA02701.CS,0.2300132896523225
2017-10-20,AU9999.SGE,0.2075033222630806
2017-10-20,NH0100.NHF,0.1999999998
2017-10-27,000300.SH,0.19249667707614904
2017-10-27,000852.SH,0.1699867089045962
2017-10-27,CBA02701.CS,0.2300132906954038
2017-10-27,AU9999.SGE,0.20750332252385095
2017-10-27,NH0100.NHF,0.1999999998
2017-11-03,000300.SH,0.19249667737417225
2017-11-03,000852.SH,0.1699867100966891
2017-11-03,CBA02701.CS,0.2300132895033109
2017-11-03,AU9999.SGE,0.2075033222258277
2017-11-03,NH0100.NHF,0.1999999998
2017-11-10,000300.SH,0.19250230277018157
2017-11-10,000852.SH,0.1705852639497651
2017-11-10,CBA02701.CS,0.2296767696069985
2017-11-10,AU9999.SGE,0.20775106672733007
2017-11-10,NH0100.NHF,0.19948459594572468
2017-11-17,000300.SH,0.19249667741142518
2017-11-17,000852.SH,0.1699867102457007
2017-11-17,CBA02701.CS,0.2300132893542993
2017-11-17,AU9999.SGE,0.2075033221885748
2017-11-17,NH0100.NHF,0.1999999998
2017-11-24,000300.SH,0.19249667715065485
2017-11-24,000852.SH,0.1699867092026194
2017-11-24,CBA02701.CS,0.23001329039738058
2017-11-24,AU9999.SGE,0.2075033224493451
2017-11-24,NH0100.NHF,0.1999999998
2017-12-01,000300.SH,0.19249667688988453
2017-12-01,000852.SH,0.16998670815953812
2017-12-01,CBA02701.CS,0.23001329144046187
2017-12-01,AU9999.SGE,0.20750332271011546
2017-12-01,NH0100.NHF,0.1999999998
2017-12-08,000300.SH,0.19249667718790775
2017-12-08,000852.SH,0.16998670935163104
2017-12-08,CBA02701.CS,0.23001329024836897
2017-12-08,AU9999.SGE,0.20750332241209224
2017-12-08,NH0100.NHF,0.1999999998
2017-12-15,000300.SH,0.19249667692713743
2017-12-15,000852.SH,0.16998670830854973
2017-12-15,CBA02701.CS,0.23001329129145023
2017-12-15,AU9999.SGE,0.20750332267286253
2017-12-15,NH0100.NHF,0.1999999998
2017-12-22,000300.SH,0.19249667722516067
2017-12-22,000852.SH,0.16998670950064262
2017-12-22,CBA02701.CS,0.23001329009935736
2017-12-22,AU9999.SGE,0.20750332237483932
2017-12-22,NH0100.NHF,0.1999999998
2017-12-29,000300.SH,0.19248273850975017
2017-12-29,000852.SH,0.17185944663949765
2017-12-29,CBA02701.CS,0.229078139058679
2017-12-29,AU9999.SGE,0.20821522973791226
2017-12-29,NH0100.NHF,0.1983644450541607
2018-01-05,000300.SH,0.19249667726241357
2018-01-05,000852.SH,0.16998670964965426
2018-01-05,CBA02701.CS,0.23001328995034573
2018-01-05,AU9999.SGE,0.20750332233758642
2018-01-05,NH0100.NHF,0.1999999998
2018-01-12,000300.SH,0.19249667700164325
2018-01-12,000852.SH,0.16998670860657297
2018-01-12,CBA02701.CS,0.23001329099342702
2018-01-12,AU9999.SGE,0.20750332259835674
2018-01-12,NH0100.NHF,0.1999999998
2018-01-19,000300.SH,0.19185440277402876
2018-01-19,000852.SH,0.17248107119282077
2018-01-19,CBA02701.CS,0.22914056321256573
2018-01-19,AU9999.SGE,0.20946386665036898
2018-01-19,NH0100.NHF,0.1970600951702156
2018-01-26,000300.SH,0.19249667703889614
2018-01-26,000852.SH,0.16998670875558458
2018-01-26,CBA02701.CS,0.2300132908444154
2018-01-26,AU9999.SGE,0.20750332256110382
2018-01-26,NH0100.NHF,0.1999999998
2018-02-02,000300.SH,0.19250519817420078
2018-02-02,000852.SH,0.17028492780536078
2018-02-02,CBA02701.CS,0.2298410755760626
2018-02-02,AU9999.SGE,0.20761878404960413
2018-02-02,NH0100.NHF,0.19975001339477164
2018-02-09,000300.SH,0.19250483155080966
2018-02-09,000852.SH,0.17049384431840653
2018-02-09,CBA02701.CS,0.22971688387824746
2018-02-09,AU9999.SGE,0.20771844138749546
2018-02-09,NH0100.NHF,0.19956599786504084
2018-02-16,000300.SH,0.19249667737417225
2018-02-16,000852.SH,0.1699867100966891
2018-02-16,CBA02701.CS,0.2300132895033109
2018-02-16,AU9999.SGE,0.2075033222258277
2018-02-16,NH0100.NHF,0.1999999998
2018-02-23,000300.SH,0.1924366935978518
2018-02-23,000852.SH,0.1712353615729054
2018-02-23,CBA02701.CS,0.2293019476225338
2018-02-23,AU9999.SGE,0.20819694104138609
2018-02-23,NH0100.NHF,0.19882905516532284
2018-03-02,000300.SH,0.19249667741142518
2018-03-02,000852.SH,0.1699867102457007
2018-03-02,CBA02701.CS,0.2300132893542993
2018-03-02,AU9999.SGE,0.2075033221885748
2018-03-02,NH0100.NHF,0.1999999998
2018-03-09,000300.SH,0.19246664737790492
2018-03-09,000852.SH,0.17106385959441886
2018-03-09,CBA02701.CS,0.22943010971662886
2018-03-09,AU9999.SGE,0.20801616600393338
2018-03-09,NH0100.NHF,0.1990232163071139
2018-03-16,000300.SH,0.19252291301187288
2018-03-16,000852.SH,0.1703361840638012
2018-03-16,CBA02701.CS,0.22980738005327506
2018-03-16,AU9999.SGE,0.20760575469065218
2018-03-16,NH0100.NHF,0.19972776718039864
2018-03-23,000300.SH,0.19249334348439306
2018-03-23,000852.SH,0.17152438747435172
2018-03-23,CBA02701.CS,0.22918931425284497
2018-03-23,AU9999.SGE,0.20813403569689526
2018-03-23,NH0100.NHF,0.19865891809151492
2018-03-30,000300.SH,0.19249667692713743
2018-03-30,000852.SH,0.16998670830854973
2018-03-30,CBA02701.CS,0.23001329129145023
2018-03-30,AU9999.SGE,0.20750332267286253
2018-03-30,NH0100.NHF,0.1999999998
2018-04-06,000300.SH,0.19250410227241438
2018-04-06,000852.SH,0.17021641588538253
2018-04-06,CBA02701.CS,0.2298670513094744
2018-04-06,AU9999.SGE,0.20760598602772953
2018-04-06,NH0100.NHF,0.19980644350499907
2018-04-13,000300.SH,0.19250051699894286
2018-04-13,000852.SH,0.17004474638868095
2018-04-13,CBA02701.CS,0.229978535948661
2018-04-13,AU9999.SGE,0.2075221774654636
2018-04-13,NH0100.NHF,0.19995402219825156
2018-04-20,000300.SH,0.19249667726241357
2018-04-20,000852.SH,0.16998670964965426
2018-04-20,CBA02701.CS,0.23001328995034573
2018-04-20,AU9999.SGE,0.20750332233758642
2018-04-20,NH0100.NHF,0.1999999998
2018-04-27,000300.SH,0.19250363246283034
2018-04-27,000852.SH,0.17019278393707593
2018-04-27,CBA02701.CS,0.22988044685105818
2018-04-27,AU9999.SGE,0.20759665230392504
2018-04-27,NH0100.NHF,0.19982648344511053
2018-05-04,000300.SH,0.19249667729966646
2018-05-04,000852.SH,0.16998670979866584
2018-05-04,CBA02701.CS,0.23001328980133412
2018-05-04,AU9999.SGE,0.20750332230033353
2018-05-04,NH0100.NHF,0.1999999998
2018-05-11,000300.SH,0.19249667703889614
2018-05-11,000852.SH,0.16998670875558458
2018-05-11,CBA02701.CS,0.2300132908444154
2018-05-11,AU9999.SGE,0.20750332256110382
2018-05-11,NH0100.NHF,0.1999999998
2018-05-18,000300.SH,0.19249667733691936
2018-05-18,000852.SH,0.16998670994767748
2018-05-18,CBA02701.CS,0.2300132896523225
2018-05-18,AU9999.SGE,0.2075033222630806
2018-05-18,NH0100.NHF,0.1999999998
2018-05-25,000300.SH,0.19249667707614904
2018-05-25,000852.SH,0.1699867089045962
2018-05-25,CBA02701.CS,0.2300132906954038
2018-05-25,AU9999.SGE,0.20750332252385095
2018-05-25,NH0100.NHF,0.1999999998
2018-06-01,000300.SH,0.19245144161930128
2018-06-01,000852.SH,0.17118292583179398
2018-06-01,CBA02701.CS,0.2293856858639894
2018-06-01,AU9999.SGE,0.2080771809826451
2018-06-01,NH0100.NHF,0.19890276470227
2018-06-08,000300.SH,0.19249667711340196
2018-06-08,000852.SH,0.1699867090536078
2018-06-08,CBA02701.CS,0.23001329054639216
2018-06-08,AU9999.SGE,0.20750332248659803
2018-06-08,NH0100.NHF,0.1999999998
2018-06-15,000300.SH,0.19249667741142518
2018-06-15,000852.SH,0.1699867102457007
2018-06-15,CBA02701.CS,0.2300132893542993
2018-06-15,AU9999.SGE,0.2075033221885748
2018-06-15,NH0100.NHF,0.1999999998
2018-06-22,000300.SH,0.19250845586789814
2018-06-22,000852.SH,0.17014975031340243
2018-06-22,CBA02701.CS,0.22991508569827654
2018-06-22,AU9999.SGE,0.2075546546510849
2018-06-22,NH0100.NHF,0.19987205246933792
2018-06-29,000300.SH,0.19257074606949612
2018-06-29,000852.SH,0.17156196078809738
2018-06-29,CBA02701.CS,0.22917643503441154
2018-06-29,AU9999.SGE,0.20796170037223374
2018-06-29,NH0100.NHF,0.1987291567357611
2018-07-06,000300.SH,0.19250230497581158
2018-07-06,000852.SH,0.17013841692616943
2018-07-06,CBA02701.CS,0.2299215259846383
2018-07-06,AU9999.SGE,0.20756387549669827
2018-07-06,NH0100.NHF,0.19987387561668235
2018-07-13,000300.SH,0.19246068199481078
2018-07-13,000852.SH,0.17105163618425417
2018-07-13,CBA02701.CS,0.22934621108858363
2018-07-13,AU9999.SGE,0.20812967416332218
2018-07-13,NH0100.NHF,0.1990117955690292
2018-07-20,000300.SH,0.19250387359303653
2018-07-20,000852.SH,0.17010550824339757
2018-07-20,CBA02701.CS,0.22994280836529277
2018-07-20,AU9999.SGE,0.20754269053566726
2018-07-20,NH0100.NHF,0.19990511826260582
2018-07-27,000300.SH,0.19249667696439032
2018-07-27,000852.SH,0.16998670845756134
2018-07-27,CBA02701.CS,0.23001329114243865
2018-07-27,AU9999.SGE,0.20750332263560964
2018-07-27,NH0100.NHF,0.1999999998
2018-08-03,000300.SH,0.19260727316162923
2018-08-03,000852.SH,0.17088061262838236
2018-08-03,CBA02701.CS,0.22948311420317483
2018-08-03,AU9999.SGE,0.20766869938343863
2018-08-03,NH0100.NHF,0.19936029962337495
2018-08-10,000300.SH,0.19243314745357332
2018-08-10,000852.SH,0.17125698745313428
2018-08-10,CBA02701.CS,0.22926266463160247
2018-08-10,AU9999.SGE,0.20824595494934084
2018-08-10,NH0100.NHF,0.19880124451234904
2018-08-17,000300.SH,0.19248647778196007
2018-08-17,000852.SH,0.1708200946553331
2018-08-17,CBA02701.CS,0.22948378834137256
2018-08-17,AU9999.SGE,0.20796052868912582
2018-08-17,NH0100.NHF,0.1992491095322085
2018-08-24,000300.SH,0.19249667703889614
2018-08-24,000852.SH,0.16998670875558458
2018-08-24,CBA02701.CS,0.2300132908444154
2018-08-24,AU9999.SGE,0.20750332256110382
2018-08-24,NH0100.NHF,0.1999999998
2018-08-31,000300.SH,0.19244241676717766
2018-08-31,000852.SH,0.17118865283846332
2018-08-31,CBA02701.CS,0.22930289510272284
2018-08-31,AU9999.SGE,0.20819263202901891
2018-08-31,NH0100.NHF,0.19887340226261724
2018-09-07,000300.SH,0.19249667707614904
2018-09-07,000852.SH,0.1699867089045962
2018-09-07,CBA02701.CS,0.2300132906954038
2018-09-07,AU9999.SGE,0.20750332252385095
2018-09-07,NH0100.NHF,0.1999999998
2018-09-14,000300.SH,0.192625530921107
2018-09-14,000852.SH,0.17099518500233507
2018-09-14,CBA02701.CS,0.22943806098717245
2018-09-14,AU9999.SGE,0.20765394974023133
2018-09-14,NH0100.NHF,0.19928727234915397
2018-09-21,000300.SH,0.19259881882940727
2018-09-21,000852.SH,0.17195667393640038
2018-09-21,CBA02701.CS,0.2290027438156466
2018-09-21,AU9999.SGE,0.20801288162633716
2018-09-21,NH0100.NHF,0.1984288807922085
2018-09-28,000300.SH,0.19259027339749496
2018-09-28,000852.SH,0.17069621721110095
2018-09-28,CBA02701.CS,0.22961409042654496
2018-09-28,AU9999.SGE,0.2075961223693669
2018-09-28,NH0100.NHF,0.19950329559549218
2018-10-05,000300.SH,0.1924501479593841
2018-10-05,000852.SH,0.1711546918584879
2018-10-05,CBA02701.CS,0.22934201371739246
2018-10-05,AU9999.SGE,0.2081367720195402
2018-10-05,NH0100.NHF,0.1989163734451953
2018-10-12,000300.SH,0.19249667688988453
2018-10-12,000852.SH,0.16998670815953812
2018-10-12,CBA02701.CS,0.23001329144046187
2018-10-12,AU9999.SGE,0.20750332271011546
2018-10-12,NH0100.NHF,0.1999999998
2018-10-19,000300.SH,0.19248900952790804
2018-10-19,000852.SH,0.17083372011320735
2018-10-19,CBA02701.CS,0.22954094568762365
2018-10-19,AU9999.SGE,0.2078856084952828
2018-10-19,NH0100.NHF,0.19925071517597814
2018-10-26,000300.SH,0.19249667692713743
2018-10-26,000852.SH,0.16998670830854973
2018-10-26,CBA02701.CS,0.23001329129145023
2018-10-26,AU9999.SGE,0.20750332267286253
2018-10-26,NH0100.NHF,0.1999999998
2018-11-02,000300.SH,0.19249667722516067
2018-11-02,000852.SH,0.16998670950064262
2018-11-02,CBA02701.CS,0.23001329009935736
2018-11-02,AU9999.SGE,0.20750332237483932
2018-11-02,NH0100.NHF,0.1999999998
2018-11-09,000300.SH,0.1927602195577159
2018-11-09,000852.SH,0.1720110336955778
2018-11-09,CBA02701.CS,0.22888229552034145
2018-11-09,AU9999.SGE,0.20776696808987757
2018-11-09,NH0100.NHF,0.19857948213648724
2018-11-16,000300.SH,0.19250459060211067
2018-11-16,000852.SH,0.17049071855611245
2018-11-16,CBA02701.CS,0.22972739775386541
2018-11-16,AU9999.SGE,0.20770750535324817
2018-11-16,NH0100.NHF,0.1995697867346633
2018-11-23,000300.SH,0.19249667700164325
2018-11-23,000852.SH,0.16998670860657297
2018-11-23,CBA02701.CS,0.23001329099342702
2018-11-23,AU9999.SGE,0.20750332259835674
2018-11-23,NH0100.NHF,0.1999999998
2018-11-30,000300.SH,0.19249667729966646
2018-11-30,000852.SH,0.16998670979866584
2018-11-30,CBA02701.CS,0.23001328980133412
2018-11-30,AU9999.SGE,0.20750332230033353
2018-11-30,NH0100.NHF,0.1999999998
2018-12-07,000300.SH,0.19251150727945512
2018-12-07,000852.SH,0.17072976079168187
2018-12-07,CBA02701.CS,0.22952987879363618
2018-12-07,AU9999.SGE,0.2078686731971939
2018-12-07,NH0100.NHF,0.1993601789380329
2018-12-14,000300.SH,0.19249667733691936
2018-12-14,000852.SH,0.16998670994767748
2018-12-14,CBA02701.CS,0.2300132896523225
2018-12-14,AU9999.SGE,0.2075033222630806
2018-12-14,NH0100.NHF,0.1999999998
2018-12-21,000300.SH,0.19250923382863477
2018-12-21,000852.SH,0.17061619192475122
2018-12-21,CBA02701.CS,0.2296600209413859
2018-12-21,AU9999.SGE,0.20774775724804773
2018-12-21,NH0100.NHF,0.19946679505718032
2018-12-28,000300.SH,0.19249667737417225
2018-12-28,000852.SH,0.1699867100966891
2018-12-28,CBA02701.CS,0.2300132895033109
2018-12-28,AU9999.SGE,0.2075033222258277
2018-12-28,NH0100.NHF,0.1999999998
2019-01-04,000300.SH,0.19249667711340196
2019-01-04,000852.SH,0.1699867090536078
2019-01-04,CBA02701.CS,0.23001329054639216
2019-01-04,AU9999.SGE,0.20750332248659803
2019-01-04,NH0100.NHF,0.1999999998
2019-01-11,000300.SH,0.19249667741142518
2019-01-11,000852.SH,0.1699867102457007
2019-01-11,CBA02701.CS,0.2300132893542993
2019-01-11,AU9999.SGE,0.2075033221885748
2019-01-11,NH0100.NHF,0.1999999998
2019-01-18,000300.SH,0.19244173154896208
2019-01-18,000852.SH,0.17123574692292037
2019-01-18,CBA02701.CS,0.22933805839800311
2019-01-18,AU9999.SGE,0.2081434154658556
2019-01-18,NH0100.NHF,0.19884104666425884
2019-01-25,000300.SH,0.1926142980976519
2019-01-25,000852.SH,0.17100753076765093
2019-01-25,CBA02701.CS,0.22944317060673322
2019-01-25,AU9999.SGE,0.20767138728329462
2019-01-25,NH0100.NHF,0.19926361224466924
2019-02-01,000300.SH,0.19250341450793465
2019-02-01,000852.SH,0.17018100386329935
2019-02-01,CBA02701.CS,0.22990014608216663
2019-02-01,AU9999.SGE,0.20757689468075985
2019-02-01,NH0100.NHF,0.19983853986583955
2019-02-08,000300.SH,0.19249666526751466
2019-02-08,000852.SH,0.1706886631880787
2019-02-08,CBA02701.CS,0.22958526925092054
2019-02-08,AU9999.SGE,0.20784776987694778
2019-02-08,NH0100.NHF,0.19938163141653817
2019-02-15,000300.SH,0.19229149680095436
2019-02-15,000852.SH,0.17175910604636235
2019-02-15,CBA02701.CS,0.2290758632009074
2019-02-15,AU9999.SGE,0.20868209092424725
2019-02-15,NH0100.NHF,0.1981914420275286
2019-02-22,000300.SH,0.1924655872829391
2019-02-22,000852.SH,0.17107858790898325
2019-02-22,CBA02701.CS,0.22943231258017674
2019-02-22,AU9999.SGE,0.20801290713973644
2019-02-22,NH0100.NHF,0.19901060408816448
2019-03-01,000300.SH,0.19249667726241357
2019-03-01,000852.SH,0.16998670964965426
2019-03-01,CBA02701.CS,0.23001328995034573
2019-03-01,AU9999.SGE,0.20750332233758642
2019-03-01,NH0100.NHF,0.1999999998
2019-03-08,000300.SH,0.19247435688539072
2019-03-08,000852.SH,0.1710022911502281
2019-03-08,CBA02701.CS,0.22946766047776085
2019-03-08,AU9999.SGE,0.20796810158381698
2019-03-08,NH0100.NHF,0.1990875889028033
2019-03-15,000300.SH,0.19249667729966646
2019-03-15,000852.SH,0.16998670979866584
2019-03-15,CBA02701.CS,0.23001328980133412
2019-03-15,AU9999.SGE,0.20750332230033353
2019-03-15,NH0100.NHF,0.1999999998
2019-03-22,000300.SH,0.19254284065710595
2019-03-22,000852.SH,0.17133581252682215
2019-03-22,CBA02701.CS,0.22929634087845507
2019-03-22,AU9999.SGE,0.20793614616813944
2019-03-22,NH0100.NHF,0.1988888587694773
2019-03-29,000300.SH,0.19249739149174644
2019-03-29,000852.SH,0.17070543163702007
2019-03-29,CBA02701.CS,0.2296140145335912
2019-03-29,AU9999.SGE,0.20780922602406288
2019-03-29,NH0100.NHF,0.19937393531357933
2019-04-05,000300.SH,0.19249667707614904
2019-04-05,000852.SH,0.1699867089045962
2019-04-05,CBA02701.CS,0.2300132906954038
2019-04-05,AU9999.SGE,0.20750332252385095
2019-04-05,NH0100.NHF,0.1999999998
2019-04-12,000300.SH,0.19249616451290846
2019-04-12,000852.SH,0.17069742587679768
2019-04-12,CBA02701.CS,0.22957969412819604
2019-04-12,AU9999.SGE,0.20785349581696705
2019-04-12,NH0100.NHF,0.19937321866513072
2019-04-19,000300.SH,0.19249667711340196
2019-04-19,000852.SH,0.1699867090536078
2019-04-19,CBA02701.CS,0.23001329054639216
2019-04-19,AU9999.SGE,0.20750332248659803
2019-04-19,NH0100.NHF,0.1999999998
2019-04-26,000300.SH,0.19249667741142518
2019-04-26,000852.SH,0.1699867102457007
2019-04-26,CBA02701.CS,0.2300132893542993
2019-04-26,AU9999.SGE,0.2075033221885748
2019-04-26,NH0100.NHF,0.1999999998
2019-05-03,000300.SH,0.19249667715065485
2019-05-03,000852.SH,0.1699867092026194
2019-05-03,CBA02701.CS,0.23001329039738058
2019-05-03,AU9999.SGE,0.2075033224493451
2019-05-03,NH0100.NHF,0.1999999998
2019-05-10,000300.SH,0.19250403567820257
2019-05-10,000852.SH,0.1705194505615709
2019-05-10,CBA02701.CS,0.2297119007070228
2019-05-10,AU9999.SGE,0.20772054827179554
2019-05-10,NH0100.NHF,0.1995440637814082
2019-05-17,000300.SH,0.19249667718790775
2019-05-17,000852.SH,0.16998670935163104
2019-05-17,CBA02701.CS,0.23001329024836897
2019-05-17,AU9999.SGE,0.20750332241209224
2019-05-17,NH0100.NHF,0.1999999998
2019-05-24,000300.SH,0.19184413755162213
2019-05-24,000852.SH,0.17245077622381924
2019-05-24,CBA02701.CS,0.2290159490702205
2019-05-24,AU9999.SGE,0.2096383198234754
2019-05-24,NH0100.NHF,0.19705081633086263
2019-05-31,000300.SH,0.1925012621164177
2019-05-31,000852.SH,0.17010403035298804
2019-05-31,CBA02701.CS,0.22994153812375315
2019-05-31,AU9999.SGE,0.2075505225971938
2019-05-31,NH0100.NHF,0.19990264580964728
2019-06-07,000300.SH,0.19222808328044974
2019-06-07,000852.SH,0.17195722454437404
2019-06-07,CBA02701.CS,0.22910393512637683
2019-06-07,AU9999.SGE,0.20875383034416378
2019-06-07,NH0100.NHF,0.19795692570463533
2019-06-14,000300.SH,0.19163164318925252
2019-06-14,000852.SH,0.17256317264754828
2019-06-14,CBA02701.CS,0.2291372467994988
2019-06-14,AU9999.SGE,0.20996569003014648
2019-06-14,NH0100.NHF,0.19670224633355385
2019-06-21,000300.SH,0.19249667700164325
2019-06-21,000852.SH,0.16998670860657297
2019-06-21,CBA02701.CS,0.23001329099342702
2019-06-21,AU9999.SGE,0.20750332259835674
2019-06-21,NH0100.NHF,0.1999999998
2019-06-28,000300.SH,0.19249667729966646
2019-06-28,000852.SH,0.16998670979866584
2019-06-28,CBA02701.CS,0.23001328980133412
2019-06-28,AU9999.SGE,0.20750332230033353
2019-06-28,NH0100.NHF,0.1999999998
2019-07-05,000300.SH,0.19251598024314234
2019-07-05,000852.SH,0.17014185037590981
2019-07-05,CBA02701.CS,0.22991916986971345
2019-07-05,AU9999.SGE,0.2075342099054168
2019-07-05,NH0100.NHF,0.19988878860581746
2019-07-12,000300.SH,0.19249667733691936
2019-07-12,000852.SH,0.16998670994767748
2019-07-12,CBA02701.CS,0.2300132896523225
2019-07-12,AU9999.SGE,0.2075033222630806
2019-07-12,NH0100.NHF,0.1999999998
2019-07-19,000300.SH,0.19249667707614904
2019-07-19,000852.SH,0.1699867089045962
2019-07-19,CBA02701.CS,0.2300132906954038
2019-07-19,AU9999.SGE,0.20750332252385095
2019-07-19,NH0100.NHF,0.1999999998
2019-07-26,000300.SH,0.19252315280635462
2019-07-26,000852.SH,0.1709266811789373
2019-07-26,CBA02701.CS,0.22949856308479277
2019-07-26,AU9999.SGE,0.20783564136612784
2019-07-26,NH0100.NHF,0.19921596056378743
2019-08-02,000300.SH,0.19249667711340196
2019-08-02,000852.SH,0.1699867090536078
2019-08-02,CBA02701.CS,0.23001329054639216
2019-08-02,AU9999.SGE,0.20750332248659803
2019-08-02,NH0100.NHF,0.1999999998
2019-08-09,000300.SH,0.19168896402808222
2019-08-09,000852.SH,0.17292302691245937
2019-08-09,CBA02701.CS,0.228918963500189
2019-08-09,AU9999.SGE,0.21000825420472136
2019-08-09,NH0100.NHF,0.1964607903545478
2019-08-16,000300.SH,0.19249867798015988
2019-08-16,000852.SH,0.17000721279671313
2019-08-16,CBA02701.CS,0.23000067738994504
2019-08-16,AU9999.SGE,0.20750887955084274
2019-08-16,NH0100.NHF,0.19998455128233933
2019-08-23,000300.SH,0.19249667688988453
2019-08-23,000852.SH,0.16998670815953812
2019-08-23,CBA02701.CS,0.23001329144046187
2019-08-23,AU9999.SGE,0.20750332271011546
2019-08-23,NH0100.NHF,0.1999999998
2019-08-30,000300.SH,0.1924640045555062
2019-08-30,000852.SH,0.1710912694634585
2019-08-30,CBA02701.CS,0.22942653658729512
2019-08-30,AU9999.SGE,0.20802052853859299
2019-08-30,NH0100.NHF,0.19899765985514717
2019-09-06,000300.SH,0.1925040471720292
2019-09-06,000852.SH,0.1709924019575639
2019-09-06,CBA02701.CS,0.22944983125597296
2019-09-06,AU9999.SGE,0.2079221307717417
2019-09-06,NH0100.NHF,0.1991315878426922
2019-09-13,000300.SH,0.19249667722516067
2019-09-13,000852.SH,0.16998670950064262
2019-09-13,CBA02701.CS,0.23001329009935736
2019-09-13,AU9999.SGE,0.20750332237483932
2019-09-13,NH0100.NHF,0.1999999998
2019-09-20,000300.SH,0.19222472003102645
2019-09-20,000852.SH,0.17202925838043157
2019-09-20,CBA02701.CS,0.22910543687335205
2019-09-20,AU9999.SGE,0.20874440136052677
2019-09-20,NH0100.NHF,0.1978961823546631
2019-09-27,000300.SH,0.19073818030828665
2019-09-27,000852.SH,0.1727971482177559
2019-09-27,CBA02701.CS,0.22985331065709103
2019-09-27,AU9999.SGE,0.21115502726074104
2019-09-27,NH0100.NHF,0.19545633255612535
2019-10-04,000300.SH,0.19249667700164325
2019-10-04,000852.SH,0.16998670860657297
2019-10-04,CBA02701.CS,0.23001329099342702
2019-10-04,AU9999.SGE,0.20750332259835674
2019-10-04,NH0100.NHF,0.1999999998
2019-10-11,000300.SH,0.19249667729966646
2019-10-11,000852.SH,0.16998670979866584
2019-10-11,CBA02701.CS,0.23001328980133412
2019-10-11,AU9999.SGE,0.20750332230033353
2019-10-11,NH0100.NHF,0.1999999998
2019-10-18,000300.SH,0.19249667703889614
2019-10-18,000852.SH,0.16998670875558458
2019-10-18,CBA02701.CS,0.2300132908444154
2019-10-18,AU9999.SGE,0.20750332256110382
2019-10-18,NH0100.NHF,0.1999999998
2019-10-25,000300.SH,0.19249667733691936
2019-10-25,000852.SH,0.16998670994767748
2019-10-25,CBA02701.CS,0.2300132896523225
2019-10-25,AU9999.SGE,0.2075033222630806
2019-10-25,NH0100.NHF,0.1999999998
2019-11-01,000300.SH,0.19249944983701997
2019-11-01,000852.SH,0.17005293493021054
2019-11-01,CBA02701.CS,0.22997434610502698
2019-11-01,AU9999.SGE,0.20752773584627499
2019-11-01,NH0100.NHF,0.19994553228146744
2019-11-08,000300.SH,0.19249667737417225
2019-11-08,000852.SH,0.1699867100966891
2019-11-08,CBA02701.CS,0.2300132895033109
2019-11-08,AU9999.SGE,0.2075033222258277
2019-11-08,NH0100.NHF,0.1999999998
2019-11-15,000300.SH,0.19249667711340196
2019-11-15,000852.SH,0.1699867090536078
2019-11-15,CBA02701.CS,0.23001329054639216
2019-11-15,AU9999.SGE,0.20750332248659803
2019-11-15,NH0100.NHF,0.1999999998
2019-11-22,000300.SH,0.19249667741142518
2019-11-22,000852.SH,0.1699867102457007
2019-11-22,CBA02701.CS,0.2300132893542993
2019-11-22,AU9999.SGE,0.2075033221885748
2019-11-22,NH0100.NHF,0.1999999998
2019-11-29,000300.SH,0.19249667715065485
2019-11-29,000852.SH,0.1699867092026194
2019-11-29,CBA02701.CS,0.23001329039738058
2019-11-29,AU9999.SGE,0.2075033224493451
2019-11-29,NH0100.NHF,0.1999999998
2019-12-06,000300.SH,0.19249667688988453
2019-12-06,000852.SH,0.16998670815953812
2019-12-06,CBA02701.CS,0.23001329144046187
2019-12-06,AU9999.SGE,0.20750332271011546
2019-12-06,NH0100.NHF,0.1999999998
2019-12-13,000300.SH,0.1925020554282132
2019-12-13,000852.SH,0.17012976378560565
2019-12-13,CBA02701.CS,0.22992861682804047
2019-12-13,AU9999.SGE,0.20755810792634494
2019-12-13,NH0100.NHF,0.19988145503179566
2019-12-20,000300.SH,0.19250514744182304
2019-12-20,000852.SH,0.17028034578972423
2019-12-20,CBA02701.CS,0.22984365819166927
2019-12-20,AU9999.SGE,0.20761689876296296
2019-12-20,NH0100.NHF,0.19975394881382044
2019-12-27,000300.SH,0.19249667722516067
2019-12-27,000852.SH,0.16998670950064262
2019-12-27,CBA02701.CS,0.23001329009935736
2019-12-27,AU9999.SGE,0.20750332237483932
2019-12-27,NH0100.NHF,0.1999999998
2020-01-03,000300.SH,0.1938481853024505
2020-01-03,000852.SH,0.17622950599381176
2020-01-03,CBA02701.CS,0.22546498607449164
2020-01-03,AU9999.SGE,0.20696893931600255
2020-01-03,NH0100.NHF,0.19748838231324353
2020-01-10,000300.SH,0.19487433286816025
2020-01-10,000852.SH,0.1831026301104878
2020-01-10,CBA02701.CS,0.22267178260507034
2020-01-10,AU9999.SGE,0.20746271988248258
2020-01-10,NH0100.NHF,0.19188853353379892
2020-01-17,000300.SH,0.19568713117664874
2020-01-17,000852.SH,0.18352914992126942
2020-01-17,CBA02701.CS,0.22202712248354736
2020-01-17,AU9999.SGE,0.20631637500525227
2020-01-17,NH0100.NHF,0.19244022041328207
2020-01-24,000300.SH,0.19594383427786724
2020-01-24,000852.SH,0.1868263267911991
2020-01-24,CBA02701.CS,0.22089135886515057
2020-01-24,AU9999.SGE,0.20631121785156317
2020-01-24,NH0100.NHF,0.1900272612142199
2020-01-31,000300.SH,0.19457266037574933
2020-01-31,000852.SH,0.17961456289971964
2020-01-31,CBA02701.CS,0.22385127361566584
2020-01-31,AU9999.SGE,0.2075766956659147
2020-01-31,NH0100.NHF,0.1943848064429505
2020-02-07,000300.SH,0.1972178564867835
2020-02-07,000852.SH,0.18803014781526461
2020-02-07,CBA02701.CS,0.217987218652748
2020-02-07,AU9999.SGE,0.20457853302937679
2020-02-07,NH0100.NHF,0.19218624301582699
2020-02-14,000300.SH,0.19454917141908515
2020-02-14,000852.SH,0.1797740501076788
2020-02-14,CBA02701.CS,0.22477245097563092
2020-02-14,AU9999.SGE,0.20787968581007282
2020-02-14,NH0100.NHF,0.19302464068753225
2020-02-21,000300.SH,0.19536048464787034
2020-02-21,000852.SH,0.18312716500764298
2020-02-21,CBA02701.CS,0.22275903026851768
2020-02-21,AU9999.SGE,0.20761138727964454
2020-02-21,NH0100.NHF,0.19114193179632438
2020-02-28,000300.SH,0.19506372960527768
2020-02-28,000852.SH,0.18044220123018426
2020-02-28,CBA02701.CS,0.22507051236475142
2020-02-28,AU9999.SGE,0.2067267372184577
2020-02-28,NH0100.NHF,0.19269681858132875
2020-03-06,000300.SH,0.1946127791257762
2020-03-06,000852.SH,0.1797751355482664
2020-03-06,CBA02701.CS,0.2250760527769667
2020-03-06,AU9999.SGE,0.2075849498735632
2020-03-06,NH0100.NHF,0.19295108167542735
2020-03-13,000300.SH,0.1945370569693854
2020-03-13,000852.SH,0.17895387069049898
2020-03-13,CBA02701.CS,0.22393266784157229
2020-03-13,AU9999.SGE,0.20667227844831684
2020-03-13,NH0100.NHF,0.1959041250502264
2020-03-20,000300.SH,0.19403542482839783
2020-03-20,000852.SH,0.17687791481745244
2020-03-20,CBA02701.CS,0.22424463121186244
2020-03-20,AU9999.SGE,0.20669643685878705
2020-03-20,NH0100.NHF,0.19814559128350018
2020-03-27,000300.SH,0.1928385233684271
2020-03-27,000852.SH,0.18123117408158265
2020-03-27,CBA02701.CS,0.22285212157629566
2020-03-27,AU9999.SGE,0.20926019251527883
2020-03-27,NH0100.NHF,0.19381798745841583
2020-04-03,000300.SH,0.19573307881540383
2020-04-03,000852.SH,0.18396981095030096
2020-04-03,CBA02701.CS,0.21820709346979011
2020-04-03,AU9999.SGE,0.20534978914988208
2020-04-03,NH0100.NHF,0.196740226614623
2020-04-10,000300.SH,0.19588563799025832
2020-04-10,000852.SH,0.1858303895173822
2020-04-10,CBA02701.CS,0.2204547227902946
2020-04-10,AU9999.SGE,0.2063086038283932
2020-04-10,NH0100.NHF,0.19152064487367165
2020-04-17,000300.SH,0.1957317617301661
2020-04-17,000852.SH,0.18344816265093183
2020-04-17,CBA02701.CS,0.22157283628556249
2020-04-17,AU9999.SGE,0.20622131380142544
2020-04-17,NH0100.NHF,0.1930259245319142
2020-04-24,000300.SH,0.194660483334481
2020-04-24,000852.SH,0.18141073511383615
2020-04-24,CBA02701.CS,0.22393630092642983
2020-04-24,AU9999.SGE,0.207730831058773
2020-04-24,NH0100.NHF,0.19226164856647998
2020-05-01,000300.SH,0.1948532871959839
2020-05-01,000852.SH,0.18481745191822554
2020-05-01,CBA02701.CS,0.2217353698238815
2020-05-01,AU9999.SGE,0.20782511553261787
2020-05-01,NH0100.NHF,0.19076877452929109
2020-05-08,000300.SH,0.1999999998
2020-05-08,000852.SH,0.1999999998
2020-05-08,CBA02701.CS,0.1999999998
2020-05-08,AU9999.SGE,0.1999999998
2020-05-08,NH0100.NHF,0.1999999998
2020-05-15,000300.SH,0.1999999998
2020-05-15,000852.SH,0.1999999998
2020-05-15,CBA02701.CS,0.1999999998
2020-05-15,AU9999.SGE,0.1999999998
2020-05-15,NH0100.NHF,0.1999999998
2020-05-22,000300.SH,0.1999999998
2020-05-22,000852.SH,0.1999999998
2020-05-22,CBA02701.CS,0.1999999998
2020-05-22,AU9999.SGE,0.1999999998
2020-05-22,NH0100.NHF,0.1999999998
2020-05-29,000300.SH,0.1999999998
2020-05-29,000852.SH,0.1999999998
2020-05-29,CBA02701.CS,0.1999999998
2020-05-29,AU9999.SGE,0.1999999998
2020-05-29,NH0100.NHF,0.1999999998
2020-06-05,000300.SH,0.1999999998
2020-06-05,000852.SH,0.1999999998
2020-06-05,CBA02701.CS,0.1999999998
2020-06-05,AU9999.SGE,0.1999999998
2020-06-05,NH0100.NHF,0.1999999998
2020-06-12,000300.SH,0.1999999998
2020-06-12,000852.SH,0.1999999998
2020-06-12,CBA02701.CS,0.1999999998
2020-06-12,AU9999.SGE,0.1999999998
2020-06-12,NH0100.NHF,0.1999999998
2020-06-19,000300.SH,0.1999999998
2020-06-19,000852.SH,0.1999999998
2020-06-19,CBA02701.CS,0.1999999998
2020-06-19,AU9999.SGE,0.1999999998
2020-06-19,NH0100.NHF,0.1999999998
2020-06-26,000300.SH,0.1999999998
2020-06-26,000852.SH,0.1999999998
2020-06-26,CBA02701.CS,0.1999999998
2020-06-26,AU9999.SGE,0.1999999998
2020-06-26,NH0100.NHF,0.1999999998
2020-07-03,000300.SH,0.1999999998
2020-07-03,000852.SH,0.1999999998
2020-07-03,CBA02701.CS,0.1999999998
2020-07-03,AU9999.SGE,0.1999999998
2020-07-03,NH0100.NHF,0.1999999998
2020-07-10,000300.SH,0.1999999998
2020-07-10,000852.SH,0.1999999998
2020-07-10,CBA02701.CS,0.1999999998
2020-07-10,AU9999.SGE,0.1999999998
2020-07-10,NH0100.NHF,0.1999999998
2020-07-17,000300.SH,0.1999999998
2020-07-17,000852.SH,0.1999999998
2020-07-17,CBA02701.CS,0.1999999998
2020-07-17,AU9999.SGE,0.1999999998
2020-07-17,NH0100.NHF,0.1999999998
2020-07-24,000300.SH,0.1999999998
2020-07-24,000852.SH,0.1999999998
2020-07-24,CBA02701.CS,0.1999999998
2020-07-24,AU9999.SGE,0.1999999998
2020-07-24,NH0100.NHF,0.1999999998
2020-07-31,000300.SH,0.1999999998
2020-07-31,000852.SH,0.1999999998
2020-07-31,CBA02701.CS,0.1999999998
2020-07-31,AU9999.SGE,0.1999999998
2020-07-31,NH0100.NHF,0.1999999998
2020-08-07,000300.SH,0.1999999998
2020-08-07,000852.SH,0.1999999998
2020-08-07,CBA02701.CS,0.1999999998
2020-08-07,AU9999.SGE,0.1999999998
2020-08-07,NH0100.NHF,0.1999999998
2020-08-14,000300.SH,0.1999999998
2020-08-14,000852.SH,0.1999999998
2020-08-14,CBA02701.CS,0.1999999998
2020-08-14,AU9999.SGE,0.1999999998
2020-08-14,NH0100.NHF,0.1999999998
2020-08-21,000300.SH,0.1999999998
2020-08-21,000852.SH,0.1999999998
2020-08-21,CBA02701.CS,0.1999999998
2020-08-21,AU9999.SGE,0.1999999998
2020-08-21,NH0100.NHF,0.1999999998
2020-08-28,000300.SH,0.1999999998
2020-08-28,000852.SH,0.1999999998
2020-08-28,CBA02701.CS,0.1999999998
2020-08-28,AU9999.SGE,0.1999999998
2020-08-28,NH0100.NHF,0.1999999998
2020-09-04,000300.SH,0.1999999998
2020-09-04,000852.SH,0.1999999998
2020-09-04,CBA02701.CS,0.1999999998
2020-09-04,AU9999.SGE,0.1999999998
2020-09-04,NH0100.NHF,0.1999999998
2020-09-11,000300.SH,0.1999999998
2020-09-11,000852.SH,0.1999999998
2020-09-11,CBA02701.CS,0.1999999998
2020-09-11,AU9999.SGE,0.1999999998
2020-09-11,NH0100.NHF,0.1999999998
2020-09-18,000300.SH,0.1999999998
2020-09-18,000852.SH,0.1999999998
2020-09-18,CBA02701.CS,0.1999999998
2020-09-18,AU9999.SGE,0.1999999998
2020-09-18,NH0100.NHF,0.1999999998
2020-09-25,000300.SH,0.1999999998
2020-09-25,000852.SH,0.1999999998
2020-09-25,CBA02701.CS,0.1999999998
2020-09-25,AU9999.SGE,0.1999999998
2020-09-25,NH0100.NHF,0.1999999998
2020-10-02,000300.SH,0.1999999998
2020-10-02,000852.SH,0.1999999998
2020-10-02,CBA02701.CS,0.1999999998
2020-10-02,AU9999.SGE,0.1999999998
2020-10-02,NH0100.NHF,0.1999999998
2020-10-09,000300.SH,0.1999999998
2020-10-09,000852.SH,0.1999999998
2020-10-09,CBA02701.CS,0.1999999998
2020-10-09,AU9999.SGE,0.1999999998
2020-10-09,NH0100.NHF,0.1999999998
2020-10-16,000300.SH,0.1999999998
2020-10-16,000852.SH,0.1999999998
2020-10-16,CBA02701.CS,0.1999999998
2020-10-16,AU9999.SGE,0.1999999998
2020-10-16,NH0100.NHF,0.1999999998
2020-10-23,000300.SH,0.1999999998
2020-10-23,000852.SH,0.1999999998
2020-10-23,CBA02701.CS,0.1999999998
2020-10-23,AU9999.SGE,0.1999999998
2020-10-23,NH0100.NHF,0.1999999998
2020-10-30,000300.SH,0.1999999998
2020-10-30,000852.SH,0.1999999998
2020-10-30,CBA02701.CS,0.1999999998
2020-10-30,AU9999.SGE,0.1999999998
2020-10-30,NH0100.NHF,0.1999999998
2020-11-06,000300.SH,0.1999999998
2020-11-06,000852.SH,0.1999999998
2020-11-06,CBA02701.CS,0.1999999998
2020-11-06,AU9999.SGE,0.1999999998
2020-11-06,NH0100.NHF,0.1999999998
2020-11-13,000300.SH,0.1999999998
2020-11-13,000852.SH,0.1999999998
2020-11-13,CBA02701.CS,0.1999999998
2020-11-13,AU9999.SGE,0.1999999998
2020-11-13,NH0100.NHF,0.1999999998
2020-11-20,000300.SH,0.1999999998
2020-11-20,000852.SH,0.1999999998
2020-11-20,CBA02701.CS,0.1999999998
2020-11-20,AU9999.SGE,0.1999999998
2020-11-20,NH0100.NHF,0.1999999998
2020-11-27,000300.SH,0.1999999998
2020-11-27,000852.SH,0.1999999998
2020-11-27,CBA02701.CS,0.1999999998
2020-11-27,AU9999.SGE,0.1999999998
2020-11-27,NH0100.NHF,0.1999999998
2020-12-04,000300.SH,0.1999999998
2020-12-04,000852.SH,0.1999999998
2020-12-04,CBA02701.CS,0.1999999998
2020-12-04,AU9999.SGE,0.1999999998
2020-12-04,NH0100.NHF,0.1999999998
2020-12-11,000300.SH,0.1999999998
2020-12-11,000852.SH,0.1999999998
2020-12-11,CBA02701.CS,0.1999999998
2020-12-11,AU9999.SGE,0.1999999998
2020-12-11,NH0100.NHF,0.1999999998
2020-12-18,000300.SH,0.1999999998
2020-12-18,000852.SH,0.1999999998
2020-12-18,CBA02701.CS,0.1999999998
2020-12-18,AU9999.SGE,0.1999999998
2020-12-18,NH0100.NHF,0.1999999998
2020-12-25,000300.SH,0.1999999998
2020-12-25,000852.SH,0.1999999998
2020-12-25,CBA02701.CS,0.1999999998
2020-12-25,AU9999.SGE,0.1999999998
2020-12-25,NH0100.NHF,0.1999999998
2021-01-01,000300.SH,0.1999999998
2021-01-01,000852.SH,0.1999999998
2021-01-01,CBA02701.CS,0.1999999998
2021-01-01,AU9999.SGE,0.1999999998
2021-01-01,NH0100.NHF,0.1999999998
2021-01-08,000300.SH,0.1999999998
2021-01-08,000852.SH,0.1999999998
2021-01-08,CBA02701.CS,0.1999999998
2021-01-08,AU9999.SGE,0.1999999998
2021-01-08,NH0100.NHF,0.1999999998
2021-01-15,000300.SH,0.1999999998
2021-01-15,000852.SH,0.1999999998
2021-01-15,CBA02701.CS,0.1999999998
2021-01-15,AU9999.SGE,0.1999999998
2021-01-15,NH0100.NHF,0.1999999998
2021-01-22,000300.SH,0.1999999998
2021-01-22,000852.SH,0.1999999998
2021-01-22,CBA02701.CS,0.1999999998
2021-01-22,AU9999.SGE,0.1999999998
2021-01-22,NH0100.NHF,0.1999999998
2021-01-29,000300.SH,0.1999999998
2021-01-29,000852.SH,0.1999999998
2021-01-29,CBA02701.CS,0.1999999998
2021-01-29,AU9999.SGE,0.1999999998
2021-01-29,NH0100.NHF,0.1999999998
2021-02-05,000300.SH,0.1999999998
2021-02-05,000852.SH,0.1999999998
2021-02-05,CBA02701.CS,0.1999999998
2021-02-05,AU9999.SGE,0.1999999998
2021-02-05,NH0100.NHF,0.1999999998
2021-02-12,000300.SH,0.1999999998
2021-02-12,000852.SH,0.1999999998
2021-02-12,CBA02701.CS,0.1999999998
2021-02-12,AU9999.SGE,0.1999999998
2021-02-12,NH0100.NHF,0.1999999998
2021-02-19,000300.SH,0.1999999998
2021-02-19,000852.SH,0.1999999998
2021-02-19,CBA02701.CS,0.1999999998
2021-02-19,AU9999.SGE,0.1999999998
2021-02-19,NH0100.NHF,0.1999999998
2021-02-26,000300.SH,0.1999999998
2021-02-26,000852.SH,0.1999999998
2021-02-26,CBA02701.CS,0.1999999998
2021-02-26,AU9999.SGE,0.1999999998
2021-02-26,NH0100.NHF,0.1999999998
2021-03-05,000300.SH,0.1999999998
2021-03-05,000852.SH,0.1999999998
2021-03-05,CBA02701.CS,0.1999999998
2021-03-05,AU9999.SGE,0.1999999998
2021-03-05,NH0100.NHF,0.1999999998
2021-03-12,000300.SH,0.1999999998
2021-03-12,000852.SH,0.1999999998
2021-03-12,CBA02701.CS,0.1999999998
2021-03-12,AU9999.SGE,0.1999999998
2021-03-12,NH0100.NHF,0.1999999998
2021-03-19,000300.SH,0.1999999998
2021-03-19,000852.SH,0.1999999998
2021-03-19,CBA02701.CS,0.1999999998
2021-03-19,AU9999.SGE,0.1999999998
2021-03-19,NH0100.NHF,0.1999999998
2021-03-26,000300.SH,0.1999999998
2021-03-26,000852.SH,0.1999999998
2021-03-26,CBA02701.CS,0.1999999998
2021-03-26,AU9999.SGE,0.1999999998
2021-03-26,NH0100.NHF,0.1999999998
2021-04-02,000300.SH,0.1999999998
2021-04-02,000852.SH,0.1999999998
2021-04-02,CBA02701.CS,0.1999999998
2021-04-02,AU9999.SGE,0.1999999998
2021-04-02,NH0100.NHF,0.1999999998
2021-04-09,000300.SH,0.19869044631747157
2021-04-09,000852.SH,0.19516083120766672
2021-04-09,CBA02701.CS,0.2053110230399587
2021-04-09,AU9999.SGE,0.20161986761185433
2021-04-09,NH0100.NHF,0.19921783082304864
2021-04-16,000300.SH,0.19898811631774216
2021-04-16,000852.SH,0.1961540289717261
2021-04-16,CBA02701.CS,0.2040707846958485
2021-04-16,AU9999.SGE,0.20116376420377402
2021-04-16,NH0100.NHF,0.1996233048109092
2021-04-23,000300.SH,0.1999999998
2021-04-23,000852.SH,0.1999999998
2021-04-23,CBA02701.CS,0.1999999998
2021-04-23,AU9999.SGE,0.1999999998
2021-04-23,NH0100.NHF,0.1999999998
2021-04-30,000300.SH,0.1999999998
2021-04-30,000852.SH,0.1999999998
2021-04-30,CBA02701.CS,0.1999999998
2021-04-30,AU9999.SGE,0.1999999998
2021-04-30,NH0100.NHF,0.1999999998
2021-05-07,000300.SH,0.1999999998
2021-05-07,000852.SH,0.1999999998
2021-05-07,CBA02701.CS,0.1999999998
2021-05-07,AU9999.SGE,0.1999999998
2021-05-07,NH0100.NHF,0.1999999998
2021-05-14,000300.SH,0.1999999998
2021-05-14,000852.SH,0.1999999998
2021-05-14,CBA02701.CS,0.1999999998
2021-05-14,AU9999.SGE,0.1999999998
2021-05-14,NH0100.NHF,0.1999999998
2021-05-21,000300.SH,0.1999999998
2021-05-21,000852.SH,0.1999999998
2021-05-21,CBA02701.CS,0.1999999998
2021-05-21,AU9999.SGE,0.1999999998
2021-05-21,NH0100.NHF,0.1999999998
2021-05-28,000300.SH,0.1999999998
2021-05-28,000852.SH,0.1999999998
2021-05-28,CBA02701.CS,0.1999999998
2021-05-28,AU9999.SGE,0.1999999998
2021-05-28,NH0100.NHF,0.1999999998
2021-06-04,000300.SH,0.1989477536573716
2021-06-04,000852.SH,0.1964414657229327
2021-06-04,CBA02701.CS,0.20381468318835427
2021-06-04,AU9999.SGE,0.2012731697098176
2021-06-04,NH0100.NHF,0.19952292672152377
2021-06-11,000300.SH,0.1999999998
2021-06-11,000852.SH,0.1999999998
2021-06-11,CBA02701.CS,0.1999999998
2021-06-11,AU9999.SGE,0.1999999998
2021-06-11,NH0100.NHF,0.1999999998
2021-06-18,000300.SH,0.1999999998
2021-06-18,000852.SH,0.1999999998
2021-06-18,CBA02701.CS,0.1999999998
2021-06-18,AU9999.SGE,0.1999999998
2021-06-18,NH0100.NHF,0.1999999998
2021-06-25,000300.SH,0.1999999998
2021-06-25,000852.SH,0.1999999998
2021-06-25,CBA02701.CS,0.1999999998
2021-06-25,AU9999.SGE,0.1999999998
2021-06-25,NH0100.NHF,0.1999999998
2021-07-02,000300.SH,0.1999999998
2021-07-02,000852.SH,0.1999999998
2021-07-02,CBA02701.CS,0.1999999998
2021-07-02,AU9999.SGE,0.1999999998
2021-07-02,NH0100.NHF,0.1999999998
2021-07-09,000300.SH,0.1999999998
2021-07-09,000852.SH,0.1999999998
2021-07-09,CBA02701.CS,0.1999999998
2021-07-09,AU9999.SGE,0.1999999998
2021-07-09,NH0100.NHF,0.1999999998
2021-07-16,000300.SH,0.1999999998
2021-07-16,000852.SH,0.1999999998
2021-07-16,CBA02701.CS,0.1999999998
2021-07-16,AU9999.SGE,0.1999999998
2021-07-16,NH0100.NHF,0.1999999998
2021-07-23,000300.SH,0.1999999998
2021-07-23,000852.SH,0.1999999998
2021-07-23,CBA02701.CS,0.1999999998
2021-07-23,AU9999.SGE,0.1999999998
2021-07-23,NH0100.NHF,0.1999999998
2021-07-30,000300.SH,0.1999999998
2021-07-30,000852.SH,0.1999999998
2021-07-30,CBA02701.CS,0.1999999998
2021-07-30,AU9999.SGE,0.1999999998
2021-07-30,NH0100.NHF,0.1999999998
2021-08-06,000300.SH,0.1999999998
2021-08-06,000852.SH,0.1999999998
2021-08-06,CBA02701.CS,0.1999999998
2021-08-06,AU9999.SGE,0.1999999998
2021-08-06,NH0100.NHF,0.1999999998
2021-08-13,000300.SH,0.1999999998
2021-08-13,000852.SH,0.1999999998
2021-08-13,CBA02701.CS,0.1999999998
2021-08-13,AU9999.SGE,0.1999999998
2021-08-13,NH0100.NHF,0.1999999998
2021-08-20,000300.SH,0.1999999998
2021-08-20,000852.SH,0.1999999998
2021-08-20,CBA02701.CS,0.1999999998
2021-08-20,AU9999.SGE,0.1999999998
2021-08-20,NH0100.NHF,0.1999999998
2021-08-27,000300.SH,0.1999999998
2021-08-27,000852.SH,0.1999999998
2021-08-27,CBA02701.CS,0.1999999998
2021-08-27,AU9999.SGE,0.1999999998
2021-08-27,NH0100.NHF,0.1999999998
2021-09-03,000300.SH,0.1999999998
2021-09-03,000852.SH,0.1999999998
2021-09-03,CBA02701.CS,0.1999999998
2021-09-03,AU9999.SGE,0.1999999998
2021-09-03,NH0100.NHF,0.1999999998
2021-09-10,000300.SH,0.1999999998
2021-09-10,000852.SH,0.1999999998
2021-09-10,CBA02701.CS,0.1999999998
2021-09-10,AU9999.SGE,0.1999999998
2021-09-10,NH0100.NHF,0.1999999998
2021-09-17,000300.SH,0.1999999998
2021-09-17,000852.SH,0.1999999998
2021-09-17,CBA02701.CS,0.1999999998
2021-09-17,AU9999.SGE,0.1999999998
2021-09-17,NH0100.NHF,0.1999999998
2021-09-24,000300.SH,0.1999999998
2021-09-24,000852.SH,0.1999999998
2021-09-24,CBA02701.CS,0.1999999998
2021-09-24,AU9999.SGE,0.1999999998
2021-09-24,NH0100.NHF,0.1999999998
2021-10-01,000300.SH,0.1999999998
2021-10-01,000852.SH,0.1999999998
2021-10-01,CBA02701.CS,0.1999999998
2021-10-01,AU9999.SGE,0.1999999998
2021-10-01,NH0100.NHF,0.1999999998
2021-10-08,000300.SH,0.1999999998
2021-10-08,000852.SH,0.1999999998
2021-10-08,CBA02701.CS,0.1999999998
2021-10-08,AU9999.SGE,0.1999999998
2021-10-08,NH0100.NHF,0.1999999998
2021-10-15,000300.SH,0.1999999998
2021-10-15,000852.SH,0.1999999998
2021-10-15,CBA02701.CS,0.1999999998
2021-10-15,AU9999.SGE,0.1999999998
2021-10-15,NH0100.NHF,0.1999999998
2021-10-22,000300.SH,0.1999999998
2021-10-22,000852.SH,0.1999999998
2021-10-22,CBA02701.CS,0.1999999998
2021-10-22,AU9999.SGE,0.1999999998
2021-10-22,NH0100.NHF,0.1999999998
2021-10-29,000300.SH,0.1999999998
2021-10-29,000852.SH,0.1999999998
2021-10-29,CBA02701.CS,0.1999999998
2021-10-29,AU9999.SGE,0.1999999998
2021-10-29,NH0100.NHF,0.1999999998
2021-11-05,000300.SH,0.1999999998
2021-11-05,000852.SH,0.1999999998
2021-11-05,CBA02701.CS,0.1999999998
2021-11-05,AU9999.SGE,0.1999999998
2021-11-05,NH0100.NHF,0.1999999998
2021-11-12,000300.SH,0.1999999998
2021-11-12,000852.SH,0.1999999998
2021-11-12,CBA02701.CS,0.1999999998
2021-11-12,AU9999.SGE,0.1999999998
2021-11-12,NH0100.NHF,0.1999999998
2021-11-19,000300.SH,0.1999999998
2021-11-19,000852.SH,0.1999999998
2021-11-19,CBA02701.CS,0.1999999998
2021-11-19,AU9999.SGE,0.1999999998
2021-11-19,NH0100.NHF,0.1999999998
2021-11-26,000300.SH,0.1999999998
2021-11-26,000852.SH,0.1999999998
2021-11-26,CBA02701.CS,0.1999999998
2021-11-26,AU9999.SGE,0.1999999998
2021-11-26,NH0100.NHF,0.1999999998
2021-12-03,000300.SH,0.1999999998
2021-12-03,000852.SH,0.1999999998
2021-12-03,CBA02701.CS,0.1999999998
2021-12-03,AU9999.SGE,0.1999999998
2021-12-03,NH0100.NHF,0.1999999998
2021-12-10,000300.SH,0.1999999998
2021-12-10,000852.SH,0.1999999998
2021-12-10,CBA02701.CS,0.1999999998
2021-12-10,AU9999.SGE,0.1999999998
2021-12-10,NH0100.NHF,0.1999999998
2021-12-17,000300.SH,0.1999999998
2021-12-17,000852.SH,0.1999999998
2021-12-17,CBA02701.CS,0.1999999998
2021-12-17,AU9999.SGE,0.1999999998
2021-12-17,NH0100.NHF,0.1999999998
2021-12-24,000300.SH,0.1999999998
2021-12-24,000852.SH,0.1999999998
2021-12-24,CBA02701.CS,0.1999999998
2021-12-24,AU9999.SGE,0.1999999998
2021-12-24,NH0100.NHF,0.1999999998
2021-12-31,000300.SH,0.1999999998
2021-12-31,000852.SH,0.1999999998
2021-12-31,CBA02701.CS,0.1999999998
2021-12-31,AU9999.SGE,0.1999999998
2021-12-31,NH0100.NHF,0.1999999998
2022-01-07,000300.SH,0.1999999998
2022-01-07,000852.SH,0.1999999998
2022-01-07,CBA02701.CS,0.1999999998
2022-01-07,AU9999.SGE,0.1999999998
2022-01-07,NH0100.NHF,0.1999999998
2022-01-14,000300.SH,0.1999999998
2022-01-14,000852.SH,0.1999999998
2022-01-14,CBA02701.CS,0.1999999998
2022-01-14,AU9999.SGE,0.1999999998
2022-01-14,NH0100.NHF,0.1999999998
2022-01-21,000300.SH,0.1999999998
2022-01-21,000852.SH,0.1999999998
2022-01-21,CBA02701.CS,0.1999999998
2022-01-21,AU9999.SGE,0.1999999998
2022-01-21,NH0100.NHF,0.1999999998
2022-01-28,000300.SH,0.1999999998
2022-01-28,000852.SH,0.1999999998
2022-01-28,CBA02701.CS,0.1999999998
2022-01-28,AU9999.SGE,0.1999999998
2022-01-28,NH0100.NHF,0.1999999998
2022-02-04,000300.SH,0.1999999998
2022-02-04,000852.SH,0.1999999998
2022-02-04,CBA02701.CS,0.1999999998
2022-02-04,AU9999.SGE,0.1999999998
2022-02-04,NH0100.NHF,0.1999999998
2022-02-11,000300.SH,0.1999999998
2022-02-11,000852.SH,0.1999999998
2022-02-11,CBA02701.CS,0.1999999998
2022-02-11,AU9999.SGE,0.1999999998
2022-02-11,NH0100.NHF,0.1999999998
2022-02-18,000300.SH,0.1999999998
2022-02-18,000852.SH,0.1999999998
2022-02-18,CBA02701.CS,0.1999999998
2022-02-18,AU9999.SGE,0.1999999998
2022-02-18,NH0100.NHF,0.1999999998
2022-02-25,000300.SH,0.1999999998
2022-02-25,000852.SH,0.1999999998
2022-02-25,CBA02701.CS,0.1999999998
2022-02-25,AU9999.SGE,0.1999999998
2022-02-25,NH0100.NHF,0.1999999998
2022-03-04,000300.SH,0.1999999998
2022-03-04,000852.SH,0.1999999998
2022-03-04,CBA02701.CS,0.1999999998
2022-03-04,AU9999.SGE,0.1999999998
2022-03-04,NH0100.NHF,0.1999999998
2022-03-11,000300.SH,0.1999999998
2022-03-11,000852.SH,0.1999999998
2022-03-11,CBA02701.CS,0.1999999998
2022-03-11,AU9999.SGE,0.1999999998
2022-03-11,NH0100.NHF,0.1999999998
2022-03-18,000300.SH,0.1999999998
2022-03-18,000852.SH,0.1999999998
2022-03-18,CBA02701.CS,0.1999999998
2022-03-18,AU9999.SGE,0.1999999998
2022-03-18,NH0100.NHF,0.1999999998
2022-03-25,000300.SH,0.1999999998
2022-03-25,000852.SH,0.1999999998
2022-03-25,CBA02701.CS,0.1999999998
2022-03-25,AU9999.SGE,0.1999999998
2022-03-25,NH0100.NHF,0.1999999998
2022-04-01,000300.SH,0.1999999998
2022-04-01,000852.SH,0.1999999998
2022-04-01,CBA02701.CS,0.1999999998
2022-04-01,AU9999.SGE,0.1999999998
2022-04-01,NH0100.NHF,0.1999999998
2022-04-08,000300.SH,0.1999999998
2022-04-08,000852.SH,0.1999999998
2022-04-08,CBA02701.CS,0.1999999998
2022-04-08,AU9999.SGE,0.1999999998
2022-04-08,NH0100.NHF,0.1999999998
2022-04-15,000300.SH,0.1999999998
2022-04-15,000852.SH,0.1999999998
2022-04-15,CBA02701.CS,0.1999999998
2022-04-15,AU9999.SGE,0.1999999998
2022-04-15,NH0100.NHF,0.1999999998
2022-04-22,000300.SH,0.1999999998
2022-04-22,000852.SH,0.1999999998
2022-04-22,CBA02701.CS,0.1999999998
2022-04-22,AU9999.SGE,0.1999999998
2022-04-22,NH0100.NHF,0.1999999998
2022-04-29,000300.SH,0.1999999998
2022-04-29,000852.SH,0.1999999998
2022-04-29,CBA02701.CS,0.1999999998
2022-04-29,AU9999.SGE,0.1999999998
2022-04-29,NH0100.NHF,0.1999999998
2022-05-06,000300.SH,0.1999999998
2022-05-06,000852.SH,0.1999999998
2022-05-06,CBA02701.CS,0.1999999998
2022-05-06,AU9999.SGE,0.1999999998
2022-05-06,NH0100.NHF,0.1999999998
2022-05-13,000300.SH,0.1999999998
2022-05-13,000852.SH,0.1999999998
2022-05-13,CBA02701.CS,0.1999999998
2022-05-13,AU9999.SGE,0.1999999998
2022-05-13,NH0100.NHF,0.1999999998
2022-05-20,000300.SH,0.1999999998
2022-05-20,000852.SH,0.1999999998
2022-05-20,CBA02701.CS,0.1999999998
2022-05-20,AU9999.SGE,0.1999999998
2022-05-20,NH0100.NHF,0.1999999998
2022-05-27,000300.SH,0.1999999998
2022-05-27,000852.SH,0.1999999998
2022-05-27,CBA02701.CS,0.1999999998
2022-05-27,AU9999.SGE,0.1999999998
2022-05-27,NH0100.NHF,0.1999999998
2022-06-03,000300.SH,0.1999999998
2022-06-03,000852.SH,0.1999999998
2022-06-03,CBA02701.CS,0.1999999998
2022-06-03,AU9999.SGE,0.1999999998
2022-06-03,NH0100.NHF,0.1999999998
2022-06-10,000300.SH,0.1999999998
2022-06-10,000852.SH,0.1999999998
2022-06-10,CBA02701.CS,0.1999999998
2022-06-10,AU9999.SGE,0.1999999998
2022-06-10,NH0100.NHF,0.1999999998
2022-06-17,000300.SH,0.1999999998
2022-06-17,000852.SH,0.1999999998
2022-06-17,CBA02701.CS,0.1999999998
2022-06-17,AU9999.SGE,0.1999999998
2022-06-17,NH0100.NHF,0.1999999998
2022-06-24,000300.SH,0.1999999998
2022-06-24,000852.SH,0.1999999998
2022-06-24,CBA02701.CS,0.1999999998
2022-06-24,AU9999.SGE,0.1999999998
2022-06-24,NH0100.NHF,0.1999999998
2022-07-01,000300.SH,0.1999999998
2022-07-01,000852.SH,0.1999999998
2022-07-01,CBA02701.CS,0.1999999998
2022-07-01,AU9999.SGE,0.1999999998
2022-07-01,NH0100.NHF,0.1999999998
2022-07-08,000300.SH,0.1999999998
2022-07-08,000852.SH,0.1999999998
2022-07-08,CBA02701.CS,0.1999999998
2022-07-08,AU9999.SGE,0.1999999998
2022-07-08,NH0100.NHF,0.1999999998
2022-07-15,000300.SH,0.1999999998
2022-07-15,000852.SH,0.1999999998
2022-07-15,CBA02701.CS,0.1999999998
2022-07-15,AU9999.SGE,0.1999999998
2022-07-15,NH0100.NHF,0.1999999998
2022-07-22,000300.SH,0.1999999998
2022-07-22,000852.SH,0.1999999998
2022-07-22,CBA02701.CS,0.1999999998
2022-07-22,AU9999.SGE,0.1999999998
2022-07-22,NH0100.NHF,0.1999999998
2022-07-29,000300.SH,0.1999999998
2022-07-29,000852.SH,0.1999999998
2022-07-29,CBA02701.CS,0.1999999998
2022-07-29,AU9999.SGE,0.1999999998
2022-07-29,NH0100.NHF,0.1999999998
2022-08-05,000300.SH,0.1999999998
2022-08-05,000852.SH,0.1999999998
2022-08-05,CBA02701.CS,0.1999999998
2022-08-05,AU9999.SGE,0.1999999998
2022-08-05,NH0100.NHF,0.1999999998
2022-08-12,000300.SH,0.1999999998
2022-08-12,000852.SH,0.1999999998
2022-08-12,CBA02701.CS,0.1999999998
2022-08-12,AU9999.SGE,0.1999999998
2022-08-12,NH0100.NHF,0.1999999998
2022-08-19,000300.SH,0.1999999998
2022-08-19,000852.SH,0.1999999998
2022-08-19,CBA02701.CS,0.1999999998
2022-08-19,AU9999.SGE,0.1999999998
2022-08-19,NH0100.NHF,0.1999999998
2022-08-26,000300.SH,0.1999999998
2022-08-26,000852.SH,0.1999999998
2022-08-26,CBA02701.CS,0.1999999998
2022-08-26,AU9999.SGE,0.1999999998
2022-08-26,NH0100.NHF,0.1999999998
2022-09-02,000300.SH,0.1999999998
2022-09-02,000852.SH,0.1999999998
2022-09-02,CBA02701.CS,0.1999999998
2022-09-02,AU9999.SGE,0.1999999998
2022-09-02,NH0100.NHF,0.1999999998
2022-09-09,000300.SH,0.1999999998
2022-09-09,000852.SH,0.1999999998
2022-09-09,CBA02701.CS,0.1999999998
2022-09-09,AU9999.SGE,0.1999999998
2022-09-09,NH0100.NHF,0.1999999998
2022-09-16,000300.SH,0.1999999998
2022-09-16,000852.SH,0.1999999998
2022-09-16,CBA02701.CS,0.1999999998
2022-09-16,AU9999.SGE,0.1999999998
2022-09-16,NH0100.NHF,0.1999999998
2022-09-23,000300.SH,0.1999999998
2022-09-23,000852.SH,0.1999999998
2022-09-23,CBA02701.CS,0.1999999998
2022-09-23,AU9999.SGE,0.1999999998
2022-09-23,NH0100.NHF,0.1999999998
2022-09-30,000300.SH,0.1999999998
2022-09-30,000852.SH,0.1999999998
2022-09-30,CBA02701.CS,0.1999999998
2022-09-30,AU9999.SGE,0.1999999998
2022-09-30,NH0100.NHF,0.1999999998
2022-10-07,000300.SH,0.1999999998
2022-10-07,000852.SH,0.1999999998
2022-10-07,CBA02701.CS,0.1999999998
2022-10-07,AU9999.SGE,0.1999999998
2022-10-07,NH0100.NHF,0.1999999998
2022-10-14,000300.SH,0.1999999998
2022-10-14,000852.SH,0.1999999998
2022-10-14,CBA02701.CS,0.1999999998
2022-10-14,AU9999.SGE,0.1999999998
2022-10-14,NH0100.NHF,0.1999999998
2022-10-21,000300.SH,0.1999999998
2022-10-21,000852.SH,0.1999999998
2022-10-21,CBA02701.CS,0.1999999998
2022-10-21,AU9999.SGE,0.1999999998
2022-10-21,NH0100.NHF,0.1999999998
2022-10-28,000300.SH,0.1999999998
2022-10-28,000852.SH,0.1999999998
2022-10-28,CBA02701.CS,0.1999999998
2022-10-28,AU9999.SGE,0.1999999998
2022-10-28,NH0100.NHF,0.1999999998
2022-11-04,000300.SH,0.1999999998
2022-11-04,000852.SH,0.1999999998
2022-11-04,CBA02701.CS,0.1999999998
2022-11-04,AU9999.SGE,0.1999999998
2022-11-04,NH0100.NHF,0.1999999998
2022-11-11,000300.SH,0.1999999998
2022-11-11,000852.SH,0.1999999998
2022-11-11,CBA02701.CS,0.1999999998
2022-11-11,AU9999.SGE,0.1999999998
2022-11-11,NH0100.NHF,0.1999999998
2022-11-18,000300.SH,0.1999999998
2022-11-18,000852.SH,0.1999999998
2022-11-18,CBA02701.CS,0.1999999998
2022-11-18,AU9999.SGE,0.1999999998
2022-11-18,NH0100.NHF,0.1999999998
2022-11-25,000300.SH,0.1999999998
2022-11-25,000852.SH,0.1999999998
2022-11-25,CBA02701.CS,0.1999999998
2022-11-25,AU9999.SGE,0.1999999998
2022-11-25,NH0100.NHF,0.1999999998
2022-12-02,000300.SH,0.1999999998
2022-12-02,000852.SH,0.1999999998
2022-12-02,CBA02701.CS,0.1999999998
2022-12-02,AU9999.SGE,0.1999999998
2022-12-02,NH0100.NHF,0.1999999998
2022-12-09,000300.SH,0.1999999998
2022-12-09,000852.SH,0.1999999998
2022-12-09,CBA02701.CS,0.1999999998
2022-12-09,AU9999.SGE,0.1999999998
2022-12-09,NH0100.NHF,0.1999999998
2022-12-16,000300.SH,0.1999999998
2022-12-16,000852.SH,0.1999999998
2022-12-16,CBA02701.CS,0.1999999998
2022-12-16,AU9999.SGE,0.1999999998
2022-12-16,NH0100.NHF,0.1999999998
2022-12-23,000300.SH,0.1999999998
2022-12-23,000852.SH,0.1999999998
2022-12-23,CBA02701.CS,0.1999999998
2022-12-23,AU9999.SGE,0.1999999998
2022-12-23,NH0100.NHF,0.1999999998
2022-12-30,000300.SH,0.1999999998
2022-12-30,000852.SH,0.1999999998
2022-12-30,CBA02701.CS,0.1999999998
2022-12-30,AU9999.SGE,0.1999999998
2022-12-30,NH0100.NHF,0.1999999998
2023-01-06,000300.SH,0.1999999998
2023-01-06,000852.SH,0.1999999998
2023-01-06,CBA02701.CS,0.1999999998
2023-01-06,AU9999.SGE,0.1999999998
2023-01-06,NH0100.NHF,0.1999999998
2023-01-13,000300.SH,0.1999999998
2023-01-13,000852.SH,0.1999999998
2023-01-13,CBA02701.CS,0.1999999998
2023-01-13,AU9999.SGE,0.1999999998
2023-01-13,NH0100.NHF,0.1999999998
2023-01-20,000300.SH,0.1999999998
2023-01-20,000852.SH,0.1999999998
2023-01-20,CBA02701.CS,0.1999999998
2023-01-20,AU9999.SGE,0.1999999998
2023-01-20,NH0100.NHF,0.1999999998
2023-01-27,000300.SH,0.1999999998
2023-01-27,000852.SH,0.1999999998
2023-01-27,CBA02701.CS,0.1999999998
2023-01-27,AU9999.SGE,0.1999999998
2023-01-27,NH0100.NHF,0.1999999998
2023-02-03,000300.SH,0.1999999998
2023-02-03,000852.SH,0.1999999998
2023-02-03,CBA02701.CS,0.1999999998
2023-02-03,AU9999.SGE,0.1999999998
2023-02-03,NH0100.NHF,0.1999999998
2023-02-10,000300.SH,0.1999999998
2023-02-10,000852.SH,0.1999999998
2023-02-10,CBA02701.CS,0.1999999998
2023-02-10,AU9999.SGE,0.1999999998
2023-02-10,NH0100.NHF,0.1999999998
2023-02-17,000300.SH,0.1999999998
2023-02-17,000852.SH,0.1999999998
2023-02-17,CBA02701.CS,0.1999999998
2023-02-17,AU9999.SGE,0.1999999998
2023-02-17,NH0100.NHF,0.1999999998
2023-02-24,000300.SH,0.1999999998
2023-02-24,000852.SH,0.1999999998
2023-02-24,CBA02701.CS,0.1999999998
2023-02-24,AU9999.SGE,0.1999999998
2023-02-24,NH0100.NHF,0.1999999998
2023-03-03,000300.SH,0.1999999998
2023-03-03,000852.SH,0.1999999998
2023-03-03,CBA02701.CS,0.1999999998
2023-03-03,AU9999.SGE,0.1999999998
2023-03-03,NH0100.NHF,0.1999999998
2023-03-10,000300.SH,0.1999999998
2023-03-10,000852.SH,0.1999999998
2023-03-10,CBA02701.CS,0.1999999998
2023-03-10,AU9999.SGE,0.1999999998
2023-03-10,NH0100.NHF,0.1999999998
2023-03-17,000300.SH,0.1999999998
2023-03-17,000852.SH,0.1999999998
2023-03-17,CBA02701.CS,0.1999999998
2023-03-17,AU9999.SGE,0.1999999998
2023-03-17,NH0100.NHF,0.1999999998
2023-03-24,000300.SH,0.1999999998
2023-03-24,000852.SH,0.1999999998
2023-03-24,CBA02701.CS,0.1999999998
2023-03-24,AU9999.SGE,0.1999999998
2023-03-24,NH0100.NHF,0.1999999998
2023-03-31,000300.SH,0.1999999998
2023-03-31,000852.SH,0.1999999998
2023-03-31,CBA02701.CS,0.1999999998
2023-03-31,AU9999.SGE,0.1999999998
2023-03-31,NH0100.NHF,0.1999999998
2023-04-07,000300.SH,0.1999999998
2023-04-07,000852.SH,0.1999999998
2023-04-07,CBA02701.CS,0.1999999998
2023-04-07,AU9999.SGE,0.1999999998
2023-04-07,NH0100.NHF,0.1999999998
2023-04-14,000300.SH,0.1999999998
2023-04-14,000852.SH,0.1999999998
2023-04-14,CBA02701.CS,0.1999999998
2023-04-14,AU9999.SGE,0.1999999998
2023-04-14,NH0100.NHF,0.1999999998
2023-04-21,000300.SH,0.1999999998
2023-04-21,000852.SH,0.1999999998
2023-04-21,CBA02701.CS,0.1999999998
2023-04-21,AU9999.SGE,0.1999999998
2023-04-21,NH0100.NHF,0.1999999998
2023-04-28,000300.SH,0.1999999998
2023-04-28,000852.SH,0.1999999998
2023-04-28,CBA02701.CS,0.1999999998
2023-04-28,AU9999.SGE,0.1999999998
2023-04-28,NH0100.NHF,0.1999999998
2023-05-05,000300.SH,0.1999999998
2023-05-05,000852.SH,0.1999999998
2023-05-05,CBA02701.CS,0.1999999998
2023-05-05,AU9999.SGE,0.1999999998
2023-05-05,NH0100.NHF,0.1999999998
2023-05-12,000300.SH,0.1999999998
2023-05-12,000852.SH,0.1999999998
2023-05-12,CBA02701.CS,0.1999999998
2023-05-12,AU9999.SGE,0.1999999998
2023-05-12,NH0100.NHF,0.1999999998
2023-05-19,000300.SH,0.1999999998
2023-05-19,000852.SH,0.1999999998
2023-05-19,CBA02701.CS,0.1999999998
2023-05-19,AU9999.SGE,0.1999999998
2023-05-19,NH0100.NHF,0.1999999998
2023-05-26,000300.SH,0.1999999998
2023-05-26,000852.SH,0.1999999998
2023-05-26,CBA02701.CS,0.1999999998
2023-05-26,AU9999.SGE,0.1999999998
2023-05-26,NH0100.NHF,0.1999999998
2023-06-02,000300.SH,0.1999999998
2023-06-02,000852.SH,0.1999999998
2023-06-02,CBA02701.CS,0.1999999998
2023-06-02,AU9999.SGE,0.1999999998
2023-06-02,NH0100.NHF,0.1999999998
2023-06-09,000300.SH,0.1999999998
2023-06-09,000852.SH,0.1999999998
2023-06-09,CBA02701.CS,0.1999999998
2023-06-09,AU9999.SGE,0.1999999998
2023-06-09,NH0100.NHF,0.1999999998
2023-06-16,000300.SH,0.1999999998
2023-06-16,000852.SH,0.1999999998
2023-06-16,CBA02701.CS,0.1999999998
2023-06-16,AU9999.SGE,0.1999999998
2023-06-16,NH0100.NHF,0.1999999998
2023-06-23,000300.SH,0.1999999998
2023-06-23,000852.SH,0.1999999998
2023-06-23,CBA02701.CS,0.1999999998
2023-06-23,AU9999.SGE,0.1999999998
2023-06-23,NH0100.NHF,0.1999999998
2023-06-30,000300.SH,0.1999999998
2023-06-30,000852.SH,0.1999999998
2023-06-30,CBA02701.CS,0.1999999998
2023-06-30,AU9999.SGE,0.1999999998
2023-06-30,NH0100.NHF,0.1999999998
2023-07-07,000300.SH,0.1999999998
2023-07-07,000852.SH,0.1999999998
2023-07-07,CBA02701.CS,0.1999999998
2023-07-07,AU9999.SGE,0.1999999998
2023-07-07,NH0100.NHF,0.1999999998
2023-07-14,000300.SH,0.1999999998
2023-07-14,000852.SH,0.1999999998
2023-07-14,CBA02701.CS,0.1999999998
2023-07-14,AU9999.SGE,0.1999999998
2023-07-14,NH0100.NHF,0.1999999998
2023-07-21,000300.SH,0.1999999998
2023-07-21,000852.SH,0.1999999998
2023-07-21,CBA02701.CS,0.1999999998
2023-07-21,AU9999.SGE,0.1999999998
2023-07-21,NH0100.NHF,0.1999999998
2023-07-28,000300.SH,0.1999999998
2023-07-28,000852.SH,0.1999999998
2023-07-28,CBA02701.CS,0.1999999998
2023-07-28,AU9999.SGE,0.1999999998
2023-07-28,NH0100.NHF,0.1999999998
2023-08-04,000300.SH,0.1999999998
2023-08-04,000852.SH,0.1999999998
2023-08-04,CBA02701.CS,0.1999999998
2023-08-04,AU9999.SGE,0.1999999998
2023-08-04,NH0100.NHF,0.1999999998
2023-08-11,000300.SH,0.1999999998
2023-08-11,000852.SH,0.1999999998
2023-08-11,CBA02701.CS,0.1999999998
2023-08-11,AU9999.SGE,0.1999999998
2023-08-11,NH0100.NHF,0.1999999998
2023-08-18,000300.SH,0.1999999998
2023-08-18,000852.SH,0.1999999998
2023-08-18,CBA02701.CS,0.1999999998
2023-08-18,AU9999.SGE,0.1999999998
2023-08-18,NH0100.NHF,0.1999999998
2023-08-25,000300.SH,0.1999999998
2023-08-25,000852.SH,0.1999999998
2023-08-25,CBA02701.CS,0.1999999998
2023-08-25,AU9999.SGE,0.1999999998
2023-08-25,NH0100.NHF,0.1999999998
2023-09-01,000300.SH,0.1999999998
2023-09-01,000852.SH,0.1999999998
2023-09-01,CBA02701.CS,0.1999999998
2023-09-01,AU9999.SGE,0.1999999998
2023-09-01,NH0100.NHF,0.1999999998
2023-09-08,000300.SH,0.1999999998
2023-09-08,000852.SH,0.1999999998
2023-09-08,CBA02701.CS,0.1999999998
2023-09-08,AU9999.SGE,0.1999999998
2023-09-08,NH0100.NHF,0.1999999998
2023-09-15,000300.SH,0.1999999998
2023-09-15,000852.SH,0.1999999998
2023-09-15,CBA02701.CS,0.1999999998
2023-09-15,AU9999.SGE,0.1999999998
2023-09-15,NH0100.NHF,0.1999999998
2023-09-22,000300.SH,0.1999999998
2023-09-22,000852.SH,0.1999999998
2023-09-22,CBA02701.CS,0.1999999998
2023-09-22,AU9999.SGE,0.1999999998
2023-09-22,NH0100.NHF,0.1999999998
2023-09-29,000300.SH,0.1999999998
2023-09-29,000852.SH,0.1999999998
2023-09-29,CBA02701.CS,0.1999999998
2023-09-29,AU9999.SGE,0.1999999998
2023-09-29,NH0100.NHF,0.1999999998
2023-10-06,000300.SH,0.1999999998
2023-10-06,000852.SH,0.1999999998
2023-10-06,CBA02701.CS,0.1999999998
2023-10-06,AU9999.SGE,0.1999999998
2023-10-06,NH0100.NHF,0.1999999998
2023-10-13,000300.SH,0.1999999998
2023-10-13,000852.SH,0.1999999998
2023-10-13,CBA02701.CS,0.1999999998
2023-10-13,AU9999.SGE,0.1999999998
2023-10-13,NH0100.NHF,0.1999999998
2023-10-20,000300.SH,0.1999999998
2023-10-20,000852.SH,0.1999999998
2023-10-20,CBA02701.CS,0.1999999998
2023-10-20,AU9999.SGE,0.1999999998
2023-10-20,NH0100.NHF,0.1999999998
2023-10-27,000300.SH,0.1999999998
2023-10-27,000852.SH,0.1999999998
2023-10-27,CBA02701.CS,0.1999999998
2023-10-27,AU9999.SGE,0.1999999998
2023-10-27,NH0100.NHF,0.1999999998
2023-11-03,000300.SH,0.1999999998
2023-11-03,000852.SH,0.1999999998
2023-11-03,CBA02701.CS,0.1999999998
2023-11-03,AU9999.SGE,0.1999999998
2023-11-03,NH0100.NHF,0.1999999998
2023-11-10,000300.SH,0.1999999998
2023-11-10,000852.SH,0.1999999998
2023-11-10,CBA02701.CS,0.1999999998
2023-11-10,AU9999.SGE,0.1999999998
2023-11-10,NH0100.NHF,0.1999999998
2023-11-17,000300.SH,0.1999999998
2023-11-17,000852.SH,0.1999999998
2023-11-17,CBA02701.CS,0.1999999998
2023-11-17,AU9999.SGE,0.1999999998
2023-11-17,NH0100.NHF,0.1999999998
2023-11-24,000300.SH,0.1999999998
2023-11-24,000852.SH,0.1999999998
2023-11-24,CBA02701.CS,0.1999999998
2023-11-24,AU9999.SGE,0.1999999998
2023-11-24,NH0100.NHF,0.1999999998
2023-12-01,000300.SH,0.1999999998
2023-12-01,000852.SH,0.1999999998
2023-12-01,CBA02701.CS,0.1999999998
2023-12-01,AU9999.SGE,0.1999999998
2023-12-01,NH0100.NHF,0.1999999998
2023-12-08,000300.SH,0.1999999998
2023-12-08,000852.SH,0.1999999998
2023-12-08,CBA02701.CS,0.1999999998
2023-12-08,AU9999.SGE,0.1999999998
2023-12-08,NH0100.NHF,0.1999999998
2023-12-15,000300.SH,0.1999999998
2023-12-15,000852.SH,0.1999999998
2023-12-15,CBA02701.CS,0.1999999998
2023-12-15,AU9999.SGE,0.1999999998
2023-12-15,NH0100.NHF,0.1999999998
2023-12-22,000300.SH,0.1999999998
2023-12-22,000852.SH,0.1999999998
2023-12-22,CBA02701.CS,0.1999999998
2023-12-22,AU9999.SGE,0.1999999998
2023-12-22,NH0100.NHF,0.1999999998
2023-12-29,000300.SH,0.1999999998
2023-12-29,000852.SH,0.1999999998
2023-12-29,CBA02701.CS,0.1999999998
2023-12-29,AU9999.SGE,0.1999999998
2023-12-29,NH0100.NHF,0.1999999998
2024-01-05,000300.SH,0.1999999998
2024-01-05,000852.SH,0.1999999998
2024-01-05,CBA02701.CS,0.1999999998
2024-01-05,AU9999.SGE,0.1999999998
2024-01-05,NH0100.NHF,0.1999999998
2024-01-12,000300.SH,0.1999999998
2024-01-12,000852.SH,0.1999999998
2024-01-12,CBA02701.CS,0.1999999998
2024-01-12,AU9999.SGE,0.1999999998
2024-01-12,NH0100.NHF,0.1999999998
2024-01-19,000300.SH,0.1999999998
2024-01-19,000852.SH,0.1999999998
2024-01-19,CBA02701.CS,0.1999999998
2024-01-19,AU9999.SGE,0.1999999998
2024-01-19,NH0100.NHF,0.1999999998
2024-01-26,000300.SH,0.1999999998
2024-01-26,000852.SH,0.1999999998
2024-01-26,CBA02701.CS,0.1999999998
2024-01-26,AU9999.SGE,0.1999999998
2024-01-26,NH0100.NHF,0.1999999998
2024-02-02,000300.SH,0.1999999998
2024-02-02,000852.SH,0.1999999998
2024-02-02,CBA02701.CS,0.1999999998
2024-02-02,AU9999.SGE,0.1999999998
2024-02-02,NH0100.NHF,0.1999999998
2024-02-09,000300.SH,0.1999999998
2024-02-09,000852.SH,0.1999999998
2024-02-09,CBA02701.CS,0.1999999998
2024-02-09,AU9999.SGE,0.1999999998
2024-02-09,NH0100.NHF,0.1999999998
2024-02-16,000300.SH,0.1999999998
2024-02-16,000852.SH,0.1999999998
2024-02-16,CBA02701.CS,0.1999999998
2024-02-16,AU9999.SGE,0.1999999998
2024-02-16,NH0100.NHF,0.1999999998
2024-02-23,000300.SH,0.1999999998
2024-02-23,000852.SH,0.1999999998
2024-02-23,CBA02701.CS,0.1999999998
2024-02-23,AU9999.SGE,0.1999999998
2024-02-23,NH0100.NHF,0.1999999998
2024-03-01,000300.SH,0.1999999998
2024-03-01,000852.SH,0.1999999998
2024-03-01,CBA02701.CS,0.1999999998
2024-03-01,AU9999.SGE,0.1999999998
2024-03-01,NH0100.NHF,0.1999999998
2024-03-08,000300.SH,0.1999999998
2024-03-08,000852.SH,0.1999999998
2024-03-08,CBA02701.CS,0.1999999998
2024-03-08,AU9999.SGE,0.1999999998
2024-03-08,NH0100.NHF,0.1999999998
2024-03-15,000300.SH,0.1999999998
2024-03-15,000852.SH,0.1999999998
2024-03-15,CBA02701.CS,0.1999999998
2024-03-15,AU9999.SGE,0.1999999998
2024-03-15,NH0100.NHF,0.1999999998
2024-03-22,000300.SH,0.1999999998
2024-03-22,000852.SH,0.1999999998
2024-03-22,CBA02701.CS,0.1999999998
2024-03-22,AU9999.SGE,0.1999999998
2024-03-22,NH0100.NHF,0.1999999998
2024-03-29,000300.SH,0.1999999998
2024-03-29,000852.SH,0.1999999998
2024-03-29,CBA02701.CS,0.1999999998
2024-03-29,AU9999.SGE,0.1999999998
2024-03-29,NH0100.NHF,0.1999999998
2024-04-05,000300.SH,0.1999999998
2024-04-05,000852.SH,0.1999999998
2024-04-05,CBA02701.CS,0.1999999998
2024-04-05,AU9999.SGE,0.1999999998
2024-04-05,NH0100.NHF,0.1999999998
2024-04-12,000300.SH,0.1999999998
2024-04-12,000852.SH,0.1999999998
2024-04-12,CBA02701.CS,0.1999999998
2024-04-12,AU9999.SGE,0.1999999998
2024-04-12,NH0100.NHF,0.1999999998
2024-04-19,000300.SH,0.1999999998
2024-04-19,000852.SH,0.1999999998
2024-04-19,CBA02701.CS,0.1999999998
2024-04-19,AU9999.SGE,0.1999999998
2024-04-19,NH0100.NHF,0.1999999998
2024-04-26,000300.SH,0.1999999998
2024-04-26,000852.SH,0.1999999998
2024-04-26,CBA02701.CS,0.1999999998
2024-04-26,AU9999.SGE,0.1999999998
2024-04-26,NH0100.NHF,0.1999999998
2024-05-03,000300.SH,0.1999999998
2024-05-03,000852.SH,0.1999999998
2024-05-03,CBA02701.CS,0.1999999998
2024-05-03,AU9999.SGE,0.1999999998
2024-05-03,NH0100.NHF,0.1999999998
2024-05-10,000300.SH,0.1999999998
2024-05-10,000852.SH,0.1999999998
2024-05-10,CBA02701.CS,0.1999999998
2024-05-10,AU9999.SGE,0.1999999998
2024-05-10,NH0100.NHF,0.1999999998
2024-05-17,000300.SH,0.1999999998
2024-05-17,000852.SH,0.1999999998
2024-05-17,CBA02701.CS,0.1999999998
2024-05-17,AU9999.SGE,0.1999999998
2024-05-17,NH0100.NHF,0.1999999998
2024-05-24,000300.SH,0.1999999998
2024-05-24,000852.SH,0.1999999998
2024-05-24,CBA02701.CS,0.1999999998
2024-05-24,AU9999.SGE,0.1999999998
2024-05-24,NH0100.NHF,0.1999999998
2024-05-31,000300.SH,0.1999999998
2024-05-31,000852.SH,0.1999999998
2024-05-31,CBA02701.CS,0.1999999998
2024-05-31,AU9999.SGE,0.1999999998
2024-05-31,NH0100.NHF,0.1999999998
2024-06-07,000300.SH,0.1999999998
2024-06-07,000852.SH,0.1999999998
2024-06-07,CBA02701.CS,0.1999999998
2024-06-07,AU9999.SGE,0.1999999998
2024-06-07,NH0100.NHF,0.1999999998
2024-06-14,000300.SH,0.1999999998
2024-06-14,000852.SH,0.1999999998
2024-06-14,CBA02701.CS,0.1999999998
2024-06-14,AU9999.SGE,0.1999999998
2024-06-14,NH0100.NHF,0.1999999998
2024-06-21,000300.SH,0.1999999998
2024-06-21,000852.SH,0.1999999998
2024-06-21,CBA02701.CS,0.1999999998
2024-06-21,AU9999.SGE,0.1999999998
2024-06-21,NH0100.NHF,0.1999999998
2024-06-28,000300.SH,0.1999999998
2024-06-28,000852.SH,0.1999999998
2024-06-28,CBA02701.CS,0.1999999998
2024-06-28,AU9999.SGE,0.1999999998
2024-06-28,NH0100.NHF,0.1999999998
2024-07-05,000300.SH,0.1999999998
2024-07-05,000852.SH,0.1999999998
2024-07-05,CBA02701.CS,0.1999999998
2024-07-05,AU9999.SGE,0.1999999998
2024-07-05,NH0100.NHF,0.1999999998
2024-07-12,000300.SH,0.1999999998
2024-07-12,000852.SH,0.1999999998
2024-07-12,CBA02701.CS,0.1999999998
2024-07-12,AU9999.SGE,0.1999999998
2024-07-12,NH0100.NHF,0.1999999998
2024-07-19,000300.SH,0.1999999998
2024-07-19,000852.SH,0.1999999998
2024-07-19,CBA02701.CS,0.1999999998
2024-07-19,AU9999.SGE,0.1999999998
2024-07-19,NH0100.NHF,0.1999999998
2024-07-26,000300.SH,0.1999999998
2024-07-26,000852.SH,0.1999999998
2024-07-26,CBA02701.CS,0.1999999998
2024-07-26,AU9999.SGE,0.1999999998
2024-07-26,NH0100.NHF,0.1999999998
2024-08-02,000300.SH,0.1999999998
2024-08-02,000852.SH,0.1999999998
2024-08-02,CBA02701.CS,0.1999999998
2024-08-02,AU9999.SGE,0.1999999998
2024-08-02,NH0100.NHF,0.1999999998
2024-08-09,000300.SH,0.1999999998
2024-08-09,000852.SH,0.1999999998
2024-08-09,CBA02701.CS,0.1999999998
2024-08-09,AU9999.SGE,0.1999999998
2024-08-09,NH0100.NHF,0.1999999998
2024-08-16,000300.SH,0.1999999998
2024-08-16,000852.SH,0.1999999998
2024-08-16,CBA02701.CS,0.1999999998
2024-08-16,AU9999.SGE,0.1999999998
2024-08-16,NH0100.NHF,0.1999999998
2024-08-23,000300.SH,0.1999999998
2024-08-23,000852.SH,0.1999999998
2024-08-23,CBA02701.CS,0.1999999998
2024-08-23,AU9999.SGE,0.1999999998
2024-08-23,NH0100.NHF,0.1999999998
2024-08-30,000300.SH,0.1999999998
2024-08-30,000852.SH,0.1999999998
2024-08-30,CBA02701.CS,0.1999999998
2024-08-30,AU9999.SGE,0.1999999998
2024-08-30,NH0100.NHF,0.1999999998
2024-09-06,000300.SH,0.1999999998
2024-09-06,000852.SH,0.1999999998
2024-09-06,CBA02701.CS,0.1999999998
2024-09-06,AU9999.SGE,0.1999999998
2024-09-06,NH0100.NHF,0.1999999998
2024-09-13,000300.SH,0.1999999998
2024-09-13,000852.SH,0.1999999998
2024-09-13,CBA02701.CS,0.1999999998
2024-09-13,AU9999.SGE,0.1999999998
2024-09-13,NH0100.NHF,0.1999999998
2024-09-20,000300.SH,0.1999999998
2024-09-20,000852.SH,0.1999999998
2024-09-20,CBA02701.CS,0.1999999998
2024-09-20,AU9999.SGE,0.1999999998
2024-09-20,NH0100.NHF,0.1999999998
2024-09-27,000300.SH,0.1999999998
2024-09-27,000852.SH,0.1999999998
2024-09-27,CBA02701.CS,0.1999999998
2024-09-27,AU9999.SGE,0.1999999998
2024-09-27,NH0100.NHF,0.1999999998
2024-10-04,000300.SH,0.1999999998
2024-10-04,000852.SH,0.1999999998
2024-10-04,CBA02701.CS,0.1999999998
2024-10-04,AU9999.SGE,0.1999999998
2024-10-04,NH0100.NHF,0.1999999998
2024-10-11,000300.SH,0.1999999998
2024-10-11,000852.SH,0.1999999998
2024-10-11,CBA02701.CS,0.1999999998
2024-10-11,AU9999.SGE,0.1999999998
2024-10-11,NH0100.NHF,0.1999999998
2024-10-18,000300.SH,0.1999999998
2024-10-18,000852.SH,0.1999999998
2024-10-18,CBA02701.CS,0.1999999998
2024-10-18,AU9999.SGE,0.1999999998
2024-10-18,NH0100.NHF,0.1999999998
2024-10-25,000300.SH,0.1999999998
2024-10-25,000852.SH,0.1999999998
2024-10-25,CBA02701.CS,0.1999999998
2024-10-25,AU9999.SGE,0.1999999998
2024-10-25,NH0100.NHF,0.1999999998
2024-11-01,000300.SH,0.1999999998
2024-11-01,000852.SH,0.1999999998
2024-11-01,CBA02701.CS,0.1999999998
2024-11-01,AU9999.SGE,0.1999999998
2024-11-01,NH0100.NHF,0.1999999998
2024-11-08,000300.SH,0.1999999998
2024-11-08,000852.SH,0.1999999998
2024-11-08,CBA02701.CS,0.1999999998
2024-11-08,AU9999.SGE,0.1999999998
2024-11-08,NH0100.NHF,0.1999999998
2024-11-15,000300.SH,0.1999999998
2024-11-15,000852.SH,0.1999999998
2024-11-15,CBA02701.CS,0.1999999998
2024-11-15,AU9999.SGE,0.1999999998
2024-11-15,NH0100.NHF,0.1999999998
2024-11-22,000300.SH,0.1999999998
2024-11-22,000852.SH,0.1999999998
2024-11-22,CBA02701.CS,0.1999999998
2024-11-22,AU9999.SGE,0.1999999998
2024-11-22,NH0100.NHF,0.1999999998
2024-11-29,000300.SH,0.1999999998
2024-11-29,000852.SH,0.1999999998
2024-11-29,CBA02701.CS,0.1999999998
2024-11-29,AU9999.SGE,0.1999999998
2024-11-29,NH0100.NHF,0.1999999998
2024-12-06,000300.SH,0.1999999998
2024-12-06,000852.SH,0.1999999998
2024-12-06,CBA02701.CS,0.1999999998
2024-12-06,AU9999.SGE,0.1999999998
2024-12-06,NH0100.NHF,0.1999999998
2024-12-13,000300.SH,0.1999999998
2024-12-13,000852.SH,0.1999999998
2024-12-13,CBA02701.CS,0.1999999998
2024-12-13,AU9999.SGE,0.1999999998
2024-12-13,NH0100.NHF,0.1999999998
2024-12-20,000300.SH,0.1999999998
2024-12-20,000852.SH,0.1999999998
2024-12-20,CBA02701.CS,0.1999999998
2024-12-20,AU9999.SGE,0.1999999998
2024-12-20,NH0100.NHF,0.1999999998
2024-12-27,000300.SH,0.1999999998
2024-12-27,000852.SH,0.1999999998
2024-12-27,CBA02701.CS,0.1999999998
2024-12-27,AU9999.SGE,0.1999999998
2024-12-27,NH0100.NHF,0.1999999998
2025-01-03,000300.SH,0.1999999998
2025-01-03,000852.SH,0.1999999998
2025-01-03,CBA02701.CS,0.1999999998
2025-01-03,AU9999.SGE,0.1999999998
2025-01-03,NH0100.NHF,0.1999999998
2025-01-10,000300.SH,0.1999999998
2025-01-10,000852.SH,0.1999999998
2025-01-10,CBA02701.CS,0.1999999998
2025-01-10,AU9999.SGE,0.1999999998
2025-01-10,NH0100.NHF,0.1999999998
2025-01-17,000300.SH,0.1999999998
2025-01-17,000852.SH,0.1999999998
2025-01-17,CBA02701.CS,0.1999999998
2025-01-17,AU9999.SGE,0.1999999998
2025-01-17,NH0100.NHF,0.1999999998
2025-01-24,000300.SH,0.1999999998
2025-01-24,000852.SH,0.1999999998
2025-01-24,CBA02701.CS,0.1999999998
2025-01-24,AU9999.SGE,0.1999999998
2025-01-24,NH0100.NHF,0.1999999998
2025-01-31,000300.SH,0.1999999998
2025-01-31,000852.SH,0.1999999998
2025-01-31,CBA02701.CS,0.1999999998
2025-01-31,AU9999.SGE,0.1999999998
2025-01-31,NH0100.NHF,0.1999999998
2025-02-07,000300.SH,0.1999999998
2025-02-07,000852.SH,0.1999999998
2025-02-07,CBA02701.CS,0.1999999998
2025-02-07,AU9999.SGE,0.1999999998
2025-02-07,NH0100.NHF,0.1999999998
2025-02-14,000300.SH,0.1999999998
2025-02-14,000852.SH,0.1999999998
2025-02-14,CBA02701.CS,0.1999999998
2025-02-14,AU9999.SGE,0.1999999998
2025-02-14,NH0100.NHF,0.1999999998
2025-02-21,000300.SH,0.1999999998
2025-02-21,000852.SH,0.1999999998
2025-02-21,CBA02701.CS,0.1999999998
2025-02-21,AU9999.SGE,0.1999999998
2025-02-21,NH0100.NHF,0.1999999998
2025-02-28,000300.SH,0.1999999998
2025-02-28,000852.SH,0.1999999998
2025-02-28,CBA02701.CS,0.1999999998
2025-02-28,AU9999.SGE,0.1999999998
2025-02-28,NH0100.NHF,0.1999999998
2025-03-07,000300.SH,0.1999999998
2025-03-07,000852.SH,0.1999999998
2025-03-07,CBA02701.CS,0.1999999998
2025-03-07,AU9999.SGE,0.1999999998
2025-03-07,NH0100.NHF,0.1999999998
2025-03-14,000300.SH,0.1999999998
2025-03-14,000852.SH,0.1999999998
2025-03-14,CBA02701.CS,0.1999999998
2025-03-14,AU9999.SGE,0.1999999998
2025-03-14,NH0100.NHF,0.1999999998
2025-03-21,000300.SH,0.1999999998
2025-03-21,000852.SH,0.1999999998
2025-03-21,CBA02701.CS,0.1999999998
2025-03-21,AU9999.SGE,0.1999999998
2025-03-21,NH0100.NHF,0.1999999998
2025-03-28,000300.SH,0.1999999998
2025-03-28,000852.SH,0.1999999998
2025-03-28,CBA02701.CS,0.1999999998
2025-03-28,AU9999.SGE,0.1999999998
2025-03-28,NH0100.NHF,0.1999999998
2025-04-04,000300.SH,0.1999999998
2025-04-04,000852.SH,0.1999999998
2025-04-04,CBA02701.CS,0.1999999998
2025-04-04,AU9999.SGE,0.1999999998
2025-04-04,NH0100.NHF,0.1999999998
2025-04-11,000300.SH,0.1999999998
2025-04-11,000852.SH,0.1999999998
2025-04-11,CBA02701.CS,0.1999999998
2025-04-11,AU9999.SGE,0.1999999998
2025-04-11,NH0100.NHF,0.1999999998
2025-04-18,000300.SH,0.1999999998
2025-04-18,000852.SH,0.1999999998
2025-04-18,CBA02701.CS,0.1999999998
2025-04-18,AU9999.SGE,0.1999999998
2025-04-18,NH0100.NHF,0.1999999998
2025-04-25,000300.SH,0.1999999998
2025-04-25,000852.SH,0.1999999998
2025-04-25,CBA02701.CS,0.1999999998
2025-04-25,AU9999.SGE,0.1999999998
2025-04-25,NH0100.NHF,0.1999999998
2025-05-02,000300.SH,0.1999999998
2025-05-02,000852.SH,0.1999999998
2025-05-02,CBA02701.CS,0.1999999998
2025-05-02,AU9999.SGE,0.1999999998
2025-05-02,NH0100.NHF,0.1999999998
2025-05-09,000300.SH,0.1999999998
2025-05-09,000852.SH,0.1999999998
2025-05-09,CBA02701.CS,0.1999999998
2025-05-09,AU9999.SGE,0.1999999998
2025-05-09,NH0100.NHF,0.1999999998
2025-05-16,000300.SH,0.1999999998
2025-05-16,000852.SH,0.1999999998
2025-05-16,CBA02701.CS,0.1999999998
2025-05-16,AU9999.SGE,0.1999999998
2025-05-16,NH0100.NHF,0.1999999998
2025-05-23,000300.SH,0.1999999998
2025-05-23,000852.SH,0.1999999998
2025-05-23,CBA02701.CS,0.1999999998
2025-05-23,AU9999.SGE,0.1999999998
2025-05-23,NH0100.NHF,0.1999999998
2025-05-30,000300.SH,0.1999999998
2025-05-30,000852.SH,0.1999999998
2025-05-30,CBA02701.CS,0.1999999998
2025-05-30,AU9999.SGE,0.1999999998
2025-05-30,NH0100.NHF,0.1999999998
2025-06-06,000300.SH,0.1999999998
2025-06-06,000852.SH,0.1999999998
2025-06-06,CBA02701.CS,0.1999999998
2025-06-06,AU9999.SGE,0.1999999998
2025-06-06,NH0100.NHF,0.1999999998
2025-06-13,000300.SH,0.1999999998
2025-06-13,000852.SH,0.1999999998
2025-06-13,CBA02701.CS,0.1999999998
2025-06-13,AU9999.SGE,0.1999999998
2025-06-13,NH0100.NHF,0.1999999998
2025-06-20,000300.SH,0.1999999998
2025-06-20,000852.SH,0.1999999998
2025-06-20,CBA02701.CS,0.1999999998
2025-06-20,AU9999.SGE,0.1999999998
2025-06-20,NH0100.NHF,0.1999999998
2025-06-27,000300.SH,0.1999999998
2025-06-27,000852.SH,0.1999999998
2025-06-27,CBA02701.CS,0.1999999998
2025-06-27,AU9999.SGE,0.1999999998
2025-06-27,NH0100.NHF,0.1999999998
2025-07-04,000300.SH,0.1999999998
2025-07-04,000852.SH,0.1999999998
2025-07-04,CBA02701.CS,0.1999999998
2025-07-04,AU9999.SGE,0.1999999998
2025-07-04,NH0100.NHF,0.1999999998
2025-07-11,000300.SH,0.1999999998
2025-07-11,000852.SH,0.1999999998
2025-07-11,CBA02701.CS,0.1999999998
2025-07-11,AU9999.SGE,0.1999999998
2025-07-11,NH0100.NHF,0.1999999998
2025-07-18,000300.SH,0.1999999998
2025-07-18,000852.SH,0.1999999998
2025-07-18,CBA02701.CS,0.1999999998
2025-07-18,AU9999.SGE,0.1999999998
2025-07-18,NH0100.NHF,0.1999999998
2025-07-25,000300.SH,0.1999999998
2025-07-25,000852.SH,0.1999999998
2025-07-25,CBA02701.CS,0.1999999998
2025-07-25,AU9999.SGE,0.1999999998
2025-07-25,NH0100.NHF,0.1999999998
2025-08-01,000300.SH,0.1999999998
2025-08-01,000852.SH,0.1999999998
2025-08-01,CBA02701.CS,0.1999999998
2025-08-01,AU9999.SGE,0.1999999998
2025-08-01,NH0100.NHF,0.1999999998
2025-08-08,000300.SH,0.1999999998
2025-08-08,000852.SH,0.1999999998
2025-08-08,CBA02701.CS,0.1999999998
2025-08-08,AU9999.SGE,0.1999999998
2025-08-08,NH0100.NHF,0.1999999998
2025-08-15,000300.SH,0.1999999998
2025-08-15,000852.SH,0.1999999998
2025-08-15,CBA02701.CS,0.1999999998
2025-08-15,AU9999.SGE,0.1999999998
2025-08-15,NH0100.NHF,0.1999999998
2025-08-22,000300.SH,0.1999999998
2025-08-22,000852.SH,0.1999999998
2025-08-22,CBA02701.CS,0.1999999998
2025-08-22,AU9999.SGE,0.1999999998
2025-08-22,NH0100.NHF,0.1999999998
2025-08-29,000300.SH,0.1999999998
2025-08-29,000852.SH,0.1999999998
2025-08-29,CBA02701.CS,0.1999999998
2025-08-29,AU9999.SGE,0.1999999998
2025-08-29,NH0100.NHF,0.1999999998
2025-09-05,000300.SH,0.1999999998
2025-09-05,000852.SH,0.1999999998
2025-09-05,CBA02701.CS,0.1999999998
2025-09-05,AU9999.SGE,0.1999999998
2025-09-05,NH0100.NHF,0.1999999998
2025-09-12,000300.SH,0.1999999998
2025-09-12,000852.SH,0.1999999998
2025-09-12,CBA02701.CS,0.1999999998
2025-09-12,AU9999.SGE,0.1999999998
2025-09-12,NH0100.NHF,0.1999999998
2025-09-19,000300.SH,0.1997317227191655
2025-09-19,000852.SH,0.19898490283830975
2025-09-19,CBA02701.CS,0.20133955049063093
2025-09-19,AU9999.SGE,0.20040827682097648
2025-09-19,NH0100.NHF,0.1995355461309174
2025-09-26,000300.SH,0.1999999998
2025-09-26,000852.SH,0.1999999998
2025-09-26,CBA02701.CS,0.1999999998
2025-09-26,AU9999.SGE,0.1999999998
2025-09-26,NH0100.NHF,0.1999999998
2025-10-03,000300.SH,0.1999999998
2025-10-03,000852.SH,0.1999999998
2025-10-03,CBA02701.CS,0.1999999998
2025-10-03,AU9999.SGE,0.1999999998
2025-10-03,NH0100.NHF,0.1999999998
2025-10-10,000300.SH,0.1999999998
2025-10-10,000852.SH,0.1999999998
2025-10-10,CBA02701.CS,0.1999999998
2025-10-10,AU9999.SGE,0.1999999998
2025-10-10,NH0100.NHF,0.1999999998
2025-10-17,000300.SH,0.1999999998
2025-10-17,000852.SH,0.1999999998
2025-10-17,CBA02701.CS,0.1999999998
2025-10-17,AU9999.SGE,0.1999999998
2025-10-17,NH0100.NHF,0.1999999998
2025-10-24,000300.SH,0.1999999998
2025-10-24,000852.SH,0.1999999998
2025-10-24,CBA02701.CS,0.1999999998
2025-10-24,AU9999.SGE,0.1999999998
2025-10-24,NH0100.NHF,0.1999999998
2025-10-31,000300.SH,0.1999999998
2025-10-31,000852.SH,0.1999999998
2025-10-31,CBA02701.CS,0.1999999998
2025-10-31,AU9999.SGE,0.1999999998
2025-10-31,NH0100.NHF,0.1999999998
2025-11-07,000300.SH,0.1999999998
2025-11-07,000852.SH,0.1999999998
2025-11-07,CBA02701.CS,0.1999999998
2025-11-07,AU9999.SGE,0.1999999998
2025-11-07,NH0100.NHF,0.1999999998
2025-11-14,000300.SH,0.1999999998
2025-11-14,000852.SH,0.1999999998
2025-11-14,CBA02701.CS,0.1999999998
2025-11-14,AU9999.SGE,0.1999999998
2025-11-14,NH0100.NHF,0.1999999998
2025-11-21,000300.SH,0.1999999998
2025-11-21,000852.SH,0.1999999998
2025-11-21,CBA02701.CS,0.1999999998
2025-11-21,AU9999.SGE,0.1999999998
2025-11-21,NH0100.NHF,0.1999999998
2025-11-28,000300.SH,0.1999999998
2025-11-28,000852.SH,0.1999999998
2025-11-28,CBA02701.CS,0.1999999998
2025-11-28,AU9999.SGE,0.1999999998
2025-11-28,NH0100.NHF,0.1999999998
2025-12-05,000300.SH,0.1999999998
2025-12-05,000852.SH,0.1999999998
2025-12-05,CBA02701.CS,0.1999999998
2025-12-05,AU9999.SGE,0.1999999998
2025-12-05,NH0100.NHF,0.1999999998
2025-12-12,000300.SH,0.1999999998
2025-12-12,000852.SH,0.1999999998
2025-12-12,CBA02701.CS,0.1999999998
2025-12-12,AU9999.SGE,0.1999999998
2025-12-12,NH0100.NHF,0.1999999998
2025-12-19,000300.SH,0.1999999998
2025-12-19,000852.SH,0.1999999998
2025-12-19,CBA02701.CS,0.1999999998
2025-12-19,AU9999.SGE,0.1999999998
2025-12-19,NH0100.NHF,0.1999999998
2025-12-26,000300.SH,0.1999999998
2025-12-26,000852.SH,0.1999999998
2025-12-26,CBA02701.CS,0.1999999998
2025-12-26,AU9999.SGE,0.1999999998
2025-12-26,NH0100.NHF,0.1999999998
2026-01-02,000300.SH,0.1999999998
2026-01-02,000852.SH,0.1999999998
2026-01-02,CBA02701.CS,0.1999999998
2026-01-02,AU9999.SGE,0.1999999998
2026-01-02,NH0100.NHF,0.1999999998
2026-01-09,000300.SH,0.1999999998
2026-01-09,000852.SH,0.1999999998
2026-01-09,CBA02701.CS,0.1999999998
2026-01-09,AU9999.SGE,0.1999999998
2026-01-09,NH0100.NHF,0.1999999998
2026-01-16,000300.SH,0.1999999998
2026-01-16,000852.SH,0.1999999998
2026-01-16,CBA02701.CS,0.1999999998
2026-01-16,AU9999.SGE,0.1999999998
2026-01-16,NH0100.NHF,0.1999999998
2026-01-23,000300.SH,0.1999999998
2026-01-23,000852.SH,0.1999999998
2026-01-23,CBA02701.CS,0.1999999998
2026-01-23,AU9999.SGE,0.1999999998
2026-01-23,NH0100.NHF,0.1999999998
2026-01-30,000300.SH,0.1999999998
2026-01-30,000852.SH,0.1999999998
2026-01-30,CBA02701.CS,0.1999999998
2026-01-30,AU9999.SGE,0.1999999998
2026-01-30,NH0100.NHF,0.1999999998
2026-02-06,000300.SH,0.1999999998
2026-02-06,000852.SH,0.1999999998
2026-02-06,CBA02701.CS,0.1999999998
2026-02-06,AU9999.SGE,0.1999999998
2026-02-06,NH0100.NHF,0.1999999998
2026-02-13,000300.SH,0.1999999998
2026-02-13,000852.SH,0.1999999998
2026-02-13,CBA02701.CS,0.1999999998
2026-02-13,AU9999.SGE,0.1999999998
2026-02-13,NH0100.NHF,0.1999999998
2026-02-20,000300.SH,0.1999999998
2026-02-20,000852.SH,0.1999999998
2026-02-20,CBA02701.CS,0.1999999998
2026-02-20,AU9999.SGE,0.1999999998
2026-02-20,NH0100.NHF,0.1999999998
2026-02-27,000300.SH,0.1999999998
2026-02-27,000852.SH,0.1999999998
2026-02-27,CBA02701.CS,0.1999999998
2026-02-27,AU9999.SGE,0.1999999998
2026-02-27,NH0100.NHF,0.1999999998
2026-03-06,000300.SH,0.1999999998
2026-03-06,000852.SH,0.1999999998
2026-03-06,CBA02701.CS,0.1999999998
2026-03-06,AU9999.SGE,0.1999999998
2026-03-06,NH0100.NHF,0.1999999998
2026-03-13,000300.SH,0.1999999998
2026-03-13,000852.SH,0.1999999998
2026-03-13,CBA02701.CS,0.1999999998
2026-03-13,AU9999.SGE,0.1999999998
2026-03-13,NH0100.NHF,0.1999999998
2026-03-20,000300.SH,0.1999999998
2026-03-20,000852.SH,0.1999999998
2026-03-20,CBA02701.CS,0.1999999998
2026-03-20,AU9999.SGE,0.1999999998
2026-03-20,NH0100.NHF,0.1999999998
2026-03-27,000300.SH,0.1999999998
2026-03-27,000852.SH,0.1999999998
2026-03-27,CBA02701.CS,0.1999999998
2026-03-27,AU9999.SGE,0.1999999998
2026-03-27,NH0100.NHF,0.1999999998
2026-04-03,000300.SH,0.1999999998
2026-04-03,000852.SH,0.1999999998
2026-04-03,CBA02701.CS,0.1999999998
2026-04-03,AU9999.SGE,0.1999999998
2026-04-03,NH0100.NHF,0.1999999998
2026-04-10,000300.SH,0.1999999998
2026-04-10,000852.SH,0.1999999998
2026-04-10,CBA02701.CS,0.1999999998
2026-04-10,AU9999.SGE,0.1999999998
2026-04-10,NH0100.NHF,0.1999999998
2026-04-17,000300.SH,0.1999999998
2026-04-17,000852.SH,0.1999999998
2026-04-17,CBA02701.CS,0.1999999998
2026-04-17,AU9999.SGE,0.1999999998
2026-04-17,NH0100.NHF,0.1999999998
2026-04-24,000300.SH,0.1999999998
2026-04-24,000852.SH,0.1999999998
2026-04-24,CBA02701.CS,0.1999999998
2026-04-24,AU9999.SGE,0.1999999998
2026-04-24,NH0100.NHF,0.1999999998
2026-05-01,000300.SH,0.1999999998
2026-05-01,000852.SH,0.1999999998
2026-05-01,CBA02701.CS,0.1999999998
2026-05-01,AU9999.SGE,0.1999999998
2026-05-01,NH0100.NHF,0.1999999998
