date,code,weight
2015-01-02,000300.SH,0.1750208519637097
2015-01-02,000852.SH,0.17091991575258633
2015-01-02,CBA02701.CS,0.26510238358313487
2015-01-02,AU9999.SGE,0.20399770449358656
2015-01-02,NH0100.NHF,0.18495914320698245
2015-01-09,000300.SH,0.17539579888241352
2015-01-09,000852.SH,0.22667888343571363
2015-01-09,CBA02701.CS,0.14191513734660482
2015-01-09,AU9999.SGE,0.28147064579987063
2015-01-09,NH0100.NHF,0.17453953353539736
2015-01-16,000300.SH,0.18601807140332516
2015-01-16,000852.SH,0.2050711619881902
2015-01-16,CBA02701.CS,0.15535485535783553
2015-01-16,AU9999.SGE,0.16622711115535035
2015-01-16,NH0100.NHF,0.28732879909529874
2015-01-23,000300.SH,0.15558378490371688
2015-01-23,000852.SH,0.17173139761421147
2015-01-23,CBA02701.CS,0.18792640732120214
2015-01-23,AU9999.SGE,0.2675014027379447
2015-01-23,NH0100.NHF,0.21725700642292464
2015-01-30,000300.SH,0.20134223222690126
2015-01-30,000852.SH,0.19192364616651825
2015-01-30,CBA02701.CS,0.17826056849412356
2015-01-30,AU9999.SGE,0.21974364914056888
2015-01-30,NH0100.NHF,0.208729902971888
2015-02-06,000300.SH,0.1722243799395054
2015-02-06,000852.SH,0.20412444846516115
2015-02-06,CBA02701.CS,0.18064093799647601
2015-02-06,AU9999.SGE,0.19575580863755698
2015-02-06,NH0100.NHF,0.24725442396130043
2015-02-13,000300.SH,0.17588971617215204
2015-02-13,000852.SH,0.1657542738448119
2015-02-13,CBA02701.CS,0.21056963401464138
2015-02-13,AU9999.SGE,0.2462439574066932
2015-02-13,NH0100.NHF,0.20154241756170152
2015-02-20,000300.SH,0.16376555979306903
2015-02-20,000852.SH,0.29443209824877464
2015-02-20,CBA02701.CS,0.202892664390486
2015-02-20,AU9999.SGE,0.1594810914926492
2015-02-20,NH0100.NHF,0.179428585075021
2015-02-27,000300.SH,0.19482077914405482
2015-02-27,000852.SH,0.17223675778334202
2015-02-27,CBA02701.CS,0.20773110506666054
2015-02-27,AU9999.SGE,0.21357192545297166
2015-02-27,NH0100.NHF,0.21163943155297088
2015-03-06,000300.SH,0.18916533689742013
2015-03-06,000852.SH,0.1728268464318101
2015-03-06,CBA02701.CS,0.1525810262645705
2015-03-06,AU9999.SGE,0.20058422434157283
2015-03-06,NH0100.NHF,0.2848425650646264
2015-03-13,000300.SH,0.20308091201391099
2015-03-13,000852.SH,0.2425036962541213
2015-03-13,CBA02701.CS,0.20189746527287392
2015-03-13,AU9999.SGE,0.18696903424472106
2015-03-13,NH0100.NHF,0.16554889121437263
2015-03-20,000300.SH,0.23162895407370962
2015-03-20,000852.SH,0.231370356963631
2015-03-20,CBA02701.CS,0.15927625828664577
2015-03-20,AU9999.SGE,0.1909095848289652
2015-03-20,NH0100.NHF,0.18681484484704838
2015-03-27,000300.SH,0.20758809936602968
2015-03-27,000852.SH,0.16996291375581354
2015-03-27,CBA02701.CS,0.18985971874055724
2015-03-27,AU9999.SGE,0.193596386952316
2015-03-27,NH0100.NHF,0.23899288018528345
2015-04-03,000300.SH,0.33410512797101977
2015-04-03,000852.SH,0.16570119666781716
2015-04-03,CBA02701.CS,0.14165751741561486
2015-04-03,AU9999.SGE,0.1432363096864983
2015-04-03,NH0100.NHF,0.2152998472590499
2015-04-10,000300.SH,0.22918972289005854
2015-04-10,000852.SH,0.20713308855359738
2015-04-10,CBA02701.CS,0.1816125445164779
2015-04-10,AU9999.SGE,0.18970389427271078
2015-04-10,NH0100.NHF,0.19236074876715534
2015-04-17,000300.SH,0.2052321763438659
2015-04-17,000852.SH,0.1716618506662863
2015-04-17,CBA02701.CS,0.2606152386897341
2015-04-17,AU9999.SGE,0.17978104685453125
2015-04-17,NH0100.NHF,0.1827096864455822
2015-04-24,000300.SH,0.20396168449059499
2015-04-24,000852.SH,0.22293840738164497
2015-04-24,CBA02701.CS,0.20288956258812485
2015-04-24,AU9999.SGE,0.17444978837766736
2015-04-24,NH0100.NHF,0.19576055616196775
2015-05-01,000300.SH,0.23656437038755912
2015-05-01,000852.SH,0.14536714592328442
2015-05-01,CBA02701.CS,0.22293150987556595
2015-05-01,AU9999.SGE,0.15129904536077235
2015-05-01,NH0100.NHF,0.24383792745281807
2015-05-08,000300.SH,0.16824493090981088
2015-05-08,000852.SH,0.1877915970219892
2015-05-08,CBA02701.CS,0.24190471432973937
2015-05-08,AU9999.SGE,0.22910089933291106
2015-05-08,NH0100.NHF,0.17295785740554945
2015-05-15,000300.SH,0.2204624494199373
2015-05-15,000852.SH,0.21389836516903307
2015-05-15,CBA02701.CS,0.166392955285391
2015-05-15,AU9999.SGE,0.21051510056857853
2015-05-15,NH0100.NHF,0.18873112855705987
2015-05-22,000300.SH,0.14723080074236286
2015-05-22,000852.SH,0.26116485999504374
2015-05-22,CBA02701.CS,0.18930547931213745
2015-05-22,AU9999.SGE,0.21802838919446166
2015-05-22,NH0100.NHF,0.18427046975599404
2015-05-29,000300.SH,0.19028095126805103
2015-05-29,000852.SH,0.200026268103483
2015-05-29,CBA02701.CS,0.14885083348438577
2015-05-29,AU9999.SGE,0.15441500195990915
2015-05-29,NH0100.NHF,0.306426944184171
2015-06-05,000300.SH,0.19569185842443473
2015-06-05,000852.SH,0.24585702821143104
2015-06-05,CBA02701.CS,0.1892486128263905
2015-06-05,AU9999.SGE,0.17955173284297454
2015-06-05,NH0100.NHF,0.1896507666947692
2015-06-12,000300.SH,0.17601063322436408
2015-06-12,000852.SH,0.2217367329909014
2015-06-12,CBA02701.CS,0.18611094908063722
2015-06-12,AU9999.SGE,0.20085262774729365
2015-06-12,NH0100.NHF,0.21528905595680362
2015-06-19,000300.SH,0.21542440262588747
2015-06-19,000852.SH,0.1919855949703194
2015-06-19,CBA02701.CS,0.16109816999291332
2015-06-19,AU9999.SGE,0.22922894870878885
2015-06-19,NH0100.NHF,0.20226288270209083
2015-06-26,000300.SH,0.23059217256460343
2015-06-26,000852.SH,0.20218334720620942
2015-06-26,CBA02701.CS,0.19265256941694722
2015-06-26,AU9999.SGE,0.19338440874434848
2015-06-26,NH0100.NHF,0.1811875010678914
2015-07-03,000300.SH,0.18279981274572493
2015-07-03,000852.SH,0.22020856543464465
2015-07-03,CBA02701.CS,0.18790524109495643
2015-07-03,AU9999.SGE,0.19223850871712658
2015-07-03,NH0100.NHF,0.2168478710075473
2015-07-10,000300.SH,0.15956095404417622
2015-07-10,000852.SH,0.19564189139039076
2015-07-10,CBA02701.CS,0.2105147640834666
2015-07-10,AU9999.SGE,0.1837739000556238
2015-07-10,NH0100.NHF,0.2505084894263425
2015-07-17,000300.SH,0.1944627349772271
2015-07-17,000852.SH,0.18783465539488417
2015-07-17,CBA02701.CS,0.182488318190998
2015-07-17,AU9999.SGE,0.2004786216914038
2015-07-17,NH0100.NHF,0.2347356687454869
2015-07-24,000300.SH,0.2185395291372104
2015-07-24,000852.SH,0.20362553579264608
2015-07-24,CBA02701.CS,0.16649915950449887
2015-07-24,AU9999.SGE,0.1800352758961024
2015-07-24,NH0100.NHF,0.23130049866954225
2015-07-31,000300.SH,0.24430347959135357
2015-07-31,000852.SH,0.17155532597897188
2015-07-31,CBA02701.CS,0.23849922643458796
2015-07-31,AU9999.SGE,0.17101578633411296
2015-07-31,NH0100.NHF,0.17462618066097343
2015-08-07,000300.SH,0.17680309020654358
2015-08-07,000852.SH,0.23678437112620745
2015-08-07,CBA02701.CS,0.19393568883714585
2015-08-07,AU9999.SGE,0.2056682491074457
2015-08-07,NH0100.NHF,0.18680859972265734
2015-08-14,000300.SH,0.19750353813680013
2015-08-14,000852.SH,0.18403222913123476
2015-08-14,CBA02701.CS,0.19481168867291007
2015-08-14,AU9999.SGE,0.21174187451625642
2015-08-14,NH0100.NHF,0.21191066854279858
2015-08-21,000300.SH,0.22940559047267467
2015-08-21,000852.SH,0.19913904625212925
2015-08-21,CBA02701.CS,0.21666075953506406
2015-08-21,AU9999.SGE,0.17383316161272186
2015-08-21,NH0100.NHF,0.18096144112741014
2015-08-28,000300.SH,0.18447056363577724
2015-08-28,000852.SH,0.26096475740743996
2015-08-28,CBA02701.CS,0.18108245985217236
2015-08-28,AU9999.SGE,0.1893733279457867
2015-08-28,NH0100.NHF,0.1841088901588237
2015-09-04,000300.SH,0.19337082577825848
2015-09-04,000852.SH,0.18836964365630107
2015-09-04,CBA02701.CS,0.19914889134293065
2015-09-04,AU9999.SGE,0.23790696143149304
2015-09-04,NH0100.NHF,0.18120367679101668
2015-09-11,000300.SH,0.20604254845554953
2015-09-11,000852.SH,0.1894801883803916
2015-09-11,CBA02701.CS,0.2235752544752415
2015-09-11,AU9999.SGE,0.18096049059804037
2015-09-11,NH0100.NHF,0.1999415170907769
2015-09-18,000300.SH,0.20062449128000087
2015-09-18,000852.SH,0.22917748726658901
2015-09-18,CBA02701.CS,0.18330453458529983
2015-09-18,AU9999.SGE,0.19394968655665584
2015-09-18,NH0100.NHF,0.19294379931145442
2015-09-25,000300.SH,0.1946123986949326
2015-09-25,000852.SH,0.19533293123351128
2015-09-25,CBA02701.CS,0.19037018260879643
2015-09-25,AU9999.SGE,0.2139849432065584
2015-09-25,NH0100.NHF,0.2056995432562012
2015-10-02,000300.SH,0.20173968210642476
2015-10-02,000852.SH,0.22850989189982207
2015-10-02,CBA02701.CS,0.17070558719424334
2015-10-02,AU9999.SGE,0.2103693485776165
2015-10-02,NH0100.NHF,0.1886754892218933
2015-10-09,000300.SH,0.2380637105445867
2015-10-09,000852.SH,0.25321674863445653
2015-10-09,CBA02701.CS,0.1549233990826347
2015-10-09,AU9999.SGE,0.1673932872240074
2015-10-09,NH0100.NHF,0.18640285351431465
2015-10-16,000300.SH,0.2777776323584429
2015-10-16,000852.SH,0.2499576563349857
2015-10-16,CBA02701.CS,0.16710008606092586
2015-10-16,AU9999.SGE,0.13993502705944805
2015-10-16,NH0100.NHF,0.16522959718619754
2015-10-23,000300.SH,0.18786453249448248
2015-10-23,000852.SH,0.17251084156071153
2015-10-23,CBA02701.CS,0.17987271603330107
2015-10-23,AU9999.SGE,0.2398638535274071
2015-10-23,NH0100.NHF,0.21988805538409775
2015-10-30,000300.SH,0.20457488261525159
2015-10-30,000852.SH,0.20759623469516222
2015-10-30,CBA02701.CS,0.19033662682848096
2015-10-30,AU9999.SGE,0.17983796425231308
2015-10-30,NH0100.NHF,0.21765429060879207
2015-11-06,000300.SH,0.2835055570585589
2015-11-06,000852.SH,0.15772393304204416
2015-11-06,CBA02701.CS,0.18000919616745625
2015-11-06,AU9999.SGE,0.21627281343446939
2015-11-06,NH0100.NHF,0.16248849929747144
2015-11-13,000300.SH,0.25233586088401433
2015-11-13,000852.SH,0.1702629283472776
2015-11-13,CBA02701.CS,0.17304401872098504
2015-11-13,AU9999.SGE,0.20230321892282638
2015-11-13,NH0100.NHF,0.2020539721248966
2015-11-20,000300.SH,0.20198045875904355
2015-11-20,000852.SH,0.2270831780439178
2015-11-20,CBA02701.CS,0.19339681150535656
2015-11-20,AU9999.SGE,0.16777562722130124
2015-11-20,NH0100.NHF,0.20976392347038078
2015-11-27,000300.SH,0.19034145748724712
2015-11-27,000852.SH,0.20706725200972007
2015-11-27,CBA02701.CS,0.20060857583436595
2015-11-27,AU9999.SGE,0.19153907814066204
2015-11-27,NH0100.NHF,0.21044363552800477
2015-12-04,000300.SH,0.17028936634589797
2015-12-04,000852.SH,0.1745730692680088
2015-12-04,CBA02701.CS,0.28734557774191455
2015-12-04,AU9999.SGE,0.21012342063406958
2015-12-04,NH0100.NHF,0.15766856501010906
2015-12-11,000300.SH,0.16795239458186909
2015-12-11,000852.SH,0.17883061185805177
2015-12-11,CBA02701.CS,0.18172184242966086
2015-12-11,AU9999.SGE,0.25849993265437915
2015-12-11,NH0100.NHF,0.21299521747603906
2015-12-18,000300.SH,0.17003709646379297
2015-12-18,000852.SH,0.2821814103615009
2015-12-18,CBA02701.CS,0.1547847189808379
2015-12-18,AU9999.SGE,0.22700979764995824
2015-12-18,NH0100.NHF,0.16598697554390987
2015-12-25,000300.SH,0.1757036680126652
2015-12-25,000852.SH,0.21453488728376982
2015-12-25,CBA02701.CS,0.1959349534445609
2015-12-25,AU9999.SGE,0.245028227073354
2015-12-25,NH0100.NHF,0.1687982631856501
2016-01-01,000300.SH,0.20584370599377205
2016-01-01,000852.SH,0.21431118584357292
2016-01-01,CBA02701.CS,0.18174448910726046
2016-01-01,AU9999.SGE,0.23042765049896832
2016-01-01,NH0100.NHF,0.1676729675564262
2016-01-08,000300.SH,0.19414543844236956
2016-01-08,000852.SH,0.20169176591098106
2016-01-08,CBA02701.CS,0.2062107123163597
2016-01-08,AU9999.SGE,0.18873160131288
2016-01-08,NH0100.NHF,0.2092204810174096
2016-01-15,000300.SH,0.19722664846311794
2016-01-15,000852.SH,0.18813590498122926
2016-01-15,CBA02701.CS,0.1909197878586202
2016-01-15,AU9999.SGE,0.18761466211705435
2016-01-15,NH0100.NHF,0.23610299557997835
2016-01-22,000300.SH,0.1754050531251594
2016-01-22,000852.SH,0.26928848508291947
2016-01-22,CBA02701.CS,0.1836729438224094
2016-01-22,AU9999.SGE,0.19960595954103327
2016-01-22,NH0100.NHF,0.17202755742847842
2016-01-29,000300.SH,0.21684059134601769
2016-01-29,000852.SH,0.21311242204217554
2016-01-29,CBA02701.CS,0.20875367811361362
2016-01-29,AU9999.SGE,0.19311771048819232
2016-01-29,NH0100.NHF,0.16817559701000065
2016-02-05,000300.SH,0.22181966793472946
2016-02-05,000852.SH,0.19865041941278558
2016-02-05,CBA02701.CS,0.19205447701225914
2016-02-05,AU9999.SGE,0.1865015391230122
2016-02-05,NH0100.NHF,0.20097389551721345
2016-02-12,000300.SH,0.24127262644456124
2016-02-12,000852.SH,0.18646736284416274
2016-02-12,CBA02701.CS,0.17649200208079194
2016-02-12,AU9999.SGE,0.20178774640683628
2016-02-12,NH0100.NHF,0.19398026122364775
2016-02-19,000300.SH,0.22896554061902827
2016-02-19,000852.SH,0.16842554156384384
2016-02-19,CBA02701.CS,0.20060269247716178
2016-02-19,AU9999.SGE,0.19190257248452483
2016-02-19,NH0100.NHF,0.21010365185544103
2016-02-26,000300.SH,0.19686475307094067
2016-02-26,000852.SH,0.1916842621943255
2016-02-26,CBA02701.CS,0.21322537643146078
2016-02-26,AU9999.SGE,0.1746306029021824
2016-02-26,NH0100.NHF,0.2235950044010906
2016-03-04,000300.SH,0.17483170519264854
2016-03-04,000852.SH,0.24254433762902108
2016-03-04,CBA02701.CS,0.22932313758130426
2016-03-04,AU9999.SGE,0.16900898142924756
2016-03-04,NH0100.NHF,0.18429183716777864
2016-03-11,000300.SH,0.1781445368784841
2016-03-11,000852.SH,0.20327412792165825
2016-03-11,CBA02701.CS,0.17573861756853604
2016-03-11,AU9999.SGE,0.19599513793313672
2016-03-11,NH0100.NHF,0.24684757869818483
2016-03-18,000300.SH,0.2049796566288467
2016-03-18,000852.SH,0.16385679575801165
2016-03-18,CBA02701.CS,0.17063742493267228
2016-03-18,AU9999.SGE,0.16000946104596983
2016-03-18,NH0100.NHF,0.30051666063449944
2016-03-25,000300.SH,0.2075349825873368
2016-03-25,000852.SH,0.21707933796998358
2016-03-25,CBA02701.CS,0.1722190963964922
2016-03-25,AU9999.SGE,0.1948441119374802
2016-03-25,NH0100.NHF,0.2083224701087072
2016-04-01,000300.SH,0.20088804775965183
2016-04-01,000852.SH,0.19207333780988262
2016-04-01,CBA02701.CS,0.24668364239767487
2016-04-01,AU9999.SGE,0.15524092779812304
2016-04-01,NH0100.NHF,0.2051140432346675
2016-04-08,000300.SH,0.1846078824355872
2016-04-08,000852.SH,0.17241250783757947
2016-04-08,CBA02701.CS,0.3171545415435641
2016-04-08,AU9999.SGE,0.16468038656709796
2016-04-08,NH0100.NHF,0.1611446806161712
2016-04-15,000300.SH,0.17055099101580307
2016-04-15,000852.SH,0.19570690877569347
2016-04-15,CBA02701.CS,0.26182706245659404
2016-04-15,AU9999.SGE,0.20170475518589537
2016-04-15,NH0100.NHF,0.170210281566014
2016-04-22,000300.SH,0.19439449764130295
2016-04-22,000852.SH,0.20302791454483687
2016-04-22,CBA02701.CS,0.20448194875709477
2016-04-22,AU9999.SGE,0.1852833316733285
2016-04-22,NH0100.NHF,0.21281230638343696
2016-04-29,000300.SH,0.2171322062728174
2016-04-29,000852.SH,0.17127352526851608
2016-04-29,CBA02701.CS,0.19164369721228908
2016-04-29,AU9999.SGE,0.17654124309743327
2016-04-29,NH0100.NHF,0.24340932714894414
2016-05-06,000300.SH,0.17263368052554734
2016-05-06,000852.SH,0.21753695536026832
2016-05-06,CBA02701.CS,0.19039986262714945
2016-05-06,AU9999.SGE,0.18108251968414069
2016-05-06,NH0100.NHF,0.23834698080289415
2016-05-13,000300.SH,0.2054481899478408
2016-05-13,000852.SH,0.1857604568442875
2016-05-13,CBA02701.CS,0.22085363650451081
2016-05-13,AU9999.SGE,0.20881752911517926
2016-05-13,NH0100.NHF,0.17912018658818166
2016-05-20,000300.SH,0.17778511789918403
2016-05-20,000852.SH,0.18182801301585147
2016-05-20,CBA02701.CS,0.23173066098364103
2016-05-20,AU9999.SGE,0.1656531720347637
2016-05-20,NH0100.NHF,0.24300303506655957
2016-05-27,000300.SH,0.21311613666189425
2016-05-27,000852.SH,0.18416938486016207
2016-05-27,CBA02701.CS,0.2256335509213368
2016-05-27,AU9999.SGE,0.1880612723133192
2016-05-27,NH0100.NHF,0.18901965424328762
2016-06-03,000300.SH,0.2501871697340293
2016-06-03,000852.SH,0.2003763235979351
2016-06-03,CBA02701.CS,0.17226024184499214
2016-06-03,AU9999.SGE,0.18403850694293333
2016-06-03,NH0100.NHF,0.1931377568801099
2016-06-10,000300.SH,0.16624284114698107
2016-06-10,000852.SH,0.2741801818183582
2016-06-10,CBA02701.CS,0.19976549738826568
2016-06-10,AU9999.SGE,0.19690031096050398
2016-06-10,NH0100.NHF,0.16291116768589112
2016-06-17,000300.SH,0.17300315770744348
2016-06-17,000852.SH,0.2373277289081188
2016-06-17,CBA02701.CS,0.18419380180459477
2016-06-17,AU9999.SGE,0.19137574387601974
2016-06-17,NH0100.NHF,0.21409956670382313
2016-06-24,000300.SH,0.19299826726524696
2016-06-24,000852.SH,0.2505402938081021
2016-06-24,CBA02701.CS,0.18945240052677426
2016-06-24,AU9999.SGE,0.18805272934686215
2016-06-24,NH0100.NHF,0.17895630805301435
2016-07-01,000300.SH,0.18080493082440172
2016-07-01,000852.SH,0.23362867962868736
2016-07-01,CBA02701.CS,0.23737107516456965
2016-07-01,AU9999.SGE,0.18545754270362383
2016-07-01,NH0100.NHF,0.16273777067871734
2016-07-08,000300.SH,0.19246165866968715
2016-07-08,000852.SH,0.192088638230112
2016-07-08,CBA02701.CS,0.18183444633527224
2016-07-08,AU9999.SGE,0.19935936536880847
2016-07-08,NH0100.NHF,0.23425589039612013
2016-07-15,000300.SH,0.20973654786556922
2016-07-15,000852.SH,0.19135835967421466
2016-07-15,CBA02701.CS,0.2007262266278264
2016-07-15,AU9999.SGE,0.19115553987980005
2016-07-15,NH0100.NHF,0.2070233249525896
2016-07-22,000300.SH,0.20370100853213555
2016-07-22,000852.SH,0.20217782312214486
2016-07-22,CBA02701.CS,0.22252141952537086
2016-07-22,AU9999.SGE,0.1860514901370331
2016-07-22,NH0100.NHF,0.18554825768331554
2016-07-29,000300.SH,0.2541390515717546
2016-07-29,000852.SH,0.1701024672269433
2016-07-29,CBA02701.CS,0.1896953475263714
2016-07-29,AU9999.SGE,0.18641261728339106
2016-07-29,NH0100.NHF,0.1996505153915395
2016-08-05,000300.SH,0.1877638194522766
2016-08-05,000852.SH,0.21051560683751716
2016-08-05,CBA02701.CS,0.24237267006671603
2016-08-05,AU9999.SGE,0.18750893554115816
2016-08-05,NH0100.NHF,0.17183896710233199
2016-08-12,000300.SH,0.24814442155225608
2016-08-12,000852.SH,0.18151346974948807
2016-08-12,CBA02701.CS,0.19383487711389297
2016-08-12,AU9999.SGE,0.17937771921354217
2016-08-12,NH0100.NHF,0.19712951137082074
2016-08-19,000300.SH,0.18299606188824294
2016-08-19,000852.SH,0.2008061649210169
2016-08-19,CBA02701.CS,0.219123089666478
2016-08-19,AU9999.SGE,0.1874921731576764
2016-08-19,NH0100.NHF,0.20958250936658568
2016-08-26,000300.SH,0.1619196222309266
2016-08-26,000852.SH,0.2244192395289928
2016-08-26,CBA02701.CS,0.1560537576639309
2016-08-26,AU9999.SGE,0.28103244887435486
2016-08-26,NH0100.NHF,0.17657493070179497
2016-09-02,000300.SH,0.21448929207085554
2016-09-02,000852.SH,0.19380089046091964
2016-09-02,CBA02701.CS,0.19377737070527207
2016-09-02,AU9999.SGE,0.1877077271791709
2016-09-02,NH0100.NHF,0.21022471858378178
2016-09-09,000300.SH,0.1813095029174239
2016-09-09,000852.SH,0.22648987459899378
2016-09-09,CBA02701.CS,0.19235384529260918
2016-09-09,AU9999.SGE,0.19271234558210013
2016-09-09,NH0100.NHF,0.207134430608873
2016-09-16,000300.SH,0.21068040454948453
2016-09-16,000852.SH,0.2297069294676112
2016-09-16,CBA02701.CS,0.18107288131854474
2016-09-16,AU9999.SGE,0.1915385161521412
2016-09-16,NH0100.NHF,0.1870012675122182
2016-09-23,000300.SH,0.2253319519148948
2016-09-23,000852.SH,0.20267924422759065
2016-09-23,CBA02701.CS,0.16429326310833178
2016-09-23,AU9999.SGE,0.20538266916483808
2016-09-23,NH0100.NHF,0.2023128705843446
2016-09-30,000300.SH,0.1783745497069302
2016-09-30,000852.SH,0.2443481555088038
2016-09-30,CBA02701.CS,0.20308097307895573
2016-09-30,AU9999.SGE,0.18851962241923542
2016-09-30,NH0100.NHF,0.18567669828607483
2016-10-07,000300.SH,0.21400559125318688
2016-10-07,000852.SH,0.2083310366024876
2016-10-07,CBA02701.CS,0.20392133429771622
2016-10-07,AU9999.SGE,0.19421205210803227
2016-10-07,NH0100.NHF,0.1795299847385769
2016-10-14,000300.SH,0.17721980898168457
2016-10-14,000852.SH,0.1758810840753171
2016-10-14,CBA02701.CS,0.2848643787935465
2016-10-14,AU9999.SGE,0.1829048703697367
2016-10-14,NH0100.NHF,0.1791298567797151
2016-10-21,000300.SH,0.19704272934147404
2016-10-21,000852.SH,0.18410283064213626
2016-10-21,CBA02701.CS,0.19297253866713304
2016-10-21,AU9999.SGE,0.2254922246904402
2016-10-21,NH0100.NHF,0.20038967565881644
2016-10-28,000300.SH,0.19228104050234127
2016-10-28,000852.SH,0.20589500955036732
2016-10-28,CBA02701.CS,0.19485455833987056
2016-10-28,AU9999.SGE,0.19781159608971796
2016-10-28,NH0100.NHF,0.20915779451770283
2016-11-04,000300.SH,0.16486798937068128
2016-11-04,000852.SH,0.17564251432579975
2016-11-04,CBA02701.CS,0.17330258386564756
2016-11-04,AU9999.SGE,0.27742431129102596
2016-11-04,NH0100.NHF,0.20876260014684533
2016-11-11,000300.SH,0.1757271494831879
2016-11-11,000852.SH,0.1931115876239388
2016-11-11,CBA02701.CS,0.1844385593129179
2016-11-11,AU9999.SGE,0.16722293507965635
2016-11-11,NH0100.NHF,0.279499767500299
2016-11-18,000300.SH,0.1801102799226784
2016-11-18,000852.SH,0.194528164221284
2016-11-18,CBA02701.CS,0.1815642286756358
2016-11-18,AU9999.SGE,0.1986858861768017
2016-11-18,NH0100.NHF,0.24511144000360008
2016-11-25,000300.SH,0.22315946561932945
2016-11-25,000852.SH,0.18552463599575092
2016-11-25,CBA02701.CS,0.2209360630971535
2016-11-25,AU9999.SGE,0.20257766003816347
2016-11-25,NH0100.NHF,0.16780217424960261
2016-12-02,000300.SH,0.17896185615515958
2016-12-02,000852.SH,0.22853625228493787
2016-12-02,CBA02701.CS,0.20874323466024636
2016-12-02,AU9999.SGE,0.17212739777128544
2016-12-02,NH0100.NHF,0.21163125812837064
2016-12-09,000300.SH,0.17450224146944895
2016-12-09,000852.SH,0.1720187650193493
2016-12-09,CBA02701.CS,0.19208919007960226
2016-12-09,AU9999.SGE,0.2134101453924467
2016-12-09,NH0100.NHF,0.24797965703915278
2016-12-16,000300.SH,0.20394602318922708
2016-12-16,000852.SH,0.22103847328023166
2016-12-16,CBA02701.CS,0.22198937093038426
2016-12-16,AU9999.SGE,0.18695162749207875
2016-12-16,NH0100.NHF,0.16607450410807834
2016-12-23,000300.SH,0.23419110581763447
2016-12-23,000852.SH,0.18921598345757992
2016-12-23,CBA02701.CS,0.20343011469230146
2016-12-23,AU9999.SGE,0.1826916752073347
2016-12-23,NH0100.NHF,0.19047111982514933
2016-12-30,000300.SH,0.17704020565785175
2016-12-30,000852.SH,0.20804298566424165
2016-12-30,CBA02701.CS,0.2126735975673085
2016-12-30,AU9999.SGE,0.1993092256918753
2016-12-30,NH0100.NHF,0.20293398441872287
2017-01-06,000300.SH,0.16743433501953203
2017-01-06,000852.SH,0.18459123264962737
2017-01-06,CBA02701.CS,0.17485824976073033
2017-01-06,AU9999.SGE,0.2715650546442129
2017-01-06,NH0100.NHF,0.20155112692589736
2017-01-13,000300.SH,0.24694017770535165
2017-01-13,000852.SH,0.19058488642708923
2017-01-13,CBA02701.CS,0.19058192226765525
2017-01-13,AU9999.SGE,0.1773364405064701
2017-01-13,NH0100.NHF,0.19455657209343358
2017-01-20,000300.SH,0.18699474799333374
2017-01-20,000852.SH,0.22981827301969554
2017-01-20,CBA02701.CS,0.2127830143499966
2017-01-20,AU9999.SGE,0.18197308484582814
2017-01-20,NH0100.NHF,0.18843087879114598
2017-01-27,000300.SH,0.1714696145813216
2017-01-27,000852.SH,0.19267649851152246
2017-01-27,CBA02701.CS,0.2541328878586374
2017-01-27,AU9999.SGE,0.21299000359217335
2017-01-27,NH0100.NHF,0.1687309944563449
2017-02-03,000300.SH,0.19026391875951526
2017-02-03,000852.SH,0.2695827260789541
2017-02-03,CBA02701.CS,0.18682856498296926
2017-02-03,AU9999.SGE,0.17453665447239577
2017-02-03,NH0100.NHF,0.17878813470616556
2017-02-10,000300.SH,0.21133514224957675
2017-02-10,000852.SH,0.24877241396455602
2017-02-10,CBA02701.CS,0.1927598704794891
2017-02-10,AU9999.SGE,0.1652419762452901
2017-02-10,NH0100.NHF,0.18189059606108793
2017-02-17,000300.SH,0.19199739782530098
2017-02-17,000852.SH,0.22532212221671433
2017-02-17,CBA02701.CS,0.17188051953220337
2017-02-17,AU9999.SGE,0.18782806261820523
2017-02-17,NH0100.NHF,0.22297189680757623
2017-02-24,000300.SH,0.18278274267553207
2017-02-24,000852.SH,0.23538664435322004
2017-02-24,CBA02701.CS,0.20661322517302413
2017-02-24,AU9999.SGE,0.17388169803581677
2017-02-24,NH0100.NHF,0.20133568876240687
2017-03-03,000300.SH,0.19783790485230193
2017-03-03,000852.SH,0.2316003668535773
2017-03-03,CBA02701.CS,0.1877721715510069
2017-03-03,AU9999.SGE,0.19779956679651906
2017-03-03,NH0100.NHF,0.18498998894659474
2017-03-10,000300.SH,0.2351455860512998
2017-03-10,000852.SH,0.18654999487434493
2017-03-10,CBA02701.CS,0.2059604665434422
2017-03-10,AU9999.SGE,0.1980098441467621
2017-03-10,NH0100.NHF,0.17433410738415095
2017-03-17,000300.SH,0.21418280972338039
2017-03-17,000852.SH,0.16854235277111693
2017-03-17,CBA02701.CS,0.20227103616411624
2017-03-17,AU9999.SGE,0.17775373757987317
2017-03-17,NH0100.NHF,0.23725006276151323
2017-03-24,000300.SH,0.22296648276494122
2017-03-24,000852.SH,0.18372317442730499
2017-03-24,CBA02701.CS,0.21226235931292492
2017-03-24,AU9999.SGE,0.19811368346360966
2017-03-24,NH0100.NHF,0.18293429903121922
2017-03-31,000300.SH,0.20990742889546074
2017-03-31,000852.SH,0.18752845240712793
2017-03-31,CBA02701.CS,0.18864637261847939
2017-03-31,AU9999.SGE,0.23717329601130888
2017-03-31,NH0100.NHF,0.17674444906762302
2017-04-07,000300.SH,0.21117769523153587
2017-04-07,000852.SH,0.2043803527689328
2017-04-07,CBA02701.CS,0.19071817295948248
2017-04-07,AU9999.SGE,0.1944720228680349
2017-04-07,NH0100.NHF,0.1992517551720138
2017-04-14,000300.SH,0.20673120729848016
2017-04-14,000852.SH,0.1820855282449133
2017-04-14,CBA02701.CS,0.19028862924154213
2017-04-14,AU9999.SGE,0.20895691534387636
2017-04-14,NH0100.NHF,0.211937718871188
2017-04-21,000300.SH,0.19750219424806018
2017-04-21,000852.SH,0.28902948026701447
2017-04-21,CBA02701.CS,0.16995507601467225
2017-04-21,AU9999.SGE,0.17218349648672307
2017-04-21,NH0100.NHF,0.1713297519835301
2017-04-28,000300.SH,0.2091379600328606
2017-04-28,000852.SH,0.17962118296989918
2017-04-28,CBA02701.CS,0.17208734956197605
2017-04-28,AU9999.SGE,0.1951561912442242
2017-04-28,NH0100.NHF,0.24399731519103995
2017-05-05,000300.SH,0.20388988075779207
2017-05-05,000852.SH,0.1903984021532752
2017-05-05,CBA02701.CS,0.20270874254774834
2017-05-05,AU9999.SGE,0.2030338605703375
2017-05-05,NH0100.NHF,0.19996911297084677
2017-05-12,000300.SH,0.22775468509789223
2017-05-12,000852.SH,0.19806037995816905
2017-05-12,CBA02701.CS,0.18019069035087817
2017-05-12,AU9999.SGE,0.19524760151580153
2017-05-12,NH0100.NHF,0.19874664207725892
2017-05-19,000300.SH,0.19229787239970297
2017-05-19,000852.SH,0.19069564421220295
2017-05-19,CBA02701.CS,0.23159623539967533
2017-05-19,AU9999.SGE,0.1933156119664389
2017-05-19,NH0100.NHF,0.19209463502197976
2017-05-26,000300.SH,0.21395212466619817
2017-05-26,000852.SH,0.2304243291361443
2017-05-26,CBA02701.CS,0.17435652293015363
2017-05-26,AU9999.SGE,0.1889504089334804
2017-05-26,NH0100.NHF,0.1923166133340235
2017-06-02,000300.SH,0.1734631034122425
2017-06-02,000852.SH,0.2160124642750238
2017-06-02,CBA02701.CS,0.17803894822130645
2017-06-02,AU9999.SGE,0.21336272891979466
2017-06-02,NH0100.NHF,0.21912275417163274
2017-06-09,000300.SH,0.18694497028993481
2017-06-09,000852.SH,0.19644780903116807
2017-06-09,CBA02701.CS,0.25312414744978384
2017-06-09,AU9999.SGE,0.18038852286165355
2017-06-09,NH0100.NHF,0.18309454936745964
2017-06-16,000300.SH,0.1850518775506019
2017-06-16,000852.SH,0.2205041513181195
2017-06-16,CBA02701.CS,0.1999037509819742
2017-06-16,AU9999.SGE,0.219992391674586
2017-06-16,NH0100.NHF,0.17454782747471856
2017-06-23,000300.SH,0.20363661236967248
2017-06-23,000852.SH,0.19353142091644546
2017-06-23,CBA02701.CS,0.1905296290630338
2017-06-23,AU9999.SGE,0.183905501606338
2017-06-23,NH0100.NHF,0.22839683504451017
2017-06-30,000300.SH,0.21747586323625395
2017-06-30,000852.SH,0.20147581585333568
2017-06-30,CBA02701.CS,0.1797989247273378
2017-06-30,AU9999.SGE,0.20170178167822306
2017-06-30,NH0100.NHF,0.19954761350484942
2017-07-07,000300.SH,0.1888957148210352
2017-07-07,000852.SH,0.24901049239993736
2017-07-07,CBA02701.CS,0.17803427655705328
2017-07-07,AU9999.SGE,0.1853201708733285
2017-07-07,NH0100.NHF,0.19873934434864565
2017-07-14,000300.SH,0.2096583583231282
2017-07-14,000852.SH,0.2319542906502057
2017-07-14,CBA02701.CS,0.1876857597995191
2017-07-14,AU9999.SGE,0.1934894122025667
2017-07-14,NH0100.NHF,0.17721217802458025
2017-07-21,000300.SH,0.20454851575355473
2017-07-21,000852.SH,0.2038073311640255
2017-07-21,CBA02701.CS,0.2148869029512496
2017-07-21,AU9999.SGE,0.19116594436694573
2017-07-21,NH0100.NHF,0.1855913047642245
2017-07-28,000300.SH,0.19548595688192522
2017-07-28,000852.SH,0.19898753956773219
2017-07-28,CBA02701.CS,0.1958876073878737
2017-07-28,AU9999.SGE,0.20025902027260722
2017-07-28,NH0100.NHF,0.2093798748898616
2017-08-04,000300.SH,0.18968114030627028
2017-08-04,000852.SH,0.20314297516079172
2017-08-04,CBA02701.CS,0.17905307549011804
2017-08-04,AU9999.SGE,0.24438066557306493
2017-08-04,NH0100.NHF,0.183742142469755
2017-08-11,000300.SH,0.1923682339892569
2017-08-11,000852.SH,0.19973384499942218
2017-08-11,CBA02701.CS,0.21990435407465087
2017-08-11,AU9999.SGE,0.1889962093457359
2017-08-11,NH0100.NHF,0.19899735659093407
2017-08-18,000300.SH,0.18629675542633392
2017-08-18,000852.SH,0.18379072993341908
2017-08-18,CBA02701.CS,0.20368487360837656
2017-08-18,AU9999.SGE,0.19368650935704768
2017-08-18,NH0100.NHF,0.23254113067482263
2017-08-25,000300.SH,0.20783264825695702
2017-08-25,000852.SH,0.1779190477276182
2017-08-25,CBA02701.CS,0.21567347694272712
2017-08-25,AU9999.SGE,0.21619304472225384
2017-08-25,NH0100.NHF,0.18238178135044372
2017-09-01,000300.SH,0.1989750044167167
2017-09-01,000852.SH,0.2005069657172081
2017-09-01,CBA02701.CS,0.20382327773144396
2017-09-01,AU9999.SGE,0.20927555370520265
2017-09-01,NH0100.NHF,0.1874191974294285
2017-09-08,000300.SH,0.184835418999674
2017-09-08,000852.SH,0.24325111092645135
2017-09-08,CBA02701.CS,0.2119230108207838
2017-09-08,AU9999.SGE,0.1726742897436445
2017-09-08,NH0100.NHF,0.1873161685094463
2017-09-15,000300.SH,0.20014133711246188
2017-09-15,000852.SH,0.19025077574707602
2017-09-15,CBA02701.CS,0.2101922041219042
2017-09-15,AU9999.SGE,0.1830179484314247
2017-09-15,NH0100.NHF,0.21639773358713293
2017-09-22,000300.SH,0.2147661268619731
2017-09-22,000852.SH,0.18957263034274593
2017-09-22,CBA02701.CS,0.19882728805112107
2017-09-22,AU9999.SGE,0.19100261307614932
2017-09-22,NH0100.NHF,0.2058313406680104
2017-09-29,000300.SH,0.19789991304491278
2017-09-29,000852.SH,0.2042919449632741
2017-09-29,CBA02701.CS,0.18650128337586516
2017-09-29,AU9999.SGE,0.1899665771186398
2017-09-29,NH0100.NHF,0.2213402804973081
2017-10-06,000300.SH,0.2013300361620931
2017-10-06,000852.SH,0.1807278530124327
2017-10-06,CBA02701.CS,0.18187913292082228
2017-10-06,AU9999.SGE,0.21787348984176536
2017-10-06,NH0100.NHF,0.21818948706288657
2017-10-13,000300.SH,0.20766629691071314
2017-10-13,000852.SH,0.21170198325183595
2017-10-13,CBA02701.CS,0.20449708161059155
2017-10-13,AU9999.SGE,0.1963975196079973
2017-10-13,NH0100.NHF,0.17973711761886205
2017-10-20,000300.SH,0.17518762600200424
2017-10-20,000852.SH,0.23816687859036734
2017-10-20,CBA02701.CS,0.1869718395840221
2017-10-20,AU9999.SGE,0.20604860188755236
2017-10-20,NH0100.NHF,0.19362505293605387
2017-10-27,000300.SH,0.20234080426800533
2017-10-27,000852.SH,0.18653089721161248
2017-10-27,CBA02701.CS,0.2314946069242567
2017-10-27,AU9999.SGE,0.17893644948974796
2017-10-27,NH0100.NHF,0.20069724110637735
2017-11-03,000300.SH,0.18726929849211282
2017-11-03,000852.SH,0.18690870874287813
2017-11-03,CBA02701.CS,0.1818808367932192
2017-11-03,AU9999.SGE,0.2636577168389472
2017-11-03,NH0100.NHF,0.18028343813284264
2017-11-10,000300.SH,0.22431716445040378
2017-11-10,000852.SH,0.19803698107298132
2017-11-10,CBA02701.CS,0.1958349865897614
2017-11-10,AU9999.SGE,0.19263682599634796
2017-11-10,NH0100.NHF,0.1891740408905055
2017-11-17,000300.SH,0.19097938054512242
2017-11-17,000852.SH,0.2074037701671823
2017-11-17,CBA02701.CS,0.21969095983892437
2017-11-17,AU9999.SGE,0.18420810839685367
2017-11-17,NH0100.NHF,0.1977177800519172
2017-11-24,000300.SH,0.18843307074966448
2017-11-24,000852.SH,0.22227821126014818
2017-11-24,CBA02701.CS,0.20484530221046196
2017-11-24,AU9999.SGE,0.19397336030384293
2017-11-24,NH0100.NHF,0.19047005447588242
2017-12-01,000300.SH,0.19598825099876324
2017-12-01,000852.SH,0.19017184894877123
2017-12-01,CBA02701.CS,0.2081904143704987
2017-12-01,AU9999.SGE,0.1951682178836637
2017-12-01,NH0100.NHF,0.21048126679830306
2017-12-08,000300.SH,0.19830940505879052
2017-12-08,000852.SH,0.18358239011353417
2017-12-08,CBA02701.CS,0.24094782457716654
2017-12-08,AU9999.SGE,0.18203701164522237
2017-12-08,NH0100.NHF,0.1951233676052863
2017-12-15,000300.SH,0.22400311857470678
2017-12-15,000852.SH,0.19379029277518667
2017-12-15,CBA02701.CS,0.19783863159936987
2017-12-15,AU9999.SGE,0.19893515835787384
2017-12-15,NH0100.NHF,0.18543279769286272
2017-12-22,000300.SH,0.19556596540756044
2017-12-22,000852.SH,0.20578826838243477
2017-12-22,CBA02701.CS,0.19062206766626938
2017-12-22,AU9999.SGE,0.18260574099525445
2017-12-22,NH0100.NHF,0.22541795654848099
2017-12-29,000300.SH,0.2374937565154997
2017-12-29,000852.SH,0.19530308533846244
2017-12-29,CBA02701.CS,0.1815757375207049
2017-12-29,AU9999.SGE,0.19275943193695041
2017-12-29,NH0100.NHF,0.19286798768838234
2018-01-05,000300.SH,0.1912221391519369
2018-01-05,000852.SH,0.18494887052306133
2018-01-05,CBA02701.CS,0.2079319394190716
2018-01-05,AU9999.SGE,0.19406890901938942
2018-01-05,NH0100.NHF,0.22182814088654074
2018-01-12,000300.SH,0.21182814340744524
2018-01-12,000852.SH,0.18909863893371023
2018-01-12,CBA02701.CS,0.20418491080044462
2018-01-12,AU9999.SGE,0.20336571343083687
2018-01-12,NH0100.NHF,0.19152259242756284
2018-01-19,000300.SH,0.19337273381245396
2018-01-19,000852.SH,0.1773155466525612
2018-01-19,CBA02701.CS,0.25843645524508274
2018-01-19,AU9999.SGE,0.18173268370192003
2018-01-19,NH0100.NHF,0.18914257958798195
2018-01-26,000300.SH,0.1919950867262352
2018-01-26,000852.SH,0.19421982653771938
2018-01-26,CBA02701.CS,0.20399726013325342
2018-01-26,AU9999.SGE,0.196411917836194
2018-01-26,NH0100.NHF,0.21337590776659793
2018-02-02,000300.SH,0.17886174047702502
2018-02-02,000852.SH,0.19601646598240746
2018-02-02,CBA02701.CS,0.22665631792717073
2018-02-02,AU9999.SGE,0.18241252660460078
2018-02-02,NH0100.NHF,0.21605294800879604
2018-02-09,000300.SH,0.1888517878692659
2018-02-09,000852.SH,0.19721588095423306
2018-02-09,CBA02701.CS,0.20032301385102697
2018-02-09,AU9999.SGE,0.21976889228086846
2018-02-09,NH0100.NHF,0.19384042404460552
2018-02-16,000300.SH,0.21426905469042046
2018-02-16,000852.SH,0.19394807323578928
2018-02-16,CBA02701.CS,0.18039260162616852
2018-02-16,AU9999.SGE,0.19063241922064697
2018-02-16,NH0100.NHF,0.22075785022697458
2018-02-23,000300.SH,0.2032715358667861
2018-02-23,000852.SH,0.21436890946827677
2018-02-23,CBA02701.CS,0.1891488265360884
2018-02-23,AU9999.SGE,0.1955693271497121
2018-02-23,NH0100.NHF,0.1976413999791366
2018-03-02,000300.SH,0.20023425317094004
2018-03-02,000852.SH,0.19248761439562925
2018-03-02,CBA02701.CS,0.21603369037149409
2018-03-02,AU9999.SGE,0.19538909949703873
2018-03-02,NH0100.NHF,0.19585534156489784
2018-03-09,000300.SH,0.19395967897939137
2018-03-09,000852.SH,0.1948617469947775
2018-03-09,CBA02701.CS,0.19582294980388634
2018-03-09,AU9999.SGE,0.1895714720833377
2018-03-09,NH0100.NHF,0.22578415113860692
2018-03-16,000300.SH,0.20033148321970345
2018-03-16,000852.SH,0.21843592475688922
2018-03-16,CBA02701.CS,0.20274677630631907
2018-03-16,AU9999.SGE,0.19352227961762877
2018-03-16,NH0100.NHF,0.1849635350994595
2018-03-23,000300.SH,0.21269985694450327
2018-03-23,000852.SH,0.1974474773330462
2018-03-23,CBA02701.CS,0.20961099326533386
2018-03-23,AU9999.SGE,0.1983471698135739
2018-03-23,NH0100.NHF,0.18189450164354262
2018-03-30,000300.SH,0.21465566332674627
2018-03-30,000852.SH,0.2002384937763885
2018-03-30,CBA02701.CS,0.18371108421517376
2018-03-30,AU9999.SGE,0.20557407722613386
2018-03-30,NH0100.NHF,0.19582068045555753
2018-04-06,000300.SH,0.21703093133467763
2018-04-06,000852.SH,0.20005449248048884
2018-04-06,CBA02701.CS,0.21891884858611718
2018-04-06,AU9999.SGE,0.1830149432382074
2018-04-06,NH0100.NHF,0.18098078336050893
2018-04-13,000300.SH,0.19784938377067154
2018-04-13,000852.SH,0.2313444272494684
2018-04-13,CBA02701.CS,0.1879192442824539
2018-04-13,AU9999.SGE,0.19383790036189094
2018-04-13,NH0100.NHF,0.18904904333551514
2018-04-20,000300.SH,0.20774880104699645
2018-04-20,000852.SH,0.2034970693951548
2018-04-20,CBA02701.CS,0.19693303588996997
2018-04-20,AU9999.SGE,0.1989573080167025
2018-04-20,NH0100.NHF,0.1928637846511763
2018-04-27,000300.SH,0.2102338932242535
2018-04-27,000852.SH,0.23446395113763394
2018-04-27,CBA02701.CS,0.1918856410928182
2018-04-27,AU9999.SGE,0.18083244286793465
2018-04-27,NH0100.NHF,0.18258407067735968
2018-05-04,000300.SH,0.183485146730446
2018-05-04,000852.SH,0.18161088916052784
2018-05-04,CBA02701.CS,0.1778838696411217
2018-05-04,AU9999.SGE,0.2089018932519629
2018-05-04,NH0100.NHF,0.24811820021594153
2018-05-11,000300.SH,0.18683680764497432
2018-05-11,000852.SH,0.19947778096439933
2018-05-11,CBA02701.CS,0.18317386509878314
2018-05-11,AU9999.SGE,0.23739261676496223
2018-05-11,NH0100.NHF,0.19311892852688092
2018-05-18,000300.SH,0.2015855874141646
2018-05-18,000852.SH,0.21631059253333226
2018-05-18,CBA02701.CS,0.1888486096391808
2018-05-18,AU9999.SGE,0.20703398860348027
2018-05-18,NH0100.NHF,0.1862212208098419
2018-05-25,000300.SH,0.19398512034333207
2018-05-25,000852.SH,0.23096596348400963
2018-05-25,CBA02701.CS,0.18623282236647593
2018-05-25,AU9999.SGE,0.19341863695103495
2018-05-25,NH0100.NHF,0.1953974558551474
2018-06-01,000300.SH,0.2154725186871536
2018-06-01,000852.SH,0.21771772969304234
2018-06-01,CBA02701.CS,0.1881758389955411
2018-06-01,AU9999.SGE,0.19893287378093416
2018-06-01,NH0100.NHF,0.17970103784332878
2018-06-08,000300.SH,0.1932257758666833
2018-06-08,000852.SH,0.22501951836499215
2018-06-08,CBA02701.CS,0.2064573906906891
2018-06-08,AU9999.SGE,0.19124983682113758
2018-06-08,NH0100.NHF,0.18404747725649778
2018-06-15,000300.SH,0.19233510746066165
2018-06-15,000852.SH,0.21120344016007284
2018-06-15,CBA02701.CS,0.19976749810294264
2018-06-15,AU9999.SGE,0.19280613990840365
2018-06-15,NH0100.NHF,0.2038878133679191
2018-06-22,000300.SH,0.1862512678452921
2018-06-22,000852.SH,0.23268939424338536
2018-06-22,CBA02701.CS,0.18706734834915453
2018-06-22,AU9999.SGE,0.19710946935405993
2018-06-22,NH0100.NHF,0.19688251920810784
2018-06-29,000300.SH,0.18459878510087135
2018-06-29,000852.SH,0.199052340054682
2018-06-29,CBA02701.CS,0.1998170384680992
2018-06-29,AU9999.SGE,0.20004576927593432
2018-06-29,NH0100.NHF,0.2164860661004131
2018-07-06,000300.SH,0.18386918711395198
2018-07-06,000852.SH,0.22043146528744836
2018-07-06,CBA02701.CS,0.18938772988344765
2018-07-06,AU9999.SGE,0.18624735261352232
2018-07-06,NH0100.NHF,0.2200642641016297
2018-07-13,000300.SH,0.20581776407265673
2018-07-13,000852.SH,0.18957563463506322
2018-07-13,CBA02701.CS,0.1950351125796349
2018-07-13,AU9999.SGE,0.1826822644736838
2018-07-13,NH0100.NHF,0.22688922323896132
2018-07-20,000300.SH,0.20283380839536105
2018-07-20,000852.SH,0.2135313609440969
2018-07-20,CBA02701.CS,0.2018632709423742
2018-07-20,AU9999.SGE,0.19123450625668376
2018-07-20,NH0100.NHF,0.19053705246148403
2018-07-27,000300.SH,0.18812429578014528
2018-07-27,000852.SH,0.21198056595240147
2018-07-27,CBA02701.CS,0.20780999775907347
2018-07-27,AU9999.SGE,0.19459916173952252
2018-07-27,NH0100.NHF,0.1974859777688572
2018-08-03,000300.SH,0.23083436598666204
2018-08-03,000852.SH,0.189646661793228
2018-08-03,CBA02701.CS,0.20189137010426947
2018-08-03,AU9999.SGE,0.19288473632606334
2018-08-03,NH0100.NHF,0.18474286478977728
2018-08-10,000300.SH,0.20170394880537104
2018-08-10,000852.SH,0.21861077183829206
2018-08-10,CBA02701.CS,0.1927830734508391
2018-08-10,AU9999.SGE,0.19284599917803233
2018-08-10,NH0100.NHF,0.19405620572746546
2018-08-17,000300.SH,0.1976247405097024
2018-08-17,000852.SH,0.1880530723532951
2018-08-17,CBA02701.CS,0.1954684741465777
2018-08-17,AU9999.SGE,0.2238643552612405
2018-08-17,NH0100.NHF,0.1949893567291844
2018-08-24,000300.SH,0.21113036151995657
2018-08-24,000852.SH,0.20342524851294713
2018-08-24,CBA02701.CS,0.1992404608366458
2018-08-24,AU9999.SGE,0.1983747707721794
2018-08-24,NH0100.NHF,0.187829157358271
2018-08-31,000300.SH,0.19615590316178275
2018-08-31,000852.SH,0.2111031900195876
2018-08-31,CBA02701.CS,0.19934521606919983
2018-08-31,AU9999.SGE,0.1952232852105518
2018-08-31,NH0100.NHF,0.1981724045388778
2018-09-07,000300.SH,0.18653121677105886
2018-09-07,000852.SH,0.20864714316905897
2018-09-07,CBA02701.CS,0.20946121476540813
2018-09-07,AU9999.SGE,0.20161153531161297
2018-09-07,NH0100.NHF,0.19374888898286108
2018-09-14,000300.SH,0.19504758993108465
2018-09-14,000852.SH,0.2062627177676033
2018-09-14,CBA02701.CS,0.19865792628718368
2018-09-14,AU9999.SGE,0.19375854419075406
2018-09-14,NH0100.NHF,0.20627322082337426
2018-09-21,000300.SH,0.19417478327700896
2018-09-21,000852.SH,0.18868754736839113
2018-09-21,CBA02701.CS,0.19175970420337304
2018-09-21,AU9999.SGE,0.21396157171509922
2018-09-21,NH0100.NHF,0.2114163924361275
2018-09-28,000300.SH,0.245644153560617
2018-09-28,000852.SH,0.18932880414666672
2018-09-28,CBA02701.CS,0.19771129082738503
2018-09-28,AU9999.SGE,0.1780032277748969
2018-09-28,NH0100.NHF,0.18931252269043433
2018-10-05,000300.SH,0.1894308408095424
2018-10-05,000852.SH,0.2182760390332614
2018-10-05,CBA02701.CS,0.20689411462940835
2018-10-05,AU9999.SGE,0.1957091388601331
2018-10-05,NH0100.NHF,0.18968986566765472
2018-10-12,000300.SH,0.1971203189389541
2018-10-12,000852.SH,0.22597327430291775
2018-10-12,CBA02701.CS,0.194556645636575
2018-10-12,AU9999.SGE,0.19240684336912092
2018-10-12,NH0100.NHF,0.18994291675243222
2018-10-19,000300.SH,0.20389592389299155
2018-10-19,000852.SH,0.21015597464939595
2018-10-19,CBA02701.CS,0.1930315111160943
2018-10-19,AU9999.SGE,0.20258486317728575
2018-10-19,NH0100.NHF,0.19033172616423233
2018-10-26,000300.SH,0.19600516446993596
2018-10-26,000852.SH,0.20239953574212585
2018-10-26,CBA02701.CS,0.21587624586217835
2018-10-26,AU9999.SGE,0.19343120710003328
2018-10-26,NH0100.NHF,0.1922878458257266
2018-11-02,000300.SH,0.20585643878983728
2018-11-02,000852.SH,0.19529146807266243
2018-11-02,CBA02701.CS,0.2025323342161737
2018-11-02,AU9999.SGE,0.19666312355450982
2018-11-02,NH0100.NHF,0.19965663436681685
2018-11-09,000300.SH,0.1872794791885868
2018-11-09,000852.SH,0.18469761523637374
2018-11-09,CBA02701.CS,0.21867355735098254
2018-11-09,AU9999.SGE,0.22521726698336647
2018-11-09,NH0100.NHF,0.1841320802406904
2018-11-16,000300.SH,0.19627590309492743
2018-11-16,000852.SH,0.18446294791788695
2018-11-16,CBA02701.CS,0.20312950193402668
2018-11-16,AU9999.SGE,0.21754958018823783
2018-11-16,NH0100.NHF,0.19858206586492105
2018-11-23,000300.SH,0.19475939271087767
2018-11-23,000852.SH,0.19093116685376546
2018-11-23,CBA02701.CS,0.22274892905423907
2018-11-23,AU9999.SGE,0.20249800495990652
2018-11-23,NH0100.NHF,0.18906250542121125
2018-11-30,000300.SH,0.18759023572617478
2018-11-30,000852.SH,0.19162782701729916
2018-11-30,CBA02701.CS,0.2068229571249224
2018-11-30,AU9999.SGE,0.19739195522026945
2018-11-30,NH0100.NHF,0.21656702391133423
2018-12-07,000300.SH,0.19418416101735664
2018-12-07,000852.SH,0.19876075372342908
2018-12-07,CBA02701.CS,0.20052366757872342
2018-12-07,AU9999.SGE,0.19886366892069002
2018-12-07,NH0100.NHF,0.20766774775980085
2018-12-14,000300.SH,0.19669173750591573
2018-12-14,000852.SH,0.19016829239146818
2018-12-14,CBA02701.CS,0.19561648388443084
2018-12-14,AU9999.SGE,0.19386629029077684
2018-12-14,NH0100.NHF,0.2236571949274084
2018-12-21,000300.SH,0.2021513097979815
2018-12-21,000852.SH,0.18629337053128592
2018-12-21,CBA02701.CS,0.19744480352576987
2018-12-21,AU9999.SGE,0.1979263153471641
2018-12-21,NH0100.NHF,0.2161841997977988
2018-12-28,000300.SH,0.19442105625762932
2018-12-28,000852.SH,0.19723548072488528
2018-12-28,CBA02701.CS,0.19381324069836076
2018-12-28,AU9999.SGE,0.20537042140900752
2018-12-28,NH0100.NHF,0.2091597999101171
2019-01-04,000300.SH,0.19791702702850442
2019-01-04,000852.SH,0.1959990973629697
2019-01-04,CBA02701.CS,0.18794801211588297
2019-01-04,AU9999.SGE,0.2029501554838915
2019-01-04,NH0100.NHF,0.21518570700875142
2019-01-11,000300.SH,0.18800150900990265
2019-01-11,000852.SH,0.20415258067187503
2019-01-11,CBA02701.CS,0.20918130537330257
2019-01-11,AU9999.SGE,0.21411380165669539
2019-01-11,NH0100.NHF,0.18455080228822435
2019-01-18,000300.SH,0.2068306292336865
2019-01-18,000852.SH,0.19895274184171954
2019-01-18,CBA02701.CS,0.20457436023473727
2019-01-18,AU9999.SGE,0.19582060897602405
2019-01-18,NH0100.NHF,0.19382165871383267
2019-01-25,000300.SH,0.2075954838156286
2019-01-25,000852.SH,0.19802016618193455
2019-01-25,CBA02701.CS,0.1982119527477568
2019-01-25,AU9999.SGE,0.19742271285811938
2019-01-25,NH0100.NHF,0.1987496833965605
2019-02-01,000300.SH,0.21353266478145527
2019-02-01,000852.SH,0.20990308934070623
2019-02-01,CBA02701.CS,0.19488105083192875
2019-02-01,AU9999.SGE,0.19434954530687212
2019-02-01,NH0100.NHF,0.18733364873903763
2019-02-08,000300.SH,0.18739072966084053
2019-02-08,000852.SH,0.1890737905276606
2019-02-08,CBA02701.CS,0.1833307788014537
2019-02-08,AU9999.SGE,0.2557342816169363
2019-02-08,NH0100.NHF,0.18447041839310885
2019-02-15,000300.SH,0.1979304488100618
2019-02-15,000852.SH,0.20174728864297395
2019-02-15,CBA02701.CS,0.20781341969068345
2019-02-15,AU9999.SGE,0.19867188730037083
2019-02-15,NH0100.NHF,0.19383695455590985
2019-02-22,000300.SH,0.19361192169071614
2019-02-22,000852.SH,0.1909991223711857
2019-02-22,CBA02701.CS,0.23553996342322342
2019-02-22,AU9999.SGE,0.18632736526649576
2019-02-22,NH0100.NHF,0.19352162624837896
2019-03-01,000300.SH,0.21129172079127675
2019-03-01,000852.SH,0.20583018707355422
2019-03-01,CBA02701.CS,0.19556073126508877
2019-03-01,AU9999.SGE,0.19370393234112077
2019-03-01,NH0100.NHF,0.19361342752895952
2019-03-08,000300.SH,0.21174374908941707
2019-03-08,000852.SH,0.19221165903679263
2019-03-08,CBA02701.CS,0.2086571444746201
2019-03-08,AU9999.SGE,0.19616058102018732
2019-03-08,NH0100.NHF,0.19122686537898292
2019-03-15,000300.SH,0.20916014008846626
2019-03-15,000852.SH,0.21403982620568784
2019-03-15,CBA02701.CS,0.1947272108167925
2019-03-15,AU9999.SGE,0.19118563679287504
2019-03-15,NH0100.NHF,0.1908871850961783
2019-03-22,000300.SH,0.21194900647806036
2019-03-22,000852.SH,0.19509533144160732
2019-03-22,CBA02701.CS,0.197629737303187
2019-03-22,AU9999.SGE,0.20245464351188688
2019-03-22,NH0100.NHF,0.19287128026525824
2019-03-29,000300.SH,0.2078841098630055
2019-03-29,000852.SH,0.19598240325014407
2019-03-29,CBA02701.CS,0.1971172988537112
2019-03-29,AU9999.SGE,0.1999783830185414
2019-03-29,NH0100.NHF,0.19903780401459778
2019-04-05,000300.SH,0.1922558895919999
2019-04-05,000852.SH,0.19879606118481835
2019-04-05,CBA02701.CS,0.19947641763897836
2019-04-05,AU9999.SGE,0.20021415955979505
2019-04-05,NH0100.NHF,0.20925747102440806
2019-04-12,000300.SH,0.21055832772487504
2019-04-12,000852.SH,0.195948071977566
2019-04-12,CBA02701.CS,0.2073887268063671
2019-04-12,AU9999.SGE,0.19316759592213925
2019-04-12,NH0100.NHF,0.1929372765690525
2019-04-19,000300.SH,0.19481091559797448
2019-04-19,000852.SH,0.19827494399811188
2019-04-19,CBA02701.CS,0.1930514560076468
2019-04-19,AU9999.SGE,0.19065288287312845
2019-04-19,NH0100.NHF,0.22320980052313838
2019-04-26,000300.SH,0.20100302743815995
2019-04-26,000852.SH,0.19774398587477998
2019-04-26,CBA02701.CS,0.20370795549834972
2019-04-26,AU9999.SGE,0.19339123283533752
2019-04-26,NH0100.NHF,0.20415379735337275
2019-05-03,000300.SH,0.19880785277852775
2019-05-03,000852.SH,0.1962964413556387
2019-05-03,CBA02701.CS,0.20068441329098805
2019-05-03,AU9999.SGE,0.20420041163596855
2019-05-03,NH0100.NHF,0.20001087993887678
2019-05-10,000300.SH,0.19932254848348516
2019-05-10,000852.SH,0.2041351957652426
2019-05-10,CBA02701.CS,0.1975094329668989
2019-05-10,AU9999.SGE,0.19447871935322947
2019-05-10,NH0100.NHF,0.2045541024311438
2019-05-17,000300.SH,0.19900201355600017
2019-05-17,000852.SH,0.19912099713853318
2019-05-17,CBA02701.CS,0.18782026625771595
2019-05-17,AU9999.SGE,0.21909870029635595
2019-05-17,NH0100.NHF,0.19495802175139476
2019-05-24,000300.SH,0.22143001835778225
2019-05-24,000852.SH,0.197411755557155
2019-05-24,CBA02701.CS,0.19167125184629166
2019-05-24,AU9999.SGE,0.19782129797853953
2019-05-24,NH0100.NHF,0.19166567526023148
2019-05-31,000300.SH,0.19362908680558916
2019-05-31,000852.SH,0.21240662796932225
2019-05-31,CBA02701.CS,0.19466633984997886
2019-05-31,AU9999.SGE,0.2059826111381214
2019-05-31,NH0100.NHF,0.1933153332369883
2019-06-07,000300.SH,0.20432877823376447
2019-06-07,000852.SH,0.19626420540482115
2019-06-07,CBA02701.CS,0.19616624529343202
2019-06-07,AU9999.SGE,0.21082222570770287
2019-06-07,NH0100.NHF,0.19241854436027944
2019-06-14,000300.SH,0.20328567993645894
2019-06-14,000852.SH,0.19936190921287153
2019-06-14,CBA02701.CS,0.19405237994833155
2019-06-14,AU9999.SGE,0.19026855744281662
2019-06-14,NH0100.NHF,0.21303147245952142
2019-06-21,000300.SH,0.20520531312186402
2019-06-21,000852.SH,0.20027274249929972
2019-06-21,CBA02701.CS,0.1973088832508664
2019-06-21,AU9999.SGE,0.20242638199747723
2019-06-21,NH0100.NHF,0.19478667813049258
2019-06-28,000300.SH,0.19726163563017862
2019-06-28,000852.SH,0.19762337793147872
2019-06-28,CBA02701.CS,0.1979467583521731
2019-06-28,AU9999.SGE,0.19799142887942275
2019-06-28,NH0100.NHF,0.2091767982067468
2019-07-05,000300.SH,0.19523145717514445
2019-07-05,000852.SH,0.19167678391094015
2019-07-05,CBA02701.CS,0.1985900012669833
2019-07-05,AU9999.SGE,0.19757399263663256
2019-07-05,NH0100.NHF,0.21692776401029948
2019-07-12,000300.SH,0.1979671959806567
2019-07-12,000852.SH,0.2004246112566032
2019-07-12,CBA02701.CS,0.19415794857913904
2019-07-12,AU9999.SGE,0.20241389029243198
2019-07-12,NH0100.NHF,0.205036352891169
2019-07-19,000300.SH,0.20896856894790292
2019-07-19,000852.SH,0.19966212484824516
2019-07-19,CBA02701.CS,0.19950334129584543
2019-07-19,AU9999.SGE,0.19546769343040923
2019-07-19,NH0100.NHF,0.1963982704775972
2019-07-26,000300.SH,0.20064917810088426
2019-07-26,000852.SH,0.21522564597625682
2019-07-26,CBA02701.CS,0.19229905357587518
2019-07-26,AU9999.SGE,0.19277527052039672
2019-07-26,NH0100.NHF,0.19905085082658697
2019-08-02,000300.SH,0.1939091896597653
2019-08-02,000852.SH,0.20016017065430802
2019-08-02,CBA02701.CS,0.20087910679802645
2019-08-02,AU9999.SGE,0.20634027710738037
2019-08-02,NH0100.NHF,0.19871125478051982
2019-08-09,000300.SH,0.20712930491169174
2019-08-09,000852.SH,0.20325927901734842
2019-08-09,CBA02701.CS,0.19608130343010366
2019-08-09,AU9999.SGE,0.19385193447059781
2019-08-09,NH0100.NHF,0.1996781771702584
2019-08-16,000300.SH,0.2075703425673169
2019-08-16,000852.SH,0.19389042709607263
2019-08-16,CBA02701.CS,0.20154038458645096
2019-08-16,AU9999.SGE,0.20226878490005737
2019-08-16,NH0100.NHF,0.1947300598501021
2019-08-23,000300.SH,0.1945421819412108
2019-08-23,000852.SH,0.19235152195531788
2019-08-23,CBA02701.CS,0.21008142505511399
2019-08-23,AU9999.SGE,0.20227839169498982
2019-08-23,NH0100.NHF,0.2007464783533674
2019-08-30,000300.SH,0.19728126412900412
2019-08-30,000852.SH,0.1971857887546818
2019-08-30,CBA02701.CS,0.21516234983549754
2019-08-30,AU9999.SGE,0.19602855642595518
2019-08-30,NH0100.NHF,0.19434203985486131
2019-09-06,000300.SH,0.19218481129051138
2019-09-06,000852.SH,0.20141300643175797
2019-09-06,CBA02701.CS,0.21575875415274495
2019-09-06,AU9999.SGE,0.19645424673735484
2019-09-06,NH0100.NHF,0.19418918038763083
2019-09-13,000300.SH,0.19210651590685907
2019-09-13,000852.SH,0.2125334843623371
2019-09-13,CBA02701.CS,0.2082257525396122
2019-09-13,AU9999.SGE,0.1938414329105046
2019-09-13,NH0100.NHF,0.19329281328068698
2019-09-20,000300.SH,0.19494739940527564
2019-09-20,000852.SH,0.20151133341988114
2019-09-20,CBA02701.CS,0.20577528743883433
2019-09-20,AU9999.SGE,0.19685187576810698
2019-09-20,NH0100.NHF,0.20091410296790174
2019-09-27,000300.SH,0.19912632754532716
2019-09-27,000852.SH,0.19844075186921417
2019-09-27,CBA02701.CS,0.19513087695905879
2019-09-27,AU9999.SGE,0.21401350094077462
2019-09-27,NH0100.NHF,0.19328854168562523
2019-10-04,000300.SH,0.19207395519510825
2019-10-04,000852.SH,0.19933482584599949
2019-10-04,CBA02701.CS,0.19482167095320818
2019-10-04,AU9999.SGE,0.20194336446173658
2019-10-04,NH0100.NHF,0.2118261825439475
2019-10-11,000300.SH,0.19299884370834242
2019-10-11,000852.SH,0.1978817572858798
2019-10-11,CBA02701.CS,0.20892901520923865
2019-10-11,AU9999.SGE,0.20723707367386052
2019-10-11,NH0100.NHF,0.19295330912267838
2019-10-18,000300.SH,0.1937927243356229
2019-10-18,000852.SH,0.19743153171579356
2019-10-18,CBA02701.CS,0.19691685781604554
2019-10-18,AU9999.SGE,0.20609850891804185
2019-10-18,NH0100.NHF,0.20576037621449625
2019-10-25,000300.SH,0.19445464787316002
2019-10-25,000852.SH,0.19716393282737177
2019-10-25,CBA02701.CS,0.20924569041579796
2019-10-25,AU9999.SGE,0.20115589938685075
2019-10-25,NH0100.NHF,0.1979798284968194
2019-11-01,000300.SH,0.19241274942998654
2019-11-01,000852.SH,0.19427679844151646
2019-11-01,CBA02701.CS,0.22835032293194416
2019-11-01,AU9999.SGE,0.1934542803160513
2019-11-01,NH0100.NHF,0.1915058478805014
2019-11-08,000300.SH,0.1984875808318566
2019-11-08,000852.SH,0.19666263704224024
2019-11-08,CBA02701.CS,0.1970930796964963
2019-11-08,AU9999.SGE,0.1984704839050962
2019-11-08,NH0100.NHF,0.20928621752431067
2019-11-15,000300.SH,0.19828570068043208
2019-11-15,000852.SH,0.20175733995527406
2019-11-15,CBA02701.CS,0.20168100749376822
2019-11-15,AU9999.SGE,0.1995584269183403
2019-11-15,NH0100.NHF,0.19871752395218534
2019-11-22,000300.SH,0.19511836417842812
2019-11-22,000852.SH,0.2032189060680928
2019-11-22,CBA02701.CS,0.20249565552223764
2019-11-22,AU9999.SGE,0.19702332144799184
2019-11-22,NH0100.NHF,0.20214375178324942
2019-11-29,000300.SH,0.1951081909144954
2019-11-29,000852.SH,0.19969546351072961
2019-11-29,CBA02701.CS,0.20829082641183705
2019-11-29,AU9999.SGE,0.19757194942362624
2019-11-29,NH0100.NHF,0.19933356873931168
2019-12-06,000300.SH,0.19839419943921993
2019-12-06,000852.SH,0.20236959737916682
2019-12-06,CBA02701.CS,0.19637483848468051
2019-12-06,AU9999.SGE,0.20805307659512798
2019-12-06,NH0100.NHF,0.19480828710180464
2019-12-13,000300.SH,0.19676819916222993
2019-12-13,000852.SH,0.19928124859240778
2019-12-13,CBA02701.CS,0.2008450620834066
2019-12-13,AU9999.SGE,0.20489163330559176
2019-12-13,NH0100.NHF,0.1982138558563639
2019-12-20,000300.SH,0.19662804441451376
2019-12-20,000852.SH,0.20606225827715147
2019-12-20,CBA02701.CS,0.19981898794410505
2019-12-20,AU9999.SGE,0.20050810515947196
2019-12-20,NH0100.NHF,0.19698260320475772
2019-12-27,000300.SH,0.21151136657883118
2019-12-27,000852.SH,0.19375731133691435
2019-12-27,CBA02701.CS,0.1944384522505419
2019-12-27,AU9999.SGE,0.20092283230054617
2019-12-27,NH0100.NHF,0.1993700365331665
2020-01-03,000300.SH,0.20298459962460016
2020-01-03,000852.SH,0.19671562907564522
2020-01-03,CBA02701.CS,0.20020843770134186
2020-01-03,AU9999.SGE,0.19896625297654902
2020-01-03,NH0100.NHF,0.20112507962186377
2020-01-10,000300.SH,0.19660382173018626
2020-01-10,000852.SH,0.2013397509881926
2020-01-10,CBA02701.CS,0.2002475686905718
2020-01-10,AU9999.SGE,0.2013680603611548
2020-01-10,NH0100.NHF,0.2004407972298944
2020-01-17,000300.SH,0.19813709545356153
2020-01-17,000852.SH,0.21577754481108227
2020-01-17,CBA02701.CS,0.19545136589332107
2020-01-17,AU9999.SGE,0.19636104304602664
2020-01-17,NH0100.NHF,0.1942729497960084
2020-01-24,000300.SH,0.19883235161158538
2020-01-24,000852.SH,0.19920958909732786
2020-01-24,CBA02701.CS,0.20134449325359022
2020-01-24,AU9999.SGE,0.2022073925331662
2020-01-24,NH0100.NHF,0.19840617250433012
2020-01-31,000300.SH,0.20060674942818213
2020-01-31,000852.SH,0.19726695255353965
2020-01-31,CBA02701.CS,0.20224224839067095
2020-01-31,AU9999.SGE,0.19938860686898804
2020-01-31,NH0100.NHF,0.20049544175861922
2020-02-07,000300.SH,0.2007274062089037
2020-02-07,000852.SH,0.20145601926937956
2020-02-07,CBA02701.CS,0.19937181085319808
2020-02-07,AU9999.SGE,0.20096551802271465
2020-02-07,NH0100.NHF,0.19747924464580383
2020-02-14,000300.SH,0.2010085417772427
2020-02-14,000852.SH,0.1995914427518159
2020-02-14,CBA02701.CS,0.1985053042734448
2020-02-14,AU9999.SGE,0.20089584521733084
2020-02-14,NH0100.NHF,0.19999886498016556
2020-02-21,000300.SH,0.19669226012870364
2020-02-21,000852.SH,0.19818729557119208
2020-02-21,CBA02701.CS,0.19760325474102247
2020-02-21,AU9999.SGE,0.20867869663536132
2020-02-21,NH0100.NHF,0.19883849192372027
2020-02-28,000300.SH,0.19734661542684562
2020-02-28,000852.SH,0.2002091602987771
2020-02-28,CBA02701.CS,0.1982918607411654
2020-02-28,AU9999.SGE,0.2006171676439161
2020-02-28,NH0100.NHF,0.20353519488929572
2020-03-06,000300.SH,0.19841027505379444
2020-03-06,000852.SH,0.19848621084242077
2020-03-06,CBA02701.CS,0.20072020253364203
2020-03-06,AU9999.SGE,0.20265824374922928
2020-03-06,NH0100.NHF,0.19972506682091357
2020-03-13,000300.SH,0.19972228319113247
2020-03-13,000852.SH,0.20100230786552156
2020-03-13,CBA02701.CS,0.20031240824721594
2020-03-13,AU9999.SGE,0.19801921678617276
2020-03-13,NH0100.NHF,0.20094378290995724
2020-03-20,000300.SH,0.19923928056704382
2020-03-20,000852.SH,0.2021634251397923
2020-03-20,CBA02701.CS,0.19816896582296917
2020-03-20,AU9999.SGE,0.2015594863953829
2020-03-20,NH0100.NHF,0.19886884107481173
2020-03-27,000300.SH,0.19972258550975203
2020-03-27,000852.SH,0.20008049201976338
2020-03-27,CBA02701.CS,0.2013433270573073
2020-03-27,AU9999.SGE,0.19935078361737268
2020-03-27,NH0100.NHF,0.1995028107958044
2020-04-03,000300.SH,0.20158830382658913
2020-04-03,000852.SH,0.2007230889891245
2020-04-03,CBA02701.CS,0.19862056274499593
2020-04-03,AU9999.SGE,0.1985778784194425
2020-04-03,NH0100.NHF,0.20049016501984793
2020-04-10,000300.SH,0.1997541087997796
2020-04-10,000852.SH,0.19676333612156657
2020-04-10,CBA02701.CS,0.1985514393562039
2020-04-10,AU9999.SGE,0.20717207833571985
2020-04-10,NH0100.NHF,0.19775903638673
2020-04-17,000300.SH,0.198873360139938
2020-04-17,000852.SH,0.19970548257046683
2020-04-17,CBA02701.CS,0.19936791632318482
2020-04-17,AU9999.SGE,0.19957292976587568
2020-04-17,NH0100.NHF,0.20248031020053467
2020-04-24,000300.SH,0.20039587231984976
2020-04-24,000852.SH,0.20249724654303114
2020-04-24,CBA02701.CS,0.19824903647605907
2020-04-24,AU9999.SGE,0.20068206386198956
2020-04-24,NH0100.NHF,0.1981757797990704
2020-05-01,000300.SH,0.19993353634381536
2020-05-01,000852.SH,0.1992921488615921
2020-05-01,CBA02701.CS,0.20196698441076052
2020-05-01,AU9999.SGE,0.1982275217368222
2020-05-01,NH0100.NHF,0.2005798076470098
2020-05-08,000300.SH,0.19972569237062104
2020-05-08,000852.SH,0.20240425754256422
2020-05-08,CBA02701.CS,0.19922384222187495
2020-05-08,AU9999.SGE,0.1987038181125341
2020-05-08,NH0100.NHF,0.1999423887524056
2020-05-15,000300.SH,0.19994102706558411
2020-05-15,000852.SH,0.1999005370434715
2020-05-15,CBA02701.CS,0.19782054442160563
2020-05-15,AU9999.SGE,0.20326612344113038
2020-05-15,NH0100.NHF,0.19907176702820834
2020-05-22,000300.SH,0.2016474643432973
2020-05-22,000852.SH,0.20359524427533793
2020-05-22,CBA02701.CS,0.19778904937782926
2020-05-22,AU9999.SGE,0.19900250150953272
2020-05-22,NH0100.NHF,0.1979657394940027
2020-05-29,000300.SH,0.20082161072411941
2020-05-29,000852.SH,0.20109469584985984
2020-05-29,CBA02701.CS,0.19880382291934212
2020-05-29,AU9999.SGE,0.19847004756820308
2020-05-29,NH0100.NHF,0.20080982193847544
2020-06-05,000300.SH,0.19992983478326715
2020-06-05,000852.SH,0.19948410082637283
2020-06-05,CBA02701.CS,0.20082944387029253
2020-06-05,AU9999.SGE,0.20083169435754727
2020-06-05,NH0100.NHF,0.1989249251625202
2020-06-12,000300.SH,0.2008630614175206
2020-06-12,000852.SH,0.2005784935827971
2020-06-12,CBA02701.CS,0.19884329897607558
2020-06-12,AU9999.SGE,0.1999040437095437
2020-06-12,NH0100.NHF,0.1998111013140628
2020-06-19,000300.SH,0.19967776948417088
2020-06-19,000852.SH,0.20002050569180646
2020-06-19,CBA02701.CS,0.19855486892521393
2020-06-19,AU9999.SGE,0.2003052869451757
2020-06-19,NH0100.NHF,0.20144156795363297
2020-06-26,000300.SH,0.2005571584136729
2020-06-26,000852.SH,0.20044652880012537
2020-06-26,CBA02701.CS,0.19875694168170555
2020-06-26,AU9999.SGE,0.20019795178774982
2020-06-26,NH0100.NHF,0.20004141831674632
2020-07-03,000300.SH,0.19944146089374562
2020-07-03,000852.SH,0.19962636291500363
2020-07-03,CBA02701.CS,0.19979836362941128
2020-07-03,AU9999.SGE,0.20189767225018435
2020-07-03,NH0100.NHF,0.1992361393116551
2020-07-10,000300.SH,0.19937072978383208
2020-07-10,000852.SH,0.1993428546977885
2020-07-10,CBA02701.CS,0.1995036016047584
2020-07-10,AU9999.SGE,0.20227412093769334
2020-07-10,NH0100.NHF,0.19950869197592763
2020-07-17,000300.SH,0.19937293891343322
2020-07-17,000852.SH,0.1993636854140717
2020-07-17,CBA02701.CS,0.19942289855197332
2020-07-17,AU9999.SGE,0.20143098930645031
2020-07-17,NH0100.NHF,0.20040948681407142
2020-07-24,000300.SH,0.19963735910393554
2020-07-24,000852.SH,0.19963087038325475
2020-07-24,CBA02701.CS,0.20110382405700725
2020-07-24,AU9999.SGE,0.19973912590325926
2020-07-24,NH0100.NHF,0.19988881955254317
2020-07-31,000300.SH,0.20018182879586177
2020-07-31,000852.SH,0.20012282203954065
2020-07-31,CBA02701.CS,0.1998929793168944
2020-07-31,AU9999.SGE,0.1999307490436104
2020-07-31,NH0100.NHF,0.19987161980409274
2020-08-07,000300.SH,0.1999999998
2020-08-07,000852.SH,0.1999999998
2020-08-07,CBA02701.CS,0.1999999998
2020-08-07,AU9999.SGE,0.1999999998
2020-08-07,NH0100.NHF,0.1999999998
2020-08-14,000300.SH,0.1999999998
2020-08-14,000852.SH,0.1999999998
2020-08-14,CBA02701.CS,0.1999999998
2020-08-14,AU9999.SGE,0.1999999998
2020-08-14,NH0100.NHF,0.1999999998
2020-08-21,000300.SH,0.1999999998
2020-08-21,000852.SH,0.1999999998
2020-08-21,CBA02701.CS,0.1999999998
2020-08-21,AU9999.SGE,0.1999999998
2020-08-21,NH0100.NHF,0.1999999998
2020-08-28,000300.SH,0.1999999998
2020-08-28,000852.SH,0.1999999998
2020-08-28,CBA02701.CS,0.1999999998
2020-08-28,AU9999.SGE,0.1999999998
2020-08-28,NH0100.NHF,0.1999999998
2020-09-04,000300.SH,0.1999999998
2020-09-04,000852.SH,0.1999999998
2020-09-04,CBA02701.CS,0.1999999998
2020-09-04,AU9999.SGE,0.1999999998
2020-09-04,NH0100.NHF,0.1999999998
2020-09-11,000300.SH,0.1999999998
2020-09-11,000852.SH,0.1999999998
2020-09-11,CBA02701.CS,0.1999999998
2020-09-11,AU9999.SGE,0.1999999998
2020-09-11,NH0100.NHF,0.1999999998
2020-09-18,000300.SH,0.1999999998
2020-09-18,000852.SH,0.1999999998
2020-09-18,CBA02701.CS,0.1999999998
2020-09-18,AU9999.SGE,0.1999999998
2020-09-18,NH0100.NHF,0.1999999998
2020-09-25,000300.SH,0.1999999998
2020-09-25,000852.SH,0.1999999998
2020-09-25,CBA02701.CS,0.1999999998
2020-09-25,AU9999.SGE,0.1999999998
2020-09-25,NH0100.NHF,0.1999999998
2020-10-02,000300.SH,0.1999999998
2020-10-02,000852.SH,0.1999999998
2020-10-02,CBA02701.CS,0.1999999998
2020-10-02,AU9999.SGE,0.1999999998
2020-10-02,NH0100.NHF,0.1999999998
2020-10-09,000300.SH,0.1999999998
2020-10-09,000852.SH,0.1999999998
2020-10-09,CBA02701.CS,0.1999999998
2020-10-09,AU9999.SGE,0.1999999998
2020-10-09,NH0100.NHF,0.1999999998
2020-10-16,000300.SH,0.1999999998
2020-10-16,000852.SH,0.1999999998
2020-10-16,CBA02701.CS,0.1999999998
2020-10-16,AU9999.SGE,0.1999999998
2020-10-16,NH0100.NHF,0.1999999998
2020-10-23,000300.SH,0.1999999998
2020-10-23,000852.SH,0.1999999998
2020-10-23,CBA02701.CS,0.1999999998
2020-10-23,AU9999.SGE,0.1999999998
2020-10-23,NH0100.NHF,0.1999999998
2020-10-30,000300.SH,0.1999999998
2020-10-30,000852.SH,0.1999999998
2020-10-30,CBA02701.CS,0.1999999998
2020-10-30,AU9999.SGE,0.1999999998
2020-10-30,NH0100.NHF,0.1999999998
2020-11-06,000300.SH,0.1999999998
2020-11-06,000852.SH,0.1999999998
2020-11-06,CBA02701.CS,0.1999999998
2020-11-06,AU9999.SGE,0.1999999998
2020-11-06,NH0100.NHF,0.1999999998
2020-11-13,000300.SH,0.1999999998
2020-11-13,000852.SH,0.1999999998
2020-11-13,CBA02701.CS,0.1999999998
2020-11-13,AU9999.SGE,0.1999999998
2020-11-13,NH0100.NHF,0.1999999998
2020-11-20,000300.SH,0.1999999998
2020-11-20,000852.SH,0.1999999998
2020-11-20,CBA02701.CS,0.1999999998
2020-11-20,AU9999.SGE,0.1999999998
2020-11-20,NH0100.NHF,0.1999999998
2020-11-27,000300.SH,0.1999999998
2020-11-27,000852.SH,0.1999999998
2020-11-27,CBA02701.CS,0.1999999998
2020-11-27,AU9999.SGE,0.1999999998
2020-11-27,NH0100.NHF,0.1999999998
2020-12-04,000300.SH,0.1999999998
2020-12-04,000852.SH,0.1999999998
2020-12-04,CBA02701.CS,0.1999999998
2020-12-04,AU9999.SGE,0.1999999998
2020-12-04,NH0100.NHF,0.1999999998
2020-12-11,000300.SH,0.1999999998
2020-12-11,000852.SH,0.1999999998
2020-12-11,CBA02701.CS,0.1999999998
2020-12-11,AU9999.SGE,0.1999999998
2020-12-11,NH0100.NHF,0.1999999998
2020-12-18,000300.SH,0.1999999998
2020-12-18,000852.SH,0.1999999998
2020-12-18,CBA02701.CS,0.1999999998
2020-12-18,AU9999.SGE,0.1999999998
2020-12-18,NH0100.NHF,0.1999999998
2020-12-25,000300.SH,0.1999999998
2020-12-25,000852.SH,0.1999999998
2020-12-25,CBA02701.CS,0.1999999998
2020-12-25,AU9999.SGE,0.1999999998
2020-12-25,NH0100.NHF,0.1999999998
2021-01-01,000300.SH,0.1999999998
2021-01-01,000852.SH,0.1999999998
2021-01-01,CBA02701.CS,0.1999999998
2021-01-01,AU9999.SGE,0.1999999998
2021-01-01,NH0100.NHF,0.1999999998
2021-01-08,000300.SH,0.1999999998
2021-01-08,000852.SH,0.1999999998
2021-01-08,CBA02701.CS,0.1999999998
2021-01-08,AU9999.SGE,0.1999999998
2021-01-08,NH0100.NHF,0.1999999998
2021-01-15,000300.SH,0.1999999998
2021-01-15,000852.SH,0.1999999998
2021-01-15,CBA02701.CS,0.1999999998
2021-01-15,AU9999.SGE,0.1999999998
2021-01-15,NH0100.NHF,0.1999999998
2021-01-22,000300.SH,0.1999999998
2021-01-22,000852.SH,0.1999999998
2021-01-22,CBA02701.CS,0.1999999998
2021-01-22,AU9999.SGE,0.1999999998
2021-01-22,NH0100.NHF,0.1999999998
2021-01-29,000300.SH,0.1999999998
2021-01-29,000852.SH,0.1999999998
2021-01-29,CBA02701.CS,0.1999999998
2021-01-29,AU9999.SGE,0.1999999998
2021-01-29,NH0100.NHF,0.1999999998
2021-02-05,000300.SH,0.1999999998
2021-02-05,000852.SH,0.1999999998
2021-02-05,CBA02701.CS,0.1999999998
2021-02-05,AU9999.SGE,0.1999999998
2021-02-05,NH0100.NHF,0.1999999998
2021-02-12,000300.SH,0.1999999998
2021-02-12,000852.SH,0.1999999998
2021-02-12,CBA02701.CS,0.1999999998
2021-02-12,AU9999.SGE,0.1999999998
2021-02-12,NH0100.NHF,0.1999999998
2021-02-19,000300.SH,0.1999999998
2021-02-19,000852.SH,0.1999999998
2021-02-19,CBA02701.CS,0.1999999998
2021-02-19,AU9999.SGE,0.1999999998
2021-02-19,NH0100.NHF,0.1999999998
2021-02-26,000300.SH,0.1999999998
2021-02-26,000852.SH,0.1999999998
2021-02-26,CBA02701.CS,0.1999999998
2021-02-26,AU9999.SGE,0.1999999998
2021-02-26,NH0100.NHF,0.1999999998
2021-03-05,000300.SH,0.1999999998
2021-03-05,000852.SH,0.1999999998
2021-03-05,CBA02701.CS,0.1999999998
2021-03-05,AU9999.SGE,0.1999999998
2021-03-05,NH0100.NHF,0.1999999998
2021-03-12,000300.SH,0.1999999998
2021-03-12,000852.SH,0.1999999998
2021-03-12,CBA02701.CS,0.1999999998
2021-03-12,AU9999.SGE,0.1999999998
2021-03-12,NH0100.NHF,0.1999999998
2021-03-19,000300.SH,0.1999999998
2021-03-19,000852.SH,0.1999999998
2021-03-19,CBA02701.CS,0.1999999998
2021-03-19,AU9999.SGE,0.1999999998
2021-03-19,NH0100.NHF,0.1999999998
2021-03-26,000300.SH,0.1999999998
2021-03-26,000852.SH,0.1999999998
2021-03-26,CBA02701.CS,0.1999999998
2021-03-26,AU9999.SGE,0.1999999998
2021-03-26,NH0100.NHF,0.1999999998
2021-04-02,000300.SH,0.1999999998
2021-04-02,000852.SH,0.1999999998
2021-04-02,CBA02701.CS,0.1999999998
2021-04-02,AU9999.SGE,0.1999999998
2021-04-02,NH0100.NHF,0.1999999998
2021-04-09,000300.SH,0.1999999998
2021-04-09,000852.SH,0.1999999998
2021-04-09,CBA02701.CS,0.1999999998
2021-04-09,AU9999.SGE,0.1999999998
2021-04-09,NH0100.NHF,0.1999999998
2021-04-16,000300.SH,0.1999999998
2021-04-16,000852.SH,0.1999999998
2021-04-16,CBA02701.CS,0.1999999998
2021-04-16,AU9999.SGE,0.1999999998
2021-04-16,NH0100.NHF,0.1999999998
2021-04-23,000300.SH,0.1999999998
2021-04-23,000852.SH,0.1999999998
2021-04-23,CBA02701.CS,0.1999999998
2021-04-23,AU9999.SGE,0.1999999998
2021-04-23,NH0100.NHF,0.1999999998
2021-04-30,000300.SH,0.1999999998
2021-04-30,000852.SH,0.1999999998
2021-04-30,CBA02701.CS,0.1999999998
2021-04-30,AU9999.SGE,0.1999999998
2021-04-30,NH0100.NHF,0.1999999998
2021-05-07,000300.SH,0.1999999998
2021-05-07,000852.SH,0.1999999998
2021-05-07,CBA02701.CS,0.1999999998
2021-05-07,AU9999.SGE,0.1999999998
2021-05-07,NH0100.NHF,0.1999999998
2021-05-14,000300.SH,0.1999999998
2021-05-14,000852.SH,0.1999999998
2021-05-14,CBA02701.CS,0.1999999998
2021-05-14,AU9999.SGE,0.1999999998
2021-05-14,NH0100.NHF,0.1999999998
2021-05-21,000300.SH,0.1999999998
2021-05-21,000852.SH,0.1999999998
2021-05-21,CBA02701.CS,0.1999999998
2021-05-21,AU9999.SGE,0.1999999998
2021-05-21,NH0100.NHF,0.1999999998
2021-05-28,000300.SH,0.1999999998
2021-05-28,000852.SH,0.1999999998
2021-05-28,CBA02701.CS,0.1999999998
2021-05-28,AU9999.SGE,0.1999999998
2021-05-28,NH0100.NHF,0.1999999998
2021-06-04,000300.SH,0.1999999998
2021-06-04,000852.SH,0.1999999998
2021-06-04,CBA02701.CS,0.1999999998
2021-06-04,AU9999.SGE,0.1999999998
2021-06-04,NH0100.NHF,0.1999999998
2021-06-11,000300.SH,0.1999999998
2021-06-11,000852.SH,0.1999999998
2021-06-11,CBA02701.CS,0.1999999998
2021-06-11,AU9999.SGE,0.1999999998
2021-06-11,NH0100.NHF,0.1999999998
2021-06-18,000300.SH,0.1999999998
2021-06-18,000852.SH,0.1999999998
2021-06-18,CBA02701.CS,0.1999999998
2021-06-18,AU9999.SGE,0.1999999998
2021-06-18,NH0100.NHF,0.1999999998
2021-06-25,000300.SH,0.1999999998
2021-06-25,000852.SH,0.1999999998
2021-06-25,CBA02701.CS,0.1999999998
2021-06-25,AU9999.SGE,0.1999999998
2021-06-25,NH0100.NHF,0.1999999998
2021-07-02,000300.SH,0.1999999998
2021-07-02,000852.SH,0.1999999998
2021-07-02,CBA02701.CS,0.1999999998
2021-07-02,AU9999.SGE,0.1999999998
2021-07-02,NH0100.NHF,0.1999999998
2021-07-09,000300.SH,0.1999999998
2021-07-09,000852.SH,0.1999999998
2021-07-09,CBA02701.CS,0.1999999998
2021-07-09,AU9999.SGE,0.1999999998
2021-07-09,NH0100.NHF,0.1999999998
2021-07-16,000300.SH,0.1999999998
2021-07-16,000852.SH,0.1999999998
2021-07-16,CBA02701.CS,0.1999999998
2021-07-16,AU9999.SGE,0.1999999998
2021-07-16,NH0100.NHF,0.1999999998
2021-07-23,000300.SH,0.1999999998
2021-07-23,000852.SH,0.1999999998
2021-07-23,CBA02701.CS,0.1999999998
2021-07-23,AU9999.SGE,0.1999999998
2021-07-23,NH0100.NHF,0.1999999998
2021-07-30,000300.SH,0.1999999998
2021-07-30,000852.SH,0.1999999998
2021-07-30,CBA02701.CS,0.1999999998
2021-07-30,AU9999.SGE,0.1999999998
2021-07-30,NH0100.NHF,0.1999999998
2021-08-06,000300.SH,0.1999999998
2021-08-06,000852.SH,0.1999999998
2021-08-06,CBA02701.CS,0.1999999998
2021-08-06,AU9999.SGE,0.1999999998
2021-08-06,NH0100.NHF,0.1999999998
2021-08-13,000300.SH,0.1999999998
2021-08-13,000852.SH,0.1999999998
2021-08-13,CBA02701.CS,0.1999999998
2021-08-13,AU9999.SGE,0.1999999998
2021-08-13,NH0100.NHF,0.1999999998
2021-08-20,000300.SH,0.1999999998
2021-08-20,000852.SH,0.1999999998
2021-08-20,CBA02701.CS,0.1999999998
2021-08-20,AU9999.SGE,0.1999999998
2021-08-20,NH0100.NHF,0.1999999998
2021-08-27,000300.SH,0.1999999998
2021-08-27,000852.SH,0.1999999998
2021-08-27,CBA02701.CS,0.1999999998
2021-08-27,AU9999.SGE,0.1999999998
2021-08-27,NH0100.NHF,0.1999999998
2021-09-03,000300.SH,0.1999999998
2021-09-03,000852.SH,0.1999999998
2021-09-03,CBA02701.CS,0.1999999998
2021-09-03,AU9999.SGE,0.1999999998
2021-09-03,NH0100.NHF,0.1999999998
2021-09-10,000300.SH,0.1999999998
2021-09-10,000852.SH,0.1999999998
2021-09-10,CBA02701.CS,0.1999999998
2021-09-10,AU9999.SGE,0.1999999998
2021-09-10,NH0100.NHF,0.1999999998
2021-09-17,000300.SH,0.1999999998
2021-09-17,000852.SH,0.1999999998
2021-09-17,CBA02701.CS,0.1999999998
2021-09-17,AU9999.SGE,0.1999999998
2021-09-17,NH0100.NHF,0.1999999998
2021-09-24,000300.SH,0.1999999998
2021-09-24,000852.SH,0.1999999998
2021-09-24,CBA02701.CS,0.1999999998
2021-09-24,AU9999.SGE,0.1999999998
2021-09-24,NH0100.NHF,0.1999999998
2021-10-01,000300.SH,0.1999999998
2021-10-01,000852.SH,0.1999999998
2021-10-01,CBA02701.CS,0.1999999998
2021-10-01,AU9999.SGE,0.1999999998
2021-10-01,NH0100.NHF,0.1999999998
2021-10-08,000300.SH,0.1999999998
2021-10-08,000852.SH,0.1999999998
2021-10-08,CBA02701.CS,0.1999999998
2021-10-08,AU9999.SGE,0.1999999998
2021-10-08,NH0100.NHF,0.1999999998
2021-10-15,000300.SH,0.1999999998
2021-10-15,000852.SH,0.1999999998
2021-10-15,CBA02701.CS,0.1999999998
2021-10-15,AU9999.SGE,0.1999999998
2021-10-15,NH0100.NHF,0.1999999998
2021-10-22,000300.SH,0.1999999998
2021-10-22,000852.SH,0.1999999998
2021-10-22,CBA02701.CS,0.1999999998
2021-10-22,AU9999.SGE,0.1999999998
2021-10-22,NH0100.NHF,0.1999999998
2021-10-29,000300.SH,0.1999999998
2021-10-29,000852.SH,0.1999999998
2021-10-29,CBA02701.CS,0.1999999998
2021-10-29,AU9999.SGE,0.1999999998
2021-10-29,NH0100.NHF,0.1999999998
2021-11-05,000300.SH,0.1999999998
2021-11-05,000852.SH,0.1999999998
2021-11-05,CBA02701.CS,0.1999999998
2021-11-05,AU9999.SGE,0.1999999998
2021-11-05,NH0100.NHF,0.1999999998
2021-11-12,000300.SH,0.1999999998
2021-11-12,000852.SH,0.1999999998
2021-11-12,CBA02701.CS,0.1999999998
2021-11-12,AU9999.SGE,0.1999999998
2021-11-12,NH0100.NHF,0.1999999998
2021-11-19,000300.SH,0.1999999998
2021-11-19,000852.SH,0.1999999998
2021-11-19,CBA02701.CS,0.1999999998
2021-11-19,AU9999.SGE,0.1999999998
2021-11-19,NH0100.NHF,0.1999999998
2021-11-26,000300.SH,0.1999999998
2021-11-26,000852.SH,0.1999999998
2021-11-26,CBA02701.CS,0.1999999998
2021-11-26,AU9999.SGE,0.1999999998
2021-11-26,NH0100.NHF,0.1999999998
2021-12-03,000300.SH,0.1999999998
2021-12-03,000852.SH,0.1999999998
2021-12-03,CBA02701.CS,0.1999999998
2021-12-03,AU9999.SGE,0.1999999998
2021-12-03,NH0100.NHF,0.1999999998
2021-12-10,000300.SH,0.1999999998
2021-12-10,000852.SH,0.1999999998
2021-12-10,CBA02701.CS,0.1999999998
2021-12-10,AU9999.SGE,0.1999999998
2021-12-10,NH0100.NHF,0.1999999998
2021-12-17,000300.SH,0.1999999998
2021-12-17,000852.SH,0.1999999998
2021-12-17,CBA02701.CS,0.1999999998
2021-12-17,AU9999.SGE,0.1999999998
2021-12-17,NH0100.NHF,0.1999999998
2021-12-24,000300.SH,0.1999999998
2021-12-24,000852.SH,0.1999999998
2021-12-24,CBA02701.CS,0.1999999998
2021-12-24,AU9999.SGE,0.1999999998
2021-12-24,NH0100.NHF,0.1999999998
2021-12-31,000300.SH,0.1999999998
2021-12-31,000852.SH,0.1999999998
2021-12-31,CBA02701.CS,0.1999999998
2021-12-31,AU9999.SGE,0.1999999998
2021-12-31,NH0100.NHF,0.1999999998
2022-01-07,000300.SH,0.1999999998
2022-01-07,000852.SH,0.1999999998
2022-01-07,CBA02701.CS,0.1999999998
2022-01-07,AU9999.SGE,0.1999999998
2022-01-07,NH0100.NHF,0.1999999998
2022-01-14,000300.SH,0.1999999998
2022-01-14,000852.SH,0.1999999998
2022-01-14,CBA02701.CS,0.1999999998
2022-01-14,AU9999.SGE,0.1999999998
2022-01-14,NH0100.NHF,0.1999999998
2022-01-21,000300.SH,0.1999999998
2022-01-21,000852.SH,0.1999999998
2022-01-21,CBA02701.CS,0.1999999998
2022-01-21,AU9999.SGE,0.1999999998
2022-01-21,NH0100.NHF,0.1999999998
2022-01-28,000300.SH,0.1999999998
2022-01-28,000852.SH,0.1999999998
2022-01-28,CBA02701.CS,0.1999999998
2022-01-28,AU9999.SGE,0.1999999998
2022-01-28,NH0100.NHF,0.1999999998
2022-02-04,000300.SH,0.1999999998
2022-02-04,000852.SH,0.1999999998
2022-02-04,CBA02701.CS,0.1999999998
2022-02-04,AU9999.SGE,0.1999999998
2022-02-04,NH0100.NHF,0.1999999998
2022-02-11,000300.SH,0.1999999998
2022-02-11,000852.SH,0.1999999998
2022-02-11,CBA02701.CS,0.1999999998
2022-02-11,AU9999.SGE,0.1999999998
2022-02-11,NH0100.NHF,0.1999999998
2022-02-18,000300.SH,0.1999999998
2022-02-18,000852.SH,0.1999999998
2022-02-18,CBA02701.CS,0.1999999998
2022-02-18,AU9999.SGE,0.1999999998
2022-02-18,NH0100.NHF,0.1999999998
2022-02-25,000300.SH,0.1999999998
2022-02-25,000852.SH,0.1999999998
2022-02-25,CBA02701.CS,0.1999999998
2022-02-25,AU9999.SGE,0.1999999998
2022-02-25,NH0100.NHF,0.1999999998
2022-03-04,000300.SH,0.1999999998
2022-03-04,000852.SH,0.1999999998
2022-03-04,CBA02701.CS,0.1999999998
2022-03-04,AU9999.SGE,0.1999999998
2022-03-04,NH0100.NHF,0.1999999998
2022-03-11,000300.SH,0.1999999998
2022-03-11,000852.SH,0.1999999998
2022-03-11,CBA02701.CS,0.1999999998
2022-03-11,AU9999.SGE,0.1999999998
2022-03-11,NH0100.NHF,0.1999999998
2022-03-18,000300.SH,0.1999999998
2022-03-18,000852.SH,0.1999999998
2022-03-18,CBA02701.CS,0.1999999998
2022-03-18,AU9999.SGE,0.1999999998
2022-03-18,NH0100.NHF,0.1999999998
2022-03-25,000300.SH,0.1999999998
2022-03-25,000852.SH,0.1999999998
2022-03-25,CBA02701.CS,0.1999999998
2022-03-25,AU9999.SGE,0.1999999998
2022-03-25,NH0100.NHF,0.1999999998
2022-04-01,000300.SH,0.1999999998
2022-04-01,000852.SH,0.1999999998
2022-04-01,CBA02701.CS,0.1999999998
2022-04-01,AU9999.SGE,0.1999999998
2022-04-01,NH0100.NHF,0.1999999998
2022-04-08,000300.SH,0.1999999998
2022-04-08,000852.SH,0.1999999998
2022-04-08,CBA02701.CS,0.1999999998
2022-04-08,AU9999.SGE,0.1999999998
2022-04-08,NH0100.NHF,0.1999999998
2022-04-15,000300.SH,0.1999999998
2022-04-15,000852.SH,0.1999999998
2022-04-15,CBA02701.CS,0.1999999998
2022-04-15,AU9999.SGE,0.1999999998
2022-04-15,NH0100.NHF,0.1999999998
2022-04-22,000300.SH,0.1999999998
2022-04-22,000852.SH,0.1999999998
2022-04-22,CBA02701.CS,0.1999999998
2022-04-22,AU9999.SGE,0.1999999998
2022-04-22,NH0100.NHF,0.1999999998
2022-04-29,000300.SH,0.1999999998
2022-04-29,000852.SH,0.1999999998
2022-04-29,CBA02701.CS,0.1999999998
2022-04-29,AU9999.SGE,0.1999999998
2022-04-29,NH0100.NHF,0.1999999998
2022-05-06,000300.SH,0.1999999998
2022-05-06,000852.SH,0.1999999998
2022-05-06,CBA02701.CS,0.1999999998
2022-05-06,AU9999.SGE,0.1999999998
2022-05-06,NH0100.NHF,0.1999999998
2022-05-13,000300.SH,0.1999999998
2022-05-13,000852.SH,0.1999999998
2022-05-13,CBA02701.CS,0.1999999998
2022-05-13,AU9999.SGE,0.1999999998
2022-05-13,NH0100.NHF,0.1999999998
2022-05-20,000300.SH,0.1999999998
2022-05-20,000852.SH,0.1999999998
2022-05-20,CBA02701.CS,0.1999999998
2022-05-20,AU9999.SGE,0.1999999998
2022-05-20,NH0100.NHF,0.1999999998
2022-05-27,000300.SH,0.1999999998
2022-05-27,000852.SH,0.1999999998
2022-05-27,CBA02701.CS,0.1999999998
2022-05-27,AU9999.SGE,0.1999999998
2022-05-27,NH0100.NHF,0.1999999998
2022-06-03,000300.SH,0.1999999998
2022-06-03,000852.SH,0.1999999998
2022-06-03,CBA02701.CS,0.1999999998
2022-06-03,AU9999.SGE,0.1999999998
2022-06-03,NH0100.NHF,0.1999999998
2022-06-10,000300.SH,0.1999999998
2022-06-10,000852.SH,0.1999999998
2022-06-10,CBA02701.CS,0.1999999998
2022-06-10,AU9999.SGE,0.1999999998
2022-06-10,NH0100.NHF,0.1999999998
2022-06-17,000300.SH,0.1999999998
2022-06-17,000852.SH,0.1999999998
2022-06-17,CBA02701.CS,0.1999999998
2022-06-17,AU9999.SGE,0.1999999998
2022-06-17,NH0100.NHF,0.1999999998
2022-06-24,000300.SH,0.1999999998
2022-06-24,000852.SH,0.1999999998
2022-06-24,CBA02701.CS,0.1999999998
2022-06-24,AU9999.SGE,0.1999999998
2022-06-24,NH0100.NHF,0.1999999998
2022-07-01,000300.SH,0.1999999998
2022-07-01,000852.SH,0.1999999998
2022-07-01,CBA02701.CS,0.1999999998
2022-07-01,AU9999.SGE,0.1999999998
2022-07-01,NH0100.NHF,0.1999999998
2022-07-08,000300.SH,0.1999999998
2022-07-08,000852.SH,0.1999999998
2022-07-08,CBA02701.CS,0.1999999998
2022-07-08,AU9999.SGE,0.1999999998
2022-07-08,NH0100.NHF,0.1999999998
2022-07-15,000300.SH,0.1999999998
2022-07-15,000852.SH,0.1999999998
2022-07-15,CBA02701.CS,0.1999999998
2022-07-15,AU9999.SGE,0.1999999998
2022-07-15,NH0100.NHF,0.1999999998
2022-07-22,000300.SH,0.1999999998
2022-07-22,000852.SH,0.1999999998
2022-07-22,CBA02701.CS,0.1999999998
2022-07-22,AU9999.SGE,0.1999999998
2022-07-22,NH0100.NHF,0.1999999998
2022-07-29,000300.SH,0.1999999998
2022-07-29,000852.SH,0.1999999998
2022-07-29,CBA02701.CS,0.1999999998
2022-07-29,AU9999.SGE,0.1999999998
2022-07-29,NH0100.NHF,0.1999999998
2022-08-05,000300.SH,0.1999999998
2022-08-05,000852.SH,0.1999999998
2022-08-05,CBA02701.CS,0.1999999998
2022-08-05,AU9999.SGE,0.1999999998
2022-08-05,NH0100.NHF,0.1999999998
2022-08-12,000300.SH,0.1999999998
2022-08-12,000852.SH,0.1999999998
2022-08-12,CBA02701.CS,0.1999999998
2022-08-12,AU9999.SGE,0.1999999998
2022-08-12,NH0100.NHF,0.1999999998
2022-08-19,000300.SH,0.1999999998
2022-08-19,000852.SH,0.1999999998
2022-08-19,CBA02701.CS,0.1999999998
2022-08-19,AU9999.SGE,0.1999999998
2022-08-19,NH0100.NHF,0.1999999998
2022-08-26,000300.SH,0.1999999998
2022-08-26,000852.SH,0.1999999998
2022-08-26,CBA02701.CS,0.1999999998
2022-08-26,AU9999.SGE,0.1999999998
2022-08-26,NH0100.NHF,0.1999999998
2022-09-02,000300.SH,0.1999999998
2022-09-02,000852.SH,0.1999999998
2022-09-02,CBA02701.CS,0.1999999998
2022-09-02,AU9999.SGE,0.1999999998
2022-09-02,NH0100.NHF,0.1999999998
2022-09-09,000300.SH,0.1999999998
2022-09-09,000852.SH,0.1999999998
2022-09-09,CBA02701.CS,0.1999999998
2022-09-09,AU9999.SGE,0.1999999998
2022-09-09,NH0100.NHF,0.1999999998
2022-09-16,000300.SH,0.1999999998
2022-09-16,000852.SH,0.1999999998
2022-09-16,CBA02701.CS,0.1999999998
2022-09-16,AU9999.SGE,0.1999999998
2022-09-16,NH0100.NHF,0.1999999998
2022-09-23,000300.SH,0.1999999998
2022-09-23,000852.SH,0.1999999998
2022-09-23,CBA02701.CS,0.1999999998
2022-09-23,AU9999.SGE,0.1999999998
2022-09-23,NH0100.NHF,0.1999999998
2022-09-30,000300.SH,0.1999999998
2022-09-30,000852.SH,0.1999999998
2022-09-30,CBA02701.CS,0.1999999998
2022-09-30,AU9999.SGE,0.1999999998
2022-09-30,NH0100.NHF,0.1999999998
2022-10-07,000300.SH,0.1999999998
2022-10-07,000852.SH,0.1999999998
2022-10-07,CBA02701.CS,0.1999999998
2022-10-07,AU9999.SGE,0.1999999998
2022-10-07,NH0100.NHF,0.1999999998
2022-10-14,000300.SH,0.1999999998
2022-10-14,000852.SH,0.1999999998
2022-10-14,CBA02701.CS,0.1999999998
2022-10-14,AU9999.SGE,0.1999999998
2022-10-14,NH0100.NHF,0.1999999998
2022-10-21,000300.SH,0.1999999998
2022-10-21,000852.SH,0.1999999998
2022-10-21,CBA02701.CS,0.1999999998
2022-10-21,AU9999.SGE,0.1999999998
2022-10-21,NH0100.NHF,0.1999999998
2022-10-28,000300.SH,0.1999999998
2022-10-28,000852.SH,0.1999999998
2022-10-28,CBA02701.CS,0.1999999998
2022-10-28,AU9999.SGE,0.1999999998
2022-10-28,NH0100.NHF,0.1999999998
2022-11-04,000300.SH,0.1999999998
2022-11-04,000852.SH,0.1999999998
2022-11-04,CBA02701.CS,0.1999999998
2022-11-04,AU9999.SGE,0.1999999998
2022-11-04,NH0100.NHF,0.1999999998
2022-11-11,000300.SH,0.1999999998
2022-11-11,000852.SH,0.1999999998
2022-11-11,CBA02701.CS,0.1999999998
2022-11-11,AU9999.SGE,0.1999999998
2022-11-11,NH0100.NHF,0.1999999998
2022-11-18,000300.SH,0.1999999998
2022-11-18,000852.SH,0.1999999998
2022-11-18,CBA02701.CS,0.1999999998
2022-11-18,AU9999.SGE,0.1999999998
2022-11-18,NH0100.NHF,0.1999999998
2022-11-25,000300.SH,0.1999999998
2022-11-25,000852.SH,0.1999999998
2022-11-25,CBA02701.CS,0.1999999998
2022-11-25,AU9999.SGE,0.1999999998
2022-11-25,NH0100.NHF,0.1999999998
2022-12-02,000300.SH,0.1999999998
2022-12-02,000852.SH,0.1999999998
2022-12-02,CBA02701.CS,0.1999999998
2022-12-02,AU9999.SGE,0.1999999998
2022-12-02,NH0100.NHF,0.1999999998
2022-12-09,000300.SH,0.1999999998
2022-12-09,000852.SH,0.1999999998
2022-12-09,CBA02701.CS,0.1999999998
2022-12-09,AU9999.SGE,0.1999999998
2022-12-09,NH0100.NHF,0.1999999998
2022-12-16,000300.SH,0.1999999998
2022-12-16,000852.SH,0.1999999998
2022-12-16,CBA02701.CS,0.1999999998
2022-12-16,AU9999.SGE,0.1999999998
2022-12-16,NH0100.NHF,0.1999999998
2022-12-23,000300.SH,0.1999999998
2022-12-23,000852.SH,0.1999999998
2022-12-23,CBA02701.CS,0.1999999998
2022-12-23,AU9999.SGE,0.1999999998
2022-12-23,NH0100.NHF,0.1999999998
2022-12-30,000300.SH,0.1999999998
2022-12-30,000852.SH,0.1999999998
2022-12-30,CBA02701.CS,0.1999999998
2022-12-30,AU9999.SGE,0.1999999998
2022-12-30,NH0100.NHF,0.1999999998
2023-01-06,000300.SH,0.1999999998
2023-01-06,000852.SH,0.1999999998
2023-01-06,CBA02701.CS,0.1999999998
2023-01-06,AU9999.SGE,0.1999999998
2023-01-06,NH0100.NHF,0.1999999998
2023-01-13,000300.SH,0.1999999998
2023-01-13,000852.SH,0.1999999998
2023-01-13,CBA02701.CS,0.1999999998
2023-01-13,AU9999.SGE,0.1999999998
2023-01-13,NH0100.NHF,0.1999999998
2023-01-20,000300.SH,0.1999999998
2023-01-20,000852.SH,0.1999999998
2023-01-20,CBA02701.CS,0.1999999998
2023-01-20,AU9999.SGE,0.1999999998
2023-01-20,NH0100.NHF,0.1999999998
2023-01-27,000300.SH,0.1999999998
2023-01-27,000852.SH,0.1999999998
2023-01-27,CBA02701.CS,0.1999999998
2023-01-27,AU9999.SGE,0.1999999998
2023-01-27,NH0100.NHF,0.1999999998
2023-02-03,000300.SH,0.1999999998
2023-02-03,000852.SH,0.1999999998
2023-02-03,CBA02701.CS,0.1999999998
2023-02-03,AU9999.SGE,0.1999999998
2023-02-03,NH0100.NHF,0.1999999998
2023-02-10,000300.SH,0.1999999998
2023-02-10,000852.SH,0.1999999998
2023-02-10,CBA02701.CS,0.1999999998
2023-02-10,AU9999.SGE,0.1999999998
2023-02-10,NH0100.NHF,0.1999999998
2023-02-17,000300.SH,0.1999999998
2023-02-17,000852.SH,0.1999999998
2023-02-17,CBA02701.CS,0.1999999998
2023-02-17,AU9999.SGE,0.1999999998
2023-02-17,NH0100.NHF,0.1999999998
2023-02-24,000300.SH,0.1999999998
2023-02-24,000852.SH,0.1999999998
2023-02-24,CBA02701.CS,0.1999999998
2023-02-24,AU9999.SGE,0.1999999998
2023-02-24,NH0100.NHF,0.1999999998
2023-03-03,000300.SH,0.1999999998
2023-03-03,000852.SH,0.1999999998
2023-03-03,CBA02701.CS,0.1999999998
2023-03-03,AU9999.SGE,0.1999999998
2023-03-03,NH0100.NHF,0.1999999998
2023-03-10,000300.SH,0.1999999998
2023-03-10,000852.SH,0.1999999998
2023-03-10,CBA02701.CS,0.1999999998
2023-03-10,AU9999.SGE,0.1999999998
2023-03-10,NH0100.NHF,0.1999999998
2023-03-17,000300.SH,0.1999999998
2023-03-17,000852.SH,0.1999999998
2023-03-17,CBA02701.CS,0.1999999998
2023-03-17,AU9999.SGE,0.1999999998
2023-03-17,NH0100.NHF,0.1999999998
2023-03-24,000300.SH,0.1999999998
2023-03-24,000852.SH,0.1999999998
2023-03-24,CBA02701.CS,0.1999999998
2023-03-24,AU9999.SGE,0.1999999998
2023-03-24,NH0100.NHF,0.1999999998
2023-03-31,000300.SH,0.1999999998
2023-03-31,000852.SH,0.1999999998
2023-03-31,CBA02701.CS,0.1999999998
2023-03-31,AU9999.SGE,0.1999999998
2023-03-31,NH0100.NHF,0.1999999998
2023-04-07,000300.SH,0.1999999998
2023-04-07,000852.SH,0.1999999998
2023-04-07,CBA02701.CS,0.1999999998
2023-04-07,AU9999.SGE,0.1999999998
2023-04-07,NH0100.NHF,0.1999999998
2023-04-14,000300.SH,0.1999999998
2023-04-14,000852.SH,0.1999999998
2023-04-14,CBA02701.CS,0.1999999998
2023-04-14,AU9999.SGE,0.1999999998
2023-04-14,NH0100.NHF,0.1999999998
2023-04-21,000300.SH,0.1999999998
2023-04-21,000852.SH,0.1999999998
2023-04-21,CBA02701.CS,0.1999999998
2023-04-21,AU9999.SGE,0.1999999998
2023-04-21,NH0100.NHF,0.1999999998
2023-04-28,000300.SH,0.1999999998
2023-04-28,000852.SH,0.1999999998
2023-04-28,CBA02701.CS,0.1999999998
2023-04-28,AU9999.SGE,0.1999999998
2023-04-28,NH0100.NHF,0.1999999998
2023-05-05,000300.SH,0.1999999998
2023-05-05,000852.SH,0.1999999998
2023-05-05,CBA02701.CS,0.1999999998
2023-05-05,AU9999.SGE,0.1999999998
2023-05-05,NH0100.NHF,0.1999999998
2023-05-12,000300.SH,0.1999999998
2023-05-12,000852.SH,0.1999999998
2023-05-12,CBA02701.CS,0.1999999998
2023-05-12,AU9999.SGE,0.1999999998
2023-05-12,NH0100.NHF,0.1999999998
2023-05-19,000300.SH,0.1999999998
2023-05-19,000852.SH,0.1999999998
2023-05-19,CBA02701.CS,0.1999999998
2023-05-19,AU9999.SGE,0.1999999998
2023-05-19,NH0100.NHF,0.1999999998
2023-05-26,000300.SH,0.1999999998
2023-05-26,000852.SH,0.1999999998
2023-05-26,CBA02701.CS,0.1999999998
2023-05-26,AU9999.SGE,0.1999999998
2023-05-26,NH0100.NHF,0.1999999998
2023-06-02,000300.SH,0.1999999998
2023-06-02,000852.SH,0.1999999998
2023-06-02,CBA02701.CS,0.1999999998
2023-06-02,AU9999.SGE,0.1999999998
2023-06-02,NH0100.NHF,0.1999999998
2023-06-09,000300.SH,0.1999999998
2023-06-09,000852.SH,0.1999999998
2023-06-09,CBA02701.CS,0.1999999998
2023-06-09,AU9999.SGE,0.1999999998
2023-06-09,NH0100.NHF,0.1999999998
2023-06-16,000300.SH,0.1999999998
2023-06-16,000852.SH,0.1999999998
2023-06-16,CBA02701.CS,0.1999999998
2023-06-16,AU9999.SGE,0.1999999998
2023-06-16,NH0100.NHF,0.1999999998
2023-06-23,000300.SH,0.1999999998
2023-06-23,000852.SH,0.1999999998
2023-06-23,CBA02701.CS,0.1999999998
2023-06-23,AU9999.SGE,0.1999999998
2023-06-23,NH0100.NHF,0.1999999998
2023-06-30,000300.SH,0.1999999998
2023-06-30,000852.SH,0.1999999998
2023-06-30,CBA02701.CS,0.1999999998
2023-06-30,AU9999.SGE,0.1999999998
2023-06-30,NH0100.NHF,0.1999999998
2023-07-07,000300.SH,0.1999999998
2023-07-07,000852.SH,0.1999999998
2023-07-07,CBA02701.CS,0.1999999998
2023-07-07,AU9999.SGE,0.1999999998
2023-07-07,NH0100.NHF,0.1999999998
2023-07-14,000300.SH,0.1999999998
2023-07-14,000852.SH,0.1999999998
2023-07-14,CBA02701.CS,0.1999999998
2023-07-14,AU9999.SGE,0.1999999998
2023-07-14,NH0100.NHF,0.1999999998
2023-07-21,000300.SH,0.1999999998
2023-07-21,000852.SH,0.1999999998
2023-07-21,CBA02701.CS,0.1999999998
2023-07-21,AU9999.SGE,0.1999999998
2023-07-21,NH0100.NHF,0.1999999998
2023-07-28,000300.SH,0.1999999998
2023-07-28,000852.SH,0.1999999998
2023-07-28,CBA02701.CS,0.1999999998
2023-07-28,AU9999.SGE,0.1999999998
2023-07-28,NH0100.NHF,0.1999999998
2023-08-04,000300.SH,0.1999999998
2023-08-04,000852.SH,0.1999999998
2023-08-04,CBA02701.CS,0.1999999998
2023-08-04,AU9999.SGE,0.1999999998
2023-08-04,NH0100.NHF,0.1999999998
2023-08-11,000300.SH,0.1999999998
2023-08-11,000852.SH,0.1999999998
2023-08-11,CBA02701.CS,0.1999999998
2023-08-11,AU9999.SGE,0.1999999998
2023-08-11,NH0100.NHF,0.1999999998
2023-08-18,000300.SH,0.1999999998
2023-08-18,000852.SH,0.1999999998
2023-08-18,CBA02701.CS,0.1999999998
2023-08-18,AU9999.SGE,0.1999999998
2023-08-18,NH0100.NHF,0.1999999998
2023-08-25,000300.SH,0.1999999998
2023-08-25,000852.SH,0.1999999998
2023-08-25,CBA02701.CS,0.1999999998
2023-08-25,AU9999.SGE,0.1999999998
2023-08-25,NH0100.NHF,0.1999999998
2023-09-01,000300.SH,0.1999999998
2023-09-01,000852.SH,0.1999999998
2023-09-01,CBA02701.CS,0.1999999998
2023-09-01,AU9999.SGE,0.1999999998
2023-09-01,NH0100.NHF,0.1999999998
2023-09-08,000300.SH,0.1999999998
2023-09-08,000852.SH,0.1999999998
2023-09-08,CBA02701.CS,0.1999999998
2023-09-08,AU9999.SGE,0.1999999998
2023-09-08,NH0100.NHF,0.1999999998
2023-09-15,000300.SH,0.1999999998
2023-09-15,000852.SH,0.1999999998
2023-09-15,CBA02701.CS,0.1999999998
2023-09-15,AU9999.SGE,0.1999999998
2023-09-15,NH0100.NHF,0.1999999998
2023-09-22,000300.SH,0.1999999998
2023-09-22,000852.SH,0.1999999998
2023-09-22,CBA02701.CS,0.1999999998
2023-09-22,AU9999.SGE,0.1999999998
2023-09-22,NH0100.NHF,0.1999999998
2023-09-29,000300.SH,0.1999999998
2023-09-29,000852.SH,0.1999999998
2023-09-29,CBA02701.CS,0.1999999998
2023-09-29,AU9999.SGE,0.1999999998
2023-09-29,NH0100.NHF,0.1999999998
2023-10-06,000300.SH,0.1999999998
2023-10-06,000852.SH,0.1999999998
2023-10-06,CBA02701.CS,0.1999999998
2023-10-06,AU9999.SGE,0.1999999998
2023-10-06,NH0100.NHF,0.1999999998
2023-10-13,000300.SH,0.1999999998
2023-10-13,000852.SH,0.1999999998
2023-10-13,CBA02701.CS,0.1999999998
2023-10-13,AU9999.SGE,0.1999999998
2023-10-13,NH0100.NHF,0.1999999998
2023-10-20,000300.SH,0.1999999998
2023-10-20,000852.SH,0.1999999998
2023-10-20,CBA02701.CS,0.1999999998
2023-10-20,AU9999.SGE,0.1999999998
2023-10-20,NH0100.NHF,0.1999999998
2023-10-27,000300.SH,0.1999999998
2023-10-27,000852.SH,0.1999999998
2023-10-27,CBA02701.CS,0.1999999998
2023-10-27,AU9999.SGE,0.1999999998
2023-10-27,NH0100.NHF,0.1999999998
2023-11-03,000300.SH,0.1999999998
2023-11-03,000852.SH,0.1999999998
2023-11-03,CBA02701.CS,0.1999999998
2023-11-03,AU9999.SGE,0.1999999998
2023-11-03,NH0100.NHF,0.1999999998
2023-11-10,000300.SH,0.1999999998
2023-11-10,000852.SH,0.1999999998
2023-11-10,CBA02701.CS,0.1999999998
2023-11-10,AU9999.SGE,0.1999999998
2023-11-10,NH0100.NHF,0.1999999998
2023-11-17,000300.SH,0.1999999998
2023-11-17,000852.SH,0.1999999998
2023-11-17,CBA02701.CS,0.1999999998
2023-11-17,AU9999.SGE,0.1999999998
2023-11-17,NH0100.NHF,0.1999999998
2023-11-24,000300.SH,0.1999999998
2023-11-24,000852.SH,0.1999999998
2023-11-24,CBA02701.CS,0.1999999998
2023-11-24,AU9999.SGE,0.1999999998
2023-11-24,NH0100.NHF,0.1999999998
2023-12-01,000300.SH,0.1999999998
2023-12-01,000852.SH,0.1999999998
2023-12-01,CBA02701.CS,0.1999999998
2023-12-01,AU9999.SGE,0.1999999998
2023-12-01,NH0100.NHF,0.1999999998
2023-12-08,000300.SH,0.1999999998
2023-12-08,000852.SH,0.1999999998
2023-12-08,CBA02701.CS,0.1999999998
2023-12-08,AU9999.SGE,0.1999999998
2023-12-08,NH0100.NHF,0.1999999998
2023-12-15,000300.SH,0.1999999998
2023-12-15,000852.SH,0.1999999998
2023-12-15,CBA02701.CS,0.1999999998
2023-12-15,AU9999.SGE,0.1999999998
2023-12-15,NH0100.NHF,0.1999999998
2023-12-22,000300.SH,0.1999999998
2023-12-22,000852.SH,0.1999999998
2023-12-22,CBA02701.CS,0.1999999998
2023-12-22,AU9999.SGE,0.1999999998
2023-12-22,NH0100.NHF,0.1999999998
2023-12-29,000300.SH,0.1999999998
2023-12-29,000852.SH,0.1999999998
2023-12-29,CBA02701.CS,0.1999999998
2023-12-29,AU9999.SGE,0.1999999998
2023-12-29,NH0100.NHF,0.1999999998
2024-01-05,000300.SH,0.1999999998
2024-01-05,000852.SH,0.1999999998
2024-01-05,CBA02701.CS,0.1999999998
2024-01-05,AU9999.SGE,0.1999999998
2024-01-05,NH0100.NHF,0.1999999998
2024-01-12,000300.SH,0.1999999998
2024-01-12,000852.SH,0.1999999998
2024-01-12,CBA02701.CS,0.1999999998
2024-01-12,AU9999.SGE,0.1999999998
2024-01-12,NH0100.NHF,0.1999999998
2024-01-19,000300.SH,0.1999999998
2024-01-19,000852.SH,0.1999999998
2024-01-19,CBA02701.CS,0.1999999998
2024-01-19,AU9999.SGE,0.1999999998
2024-01-19,NH0100.NHF,0.1999999998
2024-01-26,000300.SH,0.1999999998
2024-01-26,000852.SH,0.1999999998
2024-01-26,CBA02701.CS,0.1999999998
2024-01-26,AU9999.SGE,0.1999999998
2024-01-26,NH0100.NHF,0.1999999998
2024-02-02,000300.SH,0.1999999998
2024-02-02,000852.SH,0.1999999998
2024-02-02,CBA02701.CS,0.1999999998
2024-02-02,AU9999.SGE,0.1999999998
2024-02-02,NH0100.NHF,0.1999999998
2024-02-09,000300.SH,0.1999999998
2024-02-09,000852.SH,0.1999999998
2024-02-09,CBA02701.CS,0.1999999998
2024-02-09,AU9999.SGE,0.1999999998
2024-02-09,NH0100.NHF,0.1999999998
2024-02-16,000300.SH,0.1999999998
2024-02-16,000852.SH,0.1999999998
2024-02-16,CBA02701.CS,0.1999999998
2024-02-16,AU9999.SGE,0.1999999998
2024-02-16,NH0100.NHF,0.1999999998
2024-02-23,000300.SH,0.1999999998
2024-02-23,000852.SH,0.1999999998
2024-02-23,CBA02701.CS,0.1999999998
2024-02-23,AU9999.SGE,0.1999999998
2024-02-23,NH0100.NHF,0.1999999998
2024-03-01,000300.SH,0.1999999998
2024-03-01,000852.SH,0.1999999998
2024-03-01,CBA02701.CS,0.1999999998
2024-03-01,AU9999.SGE,0.1999999998
2024-03-01,NH0100.NHF,0.1999999998
2024-03-08,000300.SH,0.1999999998
2024-03-08,000852.SH,0.1999999998
2024-03-08,CBA02701.CS,0.1999999998
2024-03-08,AU9999.SGE,0.1999999998
2024-03-08,NH0100.NHF,0.1999999998
2024-03-15,000300.SH,0.1999999998
2024-03-15,000852.SH,0.1999999998
2024-03-15,CBA02701.CS,0.1999999998
2024-03-15,AU9999.SGE,0.1999999998
2024-03-15,NH0100.NHF,0.1999999998
2024-03-22,000300.SH,0.1999999998
2024-03-22,000852.SH,0.1999999998
2024-03-22,CBA02701.CS,0.1999999998
2024-03-22,AU9999.SGE,0.1999999998
2024-03-22,NH0100.NHF,0.1999999998
2024-03-29,000300.SH,0.1999999998
2024-03-29,000852.SH,0.1999999998
2024-03-29,CBA02701.CS,0.1999999998
2024-03-29,AU9999.SGE,0.1999999998
2024-03-29,NH0100.NHF,0.1999999998
2024-04-05,000300.SH,0.1999999998
2024-04-05,000852.SH,0.1999999998
2024-04-05,CBA02701.CS,0.1999999998
2024-04-05,AU9999.SGE,0.1999999998
2024-04-05,NH0100.NHF,0.1999999998
2024-04-12,000300.SH,0.1999999998
2024-04-12,000852.SH,0.1999999998
2024-04-12,CBA02701.CS,0.1999999998
2024-04-12,AU9999.SGE,0.1999999998
2024-04-12,NH0100.NHF,0.1999999998
2024-04-19,000300.SH,0.1999999998
2024-04-19,000852.SH,0.1999999998
2024-04-19,CBA02701.CS,0.1999999998
2024-04-19,AU9999.SGE,0.1999999998
2024-04-19,NH0100.NHF,0.1999999998
2024-04-26,000300.SH,0.1999999998
2024-04-26,000852.SH,0.1999999998
2024-04-26,CBA02701.CS,0.1999999998
2024-04-26,AU9999.SGE,0.1999999998
2024-04-26,NH0100.NHF,0.1999999998
2024-05-03,000300.SH,0.1999999998
2024-05-03,000852.SH,0.1999999998
2024-05-03,CBA02701.CS,0.1999999998
2024-05-03,AU9999.SGE,0.1999999998
2024-05-03,NH0100.NHF,0.1999999998
2024-05-10,000300.SH,0.1999999998
2024-05-10,000852.SH,0.1999999998
2024-05-10,CBA02701.CS,0.1999999998
2024-05-10,AU9999.SGE,0.1999999998
2024-05-10,NH0100.NHF,0.1999999998
2024-05-17,000300.SH,0.1999999998
2024-05-17,000852.SH,0.1999999998
2024-05-17,CBA02701.CS,0.1999999998
2024-05-17,AU9999.SGE,0.1999999998
2024-05-17,NH0100.NHF,0.1999999998
2024-05-24,000300.SH,0.1999999998
2024-05-24,000852.SH,0.1999999998
2024-05-24,CBA02701.CS,0.1999999998
2024-05-24,AU9999.SGE,0.1999999998
2024-05-24,NH0100.NHF,0.1999999998
2024-05-31,000300.SH,0.1999999998
2024-05-31,000852.SH,0.1999999998
2024-05-31,CBA02701.CS,0.1999999998
2024-05-31,AU9999.SGE,0.1999999998
2024-05-31,NH0100.NHF,0.1999999998
2024-06-07,000300.SH,0.1999999998
2024-06-07,000852.SH,0.1999999998
2024-06-07,CBA02701.CS,0.1999999998
2024-06-07,AU9999.SGE,0.1999999998
2024-06-07,NH0100.NHF,0.1999999998
2024-06-14,000300.SH,0.1999999998
2024-06-14,000852.SH,0.1999999998
2024-06-14,CBA02701.CS,0.1999999998
2024-06-14,AU9999.SGE,0.1999999998
2024-06-14,NH0100.NHF,0.1999999998
2024-06-21,000300.SH,0.1999999998
2024-06-21,000852.SH,0.1999999998
2024-06-21,CBA02701.CS,0.1999999998
2024-06-21,AU9999.SGE,0.1999999998
2024-06-21,NH0100.NHF,0.1999999998
2024-06-28,000300.SH,0.1999999998
2024-06-28,000852.SH,0.1999999998
2024-06-28,CBA02701.CS,0.1999999998
2024-06-28,AU9999.SGE,0.1999999998
2024-06-28,NH0100.NHF,0.1999999998
2024-07-05,000300.SH,0.1999999998
2024-07-05,000852.SH,0.1999999998
2024-07-05,CBA02701.CS,0.1999999998
2024-07-05,AU9999.SGE,0.1999999998
2024-07-05,NH0100.NHF,0.1999999998
2024-07-12,000300.SH,0.1999999998
2024-07-12,000852.SH,0.1999999998
2024-07-12,CBA02701.CS,0.1999999998
2024-07-12,AU9999.SGE,0.1999999998
2024-07-12,NH0100.NHF,0.1999999998
2024-07-19,000300.SH,0.1999999998
2024-07-19,000852.SH,0.1999999998
2024-07-19,CBA02701.CS,0.1999999998
2024-07-19,AU9999.SGE,0.1999999998
2024-07-19,NH0100.NHF,0.1999999998
2024-07-26,000300.SH,0.1999999998
2024-07-26,000852.SH,0.1999999998
2024-07-26,CBA02701.CS,0.1999999998
2024-07-26,AU9999.SGE,0.1999999998
2024-07-26,NH0100.NHF,0.1999999998
2024-08-02,000300.SH,0.1999999998
2024-08-02,000852.SH,0.1999999998
2024-08-02,CBA02701.CS,0.1999999998
2024-08-02,AU9999.SGE,0.1999999998
2024-08-02,NH0100.NHF,0.1999999998
2024-08-09,000300.SH,0.1999999998
2024-08-09,000852.SH,0.1999999998
2024-08-09,CBA02701.CS,0.1999999998
2024-08-09,AU9999.SGE,0.1999999998
2024-08-09,NH0100.NHF,0.1999999998
2024-08-16,000300.SH,0.1999999998
2024-08-16,000852.SH,0.1999999998
2024-08-16,CBA02701.CS,0.1999999998
2024-08-16,AU9999.SGE,0.1999999998
2024-08-16,NH0100.NHF,0.1999999998
2024-08-23,000300.SH,0.1999999998
2024-08-23,000852.SH,0.1999999998
2024-08-23,CBA02701.CS,0.1999999998
2024-08-23,AU9999.SGE,0.1999999998
2024-08-23,NH0100.NHF,0.1999999998
2024-08-30,000300.SH,0.1999999998
2024-08-30,000852.SH,0.1999999998
2024-08-30,CBA02701.CS,0.1999999998
2024-08-30,AU9999.SGE,0.1999999998
2024-08-30,NH0100.NHF,0.1999999998
2024-09-06,000300.SH,0.1999999998
2024-09-06,000852.SH,0.1999999998
2024-09-06,CBA02701.CS,0.1999999998
2024-09-06,AU9999.SGE,0.1999999998
2024-09-06,NH0100.NHF,0.1999999998
2024-09-13,000300.SH,0.1999999998
2024-09-13,000852.SH,0.1999999998
2024-09-13,CBA02701.CS,0.1999999998
2024-09-13,AU9999.SGE,0.1999999998
2024-09-13,NH0100.NHF,0.1999999998
2024-09-20,000300.SH,0.1999999998
2024-09-20,000852.SH,0.1999999998
2024-09-20,CBA02701.CS,0.1999999998
2024-09-20,AU9999.SGE,0.1999999998
2024-09-20,NH0100.NHF,0.1999999998
2024-09-27,000300.SH,0.1999999998
2024-09-27,000852.SH,0.1999999998
2024-09-27,CBA02701.CS,0.1999999998
2024-09-27,AU9999.SGE,0.1999999998
2024-09-27,NH0100.NHF,0.1999999998
2024-10-04,000300.SH,0.1999999998
2024-10-04,000852.SH,0.1999999998
2024-10-04,CBA02701.CS,0.1999999998
2024-10-04,AU9999.SGE,0.1999999998
2024-10-04,NH0100.NHF,0.1999999998
2024-10-11,000300.SH,0.1999999998
2024-10-11,000852.SH,0.1999999998
2024-10-11,CBA02701.CS,0.1999999998
2024-10-11,AU9999.SGE,0.1999999998
2024-10-11,NH0100.NHF,0.1999999998
2024-10-18,000300.SH,0.1999999998
2024-10-18,000852.SH,0.1999999998
2024-10-18,CBA02701.CS,0.1999999998
2024-10-18,AU9999.SGE,0.1999999998
2024-10-18,NH0100.NHF,0.1999999998
2024-10-25,000300.SH,0.1999999998
2024-10-25,000852.SH,0.1999999998
2024-10-25,CBA02701.CS,0.1999999998
2024-10-25,AU9999.SGE,0.1999999998
2024-10-25,NH0100.NHF,0.1999999998
2024-11-01,000300.SH,0.1999999998
2024-11-01,000852.SH,0.1999999998
2024-11-01,CBA02701.CS,0.1999999998
2024-11-01,AU9999.SGE,0.1999999998
2024-11-01,NH0100.NHF,0.1999999998
2024-11-08,000300.SH,0.1999999998
2024-11-08,000852.SH,0.1999999998
2024-11-08,CBA02701.CS,0.1999999998
2024-11-08,AU9999.SGE,0.1999999998
2024-11-08,NH0100.NHF,0.1999999998
2024-11-15,000300.SH,0.1999999998
2024-11-15,000852.SH,0.1999999998
2024-11-15,CBA02701.CS,0.1999999998
2024-11-15,AU9999.SGE,0.1999999998
2024-11-15,NH0100.NHF,0.1999999998
2024-11-22,000300.SH,0.1999999998
2024-11-22,000852.SH,0.1999999998
2024-11-22,CBA02701.CS,0.1999999998
2024-11-22,AU9999.SGE,0.1999999998
2024-11-22,NH0100.NHF,0.1999999998
2024-11-29,000300.SH,0.1999999998
2024-11-29,000852.SH,0.1999999998
2024-11-29,CBA02701.CS,0.1999999998
2024-11-29,AU9999.SGE,0.1999999998
2024-11-29,NH0100.NHF,0.1999999998
2024-12-06,000300.SH,0.1999999998
2024-12-06,000852.SH,0.1999999998
2024-12-06,CBA02701.CS,0.1999999998
2024-12-06,AU9999.SGE,0.1999999998
2024-12-06,NH0100.NHF,0.1999999998
2024-12-13,000300.SH,0.1999999998
2024-12-13,000852.SH,0.1999999998
2024-12-13,CBA02701.CS,0.1999999998
2024-12-13,AU9999.SGE,0.1999999998
2024-12-13,NH0100.NHF,0.1999999998
2024-12-20,000300.SH,0.1999999998
2024-12-20,000852.SH,0.1999999998
2024-12-20,CBA02701.CS,0.1999999998
2024-12-20,AU9999.SGE,0.1999999998
2024-12-20,NH0100.NHF,0.1999999998
2024-12-27,000300.SH,0.1999999998
2024-12-27,000852.SH,0.1999999998
2024-12-27,CBA02701.CS,0.1999999998
2024-12-27,AU9999.SGE,0.1999999998
2024-12-27,NH0100.NHF,0.1999999998
2025-01-03,000300.SH,0.1999999998
2025-01-03,000852.SH,0.1999999998
2025-01-03,CBA02701.CS,0.1999999998
2025-01-03,AU9999.SGE,0.1999999998
2025-01-03,NH0100.NHF,0.1999999998
2025-01-10,000300.SH,0.1999999998
2025-01-10,000852.SH,0.1999999998
2025-01-10,CBA02701.CS,0.1999999998
2025-01-10,AU9999.SGE,0.1999999998
2025-01-10,NH0100.NHF,0.1999999998
2025-01-17,000300.SH,0.1999999998
2025-01-17,000852.SH,0.1999999998
2025-01-17,CBA02701.CS,0.1999999998
2025-01-17,AU9999.SGE,0.1999999998
2025-01-17,NH0100.NHF,0.1999999998
2025-01-24,000300.SH,0.1999999998
2025-01-24,000852.SH,0.1999999998
2025-01-24,CBA02701.CS,0.1999999998
2025-01-24,AU9999.SGE,0.1999999998
2025-01-24,NH0100.NHF,0.1999999998
2025-01-31,000300.SH,0.1999999998
2025-01-31,000852.SH,0.1999999998
2025-01-31,CBA02701.CS,0.1999999998
2025-01-31,AU9999.SGE,0.1999999998
2025-01-31,NH0100.NHF,0.1999999998
2025-02-07,000300.SH,0.1999999998
2025-02-07,000852.SH,0.1999999998
2025-02-07,CBA02701.CS,0.1999999998
2025-02-07,AU9999.SGE,0.1999999998
2025-02-07,NH0100.NHF,0.1999999998
2025-02-14,000300.SH,0.1999999998
2025-02-14,000852.SH,0.1999999998
2025-02-14,CBA02701.CS,0.1999999998
2025-02-14,AU9999.SGE,0.1999999998
2025-02-14,NH0100.NHF,0.1999999998
2025-02-21,000300.SH,0.1999999998
2025-02-21,000852.SH,0.1999999998
2025-02-21,CBA02701.CS,0.1999999998
2025-02-21,AU9999.SGE,0.1999999998
2025-02-21,NH0100.NHF,0.1999999998
2025-02-28,000300.SH,0.1999999998
2025-02-28,000852.SH,0.1999999998
2025-02-28,CBA02701.CS,0.1999999998
2025-02-28,AU9999.SGE,0.1999999998
2025-02-28,NH0100.NHF,0.1999999998
2025-03-07,000300.SH,0.1999999998
2025-03-07,000852.SH,0.1999999998
2025-03-07,CBA02701.CS,0.1999999998
2025-03-07,AU9999.SGE,0.1999999998
2025-03-07,NH0100.NHF,0.1999999998
2025-03-14,000300.SH,0.1999999998
2025-03-14,000852.SH,0.1999999998
2025-03-14,CBA02701.CS,0.1999999998
2025-03-14,AU9999.SGE,0.1999999998
2025-03-14,NH0100.NHF,0.1999999998
2025-03-21,000300.SH,0.1999999998
2025-03-21,000852.SH,0.1999999998
2025-03-21,CBA02701.CS,0.1999999998
2025-03-21,AU9999.SGE,0.1999999998
2025-03-21,NH0100.NHF,0.1999999998
2025-03-28,000300.SH,0.1999999998
2025-03-28,000852.SH,0.1999999998
2025-03-28,CBA02701.CS,0.1999999998
2025-03-28,AU9999.SGE,0.1999999998
2025-03-28,NH0100.NHF,0.1999999998
2025-04-04,000300.SH,0.1999999998
2025-04-04,000852.SH,0.1999999998
2025-04-04,CBA02701.CS,0.1999999998
2025-04-04,AU9999.SGE,0.1999999998
2025-04-04,NH0100.NHF,0.1999999998
2025-04-11,000300.SH,0.1999999998
2025-04-11,000852.SH,0.1999999998
2025-04-11,CBA02701.CS,0.1999999998
2025-04-11,AU9999.SGE,0.1999999998
2025-04-11,NH0100.NHF,0.1999999998
2025-04-18,000300.SH,0.1999999998
2025-04-18,000852.SH,0.1999999998
2025-04-18,CBA02701.CS,0.1999999998
2025-04-18,AU9999.SGE,0.1999999998
2025-04-18,NH0100.NHF,0.1999999998
2025-04-25,000300.SH,0.1999999998
2025-04-25,000852.SH,0.1999999998
2025-04-25,CBA02701.CS,0.1999999998
2025-04-25,AU9999.SGE,0.1999999998
2025-04-25,NH0100.NHF,0.1999999998
2025-05-02,000300.SH,0.1999999998
2025-05-02,000852.SH,0.1999999998
2025-05-02,CBA02701.CS,0.1999999998
2025-05-02,AU9999.SGE,0.1999999998
2025-05-02,NH0100.NHF,0.1999999998
2025-05-09,000300.SH,0.1999999998
2025-05-09,000852.SH,0.1999999998
2025-05-09,CBA02701.CS,0.1999999998
2025-05-09,AU9999.SGE,0.1999999998
2025-05-09,NH0100.NHF,0.1999999998
2025-05-16,000300.SH,0.1999999998
2025-05-16,000852.SH,0.1999999998
2025-05-16,CBA02701.CS,0.1999999998
2025-05-16,AU9999.SGE,0.1999999998
2025-05-16,NH0100.NHF,0.1999999998
2025-05-23,000300.SH,0.1999999998
2025-05-23,000852.SH,0.1999999998
2025-05-23,CBA02701.CS,0.1999999998
2025-05-23,AU9999.SGE,0.1999999998
2025-05-23,NH0100.NHF,0.1999999998
2025-05-30,000300.SH,0.1999999998
2025-05-30,000852.SH,0.1999999998
2025-05-30,CBA02701.CS,0.1999999998
2025-05-30,AU9999.SGE,0.1999999998
2025-05-30,NH0100.NHF,0.1999999998
2025-06-06,000300.SH,0.1999999998
2025-06-06,000852.SH,0.1999999998
2025-06-06,CBA02701.CS,0.1999999998
2025-06-06,AU9999.SGE,0.1999999998
2025-06-06,NH0100.NHF,0.1999999998
2025-06-13,000300.SH,0.1999999998
2025-06-13,000852.SH,0.1999999998
2025-06-13,CBA02701.CS,0.1999999998
2025-06-13,AU9999.SGE,0.1999999998
2025-06-13,NH0100.NHF,0.1999999998
2025-06-20,000300.SH,0.1999999998
2025-06-20,000852.SH,0.1999999998
2025-06-20,CBA02701.CS,0.1999999998
2025-06-20,AU9999.SGE,0.1999999998
2025-06-20,NH0100.NHF,0.1999999998
2025-06-27,000300.SH,0.1999999998
2025-06-27,000852.SH,0.1999999998
2025-06-27,CBA02701.CS,0.1999999998
2025-06-27,AU9999.SGE,0.1999999998
2025-06-27,NH0100.NHF,0.1999999998
2025-07-04,000300.SH,0.1999999998
2025-07-04,000852.SH,0.1999999998
2025-07-04,CBA02701.CS,0.1999999998
2025-07-04,AU9999.SGE,0.1999999998
2025-07-04,NH0100.NHF,0.1999999998
2025-07-11,000300.SH,0.1999999998
2025-07-11,000852.SH,0.1999999998
2025-07-11,CBA02701.CS,0.1999999998
2025-07-11,AU9999.SGE,0.1999999998
2025-07-11,NH0100.NHF,0.1999999998
2025-07-18,000300.SH,0.1999999998
2025-07-18,000852.SH,0.1999999998
2025-07-18,CBA02701.CS,0.1999999998
2025-07-18,AU9999.SGE,0.1999999998
2025-07-18,NH0100.NHF,0.1999999998
2025-07-25,000300.SH,0.1999999998
2025-07-25,000852.SH,0.1999999998
2025-07-25,CBA02701.CS,0.1999999998
2025-07-25,AU9999.SGE,0.1999999998
2025-07-25,NH0100.NHF,0.1999999998
2025-08-01,000300.SH,0.1999999998
2025-08-01,000852.SH,0.1999999998
2025-08-01,CBA02701.CS,0.1999999998
2025-08-01,AU9999.SGE,0.1999999998
2025-08-01,NH0100.NHF,0.1999999998
2025-08-08,000300.SH,0.1999999998
2025-08-08,000852.SH,0.1999999998
2025-08-08,CBA02701.CS,0.1999999998
2025-08-08,AU9999.SGE,0.1999999998
2025-08-08,NH0100.NHF,0.1999999998
2025-08-15,000300.SH,0.1999999998
2025-08-15,000852.SH,0.1999999998
2025-08-15,CBA02701.CS,0.1999999998
2025-08-15,AU9999.SGE,0.1999999998
2025-08-15,NH0100.NHF,0.1999999998
2025-08-22,000300.SH,0.1999999998
2025-08-22,000852.SH,0.1999999998
2025-08-22,CBA02701.CS,0.1999999998
2025-08-22,AU9999.SGE,0.1999999998
2025-08-22,NH0100.NHF,0.1999999998
2025-08-29,000300.SH,0.1999999998
2025-08-29,000852.SH,0.1999999998
2025-08-29,CBA02701.CS,0.1999999998
2025-08-29,AU9999.SGE,0.1999999998
2025-08-29,NH0100.NHF,0.1999999998
2025-09-05,000300.SH,0.1999999998
2025-09-05,000852.SH,0.1999999998
2025-09-05,CBA02701.CS,0.1999999998
2025-09-05,AU9999.SGE,0.1999999998
2025-09-05,NH0100.NHF,0.1999999998
2025-09-12,000300.SH,0.1999999998
2025-09-12,000852.SH,0.1999999998
2025-09-12,CBA02701.CS,0.1999999998
2025-09-12,AU9999.SGE,0.1999999998
2025-09-12,NH0100.NHF,0.1999999998
2025-09-19,000300.SH,0.1999999998
2025-09-19,000852.SH,0.1999999998
2025-09-19,CBA02701.CS,0.1999999998
2025-09-19,AU9999.SGE,0.1999999998
2025-09-19,NH0100.NHF,0.1999999998
2025-09-26,000300.SH,0.1999999998
2025-09-26,000852.SH,0.1999999998
2025-09-26,CBA02701.CS,0.1999999998
2025-09-26,AU9999.SGE,0.1999999998
2025-09-26,NH0100.NHF,0.1999999998
2025-10-03,000300.SH,0.1999999998
2025-10-03,000852.SH,0.1999999998
2025-10-03,CBA02701.CS,0.1999999998
2025-10-03,AU9999.SGE,0.1999999998
2025-10-03,NH0100.NHF,0.1999999998
2025-10-10,000300.SH,0.1999999998
2025-10-10,000852.SH,0.1999999998
2025-10-10,CBA02701.CS,0.1999999998
2025-10-10,AU9999.SGE,0.1999999998
2025-10-10,NH0100.NHF,0.1999999998
2025-10-17,000300.SH,0.1999999998
2025-10-17,000852.SH,0.1999999998
2025-10-17,CBA02701.CS,0.1999999998
2025-10-17,AU9999.SGE,0.1999999998
2025-10-17,NH0100.NHF,0.1999999998
2025-10-24,000300.SH,0.1999999998
2025-10-24,000852.SH,0.1999999998
2025-10-24,CBA02701.CS,0.1999999998
2025-10-24,AU9999.SGE,0.1999999998
2025-10-24,NH0100.NHF,0.1999999998
2025-10-31,000300.SH,0.1999999998
2025-10-31,000852.SH,0.1999999998
2025-10-31,CBA02701.CS,0.1999999998
2025-10-31,AU9999.SGE,0.1999999998
2025-10-31,NH0100.NHF,0.1999999998
2025-11-07,000300.SH,0.1999999998
2025-11-07,000852.SH,0.1999999998
2025-11-07,CBA02701.CS,0.1999999998
2025-11-07,AU9999.SGE,0.1999999998
2025-11-07,NH0100.NHF,0.1999999998
2025-11-14,000300.SH,0.1999999998
2025-11-14,000852.SH,0.1999999998
2025-11-14,CBA02701.CS,0.1999999998
2025-11-14,AU9999.SGE,0.1999999998
2025-11-14,NH0100.NHF,0.1999999998
2025-11-21,000300.SH,0.1999999998
2025-11-21,000852.SH,0.1999999998
2025-11-21,CBA02701.CS,0.1999999998
2025-11-21,AU9999.SGE,0.1999999998
2025-11-21,NH0100.NHF,0.1999999998
2025-11-28,000300.SH,0.1999999998
2025-11-28,000852.SH,0.1999999998
2025-11-28,CBA02701.CS,0.1999999998
2025-11-28,AU9999.SGE,0.1999999998
2025-11-28,NH0100.NHF,0.1999999998
2025-12-05,000300.SH,0.1999999998
2025-12-05,000852.SH,0.1999999998
2025-12-05,CBA02701.CS,0.1999999998
2025-12-05,AU9999.SGE,0.1999999998
2025-12-05,NH0100.NHF,0.1999999998
2025-12-12,000300.SH,0.1999999998
2025-12-12,000852.SH,0.1999999998
2025-12-12,CBA02701.CS,0.1999999998
2025-12-12,AU9999.SGE,0.1999999998
2025-12-12,NH0100.NHF,0.1999999998
2025-12-19,000300.SH,0.1999999998
2025-12-19,000852.SH,0.1999999998
2025-12-19,CBA02701.CS,0.1999999998
2025-12-19,AU9999.SGE,0.1999999998
2025-12-19,NH0100.NHF,0.1999999998
2025-12-26,000300.SH,0.1999999998
2025-12-26,000852.SH,0.1999999998
2025-12-26,CBA02701.CS,0.1999999998
2025-12-26,AU9999.SGE,0.1999999998
2025-12-26,NH0100.NHF,0.1999999998
2026-01-02,000300.SH,0.1999999998
2026-01-02,000852.SH,0.1999999998
2026-01-02,CBA02701.CS,0.1999999998
2026-01-02,AU9999.SGE,0.1999999998
2026-01-02,NH0100.NHF,0.1999999998
2026-01-09,000300.SH,0.1999999998
2026-01-09,000852.SH,0.1999999998
2026-01-09,CBA02701.CS,0.1999999998
2026-01-09,AU9999.SGE,0.1999999998
2026-01-09,NH0100.NHF,0.1999999998
2026-01-16,000300.SH,0.1999999998
2026-01-16,000852.SH,0.1999999998
2026-01-16,CBA02701.CS,0.1999999998
2026-01-16,AU9999.SGE,0.1999999998
2026-01-16,NH0100.NHF,0.1999999998
2026-01-23,000300.SH,0.1999999998
2026-01-23,000852.SH,0.1999999998
2026-01-23,CBA02701.CS,0.1999999998
2026-01-23,AU9999.SGE,0.1999999998
2026-01-23,NH0100.NHF,0.1999999998
2026-01-30,000300.SH,0.1999999998
2026-01-30,000852.SH,0.1999999998
2026-01-30,CBA02701.CS,0.1999999998
2026-01-30,AU9999.SGE,0.1999999998
2026-01-30,NH0100.NHF,0.1999999998
2026-02-06,000300.SH,0.1999999998
2026-02-06,000852.SH,0.1999999998
2026-02-06,CBA02701.CS,0.1999999998
2026-02-06,AU9999.SGE,0.1999999998
2026-02-06,NH0100.NHF,0.1999999998
2026-02-13,000300.SH,0.1999999998
2026-02-13,000852.SH,0.1999999998
2026-02-13,CBA02701.CS,0.1999999998
2026-02-13,AU9999.SGE,0.1999999998
2026-02-13,NH0100.NHF,0.1999999998
2026-02-20,000300.SH,0.1999999998
2026-02-20,000852.SH,0.1999999998
2026-02-20,CBA02701.CS,0.1999999998
2026-02-20,AU9999.SGE,0.1999999998
2026-02-20,NH0100.NHF,0.1999999998
2026-02-27,000300.SH,0.1999999998
2026-02-27,000852.SH,0.1999999998
2026-02-27,CBA02701.CS,0.1999999998
2026-02-27,AU9999.SGE,0.1999999998
2026-02-27,NH0100.NHF,0.1999999998
2026-03-06,000300.SH,0.1999999998
2026-03-06,000852.SH,0.1999999998
2026-03-06,CBA02701.CS,0.1999999998
2026-03-06,AU9999.SGE,0.1999999998
2026-03-06,NH0100.NHF,0.1999999998
2026-03-13,000300.SH,0.1999999998
2026-03-13,000852.SH,0.1999999998
2026-03-13,CBA02701.CS,0.1999999998
2026-03-13,AU9999.SGE,0.1999999998
2026-03-13,NH0100.NHF,0.1999999998
2026-03-20,000300.SH,0.1999999998
2026-03-20,000852.SH,0.1999999998
2026-03-20,CBA02701.CS,0.1999999998
2026-03-20,AU9999.SGE,0.1999999998
2026-03-20,NH0100.NHF,0.1999999998
2026-03-27,000300.SH,0.1999999998
2026-03-27,000852.SH,0.1999999998
2026-03-27,CBA02701.CS,0.1999999998
2026-03-27,AU9999.SGE,0.1999999998
2026-03-27,NH0100.NHF,0.1999999998
2026-04-03,000300.SH,0.1999999998
2026-04-03,000852.SH,0.1999999998
2026-04-03,CBA02701.CS,0.1999999998
2026-04-03,AU9999.SGE,0.1999999998
2026-04-03,NH0100.NHF,0.1999999998
2026-04-10,000300.SH,0.1999999998
2026-04-10,000852.SH,0.1999999998
2026-04-10,CBA02701.CS,0.1999999998
2026-04-10,AU9999.SGE,0.1999999998
2026-04-10,NH0100.NHF,0.1999999998
2026-04-17,000300.SH,0.1999999998
2026-04-17,000852.SH,0.1999999998
2026-04-17,CBA02701.CS,0.1999999998
2026-04-17,AU9999.SGE,0.1999999998
2026-04-17,NH0100.NHF,0.1999999998
