date,code,weight
2015-01-02,000300.SH,0.18086564217132697
2015-01-02,000852.SH,0.18141698927226033
2015-01-02,CBA02701.CS,0.2157376481828756
2015-01-02,AU9999.SGE,0.20826442768652767
2015-01-02,NH0100.NHF,0.2137152916870093
2015-01-09,000300.SH,0.19999828173726183
2015-01-09,000852.SH,0.2145212364406434
2015-01-09,CBA02701.CS,0.1978000387728044
2015-01-09,AU9999.SGE,0.18074579953070335
2015-01-09,NH0100.NHF,0.20693464251858693
2015-01-16,000300.SH,0.17928095685610124
2015-01-16,000852.SH,0.28308566271280655
2015-01-16,CBA02701.CS,0.1624252098471237
2015-01-16,AU9999.SGE,0.20179654410093886
2015-01-16,NH0100.NHF,0.1734116254830297
2015-01-23,000300.SH,0.16129093952676654
2015-01-23,000852.SH,0.2383096226181206
2015-01-23,CBA02701.CS,0.1510669412001069
2015-01-23,AU9999.SGE,0.18449954999079968
2015-01-23,NH0100.NHF,0.2648329456642062
2015-01-30,000300.SH,0.1918167621592429
2015-01-30,000852.SH,0.2291847228326708
2015-01-30,CBA02701.CS,0.19825937900169804
2015-01-30,AU9999.SGE,0.1911310719254475
2015-01-30,NH0100.NHF,0.18960806308094058
2015-02-06,000300.SH,0.21135094033674728
2015-02-06,000852.SH,0.17148708811567787
2015-02-06,CBA02701.CS,0.17235844682596058
2015-02-06,AU9999.SGE,0.23788505617365943
2015-02-06,NH0100.NHF,0.2069184675479548
2015-02-13,000300.SH,0.19575728867194603
2015-02-13,000852.SH,0.22234864574057225
2015-02-13,CBA02701.CS,0.2385786551480629
2015-02-13,AU9999.SGE,0.16118987432236123
2015-02-13,NH0100.NHF,0.18212553511705748
2015-02-20,000300.SH,0.2106528840242603
2015-02-20,000852.SH,0.2316361789621481
2015-02-20,CBA02701.CS,0.160495826374634
2015-02-20,AU9999.SGE,0.20882492638636818
2015-02-20,NH0100.NHF,0.18839018325258927
2015-02-27,000300.SH,0.1711974472638544
2015-02-27,000852.SH,0.191081827754478
2015-02-27,CBA02701.CS,0.20030326887532335
2015-02-27,AU9999.SGE,0.2304368014842536
2015-02-27,NH0100.NHF,0.20698065362209056
2015-03-06,000300.SH,0.17746536348273872
2015-03-06,000852.SH,0.2013030133059725
2015-03-06,CBA02701.CS,0.1941865346070109
2015-03-06,AU9999.SGE,0.24170956073238317
2015-03-06,NH0100.NHF,0.18533552687189456
2015-03-13,000300.SH,0.1813188337197203
2015-03-13,000852.SH,0.19859314651578505
2015-03-13,CBA02701.CS,0.21897302111163283
2015-03-13,AU9999.SGE,0.20479654547280507
2015-03-13,NH0100.NHF,0.19631845218005672
2015-03-20,000300.SH,0.287832541948905
2015-03-20,000852.SH,0.20044130290219825
2015-03-20,CBA02701.CS,0.18461981965353474
2015-03-20,AU9999.SGE,0.1689236313715512
2015-03-20,NH0100.NHF,0.15818270312381066
2015-03-27,000300.SH,0.22114700907852305
2015-03-27,000852.SH,0.2510416679859838
2015-03-27,CBA02701.CS,0.15277443957219047
2015-03-27,AU9999.SGE,0.20119725472551178
2015-03-27,NH0100.NHF,0.1738396276377908
2015-04-03,000300.SH,0.22166054871365096
2015-04-03,000852.SH,0.23101085950163952
2015-04-03,CBA02701.CS,0.15514901280543866
2015-04-03,AU9999.SGE,0.17061660465565504
2015-04-03,NH0100.NHF,0.22156297332361571
2015-04-10,000300.SH,0.202264863284695
2015-04-10,000852.SH,0.2710437335970523
2015-04-10,CBA02701.CS,0.18825547559077543
2015-04-10,AU9999.SGE,0.17379910619265568
2015-04-10,NH0100.NHF,0.1646368203348215
2015-04-17,000300.SH,0.165805897161057
2015-04-17,000852.SH,0.14571278124650627
2015-04-17,CBA02701.CS,0.16622629910607173
2015-04-17,AU9999.SGE,0.1924476833587281
2015-04-17,NH0100.NHF,0.32980733812763685
2015-04-24,000300.SH,0.16049099360130734
2015-04-24,000852.SH,0.14731935494111884
2015-04-24,CBA02701.CS,0.34674986293028137
2015-04-24,AU9999.SGE,0.19202737523899702
2015-04-24,NH0100.NHF,0.15341241228829525
2015-05-01,000300.SH,0.19416616578314497
2015-05-01,000852.SH,0.23390428981431607
2015-05-01,CBA02701.CS,0.21448696760857935
2015-05-01,AU9999.SGE,0.17832790330800546
2015-05-01,NH0100.NHF,0.17911467248595406
2015-05-08,000300.SH,0.19885424179944655
2015-05-08,000852.SH,0.21781516531223913
2015-05-08,CBA02701.CS,0.19852370929093305
2015-05-08,AU9999.SGE,0.16361286707168396
2015-05-08,NH0100.NHF,0.2211940155256972
2015-05-15,000300.SH,0.23982791462512776
2015-05-15,000852.SH,0.16791215952323232
2015-05-15,CBA02701.CS,0.18470605129643283
2015-05-15,AU9999.SGE,0.17609112017290823
2015-05-15,NH0100.NHF,0.23146275338229877
2015-05-22,000300.SH,0.22018676894022396
2015-05-22,000852.SH,0.17231690578422976
2015-05-22,CBA02701.CS,0.1906797568928709
2015-05-22,AU9999.SGE,0.18387334921665704
2015-05-22,NH0100.NHF,0.23294321816601832
2015-05-29,000300.SH,0.15515608146265358
2015-05-29,000852.SH,0.2587146912079712
2015-05-29,CBA02701.CS,0.22442902741986379
2015-05-29,AU9999.SGE,0.19592552005001476
2015-05-29,NH0100.NHF,0.16577467885949662
2015-06-05,000300.SH,0.18216680300160623
2015-06-05,000852.SH,0.30903449024416046
2015-06-05,CBA02701.CS,0.1802331395323577
2015-06-05,AU9999.SGE,0.1696038106347322
2015-06-05,NH0100.NHF,0.15896175558714326
2015-06-12,000300.SH,0.21445112981168088
2015-06-12,000852.SH,0.15953881789490976
2015-06-12,CBA02701.CS,0.21300191402418403
2015-06-12,AU9999.SGE,0.23261499199265803
2015-06-12,NH0100.NHF,0.18039314527656708
2015-06-19,000300.SH,0.20388192723635704
2015-06-19,000852.SH,0.3189301513293553
2015-06-19,CBA02701.CS,0.14269312665283018
2015-06-19,AU9999.SGE,0.1982273456168779
2015-06-19,NH0100.NHF,0.13626744816457945
2015-06-26,000300.SH,0.22331422522597183
2015-06-26,000852.SH,0.2526581821210642
2015-06-26,CBA02701.CS,0.2082085888294961
2015-06-26,AU9999.SGE,0.15400255915861424
2015-06-26,NH0100.NHF,0.16181644366485348
2015-07-03,000300.SH,0.1948973827314691
2015-07-03,000852.SH,0.18124924797657357
2015-07-03,CBA02701.CS,0.20904313647306447
2015-07-03,AU9999.SGE,0.20611880546697253
2015-07-03,NH0100.NHF,0.2086914263519203
2015-07-10,000300.SH,0.1963005211517918
2015-07-10,000852.SH,0.17964711907420333
2015-07-10,CBA02701.CS,0.16375171625270224
2015-07-10,AU9999.SGE,0.28788481995109394
2015-07-10,NH0100.NHF,0.1724158225702086
2015-07-17,000300.SH,0.16907887660269624
2015-07-17,000852.SH,0.2192742100824839
2015-07-17,CBA02701.CS,0.1919637296442032
2015-07-17,AU9999.SGE,0.1659506136556365
2015-07-17,NH0100.NHF,0.2537325690149801
2015-07-24,000300.SH,0.16492821252135811
2015-07-24,000852.SH,0.2413585575245622
2015-07-24,CBA02701.CS,0.226253555319266
2015-07-24,AU9999.SGE,0.1816435104874849
2015-07-24,NH0100.NHF,0.18581616314732874
2015-07-31,000300.SH,0.15158681213699082
2015-07-31,000852.SH,0.23586351927917967
2015-07-31,CBA02701.CS,0.21845805148869105
2015-07-31,AU9999.SGE,0.19274438871846086
2015-07-31,NH0100.NHF,0.20134722737667762
2015-08-07,000300.SH,0.15848091639974968
2015-08-07,000852.SH,0.24834244900137215
2015-08-07,CBA02701.CS,0.19306185967369388
2015-08-07,AU9999.SGE,0.19465641415459198
2015-08-07,NH0100.NHF,0.20545835977059232
2015-08-14,000300.SH,0.17997846459807748
2015-08-14,000852.SH,0.25568073030432154
2015-08-14,CBA02701.CS,0.1965728667520444
2015-08-14,AU9999.SGE,0.2094720000698918
2015-08-14,NH0100.NHF,0.1582959372756648
2015-08-21,000300.SH,0.18153415411863677
2015-08-21,000852.SH,0.19433076818275835
2015-08-21,CBA02701.CS,0.21029975170453355
2015-08-21,AU9999.SGE,0.22743524926800915
2015-08-21,NH0100.NHF,0.18640007572606207
2015-08-28,000300.SH,0.16947105583531413
2015-08-28,000852.SH,0.19906362699928207
2015-08-28,CBA02701.CS,0.20846946218212112
2015-08-28,AU9999.SGE,0.17385685263982903
2015-08-28,NH0100.NHF,0.2491390013434536
2015-09-04,000300.SH,0.1937366769104783
2015-09-04,000852.SH,0.18805153638529154
2015-09-04,CBA02701.CS,0.21262343552371396
2015-09-04,AU9999.SGE,0.2111314637038978
2015-09-04,NH0100.NHF,0.19445688647661846
2015-09-11,000300.SH,0.22058832382673285
2015-09-11,000852.SH,0.18230565484888567
2015-09-11,CBA02701.CS,0.1944675564077589
2015-09-11,AU9999.SGE,0.2110788215022729
2015-09-11,NH0100.NHF,0.19155964241434964
2015-09-18,000300.SH,0.2201553788751202
2015-09-18,000852.SH,0.16890493588236502
2015-09-18,CBA02701.CS,0.17781443594064217
2015-09-18,AU9999.SGE,0.2730444982001717
2015-09-18,NH0100.NHF,0.1600807501017009
2015-09-25,000300.SH,0.18269389628595645
2015-09-25,000852.SH,0.22299824146086142
2015-09-25,CBA02701.CS,0.18683038410559588
2015-09-25,AU9999.SGE,0.19183199591905364
2015-09-25,NH0100.NHF,0.2156454812285325
2015-10-02,000300.SH,0.25506615291025014
2015-10-02,000852.SH,0.1668568590168074
2015-10-02,CBA02701.CS,0.17333835696299585
2015-10-02,AU9999.SGE,0.22742794885225442
2015-10-02,NH0100.NHF,0.17731068125769214
2015-10-09,000300.SH,0.18091618725239092
2015-10-09,000852.SH,0.21414890053805408
2015-10-09,CBA02701.CS,0.17858864769961633
2015-10-09,AU9999.SGE,0.20118860643315506
2015-10-09,NH0100.NHF,0.22515765707678365
2015-10-16,000300.SH,0.2377025272069091
2015-10-16,000852.SH,0.16543183442455373
2015-10-16,CBA02701.CS,0.17753549237539293
2015-10-16,AU9999.SGE,0.22801058436077964
2015-10-16,NH0100.NHF,0.19131956063236458
2015-10-23,000300.SH,0.24760017253181263
2015-10-23,000852.SH,0.20760365342683
2015-10-23,CBA02701.CS,0.18252692465099207
2015-10-23,AU9999.SGE,0.1990773494504548
2015-10-23,NH0100.NHF,0.1631918989399104
2015-10-30,000300.SH,0.17287064690558174
2015-10-30,000852.SH,0.22327629605151558
2015-10-30,CBA02701.CS,0.14678727648848547
2015-10-30,AU9999.SGE,0.2750595454261863
2015-10-30,NH0100.NHF,0.1820062341282308
2015-11-06,000300.SH,0.22765075931027426
2015-11-06,000852.SH,0.1620988640378058
2015-11-06,CBA02701.CS,0.23119205688309102
2015-11-06,AU9999.SGE,0.1819461609410402
2015-11-06,NH0100.NHF,0.19711215782778857
2015-11-13,000300.SH,0.21803078102265924
2015-11-13,000852.SH,0.17580677731201017
2015-11-13,CBA02701.CS,0.2898156341600329
2015-11-13,AU9999.SGE,0.17765297817902653
2015-11-13,NH0100.NHF,0.13869382832627108
2015-11-20,000300.SH,0.1936797926892405
2015-11-20,000852.SH,0.27976399776078203
2015-11-20,CBA02701.CS,0.20106446936685834
2015-11-20,AU9999.SGE,0.15684206814211493
2015-11-20,NH0100.NHF,0.1686496710410041
2015-11-27,000300.SH,0.19075047881092125
2015-11-27,000852.SH,0.21749469694834492
2015-11-27,CBA02701.CS,0.19406948514029324
2015-11-27,AU9999.SGE,0.16289789413916944
2015-11-27,NH0100.NHF,0.2347874439612711
2015-12-04,000300.SH,0.1970324755588883
2015-12-04,000852.SH,0.1932696172821618
2015-12-04,CBA02701.CS,0.16701302828940945
2015-12-04,AU9999.SGE,0.23601741733385914
2015-12-04,NH0100.NHF,0.20666746053568122
2015-12-11,000300.SH,0.15487369231770742
2015-12-11,000852.SH,0.15726670356139102
2015-12-11,CBA02701.CS,0.20574976897048738
2015-12-11,AU9999.SGE,0.1689251475707365
2015-12-11,NH0100.NHF,0.3131846865796777
2015-12-18,000300.SH,0.2921233617135551
2015-12-18,000852.SH,0.20561142455274498
2015-12-18,CBA02701.CS,0.17391387416946252
2015-12-18,AU9999.SGE,0.16628695525160833
2015-12-18,NH0100.NHF,0.162064383312629
2015-12-25,000300.SH,0.26238593440922914
2015-12-25,000852.SH,0.18808060650380964
2015-12-25,CBA02701.CS,0.18153878841679125
2015-12-25,AU9999.SGE,0.19130469392017183
2015-12-25,NH0100.NHF,0.17668997574999798
2016-01-01,000300.SH,0.23651614840189691
2016-01-01,000852.SH,0.19771415916774449
2016-01-01,CBA02701.CS,0.20356456749357815
2016-01-01,AU9999.SGE,0.1653408480970775
2016-01-01,NH0100.NHF,0.19686427583970284
2016-01-08,000300.SH,0.18748547782143724
2016-01-08,000852.SH,0.19964774939875787
2016-01-08,CBA02701.CS,0.24093698710054023
2016-01-08,AU9999.SGE,0.20214329002850634
2016-01-08,NH0100.NHF,0.16978649465075843
2016-01-15,000300.SH,0.16107910024088584
2016-01-15,000852.SH,0.17096882883773246
2016-01-15,CBA02701.CS,0.20541145110890302
2016-01-15,AU9999.SGE,0.20421899873919
2016-01-15,NH0100.NHF,0.2583216200732886
2016-01-22,000300.SH,0.18933177385476718
2016-01-22,000852.SH,0.17497518206022894
2016-01-22,CBA02701.CS,0.21069878309299178
2016-01-22,AU9999.SGE,0.23784705711821608
2016-01-22,NH0100.NHF,0.18714720287379577
2016-01-29,000300.SH,0.17609855248848716
2016-01-29,000852.SH,0.17081929830069448
2016-01-29,CBA02701.CS,0.3159749085991205
2016-01-29,AU9999.SGE,0.1622182487277369
2016-01-29,NH0100.NHF,0.17488899088396093
2016-02-05,000300.SH,0.19515697302634868
2016-02-05,000852.SH,0.15956216738676746
2016-02-05,CBA02701.CS,0.22228919105165842
2016-02-05,AU9999.SGE,0.26194224939113836
2016-02-05,NH0100.NHF,0.16104941814408705
2016-02-12,000300.SH,0.19272133526599763
2016-02-12,000852.SH,0.20088556432745047
2016-02-12,CBA02701.CS,0.21676833693129596
2016-02-12,AU9999.SGE,0.21528737553090205
2016-02-12,NH0100.NHF,0.17433738694435386
2016-02-19,000300.SH,0.1741715584883236
2016-02-19,000852.SH,0.20073390009711026
2016-02-19,CBA02701.CS,0.15874914420278735
2016-02-19,AU9999.SGE,0.24058150253908908
2016-02-19,NH0100.NHF,0.22576389367268968
2016-02-26,000300.SH,0.19529414410449647
2016-02-26,000852.SH,0.19189988734632699
2016-02-26,CBA02701.CS,0.22630465328035534
2016-02-26,AU9999.SGE,0.21659520567813237
2016-02-26,NH0100.NHF,0.1699061085906888
2016-03-04,000300.SH,0.21844226291160015
2016-03-04,000852.SH,0.23079055005530666
2016-03-04,CBA02701.CS,0.17675718332019943
2016-03-04,AU9999.SGE,0.19537109318778728
2016-03-04,NH0100.NHF,0.17863890952510642
2016-03-11,000300.SH,0.2166889341261783
2016-03-11,000852.SH,0.15694565357828524
2016-03-11,CBA02701.CS,0.1487957420643413
2016-03-11,AU9999.SGE,0.3182172905616846
2016-03-11,NH0100.NHF,0.15935237866951052
2016-03-18,000300.SH,0.2119396830693174
2016-03-18,000852.SH,0.17880289261545207
2016-03-18,CBA02701.CS,0.21447354329298354
2016-03-18,AU9999.SGE,0.1590217163519538
2016-03-18,NH0100.NHF,0.23576216367029315
2016-03-25,000300.SH,0.18606088401741264
2016-03-25,000852.SH,0.19595569305096025
2016-03-25,CBA02701.CS,0.1949056001552271
2016-03-25,AU9999.SGE,0.16841637522906153
2016-03-25,NH0100.NHF,0.2546614465473386
2016-04-01,000300.SH,0.20440062107290963
2016-04-01,000852.SH,0.2710625879122242
2016-04-01,CBA02701.CS,0.16867597457242453
2016-04-01,AU9999.SGE,0.1794385122388713
2016-04-01,NH0100.NHF,0.17642230320357016
2016-04-08,000300.SH,0.1896622273193086
2016-04-08,000852.SH,0.22535041971878902
2016-04-08,CBA02701.CS,0.17115965781907871
2016-04-08,AU9999.SGE,0.1846026175064274
2016-04-08,NH0100.NHF,0.2292250766363962
2016-04-15,000300.SH,0.18732820179215487
2016-04-15,000852.SH,0.16802749406448
2016-04-15,CBA02701.CS,0.29057373183258917
2016-04-15,AU9999.SGE,0.17854060745936579
2016-04-15,NH0100.NHF,0.17552996385141012
2016-04-22,000300.SH,0.1699490777999347
2016-04-22,000852.SH,0.1713241644517471
2016-04-22,CBA02701.CS,0.2249776236536113
2016-04-22,AU9999.SGE,0.21533211608960734
2016-04-22,NH0100.NHF,0.2184170170050995
2016-04-29,000300.SH,0.15905519791687045
2016-04-29,000852.SH,0.21862328474283718
2016-04-29,CBA02701.CS,0.21541648944316433
2016-04-29,AU9999.SGE,0.19752728908751513
2016-04-29,NH0100.NHF,0.20937773780961283
2016-05-06,000300.SH,0.18070767592655765
2016-05-06,000852.SH,0.21278110805269534
2016-05-06,CBA02701.CS,0.20686594242901943
2016-05-06,AU9999.SGE,0.19700676992320346
2016-05-06,NH0100.NHF,0.202638502668524
2016-05-13,000300.SH,0.21942565903822456
2016-05-13,000852.SH,0.24089121843997535
2016-05-13,CBA02701.CS,0.1715737129044795
2016-05-13,AU9999.SGE,0.17647689084944
2016-05-13,NH0100.NHF,0.1916325177678807
2016-05-20,000300.SH,0.2143681356796941
2016-05-20,000852.SH,0.17781628252474319
2016-05-20,CBA02701.CS,0.18575614624316686
2016-05-20,AU9999.SGE,0.22920865276334354
2016-05-20,NH0100.NHF,0.19285078178905224
2016-05-27,000300.SH,0.19027018027832038
2016-05-27,000852.SH,0.17275217005309065
2016-05-27,CBA02701.CS,0.23494564334974205
2016-05-27,AU9999.SGE,0.2174656667409051
2016-05-27,NH0100.NHF,0.18456633857794175
2016-06-03,000300.SH,0.1944203774418334
2016-06-03,000852.SH,0.1724756963576739
2016-06-03,CBA02701.CS,0.19835528248880283
2016-06-03,AU9999.SGE,0.23534307404256027
2016-06-03,NH0100.NHF,0.19940556866912953
2016-06-10,000300.SH,0.16732079533867716
2016-06-10,000852.SH,0.2477934902784808
2016-06-10,CBA02701.CS,0.23364679379676243
2016-06-10,AU9999.SGE,0.17330276363880287
2016-06-10,NH0100.NHF,0.17793615594727674
2016-06-17,000300.SH,0.27940840451654086
2016-06-17,000852.SH,0.17001189127534339
2016-06-17,CBA02701.CS,0.18386168774737657
2016-06-17,AU9999.SGE,0.20122044554799282
2016-06-17,NH0100.NHF,0.1654975699127463
2016-06-24,000300.SH,0.1808755221296851
2016-06-24,000852.SH,0.23482803551376596
2016-06-24,CBA02701.CS,0.1614701512515357
2016-06-24,AU9999.SGE,0.23566464156317635
2016-06-24,NH0100.NHF,0.18716164854183687
2016-07-01,000300.SH,0.195725341897399
2016-07-01,000852.SH,0.17602591958216968
2016-07-01,CBA02701.CS,0.19418307172842192
2016-07-01,AU9999.SGE,0.222590662507889
2016-07-01,NH0100.NHF,0.2114750032841203
2016-07-08,000300.SH,0.168005571035373
2016-07-08,000852.SH,0.2841339875491883
2016-07-08,CBA02701.CS,0.18451938813430607
2016-07-08,AU9999.SGE,0.21037376451036935
2016-07-08,NH0100.NHF,0.15296728777076335
2016-07-15,000300.SH,0.1996653383009124
2016-07-15,000852.SH,0.19859582538059364
2016-07-15,CBA02701.CS,0.2029442585328612
2016-07-15,AU9999.SGE,0.2041113995369687
2016-07-15,NH0100.NHF,0.19468317724866413
2016-07-22,000300.SH,0.19054354420226835
2016-07-22,000852.SH,0.2614644850164818
2016-07-22,CBA02701.CS,0.1718549660465645
2016-07-22,AU9999.SGE,0.17609243499648405
2016-07-22,NH0100.NHF,0.20004456873820126
2016-07-29,000300.SH,0.18186472068565945
2016-07-29,000852.SH,0.2172533057024425
2016-07-29,CBA02701.CS,0.1755336781681612
2016-07-29,AU9999.SGE,0.2187292183471686
2016-07-29,NH0100.NHF,0.20661907609656813
2016-08-05,000300.SH,0.1822184559824537
2016-08-05,000852.SH,0.19980102158404126
2016-08-05,CBA02701.CS,0.21825952160728004
2016-08-05,AU9999.SGE,0.17622924513775168
2016-08-05,NH0100.NHF,0.22349175468847346
2016-08-12,000300.SH,0.21631259793769947
2016-08-12,000852.SH,0.19514751922926776
2016-08-12,CBA02701.CS,0.22728377613942702
2016-08-12,AU9999.SGE,0.1959039461677011
2016-08-12,NH0100.NHF,0.16535215952590482
2016-08-19,000300.SH,0.19208716318114966
2016-08-19,000852.SH,0.16234601096931184
2016-08-19,CBA02701.CS,0.16224780883695952
2016-08-19,AU9999.SGE,0.17091578874469282
2016-08-19,NH0100.NHF,0.3124032272678861
2016-08-26,000300.SH,0.2166734077309935
2016-08-26,000852.SH,0.18359416341802545
2016-08-26,CBA02701.CS,0.18833893137743773
2016-08-26,AU9999.SGE,0.20980891716254685
2016-08-26,NH0100.NHF,0.20158457931099644
2016-09-02,000300.SH,0.16757785113773638
2016-09-02,000852.SH,0.24908029775608695
2016-09-02,CBA02701.CS,0.16701525914388854
2016-09-02,AU9999.SGE,0.21210330225754392
2016-09-02,NH0100.NHF,0.20422328870474432
2016-09-09,000300.SH,0.18242912057726593
2016-09-09,000852.SH,0.18929534179267704
2016-09-09,CBA02701.CS,0.2749432267242158
2016-09-09,AU9999.SGE,0.1855039857247213
2016-09-09,NH0100.NHF,0.16782832418111998
2016-09-16,000300.SH,0.16916549190614263
2016-09-16,000852.SH,0.22924152574883258
2016-09-16,CBA02701.CS,0.19658173069607848
2016-09-16,AU9999.SGE,0.21697023381842903
2016-09-16,NH0100.NHF,0.18804101683051722
2016-09-23,000300.SH,0.19228618116254015
2016-09-23,000852.SH,0.20896980351891684
2016-09-23,CBA02701.CS,0.18944229201996057
2016-09-23,AU9999.SGE,0.2097283732616838
2016-09-23,NH0100.NHF,0.1995733490368986
2016-09-30,000300.SH,0.17502822710557078
2016-09-30,000852.SH,0.275289992864809
2016-09-30,CBA02701.CS,0.16329971718286113
2016-09-30,AU9999.SGE,0.19370661771457132
2016-09-30,NH0100.NHF,0.19267544413218785
2016-10-07,000300.SH,0.19518474547725573
2016-10-07,000852.SH,0.20725429127850212
2016-10-07,CBA02701.CS,0.19383754471695153
2016-10-07,AU9999.SGE,0.19471623639137886
2016-10-07,NH0100.NHF,0.20900718113591177
2016-10-14,000300.SH,0.20474725400987964
2016-10-14,000852.SH,0.176716254930139
2016-10-14,CBA02701.CS,0.24354408858450097
2016-10-14,AU9999.SGE,0.22462590326302867
2016-10-14,NH0100.NHF,0.1503664982124517
2016-10-21,000300.SH,0.2048401734447931
2016-10-21,000852.SH,0.201968503869255
2016-10-21,CBA02701.CS,0.20163692194605984
2016-10-21,AU9999.SGE,0.199555324723501
2016-10-21,NH0100.NHF,0.191999075016391
2016-10-28,000300.SH,0.2437311438645565
2016-10-28,000852.SH,0.1892636970195683
2016-10-28,CBA02701.CS,0.15798644822482882
2016-10-28,AU9999.SGE,0.17052838501716436
2016-10-28,NH0100.NHF,0.23849032487388197
2016-11-04,000300.SH,0.20907742246868397
2016-11-04,000852.SH,0.206195157552578
2016-11-04,CBA02701.CS,0.17995475000279512
2016-11-04,AU9999.SGE,0.18372900557717153
2016-11-04,NH0100.NHF,0.2210436633987714
2016-11-11,000300.SH,0.16999120396902442
2016-11-11,000852.SH,0.25946020776831485
2016-11-11,CBA02701.CS,0.20370967493404124
2016-11-11,AU9999.SGE,0.17934217272212316
2016-11-11,NH0100.NHF,0.18749673960649646
2016-11-18,000300.SH,0.23948531140227686
2016-11-18,000852.SH,0.16978889249493193
2016-11-18,CBA02701.CS,0.21319214363904285
2016-11-18,AU9999.SGE,0.1852186838012171
2016-11-18,NH0100.NHF,0.19231496766253126
2016-11-25,000300.SH,0.22302861002865776
2016-11-25,000852.SH,0.17856655937254012
2016-11-25,CBA02701.CS,0.20412395801866637
2016-11-25,AU9999.SGE,0.17635373504605464
2016-11-25,NH0100.NHF,0.21792713653408108
2016-12-02,000300.SH,0.2048675340321618
2016-12-02,000852.SH,0.17675035847339224
2016-12-02,CBA02701.CS,0.19204895232514735
2016-12-02,AU9999.SGE,0.23168686060160937
2016-12-02,NH0100.NHF,0.19464629356768917
2016-12-09,000300.SH,0.22504805002127973
2016-12-09,000852.SH,0.18538696724123255
2016-12-09,CBA02701.CS,0.18235138054363284
2016-12-09,AU9999.SGE,0.21631656673986555
2016-12-09,NH0100.NHF,0.19089703445398928
2016-12-16,000300.SH,0.23377553455529765
2016-12-16,000852.SH,0.18128973236950605
2016-12-16,CBA02701.CS,0.21601895556834402
2016-12-16,AU9999.SGE,0.1945550313528488
2016-12-16,NH0100.NHF,0.17436074515400332
2016-12-23,000300.SH,0.2036792392299549
2016-12-23,000852.SH,0.1966741512631074
2016-12-23,CBA02701.CS,0.2112746320367235
2016-12-23,AU9999.SGE,0.1777775265066733
2016-12-23,NH0100.NHF,0.2105944499635409
2016-12-30,000300.SH,0.20404981843037293
2016-12-30,000852.SH,0.1951749165305398
2016-12-30,CBA02701.CS,0.1911430797454419
2016-12-30,AU9999.SGE,0.2129944288528389
2016-12-30,NH0100.NHF,0.19663775544080622
2017-01-06,000300.SH,0.217035523225262
2017-01-06,000852.SH,0.2203029230883775
2017-01-06,CBA02701.CS,0.1810298567064741
2017-01-06,AU9999.SGE,0.18525378953467653
2017-01-06,NH0100.NHF,0.19637790644520983
2017-01-13,000300.SH,0.3081589767742872
2017-01-13,000852.SH,0.18416360748140329
2017-01-13,CBA02701.CS,0.1555833738319475
2017-01-13,AU9999.SGE,0.16220553885778144
2017-01-13,NH0100.NHF,0.18988850205458055
2017-01-20,000300.SH,0.1608228411585443
2017-01-20,000852.SH,0.25749984721881874
2017-01-20,CBA02701.CS,0.21660519630003125
2017-01-20,AU9999.SGE,0.18521306216723415
2017-01-20,NH0100.NHF,0.1798590521553715
2017-01-27,000300.SH,0.27509619845881195
2017-01-27,000852.SH,0.207323547630731
2017-01-27,CBA02701.CS,0.16867480912892338
2017-01-27,AU9999.SGE,0.16514246903213692
2017-01-27,NH0100.NHF,0.18376297474939676
2017-02-03,000300.SH,0.1722506077288548
2017-02-03,000852.SH,0.165323863866022
2017-02-03,CBA02701.CS,0.1649423375365095
2017-02-03,AU9999.SGE,0.333426903469728
2017-02-03,NH0100.NHF,0.1640562863988859
2017-02-10,000300.SH,0.23540540493411768
2017-02-10,000852.SH,0.19219390222906263
2017-02-10,CBA02701.CS,0.1823564939944352
2017-02-10,AU9999.SGE,0.19165251587330562
2017-02-10,NH0100.NHF,0.19839168196907875
2017-02-17,000300.SH,0.2164537697187173
2017-02-17,000852.SH,0.17690550831533186
2017-02-17,CBA02701.CS,0.17615748269731804
2017-02-17,AU9999.SGE,0.19582545518070235
2017-02-17,NH0100.NHF,0.23465778308793056
2017-02-24,000300.SH,0.179576168358576
2017-02-24,000852.SH,0.17658375345839483
2017-02-24,CBA02701.CS,0.18840522187055173
2017-02-24,AU9999.SGE,0.19314391652433358
2017-02-24,NH0100.NHF,0.2622909387881438
2017-03-03,000300.SH,0.17420744732029492
2017-03-03,000852.SH,0.24159296489351428
2017-03-03,CBA02701.CS,0.20288534925838814
2017-03-03,AU9999.SGE,0.17062750463579357
2017-03-03,NH0100.NHF,0.21068673289200898
2017-03-10,000300.SH,0.1777819977042942
2017-03-10,000852.SH,0.25646716385800883
2017-03-10,CBA02701.CS,0.17463992200848655
2017-03-10,AU9999.SGE,0.16437751249221702
2017-03-10,NH0100.NHF,0.2267334029369934
2017-03-17,000300.SH,0.1900981689426225
2017-03-17,000852.SH,0.18240780346460214
2017-03-17,CBA02701.CS,0.22752635362855964
2017-03-17,AU9999.SGE,0.19090636293211685
2017-03-17,NH0100.NHF,0.2090613100320988
2017-03-24,000300.SH,0.16901814282050356
2017-03-24,000852.SH,0.17601710350585853
2017-03-24,CBA02701.CS,0.2625934392998828
2017-03-24,AU9999.SGE,0.20660154363544986
2017-03-24,NH0100.NHF,0.18576976973830517
2017-03-31,000300.SH,0.19765763247250664
2017-03-31,000852.SH,0.20418641223663933
2017-03-31,CBA02701.CS,0.2062175979829788
2017-03-31,AU9999.SGE,0.17931377081635624
2017-03-31,NH0100.NHF,0.21262458549151894
2017-04-07,000300.SH,0.18391531219501883
2017-04-07,000852.SH,0.1813917904620183
2017-04-07,CBA02701.CS,0.23394700150296188
2017-04-07,AU9999.SGE,0.1883550311003782
2017-04-07,NH0100.NHF,0.21239086373962268
2017-04-14,000300.SH,0.1855492343068511
2017-04-14,000852.SH,0.20423568429419472
2017-04-14,CBA02701.CS,0.23172584929857415
2017-04-14,AU9999.SGE,0.17471712512591828
2017-04-14,NH0100.NHF,0.20377210597446174
2017-04-21,000300.SH,0.17544123785048707
2017-04-21,000852.SH,0.22289677318796236
2017-04-21,CBA02701.CS,0.19700681853405513
2017-04-21,AU9999.SGE,0.19086946551712652
2017-04-21,NH0100.NHF,0.2137857039103689
2017-04-28,000300.SH,0.1499634804405877
2017-04-28,000852.SH,0.19676694150352833
2017-04-28,CBA02701.CS,0.20380469164767445
2017-04-28,AU9999.SGE,0.18669470488792628
2017-04-28,NH0100.NHF,0.26277018052028317
2017-05-05,000300.SH,0.16846534616320913
2017-05-05,000852.SH,0.23422521869325508
2017-05-05,CBA02701.CS,0.17070452125264254
2017-05-05,AU9999.SGE,0.19430234143866615
2017-05-05,NH0100.NHF,0.23230257145222702
2017-05-12,000300.SH,0.23975712230605503
2017-05-12,000852.SH,0.19665642098837874
2017-05-12,CBA02701.CS,0.19684732001946084
2017-05-12,AU9999.SGE,0.1956234536994976
2017-05-12,NH0100.NHF,0.1711156819866077
2017-05-19,000300.SH,0.17343902845583142
2017-05-19,000852.SH,0.227346441072237
2017-05-19,CBA02701.CS,0.18022847192138708
2017-05-19,AU9999.SGE,0.21286680636067298
2017-05-19,NH0100.NHF,0.20611925118987137
2017-05-26,000300.SH,0.2247659942398777
2017-05-26,000852.SH,0.20728906941657613
2017-05-26,CBA02701.CS,0.2050205212083218
2017-05-26,AU9999.SGE,0.1717014565719206
2017-05-26,NH0100.NHF,0.19122295756330376
2017-06-02,000300.SH,0.16756668096053523
2017-06-02,000852.SH,0.27609369751245416
2017-06-02,CBA02701.CS,0.16116187036781116
2017-06-02,AU9999.SGE,0.17371216772995085
2017-06-02,NH0100.NHF,0.22146558242924858
2017-06-09,000300.SH,0.22379562602149994
2017-06-09,000852.SH,0.20285431035591991
2017-06-09,CBA02701.CS,0.2079993874503097
2017-06-09,AU9999.SGE,0.1821257645603587
2017-06-09,NH0100.NHF,0.18322491061191185
2017-06-16,000300.SH,0.16549307552650727
2017-06-16,000852.SH,0.18302393431580313
2017-06-16,CBA02701.CS,0.20632751134823932
2017-06-16,AU9999.SGE,0.26586509550881254
2017-06-16,NH0100.NHF,0.17929038230063785
2017-06-23,000300.SH,0.17427848903994483
2017-06-23,000852.SH,0.20182666074105746
2017-06-23,CBA02701.CS,0.19978281073084347
2017-06-23,AU9999.SGE,0.21397688393884767
2017-06-23,NH0100.NHF,0.21013515454930648
2017-06-30,000300.SH,0.19704398559565167
2017-06-30,000852.SH,0.2306020968909621
2017-06-30,CBA02701.CS,0.16177929543758257
2017-06-30,AU9999.SGE,0.22426852455142804
2017-06-30,NH0100.NHF,0.18630609652437563
2017-07-07,000300.SH,0.20991945380710716
2017-07-07,000852.SH,0.19381255404773984
2017-07-07,CBA02701.CS,0.16918976448072015
2017-07-07,AU9999.SGE,0.19036306701578468
2017-07-07,NH0100.NHF,0.2367151596486481
2017-07-14,000300.SH,0.19544377012676792
2017-07-14,000852.SH,0.21007024432591678
2017-07-14,CBA02701.CS,0.22047319545776708
2017-07-14,AU9999.SGE,0.19801729202904367
2017-07-14,NH0100.NHF,0.1759954970605044
2017-07-21,000300.SH,0.2047705951958861
2017-07-21,000852.SH,0.20318568561980427
2017-07-21,CBA02701.CS,0.16023531777248443
2017-07-21,AU9999.SGE,0.20403618455368958
2017-07-21,NH0100.NHF,0.22777221585813556
2017-07-28,000300.SH,0.2521258300506517
2017-07-28,000852.SH,0.19145658055182715
2017-07-28,CBA02701.CS,0.204500710542412
2017-07-28,AU9999.SGE,0.18381479610735416
2017-07-28,NH0100.NHF,0.1681020817477549
2017-08-04,000300.SH,0.19694525522032622
2017-08-04,000852.SH,0.1802790180012666
2017-08-04,CBA02701.CS,0.19127745965874152
2017-08-04,AU9999.SGE,0.20253906350182457
2017-08-04,NH0100.NHF,0.228959202617841
2017-08-11,000300.SH,0.18351440453805956
2017-08-11,000852.SH,0.20279899967561751
2017-08-11,CBA02701.CS,0.19532019295153163
2017-08-11,AU9999.SGE,0.23411997604831816
2017-08-11,NH0100.NHF,0.18424642578647307
2017-08-18,000300.SH,0.19251511539032132
2017-08-18,000852.SH,0.182963840203299
2017-08-18,CBA02701.CS,0.22776807298272583
2017-08-18,AU9999.SGE,0.19561144082340887
2017-08-18,NH0100.NHF,0.20114152960024484
2017-08-25,000300.SH,0.18932084117579048
2017-08-25,000852.SH,0.21195154548160128
2017-08-25,CBA02701.CS,0.18878604375649502
2017-08-25,AU9999.SGE,0.2096693786809513
2017-08-25,NH0100.NHF,0.20027218990516182
2017-09-01,000300.SH,0.19630578912628335
2017-09-01,000852.SH,0.19264447267706367
2017-09-01,CBA02701.CS,0.2256987483792068
2017-09-01,AU9999.SGE,0.20043767765335221
2017-09-01,NH0100.NHF,0.18491331116409387
2017-09-08,000300.SH,0.20317131996136467
2017-09-08,000852.SH,0.16550843030121412
2017-09-08,CBA02701.CS,0.1799316809792985
2017-09-08,AU9999.SGE,0.2285897096622546
2017-09-08,NH0100.NHF,0.222798858095868
2017-09-15,000300.SH,0.18588402982947594
2017-09-15,000852.SH,0.19099151811089596
2017-09-15,CBA02701.CS,0.22131484013810876
2017-09-15,AU9999.SGE,0.19765162422246058
2017-09-15,NH0100.NHF,0.20415798669905882
2017-09-22,000300.SH,0.18970417373237214
2017-09-22,000852.SH,0.17089040466469382
2017-09-22,CBA02701.CS,0.18148654590291824
2017-09-22,AU9999.SGE,0.24396572648313258
2017-09-22,NH0100.NHF,0.2139531482168832
2017-09-29,000300.SH,0.2208156009128581
2017-09-29,000852.SH,0.19877583474444302
2017-09-29,CBA02701.CS,0.17868787554144033
2017-09-29,AU9999.SGE,0.194165434494237
2017-09-29,NH0100.NHF,0.20755525330702143
2017-10-06,000300.SH,0.20270456664402853
2017-10-06,000852.SH,0.2320220404606469
2017-10-06,CBA02701.CS,0.18193639818562612
2017-10-06,AU9999.SGE,0.19803280504998624
2017-10-06,NH0100.NHF,0.1853041886597121
2017-10-13,000300.SH,0.17704147681667215
2017-10-13,000852.SH,0.1936295496642617
2017-10-13,CBA02701.CS,0.23818052250583233
2017-10-13,AU9999.SGE,0.18104836107475442
2017-10-13,NH0100.NHF,0.21010008893847948
2017-10-20,000300.SH,0.18081367406677787
2017-10-20,000852.SH,0.17552488089069593
2017-10-20,CBA02701.CS,0.2373263890965197
2017-10-20,AU9999.SGE,0.20638420815675368
2017-10-20,NH0100.NHF,0.19995084678925276
2017-10-27,000300.SH,0.26557709880531866
2017-10-27,000852.SH,0.1616227277948795
2017-10-27,CBA02701.CS,0.18421448839190083
2017-10-27,AU9999.SGE,0.20289756456011646
2017-10-27,NH0100.NHF,0.1856881194477845
2017-11-03,000300.SH,0.25000921116304337
2017-11-03,000852.SH,0.17135550115135026
2017-11-03,CBA02701.CS,0.18504725154381452
2017-11-03,AU9999.SGE,0.19594086992111795
2017-11-03,NH0100.NHF,0.19764716522067388
2017-11-10,000300.SH,0.19978815869240518
2017-11-10,000852.SH,0.17896674319236242
2017-11-10,CBA02701.CS,0.26676485869902095
2017-11-10,AU9999.SGE,0.18423643254284136
2017-11-10,NH0100.NHF,0.17024380587337007
2017-11-17,000300.SH,0.17642968120663
2017-11-17,000852.SH,0.23237315502310682
2017-11-17,CBA02701.CS,0.20188025071213847
2017-11-17,AU9999.SGE,0.1771482183388283
2017-11-17,NH0100.NHF,0.21216869371929634
2017-11-24,000300.SH,0.21768511446692246
2017-11-24,000852.SH,0.19774070249868297
2017-11-24,CBA02701.CS,0.17029734338254968
2017-11-24,AU9999.SGE,0.20780591806223664
2017-11-24,NH0100.NHF,0.20647092058960803
2017-12-01,000300.SH,0.2391466673882861
2017-12-01,000852.SH,0.2128643143836086
2017-12-01,CBA02701.CS,0.16874446925075434
2017-12-01,AU9999.SGE,0.17505103557877474
2017-12-01,NH0100.NHF,0.20419351239857617
2017-12-08,000300.SH,0.19883008015820705
2017-12-08,000852.SH,0.2403025507404458
2017-12-08,CBA02701.CS,0.2015605934414566
2017-12-08,AU9999.SGE,0.18143668320331863
2017-12-08,NH0100.NHF,0.1778700914565719
2017-12-15,000300.SH,0.22715242910697522
2017-12-15,000852.SH,0.19637831709626666
2017-12-15,CBA02701.CS,0.16822835248069984
2017-12-15,AU9999.SGE,0.1907579004726029
2017-12-15,NH0100.NHF,0.21748299984345532
2017-12-22,000300.SH,0.2593174611364596
2017-12-22,000852.SH,0.17182096324406046
2017-12-22,CBA02701.CS,0.18362190967946918
2017-12-22,AU9999.SGE,0.1675857584493226
2017-12-22,NH0100.NHF,0.2176539064906882
2017-12-29,000300.SH,0.17746467928869167
2017-12-29,000852.SH,0.22004357618668163
2017-12-29,CBA02701.CS,0.1887799554055796
2017-12-29,AU9999.SGE,0.18291448157331322
2017-12-29,NH0100.NHF,0.23079730654573388
2018-01-05,000300.SH,0.1858477482296815
2018-01-05,000852.SH,0.27391845233641515
2018-01-05,CBA02701.CS,0.19470248152201636
2018-01-05,AU9999.SGE,0.1690068955316955
2018-01-05,NH0100.NHF,0.17652442138019142
2018-01-12,000300.SH,0.19896127448974246
2018-01-12,000852.SH,0.19792093263269023
2018-01-12,CBA02701.CS,0.22147068270393194
2018-01-12,AU9999.SGE,0.1861743936866504
2018-01-12,NH0100.NHF,0.1954727154869849
2018-01-19,000300.SH,0.17273806750563092
2018-01-19,000852.SH,0.257802083678114
2018-01-19,CBA02701.CS,0.18638157287330365
2018-01-19,AU9999.SGE,0.1850823412217277
2018-01-19,NH0100.NHF,0.19799593372122348
2018-01-26,000300.SH,0.20804225649107988
2018-01-26,000852.SH,0.182646378529794
2018-01-26,CBA02701.CS,0.21629915664314614
2018-01-26,AU9999.SGE,0.21683785597408956
2018-01-26,NH0100.NHF,0.17617435136189039
2018-02-02,000300.SH,0.20111281940277909
2018-02-02,000852.SH,0.17351259873654332
2018-02-02,CBA02701.CS,0.2072429025783897
2018-02-02,AU9999.SGE,0.2356335660923852
2018-02-02,NH0100.NHF,0.1824981121899026
2018-02-09,000300.SH,0.1873311438232038
2018-02-09,000852.SH,0.2328630212587177
2018-02-09,CBA02701.CS,0.20316289633569465
2018-02-09,AU9999.SGE,0.16608608517969686
2018-02-09,NH0100.NHF,0.21055685240268698
2018-02-16,000300.SH,0.17721471275230136
2018-02-16,000852.SH,0.15231060394702506
2018-02-16,CBA02701.CS,0.32216634194957344
2018-02-16,AU9999.SGE,0.15675020457115243
2018-02-16,NH0100.NHF,0.1915581357799478
2018-02-23,000300.SH,0.20124289358765549
2018-02-23,000852.SH,0.19848771421526445
2018-02-23,CBA02701.CS,0.20904236144492397
2018-02-23,AU9999.SGE,0.21308631492543095
2018-02-23,NH0100.NHF,0.17814071482672492
2018-03-02,000300.SH,0.1898390411253918
2018-03-02,000852.SH,0.19743933928183316
2018-03-02,CBA02701.CS,0.1585569790806664
2018-03-02,AU9999.SGE,0.28858584571875956
2018-03-02,NH0100.NHF,0.1655787937933489
2018-03-09,000300.SH,0.17456663336540496
2018-03-09,000852.SH,0.23230272011604464
2018-03-09,CBA02701.CS,0.16165426588343554
2018-03-09,AU9999.SGE,0.18796825442727577
2018-03-09,NH0100.NHF,0.24350812520783904
2018-03-16,000300.SH,0.2545486680546558
2018-03-16,000852.SH,0.18114286713269323
2018-03-16,CBA02701.CS,0.18575665027205332
2018-03-16,AU9999.SGE,0.17576444543990924
2018-03-16,NH0100.NHF,0.20278736810068826
2018-03-23,000300.SH,0.20892523068152355
2018-03-23,000852.SH,0.19889169420911076
2018-03-23,CBA02701.CS,0.187370651646121
2018-03-23,AU9999.SGE,0.2021724051634195
2018-03-23,NH0100.NHF,0.20264001729982511
2018-03-30,000300.SH,0.21033805710266168
2018-03-30,000852.SH,0.1737772734411349
2018-03-30,CBA02701.CS,0.22634944434880247
2018-03-30,AU9999.SGE,0.17980545328862416
2018-03-30,NH0100.NHF,0.20972977081877675
2018-04-06,000300.SH,0.22074091625367165
2018-04-06,000852.SH,0.221739119731325
2018-04-06,CBA02701.CS,0.18746803103932963
2018-04-06,AU9999.SGE,0.18152809783901835
2018-04-06,NH0100.NHF,0.1885238341366553
2018-04-13,000300.SH,0.20796564112427224
2018-04-13,000852.SH,0.18885866698819664
2018-04-13,CBA02701.CS,0.19359994059947677
2018-04-13,AU9999.SGE,0.20479195510261128
2018-04-13,NH0100.NHF,0.2047837951854431
2018-04-20,000300.SH,0.18109213335987073
2018-04-20,000852.SH,0.2117414574725398
2018-04-20,CBA02701.CS,0.22906296712985838
2018-04-20,AU9999.SGE,0.1704584108923967
2018-04-20,NH0100.NHF,0.20764503014533423
2018-04-27,000300.SH,0.23763413547441323
2018-04-27,000852.SH,0.2111324279938758
2018-04-27,CBA02701.CS,0.1792254528777114
2018-04-27,AU9999.SGE,0.19852606273058515
2018-04-27,NH0100.NHF,0.1734819199234144
2018-05-04,000300.SH,0.20458449784676006
2018-05-04,000852.SH,0.2011856951554312
2018-05-04,CBA02701.CS,0.18663150225666256
2018-05-04,AU9999.SGE,0.2003844023642644
2018-05-04,NH0100.NHF,0.20721390137688167
2018-05-11,000300.SH,0.17273101763221602
2018-05-11,000852.SH,0.221660002726771
2018-05-11,CBA02701.CS,0.18242051814948507
2018-05-11,AU9999.SGE,0.22830308588787712
2018-05-11,NH0100.NHF,0.1948853746036508
2018-05-18,000300.SH,0.21292359422826476
2018-05-18,000852.SH,0.21434754517636784
2018-05-18,CBA02701.CS,0.1983894503760395
2018-05-18,AU9999.SGE,0.17490845936923255
2018-05-18,NH0100.NHF,0.1994309498500952
2018-05-25,000300.SH,0.19183448637241757
2018-05-25,000852.SH,0.21220146530940548
2018-05-25,CBA02701.CS,0.19213257768311578
2018-05-25,AU9999.SGE,0.18376091310704684
2018-05-25,NH0100.NHF,0.22007055652801427
2018-06-01,000300.SH,0.21783150307263893
2018-06-01,000852.SH,0.19531588778824147
2018-06-01,CBA02701.CS,0.1951013669908216
2018-06-01,AU9999.SGE,0.19830508339891018
2018-06-01,NH0100.NHF,0.1934461577493878
2018-06-08,000300.SH,0.1804014598591369
2018-06-08,000852.SH,0.2428331363784207
2018-06-08,CBA02701.CS,0.18214633887108167
2018-06-08,AU9999.SGE,0.18788191690276373
2018-06-08,NH0100.NHF,0.2067371469885971
2018-06-15,000300.SH,0.20918468022805828
2018-06-15,000852.SH,0.18062125946864083
2018-06-15,CBA02701.CS,0.19847689076089314
2018-06-15,AU9999.SGE,0.19101513581850119
2018-06-15,NH0100.NHF,0.2207020327239065
2018-06-22,000300.SH,0.17046367242908644
2018-06-22,000852.SH,0.17690523511519246
2018-06-22,CBA02701.CS,0.19406176371270037
2018-06-22,AU9999.SGE,0.2415125657714322
2018-06-22,NH0100.NHF,0.21705676197158863
2018-06-29,000300.SH,0.2217175405394834
2018-06-29,000852.SH,0.2029034110635092
2018-06-29,CBA02701.CS,0.18997534680771064
2018-06-29,AU9999.SGE,0.17838967467186162
2018-06-29,NH0100.NHF,0.20701402591743506
2018-07-06,000300.SH,0.19063355854751776
2018-07-06,000852.SH,0.2310882221911448
2018-07-06,CBA02701.CS,0.21288550808809245
2018-07-06,AU9999.SGE,0.17258080218760102
2018-07-06,NH0100.NHF,0.1928119079856437
2018-07-13,000300.SH,0.18696537718330683
2018-07-13,000852.SH,0.1824255520725788
2018-07-13,CBA02701.CS,0.1841070920317281
2018-07-13,AU9999.SGE,0.263565608214673
2018-07-13,NH0100.NHF,0.1829363694977132
2018-07-20,000300.SH,0.18252195541639607
2018-07-20,000852.SH,0.20731300576566505
2018-07-20,CBA02701.CS,0.18886107468727018
2018-07-20,AU9999.SGE,0.20185709402937954
2018-07-20,NH0100.NHF,0.21944686910128908
2018-07-27,000300.SH,0.22483575643965134
2018-07-27,000852.SH,0.1746685874626231
2018-07-27,CBA02701.CS,0.23311814361463257
2018-07-27,AU9999.SGE,0.19818433864097734
2018-07-27,NH0100.NHF,0.1691931728421156
2018-08-03,000300.SH,0.18319151225797642
2018-08-03,000852.SH,0.17919880922252548
2018-08-03,CBA02701.CS,0.20157638032785555
2018-08-03,AU9999.SGE,0.23146896792578714
2018-08-03,NH0100.NHF,0.20456432926585535
2018-08-10,000300.SH,0.18466339042802718
2018-08-10,000852.SH,0.22193355841293602
2018-08-10,CBA02701.CS,0.20133801014939565
2018-08-10,AU9999.SGE,0.19328890720939298
2018-08-10,NH0100.NHF,0.19877613280024808
2018-08-17,000300.SH,0.19492901764833528
2018-08-17,000852.SH,0.208208608286361
2018-08-17,CBA02701.CS,0.18298836283210068
2018-08-17,AU9999.SGE,0.18594401311138237
2018-08-17,NH0100.NHF,0.22792999712182055
2018-08-24,000300.SH,0.1554075509126712
2018-08-24,000852.SH,0.1751622484676552
2018-08-24,CBA02701.CS,0.1714750805377571
2018-08-24,AU9999.SGE,0.30201968513809757
2018-08-24,NH0100.NHF,0.1959354339438188
2018-08-31,000300.SH,0.18874231867994068
2018-08-31,000852.SH,0.1917721578243378
2018-08-31,CBA02701.CS,0.23012443142561476
2018-08-31,AU9999.SGE,0.1990524235310301
2018-08-31,NH0100.NHF,0.19030866753907663
2018-09-07,000300.SH,0.21784911992979913
2018-09-07,000852.SH,0.18053824969860213
2018-09-07,CBA02701.CS,0.2139507736052207
2018-09-07,AU9999.SGE,0.19097043042425368
2018-09-07,NH0100.NHF,0.19669142534212436
2018-09-14,000300.SH,0.2380834002825802
2018-09-14,000852.SH,0.2134247939197473
2018-09-14,CBA02701.CS,0.18798096342195736
2018-09-14,AU9999.SGE,0.16414486236293513
2018-09-14,NH0100.NHF,0.19636597901277986
2018-09-21,000300.SH,0.18552416803189675
2018-09-21,000852.SH,0.1840440038576777
2018-09-21,CBA02701.CS,0.19579102629887615
2018-09-21,AU9999.SGE,0.22764684589624753
2018-09-21,NH0100.NHF,0.2069939549153016
2018-09-28,000300.SH,0.1853872287902942
2018-09-28,000852.SH,0.19404481464828402
2018-09-28,CBA02701.CS,0.1996597876196792
2018-09-28,AU9999.SGE,0.22938392494191562
2018-09-28,NH0100.NHF,0.19152424299982687
2018-10-05,000300.SH,0.19902250953042042
2018-10-05,000852.SH,0.16929609795681472
2018-10-05,CBA02701.CS,0.25198940278007154
2018-10-05,AU9999.SGE,0.18894090572387848
2018-10-05,NH0100.NHF,0.19075108300881474
2018-10-12,000300.SH,0.21152513996067326
2018-10-12,000852.SH,0.18145915469829396
2018-10-12,CBA02701.CS,0.19172054241629014
2018-10-12,AU9999.SGE,0.2029867241067177
2018-10-12,NH0100.NHF,0.2123084378180249
2018-10-19,000300.SH,0.31028807297824673
2018-10-19,000852.SH,0.16979540500334997
2018-10-19,CBA02701.CS,0.16422153273847953
2018-10-19,AU9999.SGE,0.19173447754365774
2018-10-19,NH0100.NHF,0.16396051073626594
2018-10-26,000300.SH,0.17584249619279838
2018-10-26,000852.SH,0.1772912199652797
2018-10-26,CBA02701.CS,0.19319015716822785
2018-10-26,AU9999.SGE,0.2187074812586503
2018-10-26,NH0100.NHF,0.23496864441504373
2018-11-02,000300.SH,0.1738547928404911
2018-11-02,000852.SH,0.24856611797045233
2018-11-02,CBA02701.CS,0.18379768707190872
2018-11-02,AU9999.SGE,0.21118305187840733
2018-11-02,NH0100.NHF,0.18259834923874055
2018-11-09,000300.SH,0.20424393921299908
2018-11-09,000852.SH,0.19835330337188148
2018-11-09,CBA02701.CS,0.1932751322263586
2018-11-09,AU9999.SGE,0.1728944018181065
2018-11-09,NH0100.NHF,0.2312332223706543
2018-11-16,000300.SH,0.207843438945097
2018-11-16,000852.SH,0.1723477230726975
2018-11-16,CBA02701.CS,0.239200542316947
2018-11-16,AU9999.SGE,0.18347156339199164
2018-11-16,NH0100.NHF,0.19713673127326686
2018-11-23,000300.SH,0.21639151816412044
2018-11-23,000852.SH,0.2246851149940575
2018-11-23,CBA02701.CS,0.1786439508842084
2018-11-23,AU9999.SGE,0.18033474332840818
2018-11-23,NH0100.NHF,0.19994467162920546
2018-11-30,000300.SH,0.20489313974028517
2018-11-30,000852.SH,0.17411423282962815
2018-11-30,CBA02701.CS,0.22813084355088903
2018-11-30,AU9999.SGE,0.2226377564003251
2018-11-30,NH0100.NHF,0.1702240264788725
2018-12-07,000300.SH,0.17925861635401497
2018-12-07,000852.SH,0.2875238488512581
2018-12-07,CBA02701.CS,0.1823636730551308
2018-12-07,AU9999.SGE,0.18674615601993147
2018-12-07,NH0100.NHF,0.16410770471966454
2018-12-14,000300.SH,0.17918059619233193
2018-12-14,000852.SH,0.22854977879691826
2018-12-14,CBA02701.CS,0.17875829456682152
2018-12-14,AU9999.SGE,0.19864310065361385
2018-12-14,NH0100.NHF,0.2148682287903143
2018-12-21,000300.SH,0.19304520784945217
2018-12-21,000852.SH,0.2157462702210304
2018-12-21,CBA02701.CS,0.17541259999387737
2018-12-21,AU9999.SGE,0.19989568066751362
2018-12-21,NH0100.NHF,0.2159002402681265
2018-12-28,000300.SH,0.20369513591762636
2018-12-28,000852.SH,0.18155453493175677
2018-12-28,CBA02701.CS,0.21188680613504823
2018-12-28,AU9999.SGE,0.18222727128196292
2018-12-28,NH0100.NHF,0.22063625073360574
2019-01-04,000300.SH,0.17792256745184842
2019-01-04,000852.SH,0.178921735732689
2019-01-04,CBA02701.CS,0.2991078963017776
2019-01-04,AU9999.SGE,0.16686502565555383
2019-01-04,NH0100.NHF,0.17718277385813125
2019-01-11,000300.SH,0.20615806676260073
2019-01-11,000852.SH,0.2062333434211155
2019-01-11,CBA02701.CS,0.198548627038442
2019-01-11,AU9999.SGE,0.20959718420137635
2019-01-11,NH0100.NHF,0.17946277757646523
2019-01-18,000300.SH,0.20534171890798755
2019-01-18,000852.SH,0.24501619544904402
2019-01-18,CBA02701.CS,0.18679104677994982
2019-01-18,AU9999.SGE,0.1854374722289395
2019-01-18,NH0100.NHF,0.1774135656340791
2019-01-25,000300.SH,0.17714670383566894
2019-01-25,000852.SH,0.18975502357672225
2019-01-25,CBA02701.CS,0.23580397851790308
2019-01-25,AU9999.SGE,0.17654296829775576
2019-01-25,NH0100.NHF,0.22075132477194997
2019-02-01,000300.SH,0.21742092118106135
2019-02-01,000852.SH,0.1934835948375454
2019-02-01,CBA02701.CS,0.16641192047383666
2019-02-01,AU9999.SGE,0.22732459400884641
2019-02-01,NH0100.NHF,0.19535896849871
2019-02-08,000300.SH,0.2127768846826959
2019-02-08,000852.SH,0.22084310488557335
2019-02-08,CBA02701.CS,0.20643431934093245
2019-02-08,AU9999.SGE,0.17280023180971776
2019-02-08,NH0100.NHF,0.18714545828108045
2019-02-15,000300.SH,0.17747279257762577
2019-02-15,000852.SH,0.20850724039731383
2019-02-15,CBA02701.CS,0.1890229555294703
2019-02-15,AU9999.SGE,0.2269871156845569
2019-02-15,NH0100.NHF,0.19800989481103307
2019-02-22,000300.SH,0.22175728662661945
2019-02-22,000852.SH,0.19013783076700977
2019-02-22,CBA02701.CS,0.1961223446364724
2019-02-22,AU9999.SGE,0.19113193947712198
2019-02-22,NH0100.NHF,0.20085059749277628
2019-03-01,000300.SH,0.1962963531643821
2019-03-01,000852.SH,0.23906272168271944
2019-03-01,CBA02701.CS,0.20413858501690155
2019-03-01,AU9999.SGE,0.18133426086179358
2019-03-01,NH0100.NHF,0.17916807827420336
2019-03-08,000300.SH,0.2283864568246498
2019-03-08,000852.SH,0.18212978757386497
2019-03-08,CBA02701.CS,0.21458380119969286
2019-03-08,AU9999.SGE,0.19432751644568536
2019-03-08,NH0100.NHF,0.18057243695610703
2019-03-15,000300.SH,0.21031030452881339
2019-03-15,000852.SH,0.18111013634222814
2019-03-15,CBA02701.CS,0.22547136529860887
2019-03-15,AU9999.SGE,0.20412343443503983
2019-03-15,NH0100.NHF,0.1789847583953097
2019-03-22,000300.SH,0.22497671082638696
2019-03-22,000852.SH,0.20761114401927405
2019-03-22,CBA02701.CS,0.1763112216261331
2019-03-22,AU9999.SGE,0.1691552140581524
2019-03-22,NH0100.NHF,0.22194570847005346
2019-03-29,000300.SH,0.2164117226692982
2019-03-29,000852.SH,0.207564909343435
2019-03-29,CBA02701.CS,0.18132299401337587
2019-03-29,AU9999.SGE,0.20003160757502544
2019-03-29,NH0100.NHF,0.19466876539886538
2019-04-05,000300.SH,0.18027605881751543
2019-04-05,000852.SH,0.20971169262176753
2019-04-05,CBA02701.CS,0.22860594085228514
2019-04-05,AU9999.SGE,0.17982421712016472
2019-04-05,NH0100.NHF,0.201582089588267
2019-04-12,000300.SH,0.20218593483788447
2019-04-12,000852.SH,0.170488413015388
2019-04-12,CBA02701.CS,0.18285963725248158
2019-04-12,AU9999.SGE,0.24415083942639432
2019-04-12,NH0100.NHF,0.2003151744678516
2019-04-19,000300.SH,0.1720435595152571
2019-04-19,000852.SH,0.2057822041442367
2019-04-19,CBA02701.CS,0.2638816348152891
2019-04-19,AU9999.SGE,0.17966562662865546
2019-04-19,NH0100.NHF,0.17862697389656182
2019-04-26,000300.SH,0.1729396076561746
2019-04-26,000852.SH,0.1997608856997434
2019-04-26,CBA02701.CS,0.1956446209864837
2019-04-26,AU9999.SGE,0.19902581769324232
2019-04-26,NH0100.NHF,0.23262906696435595
2019-05-03,000300.SH,0.19753089027990434
2019-05-03,000852.SH,0.19289716615455046
2019-05-03,CBA02701.CS,0.22812011817724254
2019-05-03,AU9999.SGE,0.1865502735550703
2019-05-03,NH0100.NHF,0.19490155083323232
2019-05-10,000300.SH,0.19797534654632454
2019-05-10,000852.SH,0.18646593739790135
2019-05-10,CBA02701.CS,0.20762953239464976
2019-05-10,AU9999.SGE,0.21812534340003545
2019-05-10,NH0100.NHF,0.18980383926108907
2019-05-17,000300.SH,0.18931713693488225
2019-05-17,000852.SH,0.20859927984170126
2019-05-17,CBA02701.CS,0.2073297047587282
2019-05-17,AU9999.SGE,0.19491536975209392
2019-05-17,NH0100.NHF,0.19983850771259426
2019-05-24,000300.SH,0.23347419852905102
2019-05-24,000852.SH,0.1863248809703252
2019-05-24,CBA02701.CS,0.18159032828187582
2019-05-24,AU9999.SGE,0.20983261202464742
2019-05-24,NH0100.NHF,0.1887779791941003
2019-05-31,000300.SH,0.21389554115767567
2019-05-31,000852.SH,0.23274410585054808
2019-05-31,CBA02701.CS,0.18860498485752125
2019-05-31,AU9999.SGE,0.18945427150132754
2019-05-31,NH0100.NHF,0.17530109563292756
2019-06-07,000300.SH,0.20071393556219097
2019-06-07,000852.SH,0.2064574814115651
2019-06-07,CBA02701.CS,0.23914808524558578
2019-06-07,AU9999.SGE,0.17853541548862228
2019-06-07,NH0100.NHF,0.17514508129203585
2019-06-14,000300.SH,0.20519189583102113
2019-06-14,000852.SH,0.2388567394822263
2019-06-14,CBA02701.CS,0.22752844144431505
2019-06-14,AU9999.SGE,0.16890523951710867
2019-06-14,NH0100.NHF,0.15951768272532874
2019-06-21,000300.SH,0.2207475363186955
2019-06-21,000852.SH,0.1889278395071977
2019-06-21,CBA02701.CS,0.19089575062454736
2019-06-21,AU9999.SGE,0.2180114966673212
2019-06-21,NH0100.NHF,0.18141737588223822
2019-06-28,000300.SH,0.18580851200460327
2019-06-28,000852.SH,0.18518337893292758
2019-06-28,CBA02701.CS,0.17752605589178252
2019-06-28,AU9999.SGE,0.22647907510030393
2019-06-28,NH0100.NHF,0.22500297707038266
2019-07-05,000300.SH,0.17986769647615033
2019-07-05,000852.SH,0.236051064728841
2019-07-05,CBA02701.CS,0.1966338625427846
2019-07-05,AU9999.SGE,0.20289686043095329
2019-07-05,NH0100.NHF,0.18455051482127072
2019-07-12,000300.SH,0.18434895069863938
2019-07-12,000852.SH,0.20385257355433467
2019-07-12,CBA02701.CS,0.20834978099605203
2019-07-12,AU9999.SGE,0.2018849423866586
2019-07-12,NH0100.NHF,0.20156375136431529
2019-07-19,000300.SH,0.22252758293640607
2019-07-19,000852.SH,0.20650061778112397
2019-07-19,CBA02701.CS,0.18385487229887998
2019-07-19,AU9999.SGE,0.1911216275920481
2019-07-19,NH0100.NHF,0.19599529839154195
2019-07-26,000300.SH,0.2073169735341287
2019-07-26,000852.SH,0.1932359513497161
2019-07-26,CBA02701.CS,0.1953110441875006
2019-07-26,AU9999.SGE,0.2217932660589352
2019-07-26,NH0100.NHF,0.18234276386971932
2019-08-02,000300.SH,0.18316686222898915
2019-08-02,000852.SH,0.21308942945829257
2019-08-02,CBA02701.CS,0.21506184603311193
2019-08-02,AU9999.SGE,0.19447849771003764
2019-08-02,NH0100.NHF,0.1942033635695685
2019-08-09,000300.SH,0.2076199480074864
2019-08-09,000852.SH,0.18093077773940383
2019-08-09,CBA02701.CS,0.19347227454325153
2019-08-09,AU9999.SGE,0.23805436791704454
2019-08-09,NH0100.NHF,0.17992263079281354
2019-08-16,000300.SH,0.21616218723070407
2019-08-16,000852.SH,0.1820714814428939
2019-08-16,CBA02701.CS,0.20393836660666706
2019-08-16,AU9999.SGE,0.22137175144337493
2019-08-16,NH0100.NHF,0.1764562122763599
2019-08-23,000300.SH,0.18054121518663704
2019-08-23,000852.SH,0.19230360751093853
2019-08-23,CBA02701.CS,0.17022052549518632
2019-08-23,AU9999.SGE,0.17754101802589864
2019-08-23,NH0100.NHF,0.27939363278133955
2019-08-30,000300.SH,0.18460615448225923
2019-08-30,000852.SH,0.19376445128101022
2019-08-30,CBA02701.CS,0.20872423040153176
2019-08-30,AU9999.SGE,0.20749592620156984
2019-08-30,NH0100.NHF,0.20540923663362873
2019-09-06,000300.SH,0.2172028986683991
2019-09-06,000852.SH,0.18950319944306454
2019-09-06,CBA02701.CS,0.17571140085258927
2019-09-06,AU9999.SGE,0.23193492177576977
2019-09-06,NH0100.NHF,0.18564757826017747
2019-09-13,000300.SH,0.1856976020653062
2019-09-13,000852.SH,0.1902685448271971
2019-09-13,CBA02701.CS,0.21527916869009706
2019-09-13,AU9999.SGE,0.17890468828341807
2019-09-13,NH0100.NHF,0.22984999513398147
2019-09-20,000300.SH,0.19985991683958196
2019-09-20,000852.SH,0.1979544662931802
2019-09-20,CBA02701.CS,0.18927998760424264
2019-09-20,AU9999.SGE,0.20248663080273827
2019-09-20,NH0100.NHF,0.21041899746025694
2019-09-27,000300.SH,0.24131420821571312
2019-09-27,000852.SH,0.1972190989023178
2019-09-27,CBA02701.CS,0.18403598331085552
2019-09-27,AU9999.SGE,0.1891286654607276
2019-09-27,NH0100.NHF,0.1883020431103858
2019-10-04,000300.SH,0.18455946252862637
2019-10-04,000852.SH,0.1904326785846977
2019-10-04,CBA02701.CS,0.21438513334536655
2019-10-04,AU9999.SGE,0.21540799806644545
2019-10-04,NH0100.NHF,0.19521472647486393
2019-10-11,000300.SH,0.25861986868296144
2019-10-11,000852.SH,0.1779078371381685
2019-10-11,CBA02701.CS,0.17263419756530016
2019-10-11,AU9999.SGE,0.2042035369487952
2019-10-11,NH0100.NHF,0.18663455866477452
2019-10-18,000300.SH,0.19990872825249767
2019-10-18,000852.SH,0.19877802462113317
2019-10-18,CBA02701.CS,0.19146676248615135
2019-10-18,AU9999.SGE,0.19063880436328148
2019-10-18,NH0100.NHF,0.2192076792769362
2019-10-25,000300.SH,0.18260739364343745
2019-10-25,000852.SH,0.1916824621701644
2019-10-25,CBA02701.CS,0.21113420000000935
2019-10-25,AU9999.SGE,0.21766556462486497
2019-10-25,NH0100.NHF,0.19691037856152363
2019-11-01,000300.SH,0.19584555468694778
2019-11-01,000852.SH,0.1951068228951545
2019-11-01,CBA02701.CS,0.210063473946787
2019-11-01,AU9999.SGE,0.19090632732454402
2019-11-01,NH0100.NHF,0.20807782014656673
2019-11-08,000300.SH,0.2194702704583553
2019-11-08,000852.SH,0.17390569862772817
2019-11-08,CBA02701.CS,0.18315066357539886
2019-11-08,AU9999.SGE,0.18923942060251792
2019-11-08,NH0100.NHF,0.23423394573599976
2019-11-15,000300.SH,0.21671333827349012
2019-11-15,000852.SH,0.1784654444685272
2019-11-15,CBA02701.CS,0.1944080944680876
2019-11-15,AU9999.SGE,0.178431609289861
2019-11-15,NH0100.NHF,0.23198151250003402
2019-11-22,000300.SH,0.1996553209469619
2019-11-22,000852.SH,0.1959498475551977
2019-11-22,CBA02701.CS,0.2341272779077275
2019-11-22,AU9999.SGE,0.1823329715548044
2019-11-22,NH0100.NHF,0.1879345810353085
2019-11-29,000300.SH,0.1788385070833937
2019-11-29,000852.SH,0.1905426378485538
2019-11-29,CBA02701.CS,0.20179287929487114
2019-11-29,AU9999.SGE,0.23001570260549686
2019-11-29,NH0100.NHF,0.19881027216768435
2019-12-06,000300.SH,0.18874404808219133
2019-12-06,000852.SH,0.1882796311734822
2019-12-06,CBA02701.CS,0.23183775480129404
2019-12-06,AU9999.SGE,0.1918112269955618
2019-12-06,NH0100.NHF,0.19932733794747057
2019-12-13,000300.SH,0.18184144045467954
2019-12-13,000852.SH,0.18910039169426818
2019-12-13,CBA02701.CS,0.2462288447986219
2019-12-13,AU9999.SGE,0.1887093278040613
2019-12-13,NH0100.NHF,0.19411999424836884
2019-12-20,000300.SH,0.20164654420767875
2019-12-20,000852.SH,0.20301702693443435
2019-12-20,CBA02701.CS,0.18342195752643337
2019-12-20,AU9999.SGE,0.21195928218634802
2019-12-20,NH0100.NHF,0.19995518814510552
2019-12-27,000300.SH,0.19627031458775468
2019-12-27,000852.SH,0.20880016334093005
2019-12-27,CBA02701.CS,0.18749701091214083
2019-12-27,AU9999.SGE,0.22663596673152897
2019-12-27,NH0100.NHF,0.18079654342764542
2020-01-03,000300.SH,0.1758078470176347
2020-01-03,000852.SH,0.2848264252383606
2020-01-03,CBA02701.CS,0.18722904538228283
2020-01-03,AU9999.SGE,0.16835502549588938
2020-01-03,NH0100.NHF,0.18378165586583237
2020-01-10,000300.SH,0.1951777393379511
2020-01-10,000852.SH,0.18633335002135423
2020-01-10,CBA02701.CS,0.24245946605617963
2020-01-10,AU9999.SGE,0.1762903464938667
2020-01-10,NH0100.NHF,0.19973909709064822
2020-01-17,000300.SH,0.19491487675625493
2020-01-17,000852.SH,0.19740262543517106
2020-01-17,CBA02701.CS,0.23113252580862387
2020-01-17,AU9999.SGE,0.18678109413876792
2020-01-17,NH0100.NHF,0.18976887686118218
2020-01-24,000300.SH,0.2060927148076066
2020-01-24,000852.SH,0.21352337742237884
2020-01-24,CBA02701.CS,0.18729634301721304
2020-01-24,AU9999.SGE,0.1931307938514595
2020-01-24,NH0100.NHF,0.19995676990134206
2020-01-31,000300.SH,0.18695501073286777
2020-01-31,000852.SH,0.20589463246830386
2020-01-31,CBA02701.CS,0.20516617873032864
2020-01-31,AU9999.SGE,0.20602395142766508
2020-01-31,NH0100.NHF,0.19596022564083454
2020-02-07,000300.SH,0.1872726216116877
2020-02-07,000852.SH,0.22618662822475824
2020-02-07,CBA02701.CS,0.1884260213706526
2020-02-07,AU9999.SGE,0.20439485411382521
2020-02-07,NH0100.NHF,0.1937198736790761
2020-02-14,000300.SH,0.19428637976529758
2020-02-14,000852.SH,0.23634165793202583
2020-02-14,CBA02701.CS,0.1960298226986876
2020-02-14,AU9999.SGE,0.19494442372697554
2020-02-14,NH0100.NHF,0.1783977148770134
2020-02-21,000300.SH,0.21630430212975116
2020-02-21,000852.SH,0.22248615462538918
2020-02-21,CBA02701.CS,0.18424333810278573
2020-02-21,AU9999.SGE,0.19163529794184114
2020-02-21,NH0100.NHF,0.18533090620023274
2020-02-28,000300.SH,0.19420596629178574
2020-02-28,000852.SH,0.18867102890842463
2020-02-28,CBA02701.CS,0.22302574484944637
2020-02-28,AU9999.SGE,0.19345368872546975
2020-02-28,NH0100.NHF,0.2006435702248733
2020-03-06,000300.SH,0.20550170453067912
2020-03-06,000852.SH,0.18864984579146557
2020-03-06,CBA02701.CS,0.19866425889017506
2020-03-06,AU9999.SGE,0.2029519792411521
2020-03-06,NH0100.NHF,0.20423221054652813
2020-03-13,000300.SH,0.1927866048747805
2020-03-13,000852.SH,0.2487646851287068
2020-03-13,CBA02701.CS,0.18052764521053205
2020-03-13,AU9999.SGE,0.17561051427848134
2020-03-13,NH0100.NHF,0.2023105495074991
2020-03-20,000300.SH,0.21622780047734247
2020-03-20,000852.SH,0.2090774553807147
2020-03-20,CBA02701.CS,0.18306311081024684
2020-03-20,AU9999.SGE,0.20041473914628063
2020-03-20,NH0100.NHF,0.19121689318541515
2020-03-27,000300.SH,0.18369226669387018
2020-03-27,000852.SH,0.20989326406018133
2020-03-27,CBA02701.CS,0.20279910596124903
2020-03-27,AU9999.SGE,0.2012320878354931
2020-03-27,NH0100.NHF,0.2023832744492065
2020-04-03,000300.SH,0.18686502281605188
2020-04-03,000852.SH,0.20678952084205218
2020-04-03,CBA02701.CS,0.20892887375717648
2020-04-03,AU9999.SGE,0.21059186568234853
2020-04-03,NH0100.NHF,0.1868247159023709
2020-04-10,000300.SH,0.22437894654862825
2020-04-10,000852.SH,0.22010894853610982
2020-04-10,CBA02701.CS,0.18502529161176792
2020-04-10,AU9999.SGE,0.18382403020456067
2020-04-10,NH0100.NHF,0.18666278209893333
2020-04-17,000300.SH,0.19389540227210555
2020-04-17,000852.SH,0.20066001483326462
2020-04-17,CBA02701.CS,0.19240642908595545
2020-04-17,AU9999.SGE,0.22040561156450844
2020-04-17,NH0100.NHF,0.1926325412441658
2020-04-24,000300.SH,0.2045753661869947
2020-04-24,000852.SH,0.18940701444329325
2020-04-24,CBA02701.CS,0.18668023754074983
2020-04-24,AU9999.SGE,0.20087566175826907
2020-04-24,NH0100.NHF,0.21846171907069314
2020-05-01,000300.SH,0.20705557897079538
2020-05-01,000852.SH,0.1943729485294839
2020-05-01,CBA02701.CS,0.18143791641125948
2020-05-01,AU9999.SGE,0.20656719289962056
2020-05-01,NH0100.NHF,0.21056636218884076
2020-05-08,000300.SH,0.18686389261683697
2020-05-08,000852.SH,0.19084672369756167
2020-05-08,CBA02701.CS,0.20266515295609033
2020-05-08,AU9999.SGE,0.19703887491164596
2020-05-08,NH0100.NHF,0.22258535481786498
2020-05-15,000300.SH,0.1993265998646507
2020-05-15,000852.SH,0.198864250975066
2020-05-15,CBA02701.CS,0.1751131580171879
2020-05-15,AU9999.SGE,0.23729532738766418
2020-05-15,NH0100.NHF,0.1894006627554312
2020-05-22,000300.SH,0.22022975138106554
2020-05-22,000852.SH,0.24414717304581512
2020-05-22,CBA02701.CS,0.17285102231181293
2020-05-22,AU9999.SGE,0.18775139469296503
2020-05-22,NH0100.NHF,0.1750206575683413
2020-05-29,000300.SH,0.2109303050380523
2020-05-29,000852.SH,0.21456329444056516
2020-05-29,CBA02701.CS,0.1840866543946863
2020-05-29,AU9999.SGE,0.17964627226028634
2020-05-29,NH0100.NHF,0.21077347286640985
2020-06-05,000300.SH,0.19897792750611
2020-06-05,000852.SH,0.1924850575689148
2020-06-05,CBA02701.CS,0.21208225735585515
2020-06-05,AU9999.SGE,0.21211503951394398
2020-06-05,NH0100.NHF,0.184339717055176
2020-06-12,000300.SH,0.21391542808954553
2020-06-12,000852.SH,0.20932724664662378
2020-06-12,CBA02701.CS,0.1813501293376599
2020-06-12,AU9999.SGE,0.1984528679746673
2020-06-12,NH0100.NHF,0.19695432695150347
2020-06-19,000300.SH,0.1941810855891163
2020-06-19,000852.SH,0.2003703002322624
2020-06-19,CBA02701.CS,0.1739034714139525
2020-06-19,AU9999.SGE,0.20551295007251585
2020-06-19,NH0100.NHF,0.226032191692153
2020-06-26,000300.SH,0.21144081810510104
2020-06-26,000852.SH,0.20916912513168212
2020-06-26,CBA02701.CS,0.1744747692371339
2020-06-26,AU9999.SGE,0.2040647897348621
2020-06-26,NH0100.NHF,0.2008504967912206
2020-07-03,000300.SH,0.1866068587482488
2020-07-03,000852.SH,0.1910406033338664
2020-07-03,CBA02701.CS,0.19516498894652157
2020-07-03,AU9999.SGE,0.24550407214078504
2020-07-03,NH0100.NHF,0.18168347583057812
2020-07-10,000300.SH,0.18115769034136964
2020-07-10,000852.SH,0.18032302321291274
2020-07-10,CBA02701.CS,0.18513628761106327
2020-07-10,AU9999.SGE,0.26809428861384366
2020-07-10,NH0100.NHF,0.18528870922081062
2020-07-17,000300.SH,0.17444909777462306
2020-07-17,000852.SH,0.17407204466759132
2020-07-17,CBA02701.CS,0.17648480731560678
2020-07-17,AU9999.SGE,0.2583086480699334
2020-07-17,NH0100.NHF,0.21668540117224547
2020-07-24,000300.SH,0.17621440972863472
2020-07-24,000852.SH,0.17578881477507524
2020-07-24,CBA02701.CS,0.27239979268848585
2020-07-24,AU9999.SGE,0.18288929039663093
2020-07-24,NH0100.NHF,0.19270769141117317
2020-07-31,000300.SH,0.23020483756530902
2020-07-31,000852.SH,0.22040282830221244
2020-07-31,CBA02701.CS,0.18222210736623967
2020-07-31,AU9999.SGE,0.18849629076856247
2020-07-31,NH0100.NHF,0.17867393499767636
2020-08-07,000300.SH,0.19845509204488906
2020-08-07,000852.SH,0.1989158542583863
2020-08-07,CBA02701.CS,0.21988605953965215
2020-08-07,AU9999.SGE,0.18549658927669035
2020-08-07,NH0100.NHF,0.19724640388038214
2020-08-14,000300.SH,0.21239769240009312
2020-08-14,000852.SH,0.21188139525489208
2020-08-14,CBA02701.CS,0.21664879733232673
2020-08-14,AU9999.SGE,0.16853706998851084
2020-08-14,NH0100.NHF,0.19053504402417717
2020-08-21,000300.SH,0.210719632823631
2020-08-21,000852.SH,0.20700818894494685
2020-08-21,CBA02701.CS,0.2052195871972993
2020-08-21,AU9999.SGE,0.1685116788577506
2020-08-21,NH0100.NHF,0.2085409111763722
2020-08-28,000300.SH,0.21090709183225614
2020-08-28,000852.SH,0.21064582019504238
2020-08-28,CBA02701.CS,0.20163815502645346
2020-08-28,AU9999.SGE,0.18319189974881778
2020-08-28,NH0100.NHF,0.1936170321974303
2020-09-04,000300.SH,0.22492912120777275
2020-09-04,000852.SH,0.22918404498317324
2020-09-04,CBA02701.CS,0.18097610825201188
2020-09-04,AU9999.SGE,0.1865503070179651
2020-09-04,NH0100.NHF,0.17836041753907692
2020-09-11,000300.SH,0.19942218886782068
2020-09-11,000852.SH,0.19909698726971126
2020-09-11,CBA02701.CS,0.20452512347006574
2020-09-11,AU9999.SGE,0.1954310460970695
2020-09-11,NH0100.NHF,0.2015246532953328
2020-09-18,000300.SH,0.18274492661560718
2020-09-18,000852.SH,0.20723703169484853
2020-09-18,CBA02701.CS,0.21283835349156593
2020-09-18,AU9999.SGE,0.20814004806377778
2020-09-18,NH0100.NHF,0.18903963913420055
2020-09-25,000300.SH,0.19787951215409183
2020-09-25,000852.SH,0.22862099265376246
2020-09-25,CBA02701.CS,0.20560504780953665
2020-09-25,AU9999.SGE,0.1852522744890268
2020-09-25,NH0100.NHF,0.1826421718935823
2020-10-02,000300.SH,0.21479432828246567
2020-10-02,000852.SH,0.2181269093090995
2020-10-02,CBA02701.CS,0.19584971768164114
2020-10-02,AU9999.SGE,0.18233762661774836
2020-10-02,NH0100.NHF,0.18889141710904536
2020-10-09,000300.SH,0.21472469033985286
2020-10-09,000852.SH,0.2180415846736733
2020-10-09,CBA02701.CS,0.1958692533508895
2020-10-09,AU9999.SGE,0.1824207646480773
2020-10-09,NH0100.NHF,0.18894370598750704
2020-10-16,000300.SH,0.19430343586494064
2020-10-16,000852.SH,0.19354924809039437
2020-10-16,CBA02701.CS,0.24520504105331728
2020-10-16,AU9999.SGE,0.18600393043598015
2020-10-16,NH0100.NHF,0.1809383435553676
2020-10-23,000300.SH,0.19696434687566014
2020-10-23,000852.SH,0.19653852901836424
2020-10-23,CBA02701.CS,0.19401286702823184
2020-10-23,AU9999.SGE,0.21784399533397772
2020-10-23,NH0100.NHF,0.19464026074376586
2020-10-30,000300.SH,0.20676147245292648
2020-10-30,000852.SH,0.20817428213794437
2020-10-30,CBA02701.CS,0.1921076768546525
2020-10-30,AU9999.SGE,0.20151376369427174
2020-10-30,NH0100.NHF,0.1914428038602049
2020-11-06,000300.SH,0.20388276103776484
2020-11-06,000852.SH,0.19911255408610487
2020-11-06,CBA02701.CS,0.22224612882125291
2020-11-06,AU9999.SGE,0.19963740412493713
2020-11-06,NH0100.NHF,0.17512115092994016
2020-11-13,000300.SH,0.19437180173538296
2020-11-13,000852.SH,0.19425523347613452
2020-11-13,CBA02701.CS,0.23034072314660617
2020-11-13,AU9999.SGE,0.18506811846645993
2020-11-13,NH0100.NHF,0.19596412217541612
2020-11-20,000300.SH,0.21099569359003648
2020-11-20,000852.SH,0.20982641702931012
2020-11-20,CBA02701.CS,0.20808082430060293
2020-11-20,AU9999.SGE,0.1896460992405427
2020-11-20,NH0100.NHF,0.18145096483950768
2020-11-27,000300.SH,0.20222195496893466
2020-11-27,000852.SH,0.2016654764949369
2020-11-27,CBA02701.CS,0.2152771917196891
2020-11-27,AU9999.SGE,0.18915347653880138
2020-11-27,NH0100.NHF,0.19168189927763796
2020-12-04,000300.SH,0.18737300303838564
2020-12-04,000852.SH,0.18847158182623008
2020-12-04,CBA02701.CS,0.27043769939736856
2020-12-04,AU9999.SGE,0.17536903726677205
2020-12-04,NH0100.NHF,0.17834867747124353
2020-12-11,000300.SH,0.19408474419385258
2020-12-11,000852.SH,0.19373445444108844
2020-12-11,CBA02701.CS,0.23811138213460042
2020-12-11,AU9999.SGE,0.1924718157272089
2020-12-11,NH0100.NHF,0.1815976025032496
2020-12-18,000300.SH,0.18173844386613958
2020-12-18,000852.SH,0.1818125645585511
2020-12-18,CBA02701.CS,0.2535017144861115
2020-12-18,AU9999.SGE,0.19359537432171522
2020-12-18,NH0100.NHF,0.18935190176748257
2020-12-25,000300.SH,0.20099949924305444
2020-12-25,000852.SH,0.20209076270450468
2020-12-25,CBA02701.CS,0.2226004178315812
2020-12-25,AU9999.SGE,0.19044704125741269
2020-12-25,NH0100.NHF,0.18386227796344687
2021-01-01,000300.SH,0.19019709597338613
2021-01-01,000852.SH,0.1905715458436157
2021-01-01,CBA02701.CS,0.20187419086919492
2021-01-01,AU9999.SGE,0.2441445085769956
2021-01-01,NH0100.NHF,0.1732126577368076
2021-01-08,000300.SH,0.1890871455607993
2021-01-08,000852.SH,0.19009251342163827
2021-01-08,CBA02701.CS,0.200217709661518
2021-01-08,AU9999.SGE,0.23567118344739585
2021-01-08,NH0100.NHF,0.18493144690864835
2021-01-15,000300.SH,0.18486157051973698
2021-01-15,000852.SH,0.18507425483084264
2021-01-15,CBA02701.CS,0.26265330851223767
2021-01-15,AU9999.SGE,0.1881456809508622
2021-01-15,NH0100.NHF,0.1792651841863206
2021-01-22,000300.SH,0.20068368198969663
2021-01-22,000852.SH,0.20148651846198398
2021-01-22,CBA02701.CS,0.21462057480191607
2021-01-22,AU9999.SGE,0.2085815134101826
2021-01-22,NH0100.NHF,0.17462771033622074
2021-01-29,000300.SH,0.19435473954659635
2021-01-29,000852.SH,0.19322406676304144
2021-01-29,CBA02701.CS,0.21169925051198168
2021-01-29,AU9999.SGE,0.22014148990862784
2021-01-29,NH0100.NHF,0.1805804522697525
2021-02-05,000300.SH,0.1894919568852143
2021-02-05,000852.SH,0.19028370418246449
2021-02-05,CBA02701.CS,0.19624584963388286
2021-02-05,AU9999.SGE,0.2337893468069005
2021-02-05,NH0100.NHF,0.1901891414915378
2021-02-12,000300.SH,0.19689530407450045
2021-02-12,000852.SH,0.1962547567505914
2021-02-12,CBA02701.CS,0.22369495642937293
2021-02-12,AU9999.SGE,0.19379532917756057
2021-02-12,NH0100.NHF,0.18935965256797457
2021-02-19,000300.SH,0.1999999998
2021-02-19,000852.SH,0.1999999998
2021-02-19,CBA02701.CS,0.1999999998
2021-02-19,AU9999.SGE,0.1999999998
2021-02-19,NH0100.NHF,0.1999999998
2021-02-26,000300.SH,0.17795498210242391
2021-02-26,000852.SH,0.17834879563828526
2021-02-26,CBA02701.CS,0.22205232146511608
2021-02-26,AU9999.SGE,0.23229259096080135
2021-02-26,NH0100.NHF,0.18935130883337337
2021-03-05,000300.SH,0.18692359093329905
2021-03-05,000852.SH,0.1891098784301451
2021-03-05,CBA02701.CS,0.2419654175215536
2021-03-05,AU9999.SGE,0.19677880761759098
2021-03-05,NH0100.NHF,0.18522230449741123
2021-03-12,000300.SH,0.19481651943360198
2021-03-12,000852.SH,0.19532722833510405
2021-03-12,CBA02701.CS,0.21311764573480305
2021-03-12,AU9999.SGE,0.19947987579220922
2021-03-12,NH0100.NHF,0.19725872970428163
2021-03-19,000300.SH,0.1775785271364356
2021-03-19,000852.SH,0.17736620778279982
2021-03-19,CBA02701.CS,0.24987903817336943
2021-03-19,AU9999.SGE,0.22452344618681946
2021-03-19,NH0100.NHF,0.17065277972057566
2021-03-26,000300.SH,0.18867019736233878
2021-03-26,000852.SH,0.18984488809566571
2021-03-26,CBA02701.CS,0.19355651593908257
2021-03-26,AU9999.SGE,0.20183053938354567
2021-03-26,NH0100.NHF,0.22609785821936718
2021-04-02,000300.SH,0.19272505588148797
2021-04-02,000852.SH,0.1929970901983743
2021-04-02,CBA02701.CS,0.23457284719872412
2021-04-02,AU9999.SGE,0.1953549142845253
2021-04-02,NH0100.NHF,0.1843500914368882
2021-04-09,000300.SH,0.2072526839936044
2021-04-09,000852.SH,0.21355478108897552
2021-04-09,CBA02701.CS,0.19766841931759488
2021-04-09,AU9999.SGE,0.1884001715853662
2021-04-09,NH0100.NHF,0.193123943014459
2021-04-16,000300.SH,0.20621360492409294
2021-04-16,000852.SH,0.20702336472682656
2021-04-16,CBA02701.CS,0.1936915083337368
2021-04-16,AU9999.SGE,0.19986481581121204
2021-04-16,NH0100.NHF,0.1932067052041316
2021-04-23,000300.SH,0.19236744149686408
2021-04-23,000852.SH,0.19300470935862407
2021-04-23,CBA02701.CS,0.20788746802285235
2021-04-23,AU9999.SGE,0.22106640052547713
2021-04-23,NH0100.NHF,0.18567397959618231
2021-04-30,000300.SH,0.201072754140054
2021-04-30,000852.SH,0.203278932793304
2021-04-30,CBA02701.CS,0.2014965453175702
2021-04-30,AU9999.SGE,0.20941821159472496
2021-04-30,NH0100.NHF,0.18473355515434678
2021-05-07,000300.SH,0.24512894249591688
2021-05-07,000852.SH,0.2050002913383492
2021-05-07,CBA02701.CS,0.19310883414750757
2021-05-07,AU9999.SGE,0.17901551142085875
2021-05-07,NH0100.NHF,0.1777464195973676
2021-05-14,000300.SH,0.21268279545601027
2021-05-14,000852.SH,0.21187297925415108
2021-05-14,CBA02701.CS,0.20052527857447885
2021-05-14,AU9999.SGE,0.19655287809574745
2021-05-14,NH0100.NHF,0.1783660676196124
2021-05-21,000300.SH,0.21607836583290183
2021-05-21,000852.SH,0.21623497485545423
2021-05-21,CBA02701.CS,0.18994156917768143
2021-05-21,AU9999.SGE,0.194778878711109
2021-05-21,NH0100.NHF,0.1829662104228535
2021-05-28,000300.SH,0.18866884730621503
2021-05-28,000852.SH,0.1883080067572492
2021-05-28,CBA02701.CS,0.18463307693469022
2021-05-28,AU9999.SGE,0.20029682024816495
2021-05-28,NH0100.NHF,0.23809324775368038
2021-06-04,000300.SH,0.19059869970898208
2021-06-04,000852.SH,0.19011020379741506
2021-06-04,CBA02701.CS,0.21964141398138828
2021-06-04,AU9999.SGE,0.20131601697572948
2021-06-04,NH0100.NHF,0.198333664536485
2021-06-11,000300.SH,0.19802940787997664
2021-06-11,000852.SH,0.19919225779067912
2021-06-11,CBA02701.CS,0.22851271071477455
2021-06-11,AU9999.SGE,0.1875291809815109
2021-06-11,NH0100.NHF,0.18673644163305883
2021-06-18,000300.SH,0.2231277648442091
2021-06-18,000852.SH,0.21948389955396874
2021-06-18,CBA02701.CS,0.19931088427473856
2021-06-18,AU9999.SGE,0.18110403753087256
2021-06-18,NH0100.NHF,0.17697341279621098
2021-06-25,000300.SH,0.20014685383084244
2021-06-25,000852.SH,0.20119930586508822
2021-06-25,CBA02701.CS,0.20879744027760178
2021-06-25,AU9999.SGE,0.20040832402022604
2021-06-25,NH0100.NHF,0.18944807500624136
2021-07-02,000300.SH,0.21296312143626298
2021-07-02,000852.SH,0.20955622283870726
2021-07-02,CBA02701.CS,0.19320582894667657
2021-07-02,AU9999.SGE,0.20237282687190183
2021-07-02,NH0100.NHF,0.1819019989064513
2021-07-09,000300.SH,0.21740121550299366
2021-07-09,000852.SH,0.21182092329460903
2021-07-09,CBA02701.CS,0.20268526756093094
2021-07-09,AU9999.SGE,0.1920094309973507
2021-07-09,NH0100.NHF,0.17608316164411558
2021-07-16,000300.SH,0.20576440022808137
2021-07-16,000852.SH,0.20616223498405975
2021-07-16,CBA02701.CS,0.18884269365532738
2021-07-16,AU9999.SGE,0.21592780807810494
2021-07-16,NH0100.NHF,0.1833028620544265
2021-07-23,000300.SH,0.2110841973635533
2021-07-23,000852.SH,0.21008167249849538
2021-07-23,CBA02701.CS,0.19624397548805136
2021-07-23,AU9999.SGE,0.19456006274204685
2021-07-23,NH0100.NHF,0.18803009090785308
2021-07-30,000300.SH,0.18804606670272675
2021-07-30,000852.SH,0.18812845986961257
2021-07-30,CBA02701.CS,0.21039161489175326
2021-07-30,AU9999.SGE,0.2162606479759644
2021-07-30,NH0100.NHF,0.19717320955994297
2021-08-06,000300.SH,0.1801488110954381
2021-08-06,000852.SH,0.18022128673401852
2021-08-06,CBA02701.CS,0.22643563275083817
2021-08-06,AU9999.SGE,0.22092488500626511
2021-08-06,NH0100.NHF,0.19226938341344008
2021-08-13,000300.SH,0.2092261223806873
2021-08-13,000852.SH,0.21185029248749285
2021-08-13,CBA02701.CS,0.1817120311726369
2021-08-13,AU9999.SGE,0.19673791696127693
2021-08-13,NH0100.NHF,0.20047363599790577
2021-08-20,000300.SH,0.19411350140977715
2021-08-20,000852.SH,0.1941809206777175
2021-08-20,CBA02701.CS,0.18389685141642473
2021-08-20,AU9999.SGE,0.18420353155632135
2021-08-20,NH0100.NHF,0.24360519393975918
2021-08-27,000300.SH,0.19428179557242922
2021-08-27,000852.SH,0.19529548207667555
2021-08-27,CBA02701.CS,0.1894760006579193
2021-08-27,AU9999.SGE,0.2107290355060121
2021-08-27,NH0100.NHF,0.2102176851869638
2021-09-03,000300.SH,0.19251442974860605
2021-09-03,000852.SH,0.1934283307372668
2021-09-03,CBA02701.CS,0.18170279865809058
2021-09-03,AU9999.SGE,0.22150521371044696
2021-09-03,NH0100.NHF,0.21084922614558954
2021-09-10,000300.SH,0.19568652126241823
2021-09-10,000852.SH,0.19605731000002416
2021-09-10,CBA02701.CS,0.1842628951367448
2021-09-10,AU9999.SGE,0.19505290722610708
2021-09-10,NH0100.NHF,0.22894036537470566
2021-09-17,000300.SH,0.18324987690715847
2021-09-17,000852.SH,0.1813564257309791
2021-09-17,CBA02701.CS,0.22079970778862631
2021-09-17,AU9999.SGE,0.1977456347606826
2021-09-17,NH0100.NHF,0.21684835381255346
2021-09-24,000300.SH,0.20944949384652445
2021-09-24,000852.SH,0.19641698626901227
2021-09-24,CBA02701.CS,0.19401719540950477
2021-09-24,AU9999.SGE,0.19822775389695574
2021-09-24,NH0100.NHF,0.20188856957800275
2021-10-01,000300.SH,0.20577749186239716
2021-10-01,000852.SH,0.2055746033874234
2021-10-01,CBA02701.CS,0.19010209976066247
2021-10-01,AU9999.SGE,0.1940687196735458
2021-10-01,NH0100.NHF,0.204477084315971
2021-10-08,000300.SH,0.20574396032829154
2021-10-08,000852.SH,0.20554224938186208
2021-10-08,CBA02701.CS,0.1901595454082132
2021-10-08,AU9999.SGE,0.19410314376616292
2021-10-08,NH0100.NHF,0.2044511001154702
2021-10-15,000300.SH,0.21233833026245033
2021-10-15,000852.SH,0.21328915626782977
2021-10-15,CBA02701.CS,0.18003805776738563
2021-10-15,AU9999.SGE,0.18655131267516256
2021-10-15,NH0100.NHF,0.20778314202717169
2021-10-22,000300.SH,0.20860527899323622
2021-10-22,000852.SH,0.20969109603262479
2021-10-22,CBA02701.CS,0.19137222004975668
2021-10-22,AU9999.SGE,0.1944017936629764
2021-10-22,NH0100.NHF,0.19592961026140593
2021-10-29,000300.SH,0.19455456272331126
2021-10-29,000852.SH,0.1945163910019839
2021-10-29,CBA02701.CS,0.18495171533843358
2021-10-29,AU9999.SGE,0.2048388778387055
2021-10-29,NH0100.NHF,0.22113845209756583
2021-11-05,000300.SH,0.19745239138870357
2021-11-05,000852.SH,0.19628231802532062
2021-11-05,CBA02701.CS,0.21658395983893203
2021-11-05,AU9999.SGE,0.19462072854120324
2021-11-05,NH0100.NHF,0.19506060120584034
2021-11-12,000300.SH,0.20977127760606637
2021-11-12,000852.SH,0.2157827239735098
2021-11-12,CBA02701.CS,0.20432896421856042
2021-11-12,AU9999.SGE,0.18503479264401576
2021-11-12,NH0100.NHF,0.18508224055784753
2021-11-19,000300.SH,0.1974067211938261
2021-11-19,000852.SH,0.19774968107646085
2021-11-19,CBA02701.CS,0.20733519706980594
2021-11-19,AU9999.SGE,0.1910102598293392
2021-11-19,NH0100.NHF,0.20649813983056792
2021-11-26,000300.SH,0.20488628295289385
2021-11-26,000852.SH,0.2045682715898933
2021-11-26,CBA02701.CS,0.21637129735937138
2021-11-26,AU9999.SGE,0.17870349837374297
2021-11-26,NH0100.NHF,0.19547064872409847
2021-12-03,000300.SH,0.2196216729269132
2021-12-03,000852.SH,0.22237769301384921
2021-12-03,CBA02701.CS,0.18142874191727176
2021-12-03,AU9999.SGE,0.18374708320300423
2021-12-03,NH0100.NHF,0.19282480793896145
2021-12-10,000300.SH,0.19198770443869256
2021-12-10,000852.SH,0.1908687626823501
2021-12-10,CBA02701.CS,0.18856646798403034
2021-12-10,AU9999.SGE,0.2019963474322382
2021-12-10,NH0100.NHF,0.22658071646268893
2021-12-17,000300.SH,0.18704991165846052
2021-12-17,000852.SH,0.1873224647741895
2021-12-17,CBA02701.CS,0.19982606140797726
2021-12-17,AU9999.SGE,0.20890967348270356
2021-12-17,NH0100.NHF,0.2168918876766691
2021-12-24,000300.SH,0.19755934271505057
2021-12-24,000852.SH,0.1969436373159323
2021-12-24,CBA02701.CS,0.1915058452410365
2021-12-24,AU9999.SGE,0.19819852588052791
2021-12-24,NH0100.NHF,0.2157926478474525
2021-12-31,000300.SH,0.20930847655998253
2021-12-31,000852.SH,0.20843439670086625
2021-12-31,CBA02701.CS,0.18917142863947864
2021-12-31,AU9999.SGE,0.1977099582426555
2021-12-31,NH0100.NHF,0.195375738857017
2022-01-07,000300.SH,0.1989460921579898
2022-01-07,000852.SH,0.19757622671222108
2022-01-07,CBA02701.CS,0.18441494686128998
2022-01-07,AU9999.SGE,0.22839760130612022
2022-01-07,NH0100.NHF,0.19066513196237883
2022-01-14,000300.SH,0.210401452137287
2022-01-14,000852.SH,0.20850525445678567
2022-01-14,CBA02701.CS,0.18614794270231064
2022-01-14,AU9999.SGE,0.1937074504585068
2022-01-14,NH0100.NHF,0.20123789924510987
2022-01-21,000300.SH,0.19594242530965192
2022-01-21,000852.SH,0.19484065887850963
2022-01-21,CBA02701.CS,0.2096496863379745
2022-01-21,AU9999.SGE,0.19370393770263036
2022-01-21,NH0100.NHF,0.2058632907712335
2022-01-28,000300.SH,0.19028291196149727
2022-01-28,000852.SH,0.18692891652949603
2022-01-28,CBA02701.CS,0.18182603194912433
2022-01-28,AU9999.SGE,0.18749456960383307
2022-01-28,NH0100.NHF,0.25346756895604927
2022-02-04,000300.SH,0.1999999998
2022-02-04,000852.SH,0.1999999998
2022-02-04,CBA02701.CS,0.1999999998
2022-02-04,AU9999.SGE,0.1999999998
2022-02-04,NH0100.NHF,0.1999999998
2022-02-11,000300.SH,0.2016391670707072
2022-02-11,000852.SH,0.2012831209634189
2022-02-11,CBA02701.CS,0.18320891248954163
2022-02-11,AU9999.SGE,0.19312506653139977
2022-02-11,NH0100.NHF,0.22074373194493244
2022-02-18,000300.SH,0.20427176199799252
2022-02-18,000852.SH,0.20570227153930626
2022-02-18,CBA02701.CS,0.21121759403077758
2022-02-18,AU9999.SGE,0.1976943209071543
2022-02-18,NH0100.NHF,0.1811140505247691
2022-02-25,000300.SH,0.19776370378196637
2022-02-25,000852.SH,0.19742831703688538
2022-02-25,CBA02701.CS,0.21743111975950613
2022-02-25,AU9999.SGE,0.1973264684572367
2022-02-25,NH0100.NHF,0.19005038996440546
2022-03-04,000300.SH,0.2064058846996064
2022-03-04,000852.SH,0.204763633196419
2022-03-04,CBA02701.CS,0.20118262033382714
2022-03-04,AU9999.SGE,0.19604095978518118
2022-03-04,NH0100.NHF,0.19160690098496622
2022-03-11,000300.SH,0.19867495720143924
2022-03-11,000852.SH,0.19814460677572712
2022-03-11,CBA02701.CS,0.20885117061321426
2022-03-11,AU9999.SGE,0.19271837656688992
2022-03-11,NH0100.NHF,0.20161088784272943
2022-03-18,000300.SH,0.20259510189382757
2022-03-18,000852.SH,0.20464902895180132
2022-03-18,CBA02701.CS,0.2059219356067877
2022-03-18,AU9999.SGE,0.18680351436250997
2022-03-18,NH0100.NHF,0.2000304181850735
2022-03-25,000300.SH,0.19262409995712051
2022-03-25,000852.SH,0.1940930074099927
2022-03-25,CBA02701.CS,0.20910109219147258
2022-03-25,AU9999.SGE,0.1982169618098622
2022-03-25,NH0100.NHF,0.20596483763155202
2022-04-01,000300.SH,0.20220265670207352
2022-04-01,000852.SH,0.20581376658151607
2022-04-01,CBA02701.CS,0.21030846409074894
2022-04-01,AU9999.SGE,0.19525245921200957
2022-04-01,NH0100.NHF,0.18642265241365188
2022-04-08,000300.SH,0.21121831420551135
2022-04-08,000852.SH,0.2211166007165405
2022-04-08,CBA02701.CS,0.18728057208379945
2022-04-08,AU9999.SGE,0.19238877113337952
2022-04-08,NH0100.NHF,0.18799574086076917
2022-04-15,000300.SH,0.2009120701903316
2022-04-15,000852.SH,0.2020713879191462
2022-04-15,CBA02701.CS,0.20311144854774774
2022-04-15,AU9999.SGE,0.2023950876887315
2022-04-15,NH0100.NHF,0.19151000465404283
2022-04-22,000300.SH,0.19454448454134501
2022-04-22,000852.SH,0.19478762221486284
2022-04-22,CBA02701.CS,0.21260514783013285
2022-04-22,AU9999.SGE,0.19592646799442612
2022-04-22,NH0100.NHF,0.20213627641923296
2022-04-29,000300.SH,0.18642802773741413
2022-04-29,000852.SH,0.18677319270099252
2022-04-29,CBA02701.CS,0.22770028646544227
2022-04-29,AU9999.SGE,0.20487916470155332
2022-04-29,NH0100.NHF,0.19421932739459777
2022-05-06,000300.SH,0.17729048275503148
2022-05-06,000852.SH,0.17724754551068436
2022-05-06,CBA02701.CS,0.2827592836235739
2022-05-06,AU9999.SGE,0.1841767111751046
2022-05-06,NH0100.NHF,0.17852597593560562
2022-05-13,000300.SH,0.19508457930881973
2022-05-13,000852.SH,0.19542365050398502
2022-05-13,CBA02701.CS,0.1994011631062568
2022-05-13,AU9999.SGE,0.19940082618639668
2022-05-13,NH0100.NHF,0.21068977989454177
2022-05-20,000300.SH,0.20265576576054278
2022-05-20,000852.SH,0.20471902566511774
2022-05-20,CBA02701.CS,0.19868703060930534
2022-05-20,AU9999.SGE,0.19857329496678686
2022-05-20,NH0100.NHF,0.1953648819982473
2022-05-27,000300.SH,0.19492573695597126
2022-05-27,000852.SH,0.1950633565298008
2022-05-27,CBA02701.CS,0.20386945792226333
2022-05-27,AU9999.SGE,0.20186305328904453
2022-05-27,NH0100.NHF,0.20427839430292014
2022-06-03,000300.SH,0.19185483581306553
2022-06-03,000852.SH,0.1919274347027398
2022-06-03,CBA02701.CS,0.19062629415159973
2022-06-03,AU9999.SGE,0.20466512018802313
2022-06-03,NH0100.NHF,0.22092631414457176
2022-06-10,000300.SH,0.2042760776072598
2022-06-10,000852.SH,0.2056724716080063
2022-06-10,CBA02701.CS,0.1972292939576316
2022-06-10,AU9999.SGE,0.19349173864550037
2022-06-10,NH0100.NHF,0.19933041718160185
2022-06-17,000300.SH,0.19619514394855145
2022-06-17,000852.SH,0.19728733972865448
2022-06-17,CBA02701.CS,0.21988767902447753
2022-06-17,AU9999.SGE,0.1926409979094935
2022-06-17,NH0100.NHF,0.193988838388823
2022-06-24,000300.SH,0.19905810763688692
2022-06-24,000852.SH,0.19868626850938986
2022-06-24,CBA02701.CS,0.20973174750198545
2022-06-24,AU9999.SGE,0.19810517456593374
2022-06-24,NH0100.NHF,0.19441870078580403
2022-07-01,000300.SH,0.20111935846039047
2022-07-01,000852.SH,0.20105294838533144
2022-07-01,CBA02701.CS,0.20781608470598056
2022-07-01,AU9999.SGE,0.2059166680850228
2022-07-01,NH0100.NHF,0.18409493936327473
2022-07-08,000300.SH,0.20107775540426678
2022-07-08,000852.SH,0.20036540549905502
2022-07-08,CBA02701.CS,0.20661878511456078
2022-07-08,AU9999.SGE,0.1916614721686206
2022-07-08,NH0100.NHF,0.20027658081349675
2022-07-15,000300.SH,0.2039318309372202
2022-07-15,000852.SH,0.2041100540053237
2022-07-15,CBA02701.CS,0.1917520860975972
2022-07-15,AU9999.SGE,0.19353175164473282
2022-07-15,NH0100.NHF,0.20667427631512583
2022-07-22,000300.SH,0.19400380947832466
2022-07-22,000852.SH,0.19400636825427658
2022-07-22,CBA02701.CS,0.1963945340081226
2022-07-22,AU9999.SGE,0.217024904987064
2022-07-22,NH0100.NHF,0.19857038227221194
2022-07-29,000300.SH,0.20917979799413314
2022-07-29,000852.SH,0.2099723330073006
2022-07-29,CBA02701.CS,0.19955983778042466
2022-07-29,AU9999.SGE,0.19475357705361468
2022-07-29,NH0100.NHF,0.1865344531645269
2022-08-05,000300.SH,0.1994597605418325
2022-08-05,000852.SH,0.19946648838747222
2022-08-05,CBA02701.CS,0.20119077729594495
2022-08-05,AU9999.SGE,0.2101056046347249
2022-08-05,NH0100.NHF,0.18977736814002538
2022-08-12,000300.SH,0.19476342659008752
2022-08-12,000852.SH,0.19439913744389234
2022-08-12,CBA02701.CS,0.18970002961075044
2022-08-12,AU9999.SGE,0.21869376531720916
2022-08-12,NH0100.NHF,0.2024436400380605
2022-08-19,000300.SH,0.19925702747629034
2022-08-19,000852.SH,0.19897119049198123
2022-08-19,CBA02701.CS,0.18754364827693087
2022-08-19,AU9999.SGE,0.20880492264170117
2022-08-19,NH0100.NHF,0.20542321011309633
2022-08-26,000300.SH,0.20695800623102312
2022-08-26,000852.SH,0.2062350184104148
2022-08-26,CBA02701.CS,0.19007943028636817
2022-08-26,AU9999.SGE,0.2038543212715259
2022-08-26,NH0100.NHF,0.19287322280066796
2022-09-02,000300.SH,0.20826660143637465
2022-09-02,000852.SH,0.20654035997053832
2022-09-02,CBA02701.CS,0.19686493859535914
2022-09-02,AU9999.SGE,0.1942421120576139
2022-09-02,NH0100.NHF,0.19408598694011397
2022-09-09,000300.SH,0.19466231972048
2022-09-09,000852.SH,0.19537125872611924
2022-09-09,CBA02701.CS,0.1934973085349714
2022-09-09,AU9999.SGE,0.18646327413973232
2022-09-09,NH0100.NHF,0.230005837878697
2022-09-16,000300.SH,0.19904144361399606
2022-09-16,000852.SH,0.1985564344892692
2022-09-16,CBA02701.CS,0.2086020148705643
2022-09-16,AU9999.SGE,0.19716703275556935
2022-09-16,NH0100.NHF,0.19663307327060103
2022-09-23,000300.SH,0.20803958848077572
2022-09-23,000852.SH,0.20944160335090356
2022-09-23,CBA02701.CS,0.1907435673509428
2022-09-23,AU9999.SGE,0.1973442148175992
2022-09-23,NH0100.NHF,0.19443102499977866
2022-09-30,000300.SH,0.20552782993239488
2022-09-30,000852.SH,0.20393655689015863
2022-09-30,CBA02701.CS,0.18684049960232646
2022-09-30,AU9999.SGE,0.19568109436938
2022-09-30,NH0100.NHF,0.20801401820574003
2022-10-07,000300.SH,0.1999999998
2022-10-07,000852.SH,0.1999999998
2022-10-07,CBA02701.CS,0.1999999998
2022-10-07,AU9999.SGE,0.1999999998
2022-10-07,NH0100.NHF,0.1999999998
2022-10-14,000300.SH,0.19633268347573413
2022-10-14,000852.SH,0.1963634728187435
2022-10-14,CBA02701.CS,0.19460191988330053
2022-10-14,AU9999.SGE,0.21165751532807595
2022-10-14,NH0100.NHF,0.20104440749414584
2022-10-21,000300.SH,0.19735224050843111
2022-10-21,000852.SH,0.19690180202023055
2022-10-21,CBA02701.CS,0.19426390647935934
2022-10-21,AU9999.SGE,0.20435710786651204
2022-10-21,NH0100.NHF,0.20712494212546692
2022-10-28,000300.SH,0.20067034048793495
2022-10-28,000852.SH,0.199607708689982
2022-10-28,CBA02701.CS,0.20385364272397277
2022-10-28,AU9999.SGE,0.19890043872379637
2022-10-28,NH0100.NHF,0.19696786837431393
2022-11-04,000300.SH,0.18996241863529792
2022-11-04,000852.SH,0.1897810813212344
2022-11-04,CBA02701.CS,0.21310688592459603
2022-11-04,AU9999.SGE,0.2024396564376772
2022-11-04,NH0100.NHF,0.20470995668119424
2022-11-11,000300.SH,0.19138841852024088
2022-11-11,000852.SH,0.19122129009739677
2022-11-11,CBA02701.CS,0.20905317345719118
2022-11-11,AU9999.SGE,0.19312272821499532
2022-11-11,NH0100.NHF,0.21521438871017579
2022-11-18,000300.SH,0.20125355799173153
2022-11-18,000852.SH,0.20159087121025163
2022-11-18,CBA02701.CS,0.19436881882407256
2022-11-18,AU9999.SGE,0.19478797844632542
2022-11-18,NH0100.NHF,0.2079987725276189
2022-11-25,000300.SH,0.20096818309029912
2022-11-25,000852.SH,0.20122810856614085
2022-11-25,CBA02701.CS,0.18713374439366157
2022-11-25,AU9999.SGE,0.2140110663291106
2022-11-25,NH0100.NHF,0.1966588966207879
2022-12-02,000300.SH,0.19053723741001652
2022-12-02,000852.SH,0.19057443961654566
2022-12-02,CBA02701.CS,0.18677523106730484
2022-12-02,AU9999.SGE,0.2338475134897335
2022-12-02,NH0100.NHF,0.19826557741639947
2022-12-09,000300.SH,0.1979440309631516
2022-12-09,000852.SH,0.19754564026697846
2022-12-09,CBA02701.CS,0.20085485417958468
2022-12-09,AU9999.SGE,0.20069926596791202
2022-12-09,NH0100.NHF,0.2029562076223731
2022-12-16,000300.SH,0.20014202192519628
2022-12-16,000852.SH,0.19956988196298162
2022-12-16,CBA02701.CS,0.20693299218338704
2022-12-16,AU9999.SGE,0.19586518209727888
2022-12-16,NH0100.NHF,0.19748992083115616
2022-12-23,000300.SH,0.2014887677073263
2022-12-23,000852.SH,0.20349594648435126
2022-12-23,CBA02701.CS,0.19408813549807963
2022-12-23,AU9999.SGE,0.20169353933943623
2022-12-23,NH0100.NHF,0.19923360997080639
2022-12-30,000300.SH,0.19470772797143004
2022-12-30,000852.SH,0.19506891892935127
2022-12-30,CBA02701.CS,0.2022736767775599
2022-12-30,AU9999.SGE,0.20531304766641967
2022-12-30,NH0100.NHF,0.20263662765523902
2023-01-06,000300.SH,0.18999123695353318
2023-01-06,000852.SH,0.18939223249877582
2023-01-06,CBA02701.CS,0.18980395790900745
2023-01-06,AU9999.SGE,0.24370243072873168
2023-01-06,NH0100.NHF,0.18711014090995184
2023-01-13,000300.SH,0.19724301534224983
2023-01-13,000852.SH,0.19745599698118224
2023-01-13,CBA02701.CS,0.18966169663556368
2023-01-13,AU9999.SGE,0.22463061353994115
2023-01-13,NH0100.NHF,0.19100867650106304
2023-01-20,000300.SH,0.20407361135488197
2023-01-20,000852.SH,0.20493121742219778
2023-01-20,CBA02701.CS,0.1963703485001902
2023-01-20,AU9999.SGE,0.20175494584569342
2023-01-20,NH0100.NHF,0.19286987587703655
2023-01-27,000300.SH,0.1999999998
2023-01-27,000852.SH,0.1999999998
2023-01-27,CBA02701.CS,0.1999999998
2023-01-27,AU9999.SGE,0.1999999998
2023-01-27,NH0100.NHF,0.1999999998
2023-02-03,000300.SH,0.20108700016791264
2023-02-03,000852.SH,0.1993273622110173
2023-02-03,CBA02701.CS,0.20578046606521663
2023-02-03,AU9999.SGE,0.1935015933578456
2023-02-03,NH0100.NHF,0.20030357719800773
2023-02-10,000300.SH,0.19610833623068177
2023-02-10,000852.SH,0.19610274583144036
2023-02-10,CBA02701.CS,0.2174299160253362
2023-02-10,AU9999.SGE,0.19314782241602718
2023-02-10,NH0100.NHF,0.1972111784965145
2023-02-17,000300.SH,0.1928310195121355
2023-02-17,000852.SH,0.19290339563744657
2023-02-17,CBA02701.CS,0.22052665393719395
2023-02-17,AU9999.SGE,0.19128037024749703
2023-02-17,NH0100.NHF,0.2024585596657269
2023-02-24,000300.SH,0.19541525081071276
2023-02-24,000852.SH,0.1957034399985642
2023-02-24,CBA02701.CS,0.20154725102394833
2023-02-24,AU9999.SGE,0.20440777221189319
2023-02-24,NH0100.NHF,0.2029262849548815
2023-03-03,000300.SH,0.19235799991484195
2023-03-03,000852.SH,0.1925073569627859
2023-03-03,CBA02701.CS,0.21465125771095858
2023-03-03,AU9999.SGE,0.20785512170931106
2023-03-03,NH0100.NHF,0.19262826270210232
2023-03-10,000300.SH,0.19651901483443357
2023-03-10,000852.SH,0.19642198959192467
2023-03-10,CBA02701.CS,0.2052387619439615
2023-03-10,AU9999.SGE,0.20295743382844508
2023-03-10,NH0100.NHF,0.19886279880123506
2023-03-17,000300.SH,0.20074833796148914
2023-03-17,000852.SH,0.2012063159559095
2023-03-17,CBA02701.CS,0.20385389512376442
2023-03-17,AU9999.SGE,0.19201497612448926
2023-03-17,NH0100.NHF,0.2021764738343477
2023-03-24,000300.SH,0.19599364827359075
2023-03-24,000852.SH,0.1964310448987053
2023-03-24,CBA02701.CS,0.21659674199503695
2023-03-24,AU9999.SGE,0.1912657248322203
2023-03-24,NH0100.NHF,0.19971283900044665
2023-03-31,000300.SH,0.2015498962708568
2023-03-31,000852.SH,0.20298237048823609
2023-03-31,CBA02701.CS,0.2101669676203978
2023-03-31,AU9999.SGE,0.19089461924361611
2023-03-31,NH0100.NHF,0.19440614537689313
2023-04-07,000300.SH,0.191812388867753
2023-04-07,000852.SH,0.19202724970171783
2023-04-07,CBA02701.CS,0.23877783049920295
2023-04-07,AU9999.SGE,0.1880002121794618
2023-04-07,NH0100.NHF,0.18938231775186418
2023-04-14,000300.SH,0.1989097242873222
2023-04-14,000852.SH,0.1994472677152652
2023-04-14,CBA02701.CS,0.21318874730189175
2023-04-14,AU9999.SGE,0.19420421812743144
2023-04-14,NH0100.NHF,0.19425004156808928
2023-04-21,000300.SH,0.20009110429025753
2023-04-21,000852.SH,0.19969373992212072
2023-04-21,CBA02701.CS,0.21292363044606397
2023-04-21,AU9999.SGE,0.19338421086145677
2023-04-21,NH0100.NHF,0.19390731348010098
2023-04-28,000300.SH,0.1989623197230033
2023-04-28,000852.SH,0.19895745205301837
2023-04-28,CBA02701.CS,0.21288143031116777
2023-04-28,AU9999.SGE,0.19467157975512758
2023-04-28,NH0100.NHF,0.19452721715768295
2023-05-05,000300.SH,0.19915376897872214
2023-05-05,000852.SH,0.19906213705194176
2023-05-05,CBA02701.CS,0.21164920851938268
2023-05-05,AU9999.SGE,0.1896671800155307
2023-05-05,NH0100.NHF,0.20046770443442274
2023-05-12,000300.SH,0.19685596119723864
2023-05-12,000852.SH,0.19737083332211466
2023-05-12,CBA02701.CS,0.21133481358967982
2023-05-12,AU9999.SGE,0.1954994631003684
2023-05-12,NH0100.NHF,0.19893892779059844
2023-05-19,000300.SH,0.20571308614089207
2023-05-19,000852.SH,0.2064347501075419
2023-05-19,CBA02701.CS,0.1919915707071091
2023-05-19,AU9999.SGE,0.1941859385081221
2023-05-19,NH0100.NHF,0.20167465353633482
2023-05-26,000300.SH,0.19628920801644292
2023-05-26,000852.SH,0.19659195611576635
2023-05-26,CBA02701.CS,0.19414119320636664
2023-05-26,AU9999.SGE,0.2047751572050011
2023-05-26,NH0100.NHF,0.20820248445642295
2023-06-02,000300.SH,0.2007153387952647
2023-06-02,000852.SH,0.20155968725139536
2023-06-02,CBA02701.CS,0.19727820629049955
2023-06-02,AU9999.SGE,0.19950203451288312
2023-06-02,NH0100.NHF,0.2009447321499571
2023-06-09,000300.SH,0.20471269187690355
2023-06-09,000852.SH,0.2062575567603686
2023-06-09,CBA02701.CS,0.2037740656089771
2023-06-09,AU9999.SGE,0.19299696076660805
2023-06-09,NH0100.NHF,0.1922587239871426
2023-06-16,000300.SH,0.19764977847154444
2023-06-16,000852.SH,0.19810822978678366
2023-06-16,CBA02701.CS,0.2027208849058159
2023-06-16,AU9999.SGE,0.20203022415298205
2023-06-16,NH0100.NHF,0.1994908816828739
2023-06-23,000300.SH,0.19149316363044266
2023-06-23,000852.SH,0.191661554253185
2023-06-23,CBA02701.CS,0.19873485853465053
2023-06-23,AU9999.SGE,0.22616712791219626
2023-06-23,NH0100.NHF,0.19194329466952548
2023-06-30,000300.SH,0.20628896359499815
2023-06-30,000852.SH,0.2073465035013638
2023-06-30,CBA02701.CS,0.19953736717383133
2023-06-30,AU9999.SGE,0.19557827488868065
2023-06-30,NH0100.NHF,0.19124888984112604
2023-07-07,000300.SH,0.20041013939355365
2023-07-07,000852.SH,0.20030602061707886
2023-07-07,CBA02701.CS,0.1997956945829201
2023-07-07,AU9999.SGE,0.2080739707522147
2023-07-07,NH0100.NHF,0.19141417365423272
2023-07-14,000300.SH,0.1979668096211615
2023-07-14,000852.SH,0.19859085889171246
2023-07-14,CBA02701.CS,0.20123021966035784
2023-07-14,AU9999.SGE,0.20880035036384703
2023-07-14,NH0100.NHF,0.19341176046292113
2023-07-21,000300.SH,0.1962371788042539
2023-07-21,000852.SH,0.19637158024278484
2023-07-21,CBA02701.CS,0.20625303489778707
2023-07-21,AU9999.SGE,0.198804250595048
2023-07-21,NH0100.NHF,0.20233395446012614
2023-07-28,000300.SH,0.19621936840450366
2023-07-28,000852.SH,0.19631363916464123
2023-07-28,CBA02701.CS,0.19686519198149952
2023-07-28,AU9999.SGE,0.19681836107125641
2023-07-28,NH0100.NHF,0.2137834383780992
2023-08-04,000300.SH,0.1971834756842706
2023-08-04,000852.SH,0.1975245128142757
2023-08-04,CBA02701.CS,0.19992896877112393
2023-08-04,AU9999.SGE,0.20537204270058124
2023-08-04,NH0100.NHF,0.19999099902974837
2023-08-11,000300.SH,0.19849048855514317
2023-08-11,000852.SH,0.19889006722299676
2023-08-11,CBA02701.CS,0.19866239673568192
2023-08-11,AU9999.SGE,0.2097028771774964
2023-08-11,NH0100.NHF,0.19425416930868153
2023-08-18,000300.SH,0.20522127109214994
2023-08-18,000852.SH,0.21154246440871596
2023-08-18,CBA02701.CS,0.19210348118422335
2023-08-18,AU9999.SGE,0.19851797099911556
2023-08-18,NH0100.NHF,0.19261481131579514
2023-08-25,000300.SH,0.2088391110091327
2023-08-25,000852.SH,0.20570986803831956
2023-08-25,CBA02701.CS,0.19305557813389035
2023-08-25,AU9999.SGE,0.1997279714896992
2023-08-25,NH0100.NHF,0.19266747032895812
2023-09-01,000300.SH,0.1953127046832953
2023-09-01,000852.SH,0.19509151709556938
2023-09-01,CBA02701.CS,0.19691387637452787
2023-09-01,AU9999.SGE,0.21701058580093327
2023-09-01,NH0100.NHF,0.19567131504567398
2023-09-08,000300.SH,0.20053282288037608
2023-09-08,000852.SH,0.1991309271002739
2023-09-08,CBA02701.CS,0.1963716404967649
2023-09-08,AU9999.SGE,0.20358100159954187
2023-09-08,NH0100.NHF,0.2003836069230432
2023-09-15,000300.SH,0.20600954778387623
2023-09-15,000852.SH,0.20581190364864593
2023-09-15,CBA02701.CS,0.19412036501127325
2023-09-15,AU9999.SGE,0.2000161479295781
2023-09-15,NH0100.NHF,0.19404203462662645
2023-09-22,000300.SH,0.20574006009037893
2023-09-22,000852.SH,0.20704897852209384
2023-09-22,CBA02701.CS,0.19528015740478705
2023-09-22,AU9999.SGE,0.1960285046521852
2023-09-22,NH0100.NHF,0.19590229833055484
2023-09-29,000300.SH,0.20610014886262729
2023-09-29,000852.SH,0.20784454561543292
2023-09-29,CBA02701.CS,0.19702897741079395
2023-09-29,AU9999.SGE,0.19267409667599522
2023-09-29,NH0100.NHF,0.19635223043515063
2023-10-06,000300.SH,0.20599073544441432
2023-10-06,000852.SH,0.20770384436974482
2023-10-06,CBA02701.CS,0.19708226622584632
2023-10-06,AU9999.SGE,0.19280549544905226
2023-10-06,NH0100.NHF,0.19641765751094226
2023-10-13,000300.SH,0.20323776308245461
2023-10-13,000852.SH,0.20310073446278282
2023-10-13,CBA02701.CS,0.19997407691588162
2023-10-13,AU9999.SGE,0.19415681872695398
2023-10-13,NH0100.NHF,0.19953060581192691
2023-10-20,000300.SH,0.19921173205664772
2023-10-20,000852.SH,0.19932582281797925
2023-10-20,CBA02701.CS,0.20913428329394493
2023-10-20,AU9999.SGE,0.19481936681608755
2023-10-20,NH0100.NHF,0.19750879401534047
2023-10-27,000300.SH,0.1979143442185718
2023-10-27,000852.SH,0.19805087590757953
2023-10-27,CBA02701.CS,0.1960462509569593
2023-10-27,AU9999.SGE,0.19539339403668782
2023-10-27,NH0100.NHF,0.21259513388020157
2023-11-03,000300.SH,0.19951891282260412
2023-11-03,000852.SH,0.19861423992176547
2023-11-03,CBA02701.CS,0.2023964542438858
2023-11-03,AU9999.SGE,0.20101491956044995
2023-11-03,NH0100.NHF,0.19845547245129458
2023-11-10,000300.SH,0.20456275842276261
2023-11-10,000852.SH,0.20559640805134693
2023-11-10,CBA02701.CS,0.19684623303674406
2023-11-10,AU9999.SGE,0.19514469825721004
2023-11-10,NH0100.NHF,0.1978499012319363
2023-11-17,000300.SH,0.2003819047621117
2023-11-17,000852.SH,0.2007770572151619
2023-11-17,CBA02701.CS,0.20099861637639338
2023-11-17,AU9999.SGE,0.19541880343537754
2023-11-17,NH0100.NHF,0.2024236172109554
2023-11-24,000300.SH,0.20355769792484932
2023-11-24,000852.SH,0.20394760499691528
2023-11-24,CBA02701.CS,0.19613579685708676
2023-11-24,AU9999.SGE,0.19833178695208464
2023-11-24,NH0100.NHF,0.19802711226906403
2023-12-01,000300.SH,0.2036434572590996
2023-12-01,000852.SH,0.20464261046677357
2023-12-01,CBA02701.CS,0.19553490005692695
2023-12-01,AU9999.SGE,0.19382002248577707
2023-12-01,NH0100.NHF,0.20235900873142276
2023-12-08,000300.SH,0.19785528780500328
2023-12-08,000852.SH,0.19777389828640957
2023-12-08,CBA02701.CS,0.21207799737520736
2023-12-08,AU9999.SGE,0.19478758747351654
2023-12-08,NH0100.NHF,0.19750522805986323
2023-12-15,000300.SH,0.19820765063057896
2023-12-15,000852.SH,0.19835343926389695
2023-12-15,CBA02701.CS,0.19749763738983825
2023-12-15,AU9999.SGE,0.19787560631619236
2023-12-15,NH0100.NHF,0.20806566539949348
2023-12-22,000300.SH,0.20055161748355663
2023-12-22,000852.SH,0.2001391533248551
2023-12-22,CBA02701.CS,0.1986045357405664
2023-12-22,AU9999.SGE,0.1993673144080574
2023-12-22,NH0100.NHF,0.20133737804296445
2023-12-29,000300.SH,0.19682624783824876
2023-12-29,000852.SH,0.19741199547088117
2023-12-29,CBA02701.CS,0.19574610065255432
2023-12-29,AU9999.SGE,0.21155892439491913
2023-12-29,NH0100.NHF,0.1984567306433965
2024-01-05,000300.SH,0.19891850546397769
2024-01-05,000852.SH,0.19988461848788458
2024-01-05,CBA02701.CS,0.1972699323061369
2024-01-05,AU9999.SGE,0.20516710445057482
2024-01-05,NH0100.NHF,0.198759838291426
2024-01-12,000300.SH,0.1974345328762091
2024-01-12,000852.SH,0.19796801726239252
2024-01-12,CBA02701.CS,0.2018963893470261
2024-01-12,AU9999.SGE,0.20323315092546484
2024-01-12,NH0100.NHF,0.19946790858890737
2024-01-19,000300.SH,0.19624497535862906
2024-01-19,000852.SH,0.19908703869331076
2024-01-19,CBA02701.CS,0.20264147786676054
2024-01-19,AU9999.SGE,0.19908423685570434
2024-01-19,NH0100.NHF,0.20294227022559527
2024-01-26,000300.SH,0.19563635777002647
2024-01-26,000852.SH,0.1967577003375994
2024-01-26,CBA02701.CS,0.20312558543208376
2024-01-26,AU9999.SGE,0.20313625981776193
2024-01-26,NH0100.NHF,0.20134409564252836
2024-02-02,000300.SH,0.19709645904184367
2024-02-02,000852.SH,0.1973450244448247
2024-02-02,CBA02701.CS,0.19846401106310974
2024-02-02,AU9999.SGE,0.20398774827793587
2024-02-02,NH0100.NHF,0.20310675617228602
2024-02-09,000300.SH,0.19621143145988118
2024-02-09,000852.SH,0.19619874540588436
2024-02-09,CBA02701.CS,0.1981811186353277
2024-02-09,AU9999.SGE,0.20561307755790503
2024-02-09,NH0100.NHF,0.20379562594100176
2024-02-16,000300.SH,0.19636224849284012
2024-02-16,000852.SH,0.19635006745098826
2024-02-16,CBA02701.CS,0.19825352547504493
2024-02-16,AU9999.SGE,0.2053896296331967
2024-02-16,NH0100.NHF,0.20364452794792995
2024-02-23,000300.SH,0.19780826632340728
2024-02-23,000852.SH,0.19821144942443908
2024-02-23,CBA02701.CS,0.19736299031949428
2024-02-23,AU9999.SGE,0.20231053807235055
2024-02-23,NH0100.NHF,0.20430675486030858
2024-03-01,000300.SH,0.1971173232574998
2024-03-01,000852.SH,0.19714817159299916
2024-03-01,CBA02701.CS,0.2053178380724966
2024-03-01,AU9999.SGE,0.2011759359292762
2024-03-01,NH0100.NHF,0.19924073014772814
2024-03-08,000300.SH,0.2005468796239347
2024-03-08,000852.SH,0.19980910830592546
2024-03-08,CBA02701.CS,0.20040221014368761
2024-03-08,AU9999.SGE,0.19638610417173136
2024-03-08,NH0100.NHF,0.2028556967547207
2024-03-15,000300.SH,0.20316238520039342
2024-03-15,000852.SH,0.2041520994459555
2024-03-15,CBA02701.CS,0.19657818345279252
2024-03-15,AU9999.SGE,0.19610215064101746
2024-03-15,NH0100.NHF,0.20000518025984104
2024-03-22,000300.SH,0.20280720042775371
2024-03-22,000852.SH,0.20298130309733692
2024-03-22,CBA02701.CS,0.19674066203613352
2024-03-22,AU9999.SGE,0.1971455201673662
2024-03-22,NH0100.NHF,0.2003253132714096
2024-03-29,000300.SH,0.20174510011451238
2024-03-29,000852.SH,0.20135378410940213
2024-03-29,CBA02701.CS,0.19935327322165108
2024-03-29,AU9999.SGE,0.20006794802429312
2024-03-29,NH0100.NHF,0.19747989353014128
2024-04-05,000300.SH,0.19935797708949882
2024-04-05,000852.SH,0.19937205420525725
2024-04-05,CBA02701.CS,0.20185953356325492
2024-04-05,AU9999.SGE,0.2004819100124784
2024-04-05,NH0100.NHF,0.19892852412951054
2024-04-12,000300.SH,0.1972917230372574
2024-04-12,000852.SH,0.197269007675632
2024-04-12,CBA02701.CS,0.20985787953904927
2024-04-12,AU9999.SGE,0.19685345109089789
2024-04-12,NH0100.NHF,0.19872793765716337
2024-04-19,000300.SH,0.19908539832245167
2024-04-19,000852.SH,0.19894517923779897
2024-04-19,CBA02701.CS,0.200263212484766
2024-04-19,AU9999.SGE,0.19821866134130656
2024-04-19,NH0100.NHF,0.20348754761367674
2024-04-26,000300.SH,0.20071928454541155
2024-04-26,000852.SH,0.20045663590593996
2024-04-26,CBA02701.CS,0.19991131879225882
2024-04-26,AU9999.SGE,0.19876223305497767
2024-04-26,NH0100.NHF,0.20015052670141176
2024-05-03,000300.SH,0.19730130347575708
2024-05-03,000852.SH,0.19724521094937894
2024-05-03,CBA02701.CS,0.19637509148749405
2024-05-03,AU9999.SGE,0.19642724660119967
2024-05-03,NH0100.NHF,0.21265114648617026
2024-05-10,000300.SH,0.19913302034539182
2024-05-10,000852.SH,0.19896008252756509
2024-05-10,CBA02701.CS,0.1977171899000466
2024-05-10,AU9999.SGE,0.20497864471910657
2024-05-10,NH0100.NHF,0.1992110615078899
2024-05-17,000300.SH,0.20022553456435402
2024-05-17,000852.SH,0.20014090383504365
2024-05-17,CBA02701.CS,0.20189929365393544
2024-05-17,AU9999.SGE,0.1995995216053044
2024-05-17,NH0100.NHF,0.19813474534136244
2024-05-24,000300.SH,0.20067439710625987
2024-05-24,000852.SH,0.20019239260812854
2024-05-24,CBA02701.CS,0.19969839030668698
2024-05-24,AU9999.SGE,0.19735729247665904
2024-05-24,NH0100.NHF,0.20207752650226554
2024-05-31,000300.SH,0.20262564637568797
2024-05-31,000852.SH,0.20167474910666772
2024-05-31,CBA02701.CS,0.19976675072335168
2024-05-31,AU9999.SGE,0.19800162894899398
2024-05-31,NH0100.NHF,0.1979312238452987
2024-06-07,000300.SH,0.20114401178885097
2024-06-07,000852.SH,0.20098274796121865
2024-06-07,CBA02701.CS,0.20074546335421972
2024-06-07,AU9999.SGE,0.19875890618311673
2024-06-07,NH0100.NHF,0.1983688697125939
2024-06-14,000300.SH,0.20044445235783984
2024-06-14,000852.SH,0.20042515149735582
2024-06-14,CBA02701.CS,0.20050002592845773
2024-06-14,AU9999.SGE,0.19891318915876197
2024-06-14,NH0100.NHF,0.19971718005758446
2024-06-21,000300.SH,0.20075425505623185
2024-06-21,000852.SH,0.20110304874120524
2024-06-21,CBA02701.CS,0.20038535596903956
2024-06-21,AU9999.SGE,0.19802763503253157
2024-06-21,NH0100.NHF,0.19972970420099154
2024-06-28,000300.SH,0.20118900509924303
2024-06-28,000852.SH,0.20058600932238388
2024-06-28,CBA02701.CS,0.20110407048875664
2024-06-28,AU9999.SGE,0.19822425112768943
2024-06-28,NH0100.NHF,0.198896662961927
2024-07-05,000300.SH,0.2015608523404547
2024-07-05,000852.SH,0.2008959634231027
2024-07-05,CBA02701.CS,0.19922121390565
2024-07-05,AU9999.SGE,0.19858921741277505
2024-07-05,NH0100.NHF,0.19973275191801754
2024-07-12,000300.SH,0.1990869729847147
2024-07-12,000852.SH,0.1989992124837637
2024-07-12,CBA02701.CS,0.20129761896319073
2024-07-12,AU9999.SGE,0.20177007034335503
2024-07-12,NH0100.NHF,0.1988461242249756
2024-07-19,000300.SH,0.20138468039937665
2024-07-19,000852.SH,0.20136797813209836
2024-07-19,CBA02701.CS,0.19927635114701261
2024-07-19,AU9999.SGE,0.19902222249853938
2024-07-19,NH0100.NHF,0.19894876682297288
2024-07-26,000300.SH,0.19930985010059654
2024-07-26,000852.SH,0.1992849253319198
2024-07-26,CBA02701.CS,0.20031059462968423
2024-07-26,AU9999.SGE,0.19965309558859587
2024-07-26,NH0100.NHF,0.20144153334920353
2024-08-02,000300.SH,0.19948414040896784
2024-08-02,000852.SH,0.19947923137795717
2024-08-02,CBA02701.CS,0.2001365292567279
2024-08-02,AU9999.SGE,0.19964476941941142
2024-08-02,NH0100.NHF,0.20125532853693573
2024-08-09,000300.SH,0.20010730868871418
2024-08-09,000852.SH,0.20018367751778063
2024-08-09,CBA02701.CS,0.19954383905669998
2024-08-09,AU9999.SGE,0.1990906129623295
2024-08-09,NH0100.NHF,0.20107456077447555
2024-08-16,000300.SH,0.20077593659139492
2024-08-16,000852.SH,0.20071801306932385
2024-08-16,CBA02701.CS,0.19918316862175897
2024-08-16,AU9999.SGE,0.19920936860166327
2024-08-16,NH0100.NHF,0.20011351211585876
2024-08-23,000300.SH,0.20015349232305066
2024-08-23,000852.SH,0.20015282874884052
2024-08-23,CBA02701.CS,0.19914604632877386
2024-08-23,AU9999.SGE,0.20138334461352908
2024-08-23,NH0100.NHF,0.19916428698580585
2024-08-30,000300.SH,0.20077413696734614
2024-08-30,000852.SH,0.2008008969374989
2024-08-30,CBA02701.CS,0.19923946565182876
2024-08-30,AU9999.SGE,0.1997147481288285
2024-08-30,NH0100.NHF,0.1994707513144977
2024-09-06,000300.SH,0.2001397381968178
2024-09-06,000852.SH,0.20015695630673014
2024-09-06,CBA02701.CS,0.19938646855180847
2024-09-06,AU9999.SGE,0.20029346576152435
2024-09-06,NH0100.NHF,0.20002337018311905
2024-09-13,000300.SH,0.2006551955942509
2024-09-13,000852.SH,0.20052804900383103
2024-09-13,CBA02701.CS,0.19954183864242245
2024-09-13,AU9999.SGE,0.1997817670721712
2024-09-13,NH0100.NHF,0.19949314868732418
2024-09-20,000300.SH,0.19978951537512532
2024-09-20,000852.SH,0.20028807831667317
2024-09-20,CBA02701.CS,0.19976024561856934
2024-09-20,AU9999.SGE,0.2004199003362356
2024-09-20,NH0100.NHF,0.19974225935339654
2024-09-27,000300.SH,0.1997931802853813
2024-09-27,000852.SH,0.19977904121417117
2024-09-27,CBA02701.CS,0.20005978157432744
2024-09-27,AU9999.SGE,0.20031952759734875
2024-09-27,NH0100.NHF,0.2000484683287713
2024-10-04,000300.SH,0.1999999998
2024-10-04,000852.SH,0.1999999998
2024-10-04,CBA02701.CS,0.1999999998
2024-10-04,AU9999.SGE,0.1999999998
2024-10-04,NH0100.NHF,0.1999999998
2024-10-11,000300.SH,0.1999999998
2024-10-11,000852.SH,0.1999999998
2024-10-11,CBA02701.CS,0.1999999998
2024-10-11,AU9999.SGE,0.1999999998
2024-10-11,NH0100.NHF,0.1999999998
2024-10-18,000300.SH,0.1999999998
2024-10-18,000852.SH,0.1999999998
2024-10-18,CBA02701.CS,0.1999999998
2024-10-18,AU9999.SGE,0.1999999998
2024-10-18,NH0100.NHF,0.1999999998
2024-10-25,000300.SH,0.1999999998
2024-10-25,000852.SH,0.1999999998
2024-10-25,CBA02701.CS,0.1999999998
2024-10-25,AU9999.SGE,0.1999999998
2024-10-25,NH0100.NHF,0.1999999998
2024-11-01,000300.SH,0.1999999998
2024-11-01,000852.SH,0.1999999998
2024-11-01,CBA02701.CS,0.1999999998
2024-11-01,AU9999.SGE,0.1999999998
2024-11-01,NH0100.NHF,0.1999999998
2024-11-08,000300.SH,0.1999999998
2024-11-08,000852.SH,0.1999999998
2024-11-08,CBA02701.CS,0.1999999998
2024-11-08,AU9999.SGE,0.1999999998
2024-11-08,NH0100.NHF,0.1999999998
2024-11-15,000300.SH,0.1999999998
2024-11-15,000852.SH,0.1999999998
2024-11-15,CBA02701.CS,0.1999999998
2024-11-15,AU9999.SGE,0.1999999998
2024-11-15,NH0100.NHF,0.1999999998
2024-11-22,000300.SH,0.1999999998
2024-11-22,000852.SH,0.1999999998
2024-11-22,CBA02701.CS,0.1999999998
2024-11-22,AU9999.SGE,0.1999999998
2024-11-22,NH0100.NHF,0.1999999998
2024-11-29,000300.SH,0.1999999998
2024-11-29,000852.SH,0.1999999998
2024-11-29,CBA02701.CS,0.1999999998
2024-11-29,AU9999.SGE,0.1999999998
2024-11-29,NH0100.NHF,0.1999999998
2024-12-06,000300.SH,0.1999999998
2024-12-06,000852.SH,0.1999999998
2024-12-06,CBA02701.CS,0.1999999998
2024-12-06,AU9999.SGE,0.1999999998
2024-12-06,NH0100.NHF,0.1999999998
2024-12-13,000300.SH,0.1999999998
2024-12-13,000852.SH,0.1999999998
2024-12-13,CBA02701.CS,0.1999999998
2024-12-13,AU9999.SGE,0.1999999998
2024-12-13,NH0100.NHF,0.1999999998
2024-12-20,000300.SH,0.1999999998
2024-12-20,000852.SH,0.1999999998
2024-12-20,CBA02701.CS,0.1999999998
2024-12-20,AU9999.SGE,0.1999999998
2024-12-20,NH0100.NHF,0.1999999998
2024-12-27,000300.SH,0.1999999998
2024-12-27,000852.SH,0.1999999998
2024-12-27,CBA02701.CS,0.1999999998
2024-12-27,AU9999.SGE,0.1999999998
2024-12-27,NH0100.NHF,0.1999999998
2025-01-03,000300.SH,0.1999999998
2025-01-03,000852.SH,0.1999999998
2025-01-03,CBA02701.CS,0.1999999998
2025-01-03,AU9999.SGE,0.1999999998
2025-01-03,NH0100.NHF,0.1999999998
2025-01-10,000300.SH,0.1999999998
2025-01-10,000852.SH,0.1999999998
2025-01-10,CBA02701.CS,0.1999999998
2025-01-10,AU9999.SGE,0.1999999998
2025-01-10,NH0100.NHF,0.1999999998
2025-01-17,000300.SH,0.1999999998
2025-01-17,000852.SH,0.1999999998
2025-01-17,CBA02701.CS,0.1999999998
2025-01-17,AU9999.SGE,0.1999999998
2025-01-17,NH0100.NHF,0.1999999998
2025-01-24,000300.SH,0.1999999998
2025-01-24,000852.SH,0.1999999998
2025-01-24,CBA02701.CS,0.1999999998
2025-01-24,AU9999.SGE,0.1999999998
2025-01-24,NH0100.NHF,0.1999999998
2025-01-31,000300.SH,0.1999999998
2025-01-31,000852.SH,0.1999999998
2025-01-31,CBA02701.CS,0.1999999998
2025-01-31,AU9999.SGE,0.1999999998
2025-01-31,NH0100.NHF,0.1999999998
2025-02-07,000300.SH,0.1999999998
2025-02-07,000852.SH,0.1999999998
2025-02-07,CBA02701.CS,0.1999999998
2025-02-07,AU9999.SGE,0.1999999998
2025-02-07,NH0100.NHF,0.1999999998
2025-02-14,000300.SH,0.1999999998
2025-02-14,000852.SH,0.1999999998
2025-02-14,CBA02701.CS,0.1999999998
2025-02-14,AU9999.SGE,0.1999999998
2025-02-14,NH0100.NHF,0.1999999998
2025-02-21,000300.SH,0.1999999998
2025-02-21,000852.SH,0.1999999998
2025-02-21,CBA02701.CS,0.1999999998
2025-02-21,AU9999.SGE,0.1999999998
2025-02-21,NH0100.NHF,0.1999999998
2025-02-28,000300.SH,0.1999999998
2025-02-28,000852.SH,0.1999999998
2025-02-28,CBA02701.CS,0.1999999998
2025-02-28,AU9999.SGE,0.1999999998
2025-02-28,NH0100.NHF,0.1999999998
2025-03-07,000300.SH,0.1999999998
2025-03-07,000852.SH,0.1999999998
2025-03-07,CBA02701.CS,0.1999999998
2025-03-07,AU9999.SGE,0.1999999998
2025-03-07,NH0100.NHF,0.1999999998
2025-03-14,000300.SH,0.1999999998
2025-03-14,000852.SH,0.1999999998
2025-03-14,CBA02701.CS,0.1999999998
2025-03-14,AU9999.SGE,0.1999999998
2025-03-14,NH0100.NHF,0.1999999998
2025-03-21,000300.SH,0.1999999998
2025-03-21,000852.SH,0.1999999998
2025-03-21,CBA02701.CS,0.1999999998
2025-03-21,AU9999.SGE,0.1999999998
2025-03-21,NH0100.NHF,0.1999999998
2025-03-28,000300.SH,0.1999999998
2025-03-28,000852.SH,0.1999999998
2025-03-28,CBA02701.CS,0.1999999998
2025-03-28,AU9999.SGE,0.1999999998
2025-03-28,NH0100.NHF,0.1999999998
2025-04-04,000300.SH,0.1999999998
2025-04-04,000852.SH,0.1999999998
2025-04-04,CBA02701.CS,0.1999999998
2025-04-04,AU9999.SGE,0.1999999998
2025-04-04,NH0100.NHF,0.1999999998
2025-04-11,000300.SH,0.1999999998
2025-04-11,000852.SH,0.1999999998
2025-04-11,CBA02701.CS,0.1999999998
2025-04-11,AU9999.SGE,0.1999999998
2025-04-11,NH0100.NHF,0.1999999998
2025-04-18,000300.SH,0.1999999998
2025-04-18,000852.SH,0.1999999998
2025-04-18,CBA02701.CS,0.1999999998
2025-04-18,AU9999.SGE,0.1999999998
2025-04-18,NH0100.NHF,0.1999999998
2025-04-25,000300.SH,0.1999999998
2025-04-25,000852.SH,0.1999999998
2025-04-25,CBA02701.CS,0.1999999998
2025-04-25,AU9999.SGE,0.1999999998
2025-04-25,NH0100.NHF,0.1999999998
2025-05-02,000300.SH,0.1999999998
2025-05-02,000852.SH,0.1999999998
2025-05-02,CBA02701.CS,0.1999999998
2025-05-02,AU9999.SGE,0.1999999998
2025-05-02,NH0100.NHF,0.1999999998
2025-05-09,000300.SH,0.1999999998
2025-05-09,000852.SH,0.1999999998
2025-05-09,CBA02701.CS,0.1999999998
2025-05-09,AU9999.SGE,0.1999999998
2025-05-09,NH0100.NHF,0.1999999998
2025-05-16,000300.SH,0.1999999998
2025-05-16,000852.SH,0.1999999998
2025-05-16,CBA02701.CS,0.1999999998
2025-05-16,AU9999.SGE,0.1999999998
2025-05-16,NH0100.NHF,0.1999999998
2025-05-23,000300.SH,0.1999999998
2025-05-23,000852.SH,0.1999999998
2025-05-23,CBA02701.CS,0.1999999998
2025-05-23,AU9999.SGE,0.1999999998
2025-05-23,NH0100.NHF,0.1999999998
2025-05-30,000300.SH,0.1999999998
2025-05-30,000852.SH,0.1999999998
2025-05-30,CBA02701.CS,0.1999999998
2025-05-30,AU9999.SGE,0.1999999998
2025-05-30,NH0100.NHF,0.1999999998
2025-06-06,000300.SH,0.1999999998
2025-06-06,000852.SH,0.1999999998
2025-06-06,CBA02701.CS,0.1999999998
2025-06-06,AU9999.SGE,0.1999999998
2025-06-06,NH0100.NHF,0.1999999998
2025-06-13,000300.SH,0.1999999998
2025-06-13,000852.SH,0.1999999998
2025-06-13,CBA02701.CS,0.1999999998
2025-06-13,AU9999.SGE,0.1999999998
2025-06-13,NH0100.NHF,0.1999999998
2025-06-20,000300.SH,0.1999999998
2025-06-20,000852.SH,0.1999999998
2025-06-20,CBA02701.CS,0.1999999998
2025-06-20,AU9999.SGE,0.1999999998
2025-06-20,NH0100.NHF,0.1999999998
2025-06-27,000300.SH,0.1999999998
2025-06-27,000852.SH,0.1999999998
2025-06-27,CBA02701.CS,0.1999999998
2025-06-27,AU9999.SGE,0.1999999998
2025-06-27,NH0100.NHF,0.1999999998
2025-07-04,000300.SH,0.1999999998
2025-07-04,000852.SH,0.1999999998
2025-07-04,CBA02701.CS,0.1999999998
2025-07-04,AU9999.SGE,0.1999999998
2025-07-04,NH0100.NHF,0.1999999998
2025-07-11,000300.SH,0.1999999998
2025-07-11,000852.SH,0.1999999998
2025-07-11,CBA02701.CS,0.1999999998
2025-07-11,AU9999.SGE,0.1999999998
2025-07-11,NH0100.NHF,0.1999999998
2025-07-18,000300.SH,0.1999999998
2025-07-18,000852.SH,0.1999999998
2025-07-18,CBA02701.CS,0.1999999998
2025-07-18,AU9999.SGE,0.1999999998
2025-07-18,NH0100.NHF,0.1999999998
2025-07-25,000300.SH,0.1999999998
2025-07-25,000852.SH,0.1999999998
2025-07-25,CBA02701.CS,0.1999999998
2025-07-25,AU9999.SGE,0.1999999998
2025-07-25,NH0100.NHF,0.1999999998
2025-08-01,000300.SH,0.1999999998
2025-08-01,000852.SH,0.1999999998
2025-08-01,CBA02701.CS,0.1999999998
2025-08-01,AU9999.SGE,0.1999999998
2025-08-01,NH0100.NHF,0.1999999998
2025-08-08,000300.SH,0.1999999998
2025-08-08,000852.SH,0.1999999998
2025-08-08,CBA02701.CS,0.1999999998
2025-08-08,AU9999.SGE,0.1999999998
2025-08-08,NH0100.NHF,0.1999999998
2025-08-15,000300.SH,0.1999999998
2025-08-15,000852.SH,0.1999999998
2025-08-15,CBA02701.CS,0.1999999998
2025-08-15,AU9999.SGE,0.1999999998
2025-08-15,NH0100.NHF,0.1999999998
2025-08-22,000300.SH,0.1999999998
2025-08-22,000852.SH,0.1999999998
2025-08-22,CBA02701.CS,0.1999999998
2025-08-22,AU9999.SGE,0.1999999998
2025-08-22,NH0100.NHF,0.1999999998
2025-08-29,000300.SH,0.1999999998
2025-08-29,000852.SH,0.1999999998
2025-08-29,CBA02701.CS,0.1999999998
2025-08-29,AU9999.SGE,0.1999999998
2025-08-29,NH0100.NHF,0.1999999998
2025-09-05,000300.SH,0.1999999998
2025-09-05,000852.SH,0.1999999998
2025-09-05,CBA02701.CS,0.1999999998
2025-09-05,AU9999.SGE,0.1999999998
2025-09-05,NH0100.NHF,0.1999999998
2025-09-12,000300.SH,0.1999999998
2025-09-12,000852.SH,0.1999999998
2025-09-12,CBA02701.CS,0.1999999998
2025-09-12,AU9999.SGE,0.1999999998
2025-09-12,NH0100.NHF,0.1999999998
2025-09-19,000300.SH,0.1999999998
2025-09-19,000852.SH,0.1999999998
2025-09-19,CBA02701.CS,0.1999999998
2025-09-19,AU9999.SGE,0.1999999998
2025-09-19,NH0100.NHF,0.1999999998
2025-09-26,000300.SH,0.1999999998
2025-09-26,000852.SH,0.1999999998
2025-09-26,CBA02701.CS,0.1999999998
2025-09-26,AU9999.SGE,0.1999999998
2025-09-26,NH0100.NHF,0.1999999998
2025-10-03,000300.SH,0.1999999998
2025-10-03,000852.SH,0.1999999998
2025-10-03,CBA02701.CS,0.1999999998
2025-10-03,AU9999.SGE,0.1999999998
2025-10-03,NH0100.NHF,0.1999999998
2025-10-10,000300.SH,0.1999999998
2025-10-10,000852.SH,0.1999999998
2025-10-10,CBA02701.CS,0.1999999998
2025-10-10,AU9999.SGE,0.1999999998
2025-10-10,NH0100.NHF,0.1999999998
2025-10-17,000300.SH,0.1999999998
2025-10-17,000852.SH,0.1999999998
2025-10-17,CBA02701.CS,0.1999999998
2025-10-17,AU9999.SGE,0.1999999998
2025-10-17,NH0100.NHF,0.1999999998
2025-10-24,000300.SH,0.1999999998
2025-10-24,000852.SH,0.1999999998
2025-10-24,CBA02701.CS,0.1999999998
2025-10-24,AU9999.SGE,0.1999999998
2025-10-24,NH0100.NHF,0.1999999998
2025-10-31,000300.SH,0.1999999998
2025-10-31,000852.SH,0.1999999998
2025-10-31,CBA02701.CS,0.1999999998
2025-10-31,AU9999.SGE,0.1999999998
2025-10-31,NH0100.NHF,0.1999999998
2025-11-07,000300.SH,0.1999999998
2025-11-07,000852.SH,0.1999999998
2025-11-07,CBA02701.CS,0.1999999998
2025-11-07,AU9999.SGE,0.1999999998
2025-11-07,NH0100.NHF,0.1999999998
2025-11-14,000300.SH,0.1999999998
2025-11-14,000852.SH,0.1999999998
2025-11-14,CBA02701.CS,0.1999999998
2025-11-14,AU9999.SGE,0.1999999998
2025-11-14,NH0100.NHF,0.1999999998
2025-11-21,000300.SH,0.1999999998
2025-11-21,000852.SH,0.1999999998
2025-11-21,CBA02701.CS,0.1999999998
2025-11-21,AU9999.SGE,0.1999999998
2025-11-21,NH0100.NHF,0.1999999998
2025-11-28,000300.SH,0.1999999998
2025-11-28,000852.SH,0.1999999998
2025-11-28,CBA02701.CS,0.1999999998
2025-11-28,AU9999.SGE,0.1999999998
2025-11-28,NH0100.NHF,0.1999999998
2025-12-05,000300.SH,0.1999999998
2025-12-05,000852.SH,0.1999999998
2025-12-05,CBA02701.CS,0.1999999998
2025-12-05,AU9999.SGE,0.1999999998
2025-12-05,NH0100.NHF,0.1999999998
2025-12-12,000300.SH,0.1999999998
2025-12-12,000852.SH,0.1999999998
2025-12-12,CBA02701.CS,0.1999999998
2025-12-12,AU9999.SGE,0.1999999998
2025-12-12,NH0100.NHF,0.1999999998
2025-12-19,000300.SH,0.1999999998
2025-12-19,000852.SH,0.1999999998
2025-12-19,CBA02701.CS,0.1999999998
2025-12-19,AU9999.SGE,0.1999999998
2025-12-19,NH0100.NHF,0.1999999998
2025-12-26,000300.SH,0.1999999998
2025-12-26,000852.SH,0.1999999998
2025-12-26,CBA02701.CS,0.1999999998
2025-12-26,AU9999.SGE,0.1999999998
2025-12-26,NH0100.NHF,0.1999999998
2026-01-02,000300.SH,0.1999999998
2026-01-02,000852.SH,0.1999999998
2026-01-02,CBA02701.CS,0.1999999998
2026-01-02,AU9999.SGE,0.1999999998
2026-01-02,NH0100.NHF,0.1999999998
2026-01-09,000300.SH,0.1999999998
2026-01-09,000852.SH,0.1999999998
2026-01-09,CBA02701.CS,0.1999999998
2026-01-09,AU9999.SGE,0.1999999998
2026-01-09,NH0100.NHF,0.1999999998
2026-01-16,000300.SH,0.1999999998
2026-01-16,000852.SH,0.1999999998
2026-01-16,CBA02701.CS,0.1999999998
2026-01-16,AU9999.SGE,0.1999999998
2026-01-16,NH0100.NHF,0.1999999998
2026-01-23,000300.SH,0.1999999998
2026-01-23,000852.SH,0.1999999998
2026-01-23,CBA02701.CS,0.1999999998
2026-01-23,AU9999.SGE,0.1999999998
2026-01-23,NH0100.NHF,0.1999999998
2026-01-30,000300.SH,0.1999999998
2026-01-30,000852.SH,0.1999999998
2026-01-30,CBA02701.CS,0.1999999998
2026-01-30,AU9999.SGE,0.1999999998
2026-01-30,NH0100.NHF,0.1999999998
2026-02-06,000300.SH,0.1999999998
2026-02-06,000852.SH,0.1999999998
2026-02-06,CBA02701.CS,0.1999999998
2026-02-06,AU9999.SGE,0.1999999998
2026-02-06,NH0100.NHF,0.1999999998
2026-02-13,000300.SH,0.1999999998
2026-02-13,000852.SH,0.1999999998
2026-02-13,CBA02701.CS,0.1999999998
2026-02-13,AU9999.SGE,0.1999999998
2026-02-13,NH0100.NHF,0.1999999998
2026-02-20,000300.SH,0.1999999998
2026-02-20,000852.SH,0.1999999998
2026-02-20,CBA02701.CS,0.1999999998
2026-02-20,AU9999.SGE,0.1999999998
2026-02-20,NH0100.NHF,0.1999999998
2026-02-27,000300.SH,0.1999999998
2026-02-27,000852.SH,0.1999999998
2026-02-27,CBA02701.CS,0.1999999998
2026-02-27,AU9999.SGE,0.1999999998
2026-02-27,NH0100.NHF,0.1999999998
2026-03-06,000300.SH,0.1999999998
2026-03-06,000852.SH,0.1999999998
2026-03-06,CBA02701.CS,0.1999999998
2026-03-06,AU9999.SGE,0.1999999998
2026-03-06,NH0100.NHF,0.1999999998
2026-03-13,000300.SH,0.1999999998
2026-03-13,000852.SH,0.1999999998
2026-03-13,CBA02701.CS,0.1999999998
2026-03-13,AU9999.SGE,0.1999999998
2026-03-13,NH0100.NHF,0.1999999998
2026-03-20,000300.SH,0.1999999998
2026-03-20,000852.SH,0.1999999998
2026-03-20,CBA02701.CS,0.1999999998
2026-03-20,AU9999.SGE,0.1999999998
2026-03-20,NH0100.NHF,0.1999999998
2026-03-27,000300.SH,0.1999999998
2026-03-27,000852.SH,0.1999999998
2026-03-27,CBA02701.CS,0.1999999998
2026-03-27,AU9999.SGE,0.1999999998
2026-03-27,NH0100.NHF,0.1999999998
2026-04-03,000300.SH,0.1999999998
2026-04-03,000852.SH,0.1999999998
2026-04-03,CBA02701.CS,0.1999999998
2026-04-03,AU9999.SGE,0.1999999998
2026-04-03,NH0100.NHF,0.1999999998
2026-04-10,000300.SH,0.1999999998
2026-04-10,000852.SH,0.1999999998
2026-04-10,CBA02701.CS,0.1999999998
2026-04-10,AU9999.SGE,0.1999999998
2026-04-10,NH0100.NHF,0.1999999998
2026-04-17,000300.SH,0.1999999998
2026-04-17,000852.SH,0.1999999998
2026-04-17,CBA02701.CS,0.1999999998
2026-04-17,AU9999.SGE,0.1999999998
2026-04-17,NH0100.NHF,0.1999999998
