date,alpha,tau,ae_error,regime_label,llm_macro,llm_sentiment,llm_risk,r_normal,r_event,edge_event_minus_normal,week_return_fused,regret_ema_norm,w_normal_broad,w_normal_satellite,w_normal_fi,w_normal_safe,w_normal_cash,w_event_broad,w_event_satellite,w_event_fi,w_event_safe,w_event_cash,w_fused_broad,w_fused_satellite,w_fused_fi,w_fused_safe,w_fused_cash
2021-01-01,0.6,19.933520084619524,11.72562026977539,bull_normal,60.5,64.3,50.75,0.009430650655586544,0.009430650655586544,0.0,0.009430650646155891,1.0,0.2,0.2,0.2,0.2,0.2,0.2,0.2,0.2,0.2,0.2,0.1999999998,0.1999999998,0.1999999998,0.1999999998,0.1999999998
2021-01-08,0.7,19.8660130918026,11.150801658630371,bull_normal,58.5,60.5,47.25,0.007228603952611971,0.007506434423980392,0.0002778304713684206,0.00742308527514678,1.0,0.2,0.2,0.2,0.2,0.2,0.21503473463371064,0.21861924567780255,0.18459338038448028,0.23175263930400647,0.15,0.21052431403307315,0.21303347176142828,0.18921536607992082,0.22222684729057765,0.164999999835
2021-01-15,0.7999999999999999,19.80993846058846,18.64406967163086,bull_normal,58.1,59.6,49.599999999999994,0.0013282724158093218,0.0018251305607352706,0.0004968581449259488,0.001725758930024322,1.0,0.2,0.2,0.2,0.2,0.2,0.1713018222079828,0.17171213681701966,0.34312484150447936,0.16386119947051825,0.15,0.17704145758934475,0.17736970927624598,0.3144998728890836,0.17108895940532562,0.15999999984
2021-01-22,0.8999999999999999,19.750122421979906,17.28256607055664,bull_normal,58.220000000000006,58.120000000000005,50.25,-0.005061269393529692,-0.001648305609065001,0.003412963784464691,-0.001989601985521868,1.0,0.2,0.2,0.2,0.2,0.2,0.20359434482182284,0.2099058945750916,0.19660430611829832,0.3,0.08989545448478721,0.20323491013640563,0.2089153049086671,0.19694387530952462,0.28999999970999996,0.10090590893540258
2021-01-29,0.9999999999999999,19.69891214966774,20.938508987426758,event_stress,53.5,52.5,47.25,-0.008315541471694176,-0.00797147814930595,0.00034406332238822585,-0.007971478141334472,0.9956609749132875,0.2,0.2,0.2,0.2,0.2,0.16626100008045683,0.1622171648177143,0.27273781527027413,0.24878401983155476,0.15,0.16626099991419582,0.16221716465549713,0.27273781499753624,0.24878401958277072,0.14999999984999998
2021-02-05,1.0,19.62703911662102,9.665470123291016,bull_normal,56.0,52.5,49.75,-0.0006457806150114041,-0.0008894246738078445,-0.00024364405879644037,-0.0008894246729184198,0.9687404329259692,0.1,0.05,0.5,0.2,0.15,0.16059446737678906,0.16560440181391073,0.2238011308093002,0.3,0.15,0.16059446721619458,0.1656044016483063,0.22380113058549905,0.29999999969999996,0.14999999984999998
2021-02-12,1.0,19.555371057987216,10.595335960388184,bull_normal,57.5,59.5,39.0,0.00649456144526117,0.006005355887753941,-0.0004892055575072291,0.006005355881748583,1.0,0.2,0.2,0.2,0.2,0.2,0.22168071466486125,0.21908612201013491,0.37127735985615984,0.0924753514607156,0.09548045200812844,0.22168071444318052,0.21908612179104878,0.37127735948488244,0.09247535136824024,0.09548045191264798
2021-02-19,1.0,19.485803759098054,12.112592697143555,bull_normal,57.529999999999994,59.470000000000006,41.045,0.0024153225865924076,0.00679799832413786,0.004382675737545453,0.006797998317339859,1.0,0.2,0.2,0.2,0.2,0.2,0.3121147926716153,0.3121147926716153,0.11692701508053799,0.14053186411004567,0.11831153546618572,0.31211479235950046,0.31211479235950046,0.11692701496361096,0.1405318639695138,0.11831153534787418
2021-02-26,1.0,19.42106803059578,14.848400115966797,bull_normal,55.879999999999995,56.42999999999999,43.125,-0.01160866118949813,-0.007021908151011392,0.004586753038486738,-0.007021908143989483,1.0,0.2,0.2,0.2,0.2,0.2,0.1242574414383257,0.12607009086977955,0.380133472667181,0.21953899502471375,0.15,0.12425744131406825,0.12607009074370945,0.3801334722870475,0.21953899480517472,0.14999999984999998
2021-03-05,1.0,19.350597929954528,11.65086555480957,bull_normal,58.0,57.3,40.75,-0.00498521502670325,-0.0036583768660763995,0.0013268381606268507,-0.0036583768624180234,1.0,0.2,0.2,0.2,0.2,0.2,0.18689943452690594,0.19028612356229857,0.278961087871747,0.20149048792651866,0.14236286611252968,0.18689943434000653,0.19028612337201248,0.27896108759278593,0.2014904877250282,0.14236286597016684
2021-03-12,1.0,19.291750538349152,19.23153305053711,bull_normal,58.3,55.9,44.0,-0.006752125040637251,-0.005510186431981408,0.0012419386086558425,-0.005510186426471221,0.996968102427137,0.2,0.2,0.2,0.2,0.2,0.1970669497810457,0.19681462165289068,0.2049616051188638,0.25115682344719986,0.15,0.19706694958397872,0.19681462145607603,0.20496160491390217,0.25115682319604304,0.14999999984999998
2021-03-19,1.0,19.230737549066543,18.381820678710938,bull_normal,59.3,59.8,43.75,-0.0023195541122752266,-0.0028731551486366404,-0.0005536010363614138,-0.002873155145763485,0.9689147819602629,0.2,0.2,0.2,0.2,0.2,0.13906268434950733,0.1382640613214635,0.4506177137267193,0.2303420002541738,0.04171354034813604,0.13906268421044463,0.13826406118319942,0.45061771327610156,0.2303420000238318,0.0417135403064225
2021-03-26,1.0,19.17224705815315,19.139707565307617,bull_normal,57.5,56.0,45.25,0.0024728507536101777,0.0021965068170106397,-0.000276343936599538,0.002196506814814133,0.9408497943121217,0.2,0.2,0.2,0.2,0.2,0.14792053491260168,0.15117750064921168,0.31290244036004794,0.2379995240781388,0.15,0.14792053476468114,0.15117750049803416,0.31290244004714546,0.23799952384013925,0.14999999984999998
2021-04-02,1.0,19.100033211708066,8.678933143615723,bull_normal,53.0,54.0,43.75,0.005148778988437524,0.005329258301114762,0.00018047931267723815,0.0053292582957855045,0.7847656432765072,0.2,0.2,0.2,0.2,0.2,0.20218479300800948,0.20372833382782293,0.26891454320820984,0.21063425177616202,0.11453807817979576,0.2021847928058247,0.2037283336240946,0.2689145429392953,0.21063425156552776,0.11453807806525768
2021-04-09,1.0,19.023524236679073,4.77430534362793,bull_normal,52.0,54.8,40.25,-0.0016590296203344982,-0.0012451135334215111,0.0004139160869129871,-0.0012451135321763975,0.8019289606853681,0.2,0.2,0.2,0.2,0.2,0.1732627047415877,0.17790778010649913,0.2783691148142519,0.22046040033766123,0.15000000000000002,0.173262704568325,0.17790777992859133,0.27836911453588276,0.2204604001172008,0.14999999985
2021-04-16,1.0,18.94498275518417,3.9492101669311523,bull_normal,55.7,53.8,47.25,-0.0006714577129161358,-0.0007192137908095085,-4.775607789337267e-05,-0.0007192137900902945,0.8322886035705997,0.2,0.2,0.2,0.2,0.2,0.22395405659223414,0.2237435235676608,0.2160266931099824,0.18627572673012271,0.15,0.22395405636828006,0.22374352334391726,0.21602669289395568,0.18627572654384697,0.14999999984999998
2021-04-23,1.0,18.86963367462158,5.882108211517334,bull_normal,53.0,51.5,41.75,0.008365303571213822,0.008224053784760372,-0.00014124978645345052,0.008224053776536318,0.7368898024533649,0.2,0.2,0.2,0.2,0.2,0.17481130832858674,0.17550704185791877,0.3827118943893692,0.1698499793387115,0.09711977608541372,0.1748113081537754,0.1755070416824117,0.3827118940066573,0.1698499791688615,0.09711977598829394
2021-04-30,1.0,18.795166242122647,6.945184230804443,bull_normal,53.5,56.0,46.75,-0.004983867433592355,-0.004399270064078557,0.0005845973695137981,-0.004399270059679287,0.6208712988830954,0.2,0.2,0.2,0.2,0.2,0.24577637046878395,0.2508229477140015,0.1671020880050055,0.19786468253674103,0.13843391127546803,0.24577637022300755,0.2508229474631785,0.1671020878379034,0.19786468233887633,0.1384339111370341
2021-05-07,1.0,18.724452239274974,9.664274215698242,bull_normal,53.05,54.55,49.25,-0.0008315439033253855,-0.0066847689792256,-0.005853225075900214,-0.006684768972540831,0.6858972429377505,0.2,0.2,0.2,0.2,0.2,0.48778140300744843,0.45,0.062218596992551514,5.421010862427522e-20,5.421010862427522e-20,0.487781402519667,0.44999999955,0.06221859693033291,5.421010857006511e-20,5.421010857006511e-20
2021-05-14,1.0,18.65408346652984,10.07521915435791,bull_normal,53.5,54.5,45.75,0.0009898452776788125,0.003547856923975981,0.0025580116462971684,0.0035478569204281237,0.5533483541708941,0.2,0.2,0.2,0.2,0.2,0.26883881847062957,0.27651273250736924,0.20305845525138203,0.1784609002598178,0.07312909351080128,0.26883881820179073,0.2765127322308565,0.20305845504832357,0.1784609000813569,0.07312909343767218
2021-05-21,1.0,18.580771386623375,7.520413875579834,bull_normal,52.5,55.0,48.75,0.0023994055362430273,0.0024908710541868074,9.146551794378009e-05,0.002490871051695936,0.6661943219613868,0.2,0.2,0.2,0.2,0.2,0.2340797335040207,0.2334382592156314,0.17375332637036406,0.20872868090998384,0.15,0.23407973326994094,0.23343825898219314,0.1737533261966107,0.20872868070125514,0.14999999984999998
2021-05-28,1.0,18.510928505659095,11.550996780395508,bull_normal,57.0,55.0,45.25,0.002343742329590488,0.0023143743679462808,-2.9367961644207168e-05,0.002314374365631906,0.6615299446917693,0.2,0.2,0.2,0.2,0.2,0.20633572305314846,0.19497584092426126,0.20658893053865002,0.24749623130982165,0.14460327417411867,0.20633572284681273,0.1949758407292854,0.20658893033206108,0.2474962310623254,0.1446032740295154
2021-06-04,1.0,18.43540915846824,4.906940937042236,bull_normal,50.7,49.8,45.25,-0.0039997568857516015,-0.003441172789793467,0.0005585840959581347,-0.0034411727863522938,0.5853983412550753,0.2,0.2,0.2,0.2,0.2,0.14379651975000868,0.14412278130149847,0.411499531474434,0.15058116747405886,0.15000000000000002,0.14379651960621215,0.14412278115737567,0.41149953106293446,0.15058116732347768,0.14999999985
2021-06-11,1.0,18.363300848007196,7.228706359863281,bull_normal,49.769999999999996,48.68,46.849999999999994,-2.415419536666444e-05,-0.0014967255372336195,-0.001472571341866955,-0.0014967255357368936,0.6564576802364459,0.2,0.2,0.2,0.2,0.2,0.1928953746302615,0.19446219006607027,0.3118172836839269,0.15082515161974125,0.14999999999999997,0.19289537443736615,0.1944621898716081,0.3118172833721097,0.15082515146891612,0.14999999984999998
2021-06-18,1.0,18.298653811216347,12.689493179321289,bull_normal,50.5,51.0,38.5,-0.012733266190668436,-0.008304804247311504,0.004428461943356932,-0.0083048042390067,0.7636717156574685,0.2,0.2,0.2,0.2,0.2,0.24901415879333552,0.25235636047338483,0.3315086089561136,0.09723328710104906,0.06988758467611689,0.24901415854432135,0.2523563602210285,0.33150860862460496,0.09723328700381577,0.06988758460622929
2021-06-25,1.0,18.225830066204065,7.219579696655273,bull_normal,51.5,50.5,45.25,0.003765253154686125,0.003881208857562522,0.0001159557028763969,0.003881208853681313,0.658962735818031,0.2,0.2,0.2,0.2,0.2,0.17576453471051842,0.1813451406871055,0.40102552483928916,0.15463885627895324,0.08722594348413369,0.17576453453475388,0.18134514050576034,0.4010255244382636,0.15463885612431438,0.08722594339690774
2021-07-02,1.0,18.174359458684915,20.258277893066406,event_stress,51.5,48.5,40.25,0.003482170213890328,-0.0005118402619900315,-0.0039940104758803595,-0.0005118402614781906,1.0,0.2,0.2,0.2,0.2,0.2,0.2552263196879432,0.26864380830579193,0.21774731261488836,0.15363221682610734,0.10475034256526913,0.25522631943271684,0.2686438080371481,0.21774731239714104,0.15363221667247512,0.10475034246051879
2021-07-09,1.0,18.1031096458435,8.364113807678223,bull_normal,51.3,48.5,40.25,0.004472865204368947,0.0017304677270947133,-0.0027423974772742333,0.0017304677253642453,0.9759529604912438,0.1,0.05,0.5,0.2,0.15,0.23366578580400563,0.2494482629672109,0.255426122291264,0.1567796670289521,0.1046801619085674,0.23366578557033982,0.2494482627177626,0.25542612203583787,0.15677966687217243,0.10468016180388723
2021-07-16,1.0,18.03108384609222,8.105576515197754,bull_normal,52.15,48.9,42.25,0.0034245630547098723,0.003284872331994436,-0.00013969072271543615,0.0032848723287095642,0.8173844737885713,0.2,0.2,0.2,0.2,0.2,0.2177072815656117,0.2186422433288304,0.20899355954507576,0.20465691556048218,0.15,0.2177072813479044,0.21864224311018812,0.20899355933608219,0.20465691535582525,0.14999999984999998
2021-07-23,1.0,17.961569446325296,9.735071182250977,bull_normal,51.5,49.5,38.5,-0.0011657778497295458,-0.0005488800690872008,0.0006168977806423451,-0.0005488800685383209,0.7951377559206849,0.2,0.2,0.2,0.2,0.2,0.23204052130880495,0.2343904066605607,0.21849222825492284,0.16507684377571155,0.15,0.2320405210767644,0.2343904064261703,0.2184922280364306,0.16507684361063468,0.14999999984999998
2021-07-30,1.0,17.90516738891601,18.857484817504883,event_stress,53.6,53.5,42.7,-0.0036814069075550176,8.309185028687142e-05,0.003764498757841889,8.309185020377932e-05,0.9551680823882399,0.2,0.2,0.2,0.2,0.2,0.14453063496211044,0.1449891323116646,0.34289361785404465,0.21758661487218037,0.15,0.1445306348175798,0.14498913216667547,0.342893617511151,0.21758661465459372,0.14999999984999998
2021-08-06,1.0,17.841634893417353,14.318501472473145,bull_normal,52.5,51.5,40.25,0.0007888914509843755,0.001073452843776224,0.00028456139279184843,0.001073452842702771,0.897887169270744,0.1,0.05,0.5,0.2,0.15,0.1172921977593869,0.11899777080639258,0.40887104815936454,0.21463776796538034,0.1402012153094756,0.1172921976420947,0.1189977706873948,0.40887104775049343,0.21463776775074256,0.14020121516927436
2021-08-13,1.0,17.770533919334408,9.545022964477539,bull_normal,53.2,52.8,39.0,-0.0016420828396168392,-0.000719584069855094,0.0009224987697617451,-0.0007195840691355097,0.8845053578664014,0.2,0.2,0.2,0.2,0.2,0.2831582919558347,0.2860149163598272,0.09915028303903506,0.18167650864530316,0.15,0.28315829167267637,0.28601491607381224,0.09915028293988477,0.18167650846362662,0.14999999984999998
2021-08-20,1.0,17.70711768865585,14.811031341552734,bull_normal,53.8,50.5,43.75,-0.003009404706178223,-0.004647799895540257,-0.0016383951893620338,-0.004647799890892456,1.0,0.2,0.2,0.2,0.2,0.2,0.2520935099953481,0.2570558930882293,0.169165964220907,0.17168463269551576,0.15,0.25209350974325456,0.25705589283117336,0.169165964051741,0.17168463252383112,0.14999999984999998
2021-08-27,1.0,17.63461250662803,7.650520324707031,bull_normal,51.5,49.0,45.0,-0.0011219823422400326,-0.0004120097238391307,0.000709972618400902,-0.0004120097234271209,0.887333434991845,0.2,0.2,0.2,0.2,0.2,0.2013470506599589,0.199425261800147,0.18747497027301588,0.26175271726687815,0.14999999999999997,0.20134705045861187,0.19942526160072177,0.18747497008554093,0.2617527170051255,0.14999999984999998
2021-09-03,1.0,17.561365348100658,6.776712894439697,bull_normal,51.0,48.5,53.75,0.0020157410270532344,0.0020658006337353724,5.005960668213799e-05,0.0020658006316695717,0.8153152022195055,0.2,0.2,0.2,0.2,0.2,0.20512332528029498,0.202590020879304,0.17267147625755272,0.26961517758284836,0.15,0.20512332507517164,0.20259002067671397,0.17267147608488123,0.26961517731323315,0.14999999984999998
2021-09-10,1.0,17.496220797300335,12.47283935546875,bull_normal,49.3,58.0,45.25,0.0017438554080583418,0.003319971542020971,0.0015761161339626294,0.0033199715387009984,0.838830950931684,0.2,0.2,0.2,0.2,0.2,0.2533926651298067,0.24803934116567197,0.18908176318609848,0.15948623051842284,0.15,0.253392664876414,0.2480393409176326,0.1890817629970167,0.1594862303589366,0.14999999984999998
2021-09-17,1.0,17.437755644321438,17.13650131225586,bull_normal,51.8,57.0,45.7,-0.007807271313362366,-0.007564630263514423,0.00024264104984794265,-0.007564630255949792,0.9533281260547376,0.2,0.2,0.2,0.2,0.2,0.1193119204045269,0.1094425152675425,0.38304577174700943,0.23819979258092125,0.15,0.11931192028521496,0.10944251515809998,0.3830457713639636,0.23819979234272143,0.14999999984999998
2021-09-24,1.0,17.364712637662883,7.267731666564941,bull_normal,51.03,55.92999999999999,47.209999999999994,-0.0029562694557949756,-0.003717706302004506,-0.0007614368462095303,-0.003717706298286799,0.853591839896024,0.2,0.2,0.2,0.2,0.2,0.27926133967622874,0.19735879008312193,0.11049024363678926,0.26288962660386017,0.15,0.2792613393969674,0.19735878988576314,0.110490243526299,0.2628896263409705,0.14999999984999998
2021-10-01,1.0,17.29273037910461,8.505867958068848,bull_normal,53.0,52.5,43.25,-0.0012592250598986068,-0.0008615729019920814,0.0003976521579065254,-0.0008615729011305085,0.8998456220418817,0.2,0.2,0.2,0.2,0.2,0.23228305811980915,0.23232795631524764,0.19123444138497672,0.1941545441799665,0.15,0.23228305788752607,0.23232795608291967,0.19123444119374228,0.19415454398581194,0.14999999984999998
2021-10-08,1.0,17.221282577514646,8.629081726074219,bull_normal,51.3,58.1,48.3,6.478834098426245e-05,0.0010557913201650988,0.0009910029791808364,0.0010557913191093077,0.7947102690263383,0.2,0.2,0.2,0.2,0.2,0.22952142383640017,0.22958610633014254,0.18558069908856858,0.20531177074488882,0.15,0.22952142360687874,0.2295861061005564,0.18558069890298787,0.20531177053957703,0.14999999984999998
2021-10-15,1.0,17.156295633316038,12.838614463806152,bull_normal,50.7,57.4,52.27499999999999,-0.0035703542378761697,-0.0017930754027930063,0.0017772788350831634,-0.001793075400999931,0.8330528023445285,0.2,0.2,0.2,0.2,0.2,0.2357695938609954,0.229618382068561,0.13759838849680758,0.24701363557363598,0.15,0.2357695936252258,0.2296183818389426,0.13759838835920918,0.24701363532662232,0.14999999984999998
2021-10-22,1.0,17.08838943839073,11.219841003417969,bull_normal,52.0,55.3,54.2,-0.0024651799180911518,-0.001895396301293007,0.0005697836167981448,-0.0018953962993976104,0.7233492468221971,0.2,0.2,0.2,0.2,0.2,0.21038635462789507,0.20761062480654632,0.15246078236528918,0.2795422382002695,0.15,0.2103863544175087,0.20761062459893567,0.15246078221282838,0.27954223792072724,0.14999999984999998
2021-10-29,1.0,17.016580456495284,8.675018310546875,bull_normal,53.3,52.2,48.25,-0.0015842221863028496,-0.0018627531599480478,-0.00027853097364519824,-0.0018627531580852948,0.7083085677360401,0.2,0.2,0.2,0.2,0.2,0.22819976882284324,0.2221531339154518,0.1467242608256991,0.25292283643600594,0.15,0.22819976859464344,0.22215313369329864,0.14672426067897482,0.2529228361830831,0.14999999984999998
2021-11-05,1.0,16.945776373147964,9.888456344604492,bull_normal,54.0,57.5,51.75,-0.0025451534028675398,-0.0012614741499608335,0.0012836792529067062,-0.0012614741486993589,0.8006070323305129,0.2,0.2,0.2,0.2,0.2,0.19342818121517125,0.195922891070894,0.2146651293320716,0.2459837983818631,0.15,0.19342818102174306,0.19592289087497108,0.21466512911740646,0.24598379813587928,0.14999999984999998
2021-11-12,1.0,16.87876276373863,12.442238807678223,bull_normal,54.0,55.2,50.0,0.005992922830997901,0.0026954000036777163,-0.003297522827320185,0.002695400000982316,0.8324694066308718,0.2,0.2,0.2,0.2,0.2,0.2345169667040827,0.23809407857354922,0.3442345105473804,0.09107236585934972,0.092082078315638,0.2345169664695657,0.23809407833545512,0.3442345102031459,0.09107236576827735,0.09208207822355591
2021-11-19,1.0,16.80984899997711,10.905198097229004,bull_normal,52.8,58.3,51.75,0.0018274350731719874,0.0016796652766219288,-0.00014776979655005862,0.0016796652749422635,0.7343924568954645,0.2,0.2,0.2,0.2,0.2,0.20690312925529816,0.21040462940627547,0.27252867714526485,0.16016356419316163,0.15,0.20690312904839503,0.21040462919587083,0.27252867687273613,0.16016356403299806,0.14999999984999998
2021-11-26,1.0,16.740264779329298,10.473247528076172,bull_normal,53.0,58.5,51.75,-0.0014342158968357823,-0.0009856048925713156,0.0004486110042644666,-0.0009856048915857106,0.8397115505559812,0.2,0.2,0.2,0.2,0.2,0.29333133788226257,0.28722753803929774,0.1610331858720755,0.10840793820636421,0.15,0.2933313375889312,0.28722753775207016,0.1610331857110423,0.10840793809795626,0.14999999984999998
2021-12-03,1.0,16.673358821868895,11.794157028198242,bull_normal,52.3,54.0,42.25,-0.003985129692529685,-0.0029634632855376794,0.0010216664069920057,-0.002963463282574216,0.7845563677225131,0.2,0.2,0.2,0.2,0.2,0.24196510937619375,0.23303156720363374,0.13328842804333738,0.24171489537683516,0.15,0.2419651091342286,0.23303156697060215,0.13328842791004894,0.24171489513512023,0.14999999984999998
2021-12-10,1.0,16.60513238310814,10.771622657775879,bull_normal,51.0,57.3,52.25,0.006750002286260878,0.006579675918520839,-0.00017032636774003823,0.006579675911941162,0.7226000758220023,0.2,0.2,0.2,0.2,0.2,0.21149545724800592,0.20377259966062697,0.1604426526933612,0.2742892903980059,0.14999999999999997,0.21149545703651043,0.20377259945685436,0.16044265253291853,0.2742892901237166,0.14999999984999995
2021-12-17,1.0,16.542304080724715,14.492128372192383,bull_normal,52.2,53.8,47.25,0.002095500502476491,0.0047669400548252345,0.0026714395523487434,0.004766940050058295,0.7450646224461562,0.2,0.2,0.2,0.2,0.2,0.12874749413817976,0.12866495396330738,0.34815503302994855,0.2444325188685644,0.15,0.12874749400943225,0.1286649538346424,0.3481550326817935,0.24443251862413187,0.14999999984999998
2021-12-24,1.0,16.47276819348335,10.4898099899292,bull_normal,52.8,57.3,43.75,0.00010972692834033582,-0.0005739719460149558,-0.0006836988743552916,-0.0005739719454409836,0.7522983358287475,0.2,0.2,0.2,0.2,0.2,0.24655750810449722,0.23644945289331468,0.1995944312406871,0.16739860776150112,0.15,0.2465575078579397,0.2364494526568652,0.19959443104109265,0.1673986075941025,0.14999999984999998
2021-12-31,1.0,16.403001356124875,12.066535949707031,bull_normal,58.5,56.5,54.0,0.00288495570196191,0.003091294972676065,0.00020633927071415535,0.0030912949695847698,0.8974193203905182,0.2,0.2,0.2,0.2,0.2,0.22858575282614135,0.2293394997252459,0.18500790749274904,0.2070668399558637,0.15,0.2285857525975556,0.22933949949590637,0.1850079073077411,0.20706683974879683,0.14999999984999998
2022-01-07,1.0,16.333528274297713,9.949871063232422,bull_normal,52.8,46.5,45.25,-0.005662740964856608,-0.005100834997913673,0.0005619059669429351,-0.0051008349928128366,0.7909061342733253,0.2,0.2,0.2,0.2,0.2,0.23868408476960085,0.23272123328911204,0.07859468194128723,0.3,0.15,0.23868408453091675,0.23272123305639078,0.07859468186269254,0.29999999969999996,0.14999999984999998
2022-01-14,1.0,16.26375586390495,10.766008377075195,bull_normal,54.5,54.6,51.2,0.00241219138142176,-0.0016659092942517809,-0.004078100675673541,-0.0016659092925858721,0.9868200562408512,0.2,0.2,0.2,0.2,0.2,0.3030516247565683,0.29040666394774445,0.07489862151001839,0.1816430897856689,0.15,0.3030516244535167,0.29040666365733775,0.07489862143511976,0.18164308960402578,0.14999999984999998
2022-01-21,1.0,16.213105398416516,23.864078521728516,event_stress,60.0,54.0,44.25,0.007236528135220212,0.006718951717229373,-0.0005175764179908386,0.006718951710510422,0.9855376397138572,0.2,0.2,0.2,0.2,0.2,0.2355675673756603,0.24166462716198614,0.1841590128250137,0.18860879263733993,0.15,0.2355675671400927,0.24166462692032148,0.18415901264085469,0.18860879244873113,0.14999999984999998
2022-01-28,1.0,16.177208119630812,31.716732025146484,event_stress,60.370000000000005,54.3,47.15,-0.005179677581839649,-0.011176456759285488,-0.005996779177445839,-0.011176456748109034,1.0,0.1,0.05,0.5,0.2,0.15,0.2826243099432084,0.26101844177871697,0.10726221792796467,0.19909503035010992,0.14999999999999997,0.28262430966058416,0.26101844151769854,0.10726221782070247,0.19909503015101493,0.14999999984999998
2022-02-04,1.0,16.145565474033354,31.716732025146484,event_stress,54.5,57.0,43.75,-0.005179677581839649,-0.011654975949929612,-0.006475298368089963,-0.011654975938274637,1.0,0.1,0.05,0.5,0.2,0.15,0.29633088045949324,0.29633088045949324,0.12791145562009526,0.14872996450985115,0.13069681895106722,0.29633088016316234,0.29633088016316234,0.1279114554921838,0.14872996436112118,0.13069681882037038
2022-02-11,1.0,16.159905305504797,54.30877685546875,event_stress,52.0,44.5,45.25,0.00019609925697730706,0.008110719050015161,0.007914619793037854,0.00811071904190444,1.0,0.1,0.05,0.5,0.2,0.15,0.28401437464257123,0.2819556645750223,0.09964735621686624,0.18438260456554026,0.15,0.2840143743585568,0.2819556642930666,0.09964735611721888,0.18438260438115764,0.14999999984999998
2022-02-18,1.0,16.124790975451468,30.878299713134766,event_stress,55.5,58.6,53.199999999999996,0.002084614350416876,0.006866094581033491,0.0047814802306166155,0.006866094574167397,0.9642957759452778,0.1,0.05,0.5,0.2,0.15,0.24399753271445004,0.2405043731346499,0.17594585912630184,0.24548523590856178,0.09406699911603651,0.2439975324704525,0.2405043728941455,0.17594585895035597,0.24548523566307653,0.09406699902196951
2022-02-25,1.0,16.111400331556794,42.31946563720703,event_stress,56.1,54.6,61.199999999999996,-0.0013847512871675305,-0.0003870515665691321,0.0009976997205983983,-0.0003870515661820806,0.8923641725309769,0.1,0.05,0.5,0.2,0.15,0.2009950373009686,0.1953244647541232,0.20556436563454394,0.24811613231036428,0.15,0.20099503709997354,0.19532446455879873,0.20556436542897957,0.24811613206224814,0.14999999984999998
2022-03-04,1.0,16.0618707254529,23.796424865722656,event_stress,56.720000000000006,53.85,63.849999999999994,-0.006720245199182432,-0.003080182075835264,0.0036400631233471682,-0.003080182072755082,0.8183256741416953,0.1,0.05,0.5,0.2,0.15,0.2311439567774071,0.23612846074149238,0.1366640964874043,0.24606348599369635,0.15,0.23114395654626313,0.2361284605053639,0.1366640963507402,0.24606348574763284,0.14999999984999998
2022-03-11,1.0,16.091514475643635,65.63652038574219,event_stress,52.6,54.2,46.8,0.008570817708319571,0.00045531405800792064,-0.00811550365031165,0.0004553140575526064,0.8794394325942292,0.1,0.05,0.5,0.2,0.15,0.23389585135213253,0.23683722810373647,0.19905538037920073,0.18021154016493024,0.15,0.23389585111823666,0.23683722786689923,0.19905538018014535,0.18021153998471867,0.14999999984999998
2022-03-18,1.0,16.044865749776363,24.431076049804688,event_stress,53.05,53.85,46.3,-0.004081148643586576,-0.003060604135156105,0.0010205445084304713,-0.0030606041320955005,0.7948484175969119,0.1,0.05,0.5,0.2,0.15,0.2658206350832597,0.28163752364993333,0.18911869361717737,0.11342314764962963,0.15,0.26582063481743906,0.2816375233682958,0.18911869342805865,0.11342314753620647,0.14999999984999998
2022-03-25,1.0,15.980550341308117,14.502569198608398,bull_normal,53.6,54.3,48.2,0.00017698550160758712,-0.0014116061578966631,-0.0015885916595042501,-0.0014116061564850566,0.7580241156777718,0.1,0.05,0.5,0.2,0.15,0.17782440450847012,0.18175783691146857,0.33438513819379595,0.1560326203862654,0.15,0.1778244043306457,0.18175783672971071,0.33438513785941076,0.15603262023023276,0.14999999984999998
2022-04-01,1.0,15.950135259330272,33.73080825805664,event_stress,55.05,55.15,50.5,-0.004828405648749439,-0.0004856430412566043,0.004342762607492835,-0.00048564304077096095,0.7891402650567867,0.2,0.2,0.2,0.2,0.2,0.2571298612621291,0.2430947827440806,0.2665225021819923,0.11740289519146405,0.11584995862033397,0.25712986100499924,0.24309478250098582,0.2665225019154698,0.11740289507406114,0.115849958504484
2022-04-08,1.0,15.893029217422008,19.408540725708008,event_stress,55.010000000000005,56.010000000000005,52.5,0.004951381877816698,0.00014927136090585438,-0.004802110516910844,0.00014927136075658308,0.7585865353219268,0.1,0.05,0.5,0.2,0.15,0.35795273754615076,0.30061774397014823,0.09186328466242685,0.1632303322773383,0.08633590154393578,0.3579527371881981,0.30061774366953053,0.09186328457056359,0.16323033211410798,0.0863359014575999
2022-04-15,1.0,15.836870090663432,20.482284545898438,event_stress,58.0,53.0,47.75,-0.0009122776221442176,0.0005058131579924779,0.0014180907801366956,0.0005058131574866646,0.7652110941707133,0.1,0.05,0.5,0.2,0.15,0.19180816294682904,0.19079996729796667,0.2404405871696328,0.22695128258557162,0.15,0.19180816275502086,0.19079996710716668,0.24044058692919218,0.22695128235862033,0.14999999984999998
2022-04-22,1.0,15.79112942367792,23.552757263183594,event_stress,50.7,51.3,44.75,-0.0064964450227895576,-0.007263472731821549,-0.0007670277090319911,-0.007263472724558075,0.8077488202021029,0.1,0.05,0.5,0.2,0.15,0.15369258584543377,0.15302668726778396,0.33429107138492387,0.2089896555018585,0.15,0.15369258569174118,0.15302668711475725,0.33429107105063277,0.20898965529286884,0.14999999984999998
2022-04-29,1.0,15.737255741655824,22.038829803466797,event_stress,57.5,58.5,47.75,-0.0004494629993678167,-0.0003698103471342341,7.965265223358262e-05,-0.00036981034676442375,0.681221706561612,0.1,0.05,0.5,0.2,0.15,0.08703181234388291,0.08752629179848168,0.501967453784382,0.17347444207325344,0.15,0.08703181225685108,0.08752629171095537,0.5019674532824145,0.17347444189977898,0.14999999984999998
2022-05-06,1.0,15.711689476668832,37.247283935546875,event_stress,58.25,59.35,50.05,-0.000302907977067431,-0.0017507989286560629,-0.001447890951588632,-0.0017507989269052637,0.7170591778486071,0.1,0.05,0.5,0.2,0.15,0.05000000000000001,0.003576369453297218,0.6000000000000001,0.30000000000000004,0.04642363054670261,0.049999999950000006,0.0035763694497208485,0.5999999994,0.2999999997,0.04642363050027897
2022-05-13,1.0,15.711635570233918,47.258583068847656,event_stress,52.8,54.5,37.75,0.006655807070997326,0.007632311160931422,0.0009765040899340962,0.0076323111532991105,0.6376917795221669,0.1,0.05,0.5,0.2,0.15,0.21076933665786043,0.20959714768292292,0.29841439957296984,0.1347834247210277,0.14643569136521914,0.2107693364470911,0.20959714747332575,0.29841439927455543,0.13478342458624426,0.14643569121878344
2022-05-20,1.0,15.688384211069204,36.15251922607422,event_stress,53.9,57.85,40.1,0.003032171166787783,0.006843486205093492,0.003811315038305709,0.006843486198250005,0.5783933729884446,0.1,0.05,0.5,0.2,0.15,0.25531382428981436,0.24764320628728287,0.1851467946407649,0.1618961747821379,0.15,0.25531382403450054,0.24764320603963963,0.18514679445561807,0.16189617462024172,0.14999999984999998
2022-05-27,1.0,15.642806860810376,24.84544563293457,event_stress,53.77,58.470000000000006,40.75,0.0028199754704770403,0.0007525269177096676,-0.0020674485527673726,0.000752526916957141,0.5489022577069581,0.1,0.05,0.5,0.2,0.15,0.18861073944201878,0.18901934049671165,0.20024405930918154,0.30000000000000004,0.12212586075208802,0.18861073925340802,0.1890193403076923,0.20024405910893747,0.2999999997,0.12212586062996215
2022-06-03,1.0,15.593835312133885,23.096370697021484,event_stress,54.029999999999994,58.17999999999999,42.45,-0.010131833281845961,-0.000792418508568497,0.009339414773277464,-0.0007924185077760788,0.5974064359873322,0.1,0.05,0.5,0.2,0.15,0.20452772905530966,0.1996788778196263,0.21011055641806056,0.2673368698647996,0.11834596684220394,0.2045277288507819,0.1996788776199474,0.21011055620795,0.2673368695974627,0.11834596672385797
2022-06-10,1.0,15.534988558298208,17.683603286743164,event_stress,53.839999999999996,58.45,43.45,0.0012179508297025389,0.009850951537940642,0.008633000708238104,0.009850951528089687,0.6029600311688159,0.1,0.05,0.5,0.2,0.15,0.29030567885454195,0.2838526666760069,0.144443670268796,0.14193804031514257,0.13945994388551267,0.2903056785642362,0.28385266639215423,0.14444367012435233,0.14193804017320452,0.13945994374605272
2022-06-17,1.0,15.480205786233999,21.331897735595703,event_stress,58.5,56.3,42.25,-0.0014746890526133674,0.0033234186282349795,0.004798107680848347,0.00332341862491156,0.5435763561554122,0.1,0.05,0.5,0.2,0.15,0.2553758234332415,0.2525208693310694,0.17784500848322438,0.20334401874681782,0.11091428000564695,0.25537582317786567,0.2525208690785485,0.17784500830537936,0.20334401854347378,0.11091427989473265
2022-06-24,1.0,15.449892342096426,34.1256103515625,event_stress,59.6,60.15,41.75,-0.004771078067034057,-0.0012243547058953198,0.003546723361138737,-0.0012243547046709654,0.5503400069768228,0.1,0.05,0.5,0.2,0.15,0.23304745830998358,0.2336653087653053,0.1800299590098048,0.2063275615175861,0.14692971239732025,0.2330474580769361,0.23366530853163997,0.18002995882977485,0.20632756131125854,0.14692971225039053
2022-07-01,1.0,15.392588436609365,20.271034240722656,event_stress,59.15,59.75,43.75,0.0006979335603102041,0.0030657846563541297,0.0023678510960439257,0.003065784653288345,0.5039176450872984,0.1,0.05,0.5,0.2,0.15,0.24301314969833182,0.24190334621581766,0.27025781509184765,0.1936795521609516,0.05114613683305131,0.24301314945531866,0.2419033459739143,0.27025781482158984,0.19367955196727202,0.05114613678190517
2022-07-08,1.0,15.351540878420927,28.362918853759766,event_stress,57.86999999999999,58.58,45.75,-0.011924437399122825,-0.005564450236244575,0.006359987162878249,-0.005564450230680125,0.519693647017672,0.1,0.05,0.5,0.2,0.15,0.29089797780540877,0.2901741413067094,0.14690236988675331,0.12202551100112861,0.15,0.29089797751451074,0.2901741410165352,0.14690236973985094,0.1220255108791031,0.14999999984999998
2022-07-15,1.0,15.301100161677457,22.901622772216797,event_stress,56.029999999999994,55.839999999999996,47.75,0.002834518960538529,-0.006395175254930426,-0.009229694215468955,-0.00639517524853525,0.6562912422534609,0.1,0.05,0.5,0.2,0.15,0.2669167344674339,0.26636351893866916,0.17544679274354855,0.1412729538503485,0.15,0.26691673420051715,0.2663635186723056,0.17544679256810175,0.14127295370907553,0.14999999984999998
2022-07-22,1.0,15.24650737941847,18.951004028320312,event_stress,51.5,52.0,45.75,-0.0008554948356242172,-0.0006219976877329141,0.0002334971478913031,-0.0006219976871109161,0.5896574422349631,0.1,0.05,0.5,0.2,0.15,0.19045219571582728,0.18960571386569408,0.2777983229730474,0.19214376744543132,0.15,0.19045219552537507,0.18960571367608836,0.27779832269524907,0.19214376725328755,0.14999999984999998
2022-07-29,1.0,15.183750900632,15.230358123779297,event_stress,54.2,54.7,46.349999999999994,0.01042679432527289,0.0026756477696786036,-0.007751146555594286,0.0026756477670029553,0.5906209710093472,0.1,0.05,0.5,0.2,0.15,0.28729556118328287,0.29251513357791703,0.2158428356652212,0.13706905841683448,0.06727741115674449,0.2872955608959873,0.29251513328540185,0.21584283544937835,0.1370690582797654,0.06727741108946707
2022-08-05,1.0,15.121573707467176,15.754016876220703,event_stress,54.339999999999996,55.510000000000005,47.25,0.005786940118790774,0.0051093071197518426,-0.0006776329990389315,0.0051093071146425355,0.5128313563714645,0.1,0.05,0.5,0.2,0.15,0.14450584287952337,0.1418194965859038,0.345616488898327,0.3,0.0680581716362458,0.14450584273501751,0.1418194964440843,0.3456164885527105,0.29999999969999996,0.06805817156818762
2022-08-12,1.0,15.050816813117125,9.633398056030273,bull_normal,53.0,54.5,38.75,-0.001146250814838338,0.001270343409026546,0.0024165942238648843,0.0012703434077562029,0.4662070413112853,0.1,0.05,0.5,0.2,0.15,0.2213734157598319,0.21838076663024997,0.25510556401411133,0.19659688043031942,0.10854337316548722,0.22137341553845852,0.21838076641186924,0.2551055637590058,0.19659688023372257,0.10854337305694386
2022-08-19,1.0,14.99795015156851,20.913097381591797,event_stress,54.32000000000001,55.35,41.05,0.0012963513247666737,-2.10364292693233e-05,-0.001317387754035997,-2.1036429248286936e-05,0.6352211431560921,0.2,0.2,0.2,0.2,0.2,0.23034210882098857,0.2305921219908522,0.15271690353936418,0.2363488656487951,0.15,0.23034210859064644,0.23059212176026006,0.15271690338664726,0.2363488654124462,0.14999999984999998
2022-08-26,1.0,14.92304882109747,6.315332412719727,bull_normal,52.8,53.7,50.75,-0.004606425727399329,-0.0005638107811220346,0.004042614946277294,-0.0005638107805582234,0.5824780996025112,0.1,0.05,0.5,0.2,0.15,0.20012552369861308,0.2019670801619533,0.16155025565883818,0.2863571404805956,0.15,0.20012552349848756,0.2019670799599862,0.1615502554972879,0.2863571401942384,0.14999999984999998
2022-09-02,1.0,14.85669283569441,12.419425964355469,bull_normal,52.5,52.879999999999995,52.75,-0.003248372841426884,-0.0022585696053950654,0.0009898032360318187,-0.002258569603136496,0.6245595058486165,0.2,0.2,0.2,0.2,0.2,0.17077046835839907,0.17122798120040367,0.29618391703798463,0.21181763340321266,0.15,0.1707704681876286,0.17122798102917566,0.29618391674180067,0.21181763319139502,0.14999999984999998
2022-09-09,1.0,14.789165356761076,11.644625663757324,bull_normal,53.0,51.0,47.25,0.004052476301409426,0.0018362612392475177,-0.0022162150621619085,0.001836261237411256,0.5801417763533354,0.2,0.2,0.2,0.2,0.2,0.20673042420813206,0.20584913176937444,0.34955883229983553,0.08786161172265804,0.15,0.20673042400140162,0.2058491315635253,0.34955883195027665,0.08786161163479642,0.14999999984999998
2022-09-16,1.0,14.739368343359091,21.406509399414062,event_stress,51.54,49.059999999999995,49.599999999999994,-0.007834400591669245,-0.009811439013341798,-0.001977038421672553,-0.009811439003530356,0.6946939412412303,0.2,0.2,0.2,0.2,0.2,0.18899612400193905,0.18574958665224275,0.3116696047967873,0.16358468454903105,0.15000000000000002,0.18899612381294287,0.18574958646649312,0.3116696044851176,0.16358468438544632,0.14999999984999998
2022-09-23,1.0,14.684853369003394,18.110055923461914,event_stress,49.470000000000006,47.910000000000004,50.5,0.00015950088849474967,-0.0019182763165677395,-0.002077777205062489,-0.0019182763146494634,0.6521027695528177,0.1,0.05,0.5,0.2,0.15,0.25350970349900886,0.24916360970078294,0.17026434386366393,0.17706234293654438,0.15000000000000002,0.25350970324549915,0.2491636094516193,0.17026434369339957,0.17706234275948202,0.14999999985
2022-09-30,1.0,14.653767120843986,31.09019660949707,event_stress,52.3,48.3,56.699999999999996,-0.0094761328941454,-0.004384264638383241,0.005091868255762159,-0.004384264633998975,0.5975063835882184,0.1,0.05,0.5,0.2,0.15,0.24998459583789812,0.2521801857428527,0.15156523802157312,0.19626998039767607,0.15,0.2499845955879135,0.2521801854906725,0.15156523787000786,0.19626998020140607,0.14999999984999998
2022-10-07,1.0,14.625315976148704,31.09019660949707,event_stress,50.0,57.0,36.25,-0.0094761328941454,-0.0048911059979250375,0.0045850268962203625,-0.00489110599303393,0.5493344970009828,0.1,0.05,0.5,0.2,0.15,0.31436125376198637,0.31436125376198637,0.14042351979587284,0.11542698634007723,0.11542698634007723,0.3143612534476251,0.3143612534476251,0.1404235196554493,0.11542698622465022,0.11542698622465022
2022-10-14,1.0,14.5760943323432,22.84967041015625,event_stress,53.0,58.0,50.75,0.01218168613923159,0.00816956461873324,-0.00401212152049835,0.008169564610563675,0.5857852707657386,0.1,0.05,0.5,0.2,0.15,0.16228027513574247,0.16126290142322264,0.22645682344103496,0.3,0.15,0.16228027497346217,0.16126290126195972,0.2264568232145781,0.29999999969999996,0.14999999984999998
2022-10-21,1.0,14.518533363944151,18.69554901123047,event_stress,54.25,59.32000000000001,50.05,-0.009371342970744089,-0.009372000832779363,-6.578620352741538e-07,-0.009372000823407362,0.4826900434694623,0.1,0.05,0.5,0.2,0.15,0.2342032330522795,0.2359079301318584,0.16295698606441789,0.21693185075144425,0.15,0.23420323281807626,0.23590792989595044,0.16295698590146088,0.2169318505345124,0.14999999984999998
2022-10-28,1.0,14.45777474940405,16.14579963684082,event_stress,52.120000000000005,56.36,52.209999999999994,0.002344045447738843,-0.006186659210085341,-0.008530704657824184,-0.0061866592038986815,0.5506570456074489,0.1,0.05,0.5,0.2,0.15,0.22754968079106166,0.2296994058323162,0.1986355120211371,0.19411540135548508,0.15,0.22754968056351196,0.22969940560261679,0.19863551182250158,0.19411540116136966,0.14999999984999998
2022-11-04,1.0,14.475448831921675,59.28550720214844,event_stress,52.71,56.96999999999999,51.98,0.00028905304624454796,0.0018396551213021148,0.0015506020750575668,0.001839655119462459,0.6419933371538485,0.1,0.05,0.5,0.2,0.15,0.09478285346322987,0.09778204925541789,0.4192098816228231,0.26532442714473303,0.12290078851379613,0.09478285336844701,0.09778204915763583,0.4192098812036132,0.2653244268794086,0.12290078839089533
2022-11-11,1.0,14.411615875369169,14.795099258422852,event_stress,53.5,56.5,46.7,-0.0008088813517092051,0.0024425182083300033,0.0032513995600392085,0.002442518205887485,0.7701552459743833,0.1,0.05,0.5,0.2,0.15,0.14176029496212617,0.14271313269289668,0.3359759377663248,0.22955063457865243,0.15,0.14176029482036587,0.14271313255018353,0.3359759374303488,0.22955063434910178,0.14999999984999998
2022-11-18,1.0,14.355621954804517,18.505207061767578,event_stress,51.3,53.2,38.3,-0.012571485878906928,-0.0037723578407479106,0.008799128038159017,-0.0037723578369755527,0.756415072131016,0.1,0.05,0.5,0.2,0.15,0.27605005090642054,0.2673912531960582,0.17009480176976355,0.13646389412775775,0.15,0.27605005063037047,0.26739125292866694,0.17009480159966872,0.13646389399129386,0.14999999984999998
2022-11-25,1.0,14.28814869225607,12.618608474731445,bull_normal,54.0,59.5,38.3,0.00722690441328363,0.002249931937986137,-0.004976972475297493,0.0022499319357362053,0.7048843403121677,0.1,0.05,0.5,0.2,0.15,0.2803057844629232,0.2734781326447839,0.10741085627893548,0.19067370907525932,0.148131517538098,0.2803057841826175,0.2734781323713058,0.10741085617152464,0.19067370888458565,0.1481315173899665
2022-12-02,1.0,14.23114841878996,19.17981719970703,event_stress,55.5,57.7,36.8,0.0012958400678411185,0.002333045083564649,0.0010372050157235304,0.0023330450812316045,0.6456497332564107,0.2,0.2,0.2,0.2,0.2,0.21672346634972334,0.21287328414266873,0.17450168050669482,0.24590156900091312,0.15000000000000002,0.21672346613299986,0.21287328392979543,0.17450168033219313,0.24590156875501154,0.14999999985
2022-12-09,1.0,14.16970478594885,16.75348663330078,event_stress,56.0,57.95,38.099999999999994,-0.0024096864670749454,0.004447986322972194,0.006857672790047139,0.004447986318524207,0.6360819072702679,0.1,0.05,0.5,0.2,0.15,0.22999335447221358,0.23085894113849864,0.19934247563573168,0.18980522875355615,0.15,0.2299933542422202,0.23085894090763967,0.1993424754363892,0.1898052285637509,0.14999999984999998
2022-12-16,1.0,14.100407353049375,13.090609550476074,bull_normal,60.0,63.2,41.2,-0.0023717618115994855,-0.00306599978809723,-0.0006942379764977445,-0.0030659997850312304,0.5371587562296115,0.1,0.05,0.5,0.2,0.15,0.23892510443633524,0.23922535361518057,0.14281910683366772,0.26070265058205794,0.11832778453275858,0.23892510419741012,0.2392253533759552,0.1428191066908486,0.26070265032135526,0.11832778441443079
2022-12-23,1.0,14.031496748334028,11.866836547851562,bull_normal,55.5,57.2,46.7,-0.0023286496876723326,-0.003346699705800157,-0.0010180500181278243,-0.0033466997024534572,0.5185891091707546,0.2,0.2,0.2,0.2,0.2,0.24699397268113085,0.23924564805366902,0.16100602933340163,0.20275434993179847,0.15,0.24699397243413687,0.23924564781442334,0.1610060291723956,0.2027543497290441,0.14999999984999998
2022-12-30,1.0,13.961345741158583,11.592909812927246,bull_normal,57.5,60.5,47.25,0.007861894552803558,0.007807773891051777,-5.412066175178049e-05,0.007807773883244003,0.46024480728352707,0.2,0.2,0.2,0.2,0.2,0.15030792137502522,0.15030112117459113,0.249805020419069,0.2995859370313147,0.15,0.15030792122471728,0.15030112102429,0.24980502016926395,0.29958593673172873,0.14999999984999998
2023-01-06,1.0,13.888445284968475,9.99757194519043,bull_normal,59.0,63.3,33.7,0.003696834821066616,0.005857897017190565,0.0021610621961239487,0.005857897011332669,0.49789910187125297,0.2,0.2,0.2,0.2,0.2,0.24347067257187377,0.24400052420543067,0.25426351856940754,0.15602464182107775,0.10224064283221013,0.24347067232840314,0.24400052396143018,0.25426351831514404,0.15602464166505314,0.1022406427299695
2023-01-13,1.0,13.813889303809264,6.9903154373168945,bull_normal,53.9,57.5,40.55,0.005929093009427568,0.007628226717991489,0.0016991337085639213,0.007628226710363261,0.460288511008749,0.2,0.2,0.2,0.2,0.2,0.22415197328261544,0.2290671880661454,0.09678083865123922,0.3,0.15,0.22415197305846343,0.2290671878370782,0.09678083855445838,0.29999999969999996,0.14999999984999998
2023-01-20,1.0,13.745743337279418,12.118915557861328,bull_normal,55.25,58.85,43.45,0.0035860757528851516,0.004558524754460841,0.000972449001575689,0.004558524749902316,0.429603965544984,0.2,0.2,0.2,0.2,0.2,0.24840422416701877,0.24562394607496377,0.17091415917065625,0.18505767058736125,0.15,0.24840422391861453,0.2456239458293398,0.17091415899974208,0.18505767040230356,0.14999999984999998
2023-01-27,1.0,13.679003342991926,12.118915557861328,bull_normal,52.0,64.0,37.75,0.0035860757528851516,0.005397638755641301,0.0018115630027561495,0.005397638750243663,0.41627296859617546,0.2,0.2,0.2,0.2,0.2,0.32616171034537617,0.32616171034537617,0.11074242046949118,0.1213584038946707,0.11557575494508567,0.3261617100192145,0.3261617100192145,0.11074242035874877,0.12135840377331232,0.11557575482950992
2023-02-03,1.0,13.611086162930587,11.611235618591309,bull_normal,52.55,64.45,38.5,-0.0016447419084462747,-0.0016752810993181007,-3.053919087182594e-05,-0.0016752810976428192,0.4016157367990017,0.2,0.2,0.2,0.2,0.2,0.2648133594500311,0.2684657587140585,0.18752382700861714,0.12919705482729332,0.15,0.2648133591852177,0.2684657584455927,0.1875238268210933,0.12919705469809625,0.14999999984999998
2023-02-10,1.0,13.535316649085143,6.392075538635254,bull_normal,54.9,62.6,35.3,-0.004826118930350904,-0.003476202808427019,0.0013499161219238847,-0.0034762028049508164,0.3733406264142063,0.2,0.2,0.2,0.2,0.2,0.2678716906789325,0.2679669458092313,0.20775395932940693,0.1064074041824293,0.15,0.2678716904110608,0.2679669455412643,0.20775395912165295,0.1064074040760219,0.14999999984999998
2023-02-17,1.0,13.462276098137954,7.576375484466553,bull_normal,52.0,57.0,40.75,-0.0037099712421358533,-0.003245299482118163,0.0004646717600176901,-0.0032452994788728633,0.34363340580794055,0.2,0.2,0.2,0.2,0.2,0.18877732548447876,0.1878544580845978,0.3704615240856906,0.10290669234523289,0.15,0.18877732529570143,0.18785445789674332,0.37046152371522906,0.1029066922423262,0.14999999984999998
2023-02-24,1.0,13.393871554738142,11.402806282043457,bull_normal,52.8,58.5,43.65,0.0013232303328023327,0.0005942184320194739,-0.0007290119007828588,0.0005942184314252553,0.31797845082035137,0.2,0.2,0.2,0.2,0.2,0.18623325505494526,0.1869611557928811,0.30589116055531945,0.1709144285968542,0.15,0.18623325486871198,0.18696115560591994,0.30589116024942825,0.17091442842593976,0.14999999984999998
2023-03-03,1.0,13.323652079707243,10.203221321105957,bull_normal,52.8,62.0,37.25,0.0008532883792071495,-0.00010032862557773857,-0.0009536170047848881,-0.00010032862547740967,0.3242725842790375,0.2,0.2,0.2,0.2,0.2,0.14166520660313897,0.1424029785367646,0.4404567895080124,0.1264302469658127,0.14904477838627125,0.14166520646147376,0.1424029783943616,0.4404567890675556,0.12643024683938245,0.14904477823722645
2023-03-10,1.0,13.254252192383863,10.918230056762695,bull_normal,53.25,61.4,39.55,-0.0032033256642727713,-0.0011213164600610175,0.0020820092042117535,-0.0011213164589397014,0.3663112656815983,0.2,0.2,0.2,0.2,0.2,0.1860656551209929,0.18772591586762502,0.4016381782562095,0.07457025075517268,0.15,0.18606565493492724,0.1877259156798991,0.4016381778545713,0.07457025068060243,0.14999999984999998
2023-03-17,1.0,13.197113189107037,18.720111846923828,event_stress,53.92,62.02,41.2,0.003084549668902699,0.001928160799036911,-0.001156388869865788,0.00192816079710875,0.5309504343011999,0.2,0.2,0.2,0.2,0.2,0.1917396662320541,0.19148049860967153,0.36430162091928936,0.10247821423898498,0.15,0.19173966604031442,0.191480498418191,0.3643016205549877,0.10247821413650676,0.14999999984999998
2023-03-24,1.0,13.162711122637845,30.247432708740234,event_stress,54.5,57.0,47.25,-0.0015053762316474858,0.0019773806294254184,0.003482756861072904,0.0019773806274480375,0.564906366261219,0.1,0.05,0.5,0.2,0.15,0.2265879680975286,0.22358068045748497,0.20261881297956072,0.19721253846542575,0.15,0.2265879678709406,0.22358068023390426,0.20261881277694188,0.1972125382682132,0.14999999984999998
2023-03-31,1.0,13.110050943499662,21.684391021728516,event_stress,55.870000000000005,58.4,49.25,0.0013175174554643872,0.0016530861548599346,0.0003355686993955474,0.0016530861532068478,0.46595862820762945,0.1,0.05,0.5,0.2,0.15,0.2596142367937465,0.25332508915829394,0.20757159955487098,0.1294890744930886,0.15,0.25961423653413224,0.25332508890496885,0.20757159934729935,0.12948907436359952,0.14999999984999998
2023-04-07,1.0,13.067832404380894,25.522829055786133,event_stress,53.1,58.3,32.3,0.005367999938911599,0.006575419719497044,0.0012074197805854456,0.0065754197129216235,0.4413377381622991,0.1,0.05,0.5,0.2,0.15,0.2871158251957086,0.2873988990370049,0.26001412581809336,0.0763122928487971,0.08915885710039598,0.2871158249085928,0.28739889874960595,0.26001412555807923,0.0763122927724848,0.08915885701123712
2023-04-14,1.0,13.015616118913746,20.735706329345703,event_stress,53.9,56.45,35.2,0.0009110776211659871,-0.0007529488485670525,-0.0016640264697330397,-0.0007529488478141038,0.4269270023609178,0.1,0.05,0.5,0.2,0.15,0.23843601410675494,0.23956979287099467,0.31062797543469317,0.12426392787105879,0.08710228971649848,0.23843601386831892,0.23956979263142486,0.31062797512406515,0.12426392774679486,0.08710228962939619
2023-04-21,1.0,12.947222614294148,12.674759864807129,bull_normal,57.3,59.0,40.75,-0.004963972391802497,-0.006147002528978831,-0.0011830301371763335,-0.006147002522831828,0.4373340305785884,0.1,0.05,0.5,0.2,0.15,0.26398987723073175,0.26308458973945303,0.22724384171355125,0.14661065651218078,0.09907103480408315,0.26398987696674187,0.2630845894763684,0.22724384148630739,0.1466106563655701,0.0990710347050121
2023-04-28,1.0,12.877476680284596,12.092916488647461,bull_normal,58.5,57.0,52.25,0.003393891041489446,0.0025495006215836666,-0.0008443904199057794,0.0025495006190341656,0.42763833566274595,0.2,0.2,0.2,0.2,0.2,0.2372492554324308,0.23959134102530258,0.18790392620087876,0.21117008570916304,0.12408539163222475,0.23724925519518153,0.23959134078571123,0.18790392601297481,0.21117008549799293,0.12408539150813934
2023-05-05,1.0,12.80893621445284,13.136809349060059,event_stress,59.1,57.5,51.75,0.011136943789360667,0.014214486831584145,0.0030775430422234785,0.014214486817369658,0.43734057054540426,0.2,0.2,0.2,0.2,0.2,0.12619003141263355,0.12380996858736722,0.5999999999999992,7.611099250848241e-17,0.15,0.12619003128644352,0.12380996846355724,0.5999999993999992,7.611099243237141e-17,0.14999999984999998
2023-05-12,1.0,12.732264029985524,5.676356315612793,bull_normal,55.8,53.0,40.75,0.00016848251986885466,-0.003421555496065199,-0.003590038015934054,-0.003421555492643643,0.40504377973921135,0.1,0.05,0.5,0.2,0.15,0.21161001612564986,0.2124830456971215,0.2814718853987947,0.1654616927375616,0.12897336004087234,0.21161001591403983,0.21248304548463845,0.2814718851173228,0.1654616925720999,0.12897335991189898
2023-05-19,1.0,12.657360118633367,7.348682880401611,bull_normal,56.15,54.1,39.949999999999996,-0.003592625212402523,-0.0020715521829250665,0.0015210730294774565,-0.0020715521808535144,0.3687576276439965,0.2,0.2,0.2,0.2,0.2,0.29908822292892706,0.30113700712818653,0.1382772465938138,0.11149752334907259,0.15,0.2990882226298388,0.3011370068270495,0.13827724645553655,0.11149752323757506,0.14999999984999998
2023-05-26,1.0,12.580978661781408,5.9107208251953125,bull_normal,55.71,53.31,41.55,-0.004215586849600542,-0.004616583747226564,-0.00040099689762602194,-0.004616583742609981,0.43637757345351724,0.2,0.2,0.2,0.2,0.2,0.2010721411384798,0.2091042042470524,0.19402481913126765,0.2457988354832002,0.15,0.20107214093740763,0.20910420403794816,0.19402481893724283,0.24579883523740134,0.14999999984999998
2023-06-02,1.0,12.50666782260523,7.648532867431641,bull_normal,54.6,61.5,38.2,0.0017427906422791046,0.001665290495122703,-7.750014715640153e-05,0.001665290493457413,0.43250230836374487,0.2,0.2,0.2,0.2,0.2,0.285476055809732,0.28760049402296045,0.14967440913300487,0.12724904103430265,0.15,0.2854760555242559,0.28760049373535995,0.14967440898333045,0.1272490409070536,0.14999999984999998
2023-06-09,1.0,12.428922539955236,4.925376892089844,bull_normal,55.489999999999995,62.17999999999999,39.5,0.0027324087422172854,0.0014508415293725907,-0.0012815672128446947,0.0014508415279217489,0.4549072508770866,0.2,0.2,0.2,0.2,0.2,0.2754383381719316,0.269507576653,0.14504750507014608,0.1604148677238156,0.14959171238110677,0.27543833789649325,0.26950757638349243,0.14504750492509855,0.16041486756340073,0.14959171223151504
2023-06-16,1.0,12.36530338526354,14.67980670928955,event_stress,53.5,59.0,37.75,0.006647402743862364,0.004632237689085208,-0.002015165054777156,0.00463223768445297,0.4762263514387727,0.2,0.2,0.2,0.2,0.2,0.18918852617221207,0.19024151652943586,0.2463174810881789,0.22425247621017322,0.15,0.18918852598302352,0.1902415163391943,0.24631748084186142,0.2242524759859207,0.14999999984999998
2023-06-23,1.0,12.310747271782018,19.981809616088867,event_stress,54.05,59.7,37.75,-0.00404925769464401,-0.0005175241489014838,0.0035317335457425267,-0.0005175241483839592,0.7508115145911906,0.1,0.05,0.5,0.2,0.15,0.1298010562739719,0.13421433020324888,0.2859846135227793,0.3,0.15,0.12980105614417084,0.13421433006903455,0.2859846132367947,0.29999999969999996,0.14999999984999998
2023-06-30,1.0,12.239420044427968,9.843460083007812,bull_normal,54.410000000000004,59.81,39.75,-0.00040272146220262473,-0.0005460194411330836,-0.0001432979789304589,-0.000546019440587064,0.6547506109858915,0.1,0.05,0.5,0.2,0.15,0.2855853847105792,0.279194055880084,0.21418147804615187,0.13606111104201493,0.08497797032117008,0.2855853844249938,0.27919405560088995,0.21418147783197036,0.1360611109059538,0.0849779702361921
2023-07-07,1.0,12.176333874469853,17.522512435913086,event_stress,61.3,60.0,51.3,0.004759128760184674,0.0022656450703344533,-0.002493483689850221,0.0022656450680688086,0.7067537840793433,0.2,0.2,0.2,0.2,0.2,0.260184666260593,0.257614414620424,0.18304634433311728,0.22319594849993196,0.07595862628593364,0.26018466600040835,0.25761441436280963,0.18304634415007096,0.22319594827673606,0.07595862620997502
2023-07-14,1.0,12.108999085432147,14.594808578491211,event_stress,60.739999999999995,59.25,52.074999999999996,0.0005135797650657832,0.005009017490480706,0.004495437725414922,0.005009017485471688,0.6302829665988375,0.1,0.05,0.5,0.2,0.15,0.22226817017231512,0.21903077129582882,0.23242714356539249,0.20335029059747733,0.12292362436898627,0.22226816995004695,0.21903077107679803,0.23242714333296532,0.20335029039412703,0.12292362424606264
2023-07-21,1.0,12.05272030830965,21.4157772064209,event_stress,60.96,59.77,52.9,0.006725270148096737,0.0031915703453999677,-0.0035336998026967697,0.0031915703422083965,0.5943114400206344,0.1,0.05,0.5,0.2,0.15,0.1917519452396082,0.19228124124335444,0.2818288841907918,0.18413792932624565,0.15,0.19175194504785625,0.1922812410510732,0.2818288839089629,0.1841379291421077,0.14999999984999998
2023-07-28,1.0,11.990079492336369,17.502717971801758,event_stress,59.7,61.6,48.2,-0.0037095608219282913,0.004987981753644696,0.008697542575572988,0.004987981748656715,0.6924163798284747,0.1,0.05,0.5,0.2,0.15,0.2142830653809063,0.2156323347581319,0.24982764129878945,0.20973493611580882,0.11052202244636351,0.2142830651666232,0.21563233454249955,0.2498276410489618,0.20973493590607387,0.11052202233584148
2023-08-04,1.0,11.92234910727129,12.580978393554688,event_stress,54.5,62.0,35.3,-0.0002778052543117609,0.000800943383922683,0.0010787486382344438,0.0008009433831217394,0.5872211989151856,0.1,0.05,0.5,0.2,0.15,0.19546202754870942,0.19708455849345002,0.4061011385156475,0.14718694532836607,0.05416533011382704,0.1954620273532474,0.19708455829636545,0.40610113810954634,0.1471869451811791,0.05416533005966171
2023-08-11,1.0,11.84867348671541,10.699954986572266,bull_normal,62.5,65.2,52.25,-0.0017579465102946171,-0.006984629874326517,-0.0052266833640318994,-0.006984629867341886,0.569257220247277,0.1,0.05,0.5,0.2,0.15,0.23296708566148192,0.23518654933532102,0.18710301964336543,0.20251897635347124,0.14222436900636035,0.2329670854285148,0.23518654910013445,0.1871030194562624,0.20251897615095224,0.14222436886413597
2023-08-18,1.0,11.780353039508913,14.360876083374023,event_stress,61.3,63.8,55.75,0.00035481333046462186,-0.0059267746139112076,-0.006281587944375829,-0.005926774607984435,0.6236413053057928,0.2,0.2,0.2,0.2,0.2,0.31385137720749895,0.329447816080501,0.055535039068629326,0.22622498175969646,0.07494078588367417,0.3138513768936476,0.32944781575105325,0.0555350390130943,0.2262249815334715,0.0749407858087334
2023-08-25,1.0,11.704652380949113,7.645887851715088,bull_normal,58.7,59.6,49.25,-0.002429759464535171,-0.0037449064569899907,-0.0013151469924548198,-0.0037449064532450844,0.5897086081728805,0.1,0.05,0.5,0.2,0.15,0.29468728463793675,0.3018215670838306,0.04866046723271192,0.2814373757504823,0.07339330529503844,0.2946872843432494,0.30182156678200905,0.04866046718405145,0.2814373754690449,0.07339330522164514
2023-09-01,1.0,11.638277006155107,14.92121696472168,event_stress,59.4,61.1,48.75,0.0032952738817810107,0.003070408796200582,-0.00022486508558042847,0.0030704087931301732,0.5120729574229017,0.2,0.2,0.2,0.2,0.2,0.19885456930235518,0.19022063953547427,0.24934814381599524,0.24634151365787382,0.11523513368830159,0.1988545691035006,0.19022063934525363,0.24934814356664708,0.2463415134115323,0.11523513357306645
2023-09-08,1.0,11.57397710681543,14.61082649230957,event_stress,54.5,56.5,52.25,-0.008286704271675787,-0.00420723257193224,0.004079471699743546,-0.0042072325677250085,0.5442556113934459,0.1,0.05,0.5,0.2,0.15,0.23317178925901524,0.22813076248013117,0.13462202128258327,0.2540754269782703,0.15,0.23317178902584343,0.22813076225200038,0.13462202114796123,0.25407542672419486,0.14999999984999998
2023-09-15,1.0,11.49986120462999,7.95086669921875,bull_normal,55.45,58.08,51.27499999999999,0.0008553081059111262,-0.001624488731398245,-0.0024797968373093714,-0.0016244887297737563,0.4948700214413435,0.1,0.05,0.5,0.2,0.15,0.28197754996112856,0.2808288489613015,0.08954407890278128,0.19764952217478868,0.15,0.281977549679151,0.28082884868047264,0.0895440788132372,0.19764952197713914,0.14999999984999998
2023-09-22,1.0,11.42843455076799,10.45500373840332,bull_normal,56.5,59.9,52.25,-0.002873442863815972,-0.0016769449794536069,0.001196497884362365,-0.0016769449777766616,0.4522863202821112,0.2,0.2,0.2,0.2,0.2,0.23933720766616462,0.2344726023352769,0.16987988150012603,0.20631030849843243,0.15,0.2393372074268274,0.23447260210080428,0.16987988133024615,0.2063103082921221,0.14999999984999998
2023-09-29,1.0,11.380380129819962,28.579421997070312,event_stress,68.5,68.8,47.0,-0.0049752622059924265,-0.0016656422710624045,0.003309619934930022,-0.0016656422693967624,0.4602061048089205,0.2,0.2,0.2,0.2,0.2,0.31778481301257094,0.3106374204621631,0.10364633674027873,0.11793142978498723,0.14999999999999997,0.3177848126947861,0.3106374201515256,0.10364633663663239,0.11793142966705579,0.14999999984999995
2023-10-06,1.0,11.332353943592164,28.579421997070312,event_stress,68.44,67.78,48.074999999999996,-0.006215543710268347,-0.0015810506314604326,0.004634493078807915,-0.001581050629879382,0.4271091398320344,0.1,0.05,0.5,0.2,0.15,0.32453926842227526,0.31494804544665145,0.09376254029191457,0.11675014583915876,0.15,0.324539268097736,0.3149480451317034,0.09376254019815201,0.1167501457224086,0.14999999984999998
2023-10-13,1.0,11.269943243270966,18.229501724243164,event_stress,62.0,62.5,53.75,-0.007426369583358331,-0.0054173169522606715,0.0020090526310976593,-0.005417316946843354,0.3741439357952571,0.1,0.05,0.5,0.2,0.15,0.31608900315712496,0.3143056649290122,0.13821186519273645,0.08139346672112634,0.15,0.3160890028410359,0.3143056646147065,0.13821186505452457,0.08139346663973286,0.14999999984999998
2023-10-20,1.0,11.236236619955154,34.35128402709961,event_stress,63.6,59.15,52.949999999999996,-0.0011034751551828586,-0.006730933960051138,-0.00562745880486828,-0.006730933953320204,0.7822408914658444,0.1,0.05,0.5,0.2,0.15,0.26694990342936076,0.26915217315379547,0.16350569667940265,0.1519433999375238,0.14844882679991728,0.26694990316241085,0.26915217288464327,0.16350569651589694,0.15194339978558039,0.14844882665146844
2023-10-27,1.0,11.17512683272943,19.56792640686035,event_stress,63.910000000000004,58.760000000000005,53.5,0.005354734292628451,0.00376958792146016,-0.001585146371168291,0.003769587917690571,0.6761087094665191,0.1,0.05,0.5,0.2,0.15,0.2381697980653581,0.2457135034857415,0.08834663763694885,0.27777006081195166,0.15,0.23816979782718828,0.24571350324002797,0.0883466375486022,0.2777700605341816,0.14999999984999998
2023-11-03,1.0,11.110372334724518,18.612539291381836,event_stress,68.3,65.5,42.7,0.006653611423548587,0.003456970393511002,-0.003196641030037585,0.0034569703900540314,0.6233704984318196,0.1,0.05,0.5,0.2,0.15,0.32251447523056326,0.32870628721084,0.1050526418661009,0.14693351888492082,0.09679307680757508,0.32251447490804874,0.32870628688213366,0.10505264176104825,0.1469335187379873,0.096793076710782
2023-11-10,1.0,11.047032296663376,14.733528137207031,event_stress,53.5,54.0,45.25,-0.0036101309349570727,-0.002332549673562783,0.0012775812613942897,-0.002332549671230233,0.5277757145860261,0.1,0.05,0.5,0.2,0.15,0.2880240733526203,0.2765604958685091,0.1540935765665852,0.1313218542122854,0.15,0.2880240730645962,0.2765604955919486,0.1540935764124916,0.13132185408096353,0.14999999984999998
2023-11-17,1.0,10.972255647188279,10.714683532714844,bull_normal,66.6,63.3,42.25,0.002702330947777773,-0.00010417896109384129,-0.0028065099088716143,-0.00010417896098966246,0.5060478681341919,0.1,0.05,0.5,0.2,0.15,0.2948923801022905,0.28720632015170167,0.24314997470882338,0.0826696998667006,0.09208162517048385,0.29489237980739813,0.2872063198644953,0.24314997446567338,0.0826696997840309,0.09208162507840222
2023-11-24,1.0,10.91013843417749,19.72258949279785,event_stress,67.32000000000001,62.65,41.75,-0.009094980269055206,-0.006015715280163695,0.003079264988891511,-0.006015715274147979,0.4519569283598399,0.2,0.2,0.2,0.2,0.2,0.3790646708860523,0.37143162178396594,0.06349243132120601,0.1084224479386884,0.07758882807008737,0.37906467050698756,0.3714316214125343,0.06349243125771357,0.10842244783026594,0.07758882799249853
2023-12-01,1.0,10.834670859581085,10.297637939453125,bull_normal,67.56,62.760000000000005,40.849999999999994,0.0005470982311229074,-0.006997235058131366,-0.007544333289254274,-0.006997235051134131,0.5745590997849239,0.1,0.05,0.5,0.2,0.15,0.36291926033918664,0.35030240300133925,0.144824364723634,0.0,0.14195397193584008,0.36291925997626734,0.3503024026510368,0.14482436457880962,0.0,0.1419539717938861
2023-12-08,1.0,10.771087151771637,17.09111785888672,event_stress,61.4,60.0,51.75,-0.004611371678070047,-0.004708643872261369,-9.727219419132255e-05,-0.004708643867552725,0.6058884165788444,0.2,0.2,0.2,0.2,0.2,0.18569915515737134,0.1848340078804255,0.4179111966094641,0.06155564035273915,0.15,0.18569915497167216,0.1848340076955915,0.41791119619155287,0.06155564029118351,0.14999999984999998
2023-12-15,1.0,10.69374569655046,7.0100908279418945,bull_normal,61.5,62.3,45.3,0.0039757084897402315,-0.0028939707304830556,-0.006869679220223288,-0.0028939707275890845,0.5990742758214544,0.1,0.05,0.5,0.2,0.15,0.2519047616475057,0.2505965084054317,0.11417560331391986,0.23332312663314286,0.15,0.2519047613956009,0.25059650815483514,0.11417560319974425,0.23332312639981972,0.14999999984999998
2023-12-22,1.0,10.618197786813827,8.874263763427734,bull_normal,62.5,61.7,46.8,0.00022606185142761957,0.0010629748081542314,0.0008369129567266119,0.0010629748070912558,0.5481252594947568,0.2,0.2,0.2,0.2,0.2,0.199178234649193,0.20054739735185959,0.16688273062907352,0.29767118483108723,0.13572045253878684,0.1991782344500147,0.20054739715131212,0.16688273046219074,0.29767118453341596,0.13572045240306635
2023-12-29,1.0,10.553848594432921,17.769758224487305,event_stress,63.95,64.15,45.949999999999996,0.010320328015096589,0.009333301121172182,-0.000987026893924407,0.009333301111838882,0.5653664266822949,0.2,0.2,0.2,0.2,0.2,0.24840200485745675,0.2601701389165672,0.06379880557973869,0.3,0.1276290506462374,0.24840200460905473,0.26017013865639704,0.06379880551593987,0.29999999969999996,0.12762905051860832
2024-01-05,1.0,10.48100445867166,12.151544570922852,event_stress,65.31,65.51,44.8,-0.0026834709126865703,-0.009782995424214711,-0.0070995245115281404,-0.009782995414431716,0.6161363622679007,0.1,0.05,0.5,0.2,0.15,0.3131130112966976,0.3196724012127002,0.04901381202157809,0.23785619035694913,0.080344585112075,0.31311301098358457,0.3196724008930278,0.049013811972564277,0.23785619011909293,0.0803445850317304
2024-01-12,1.0,10.431381121283621,26.5919132232666,event_stress,64.8,60.0,54.25,-0.007280294519724049,-0.0073044246469789855,-2.4130127254936434e-05,-0.007304424639674559,0.5071685808029217,0.1,0.05,0.5,0.2,0.15,0.17837972950936848,0.18009982833288316,0.19152044215774847,0.3,0.15,0.17837972933098872,0.1800998281527833,0.191520441966228,0.29999999969999996,0.14999999984999998
2024-01-19,1.0,10.381238994008154,26.694313049316406,event_stress,65.5,61.2,53.39999999999999,-0.0009155266739251356,-0.0012764471621251258,-0.00036092048819999023,-0.0012764471608486788,0.4752877548245568,0.1,0.05,0.5,0.2,0.15,0.1342492529993611,0.1934444533959133,0.3933496702863378,0.130656117039342,0.1483005062790458,0.13424925286511186,0.1934444532024688,0.39334966989298814,0.13065611690868587,0.1483005061307453
2024-01-26,1.0,10.319769725209326,18.67559814453125,event_stress,60.5,63.0,52.5,0.002339209447777444,0.0024106703339772883,7.146088619984416e-05,0.0024106703315666177,0.46239559241229894,0.1,0.05,0.5,0.2,0.15,0.0876910991090782,0.10253866752128867,0.4493638030422763,0.23568509810721144,0.12472133222014545,0.0876910990213871,0.10253866741874999,0.4493638025929125,0.23568509787152633,0.1247213320954241
2024-02-02,1.0,10.257099834090322,15.84172248840332,event_stress,54.0,59.3,50.25,0.002071628313302642,-0.0025833897612987174,-0.004655018074601359,-0.0025833897587153273,0.45046190715830586,0.1,0.05,0.5,0.2,0.15,0.15452007597637135,0.1550329244723066,0.24044699955132207,0.3,0.15,0.15452007582185126,0.15503292431727367,0.24044699931087504,0.29999999969999996,0.14999999984999998
2024-02-09,1.0,10.220212373143285,34.72543716430664,event_stress,66.5,68.1,44.25,0.0029071370258696725,0.005778237282316876,0.0028711002564472034,0.005778237276538639,0.6073363470991562,0.1,0.05,0.5,0.2,0.15,0.13888544700092179,0.13205715900042433,0.279057393998654,0.3,0.15,0.13888544686203633,0.13205715886836716,0.27905739371959654,0.29999999969999996,0.14999999984999998
2024-02-16,1.0,10.193745055800527,34.72543716430664,event_stress,53.0,55.0,40.75,0.0029071370258696725,0.005244426101349281,0.002337289075479609,0.005244426096104855,0.7447546958767934,0.1,0.05,0.5,0.2,0.15,0.13017597531194627,0.12069992145511138,0.2991241032329424,0.3,0.15,0.1301759751817703,0.12069992133441144,0.2991241029338183,0.29999999969999996,0.14999999984999998
2024-02-23,1.0,10.15204980671987,31.359092712402344,event_stress,65.3,61.3,47.5,0.005547116702043916,0.0056244111224591446,7.729442041522813e-05,0.005624411116834732,0.7565627053023353,0.1,0.05,0.5,0.2,0.15,0.17909265277468658,0.15030406727201429,0.22767979811076497,0.3,0.14292348184253428,0.17909265259559393,0.1503040671217102,0.22767979788308515,0.29999999969999996,0.14292348169961078
2024-03-01,1.0,10.097249892359823,24.144302368164062,event_stress,65.8,61.029999999999994,49.449999999999996,0.0021933483964323773,0.0042610820609368565,0.002067733664504479,0.0042610820566757746,0.6847935855346369,0.1,0.05,0.5,0.2,0.15,0.13304722330918242,0.12506918978068102,0.29188358691013655,0.3,0.15,0.13304722317613518,0.1250691896556118,0.2918835866182529,0.29999999969999996,0.14999999984999998
2024-03-08,1.0,10.06310164332971,34.14191436767578,event_stress,63.7,64.8,37.75,0.012217777427824518,0.005203410921452189,-0.007014366506372329,0.005203410916248778,0.7504604918460612,0.1,0.05,0.5,0.2,0.15,0.30568861692290566,0.3127457179817028,0.23156566509539162,0.0,0.15,0.305688616617217,0.3127457176689571,0.23156566486382593,0.0,0.14999999984999998
2024-03-15,1.0,9.998149001604169,16.96316146850586,event_stress,63.410000000000004,63.2,38.35,-0.005994522577380288,0.0034640469208322973,0.009458569498212586,0.003464046917368251,0.6666833160150027,0.1,0.05,0.5,0.2,0.15,0.38237280975557125,0.3662370146643607,0.04809169547463892,0.05329848010542897,0.14999999999999997,0.3823728093731985,0.3662370142981237,0.04809169542654723,0.053298480052130504,0.14999999984999998
2024-03-22,1.0,9.93426696062669,16.277950286865234,event_stress,58.7,60.2,50.75,0.0041747154464011555,0.0004032464221588174,-0.003771469024242338,0.000403246421755571,0.6105890172504979,0.1,0.05,0.5,0.2,0.15,0.32048316145182704,0.313822861697533,0.10211167889620543,0.1135822979544346,0.15,0.32048316113134384,0.31382286138371007,0.10211167879409373,0.11358229784085229,0.14999999984999998
2024-03-29,1.0,9.886074668174832,25.489974975585938,event_stress,60.7,58.8,49.25,0.0029940612364502107,0.00434720346957537,0.0013531422331251593,0.004347203465228165,0.7528068550525256,0.1,0.05,0.5,0.2,0.15,0.2658763841733879,0.2709837122075873,0.1258243806348276,0.2424064525675646,0.09490907041663267,0.26587638390751145,0.2709837119366036,0.12582438050900321,0.24240645232515812,0.09490907032172359
2024-04-05,1.0,9.836064118152706,23.560142517089844,event_stress,57.5,62.0,40.75,0.010656655800283014,0.011191005550266288,0.0005343497499832733,0.011191005539075283,0.8225352432662196,0.1,0.05,0.5,0.2,0.15,0.2772721988980103,0.2783063450488884,0.1856434368740363,0.15242949521877716,0.10634852396028789,0.2772721986207381,0.278306344770582,0.18564343668839287,0.15242949506634765,0.10634852385393936
2024-04-12,1.0,9.792437124258129,27.169830322265625,event_stress,59.2,61.8,37.75,0.013049633987654574,0.004319878774532926,-0.008729755213121648,0.004319878770213047,1.0,0.1,0.05,0.5,0.2,0.15,0.2064096382181983,0.2062348522269697,0.4660658115766543,0.04845790783332954,0.07283179014484806,0.20640963801178863,0.20623485202073483,0.4660658111105884,0.04845790778487163,0.07283179007201626
2024-04-19,1.0,9.7360546052514,21.603342056274414,event_stress,61.4,62.27,40.05,0.0007262666431816824,0.004195929276594345,0.0034696626334126623,0.004195929272398414,0.8704806780041098,0.1,0.05,0.5,0.2,0.15,0.24977136798146615,0.2511445704221777,0.14732337241841884,0.20176068917793732,0.15,0.24977136773169475,0.2511445701710331,0.14732337227109546,0.2017606889761766,0.14999999984999998
2024-04-26,1.0,9.682446384435742,23.49871063232422,event_stress,62.0,63.0,47.25,-0.009430832790215074,-0.0010029803527462624,0.00842785243746881,-0.001002980351743282,0.8016691601012292,0.1,0.05,0.5,0.2,0.15,0.2653764563514243,0.2684168248832763,0.16876928801820906,0.14743743074709043,0.15,0.2653764560860478,0.26841682461485944,0.16876928784943976,0.14743743059965297,0.14999999984999998
2024-05-03,1.0,9.655351033812611,38.07362747192383,event_stress,63.92,64.95,46.449999999999996,-0.0121681733454729,0.0036504609662169982,0.015818634311689898,0.003650460962566537,0.7712829000480927,0.1,0.05,0.5,0.2,0.15,0.29107539723281073,0.2981573605411982,0.1886491845392148,0.0721180576867763,0.15,0.2910753969417353,0.2981573602430408,0.1886491843505656,0.07211805761465824,0.14999999984999998
2024-05-10,1.0,9.60220859349355,23.418354034423828,event_stress,61.5,59.8,43.55,0.007575158976695971,0.008745803883703175,0.001170644907007204,0.008745803874957372,0.6653894246212018,0.1,0.05,0.5,0.2,0.15,0.24909384110735935,0.25192529684608206,0.20445733973393987,0.14452352231261875,0.15,0.2490938408582655,0.25192529659415674,0.2044573395294825,0.14452352216809522,0.14999999984999998
2024-05-17,1.0,9.534356984501928,13.979268074035645,event_stress,59.6,63.3,45.2,0.0007598063693358641,0.0027219788793810583,0.0019621725100451943,0.0027219788766590794,0.5744297455572466,0.1,0.05,0.5,0.2,0.15,0.27725340399909015,0.27610659979909824,0.1076282272032482,0.2866292635020121,0.052382505496551435,0.2772534037218367,0.2761065995229916,0.10762822709561996,0.28662926321538285,0.05238250544416893
2024-05-24,1.0,9.471928355103582,17.988637924194336,event_stress,61.5,61.0,47.25,-0.001935661252879692,-0.005054360877589019,-0.0031186996247093268,-0.005054360872534657,0.6225215982113533,0.1,0.05,0.5,0.2,0.15,0.2580670471063141,0.26262514867383757,0.25479162659396365,0.0745161776258846,0.15,0.25806704684824705,0.26262514841121243,0.254791626339172,0.07451617755136841,0.14999999984999998
2024-05-31,1.0,9.399973109370322,10.14683723449707,event_stress,57.5,57.7,45.5,-0.001395137628477587,-0.0026689711690288725,-0.0012738335405512854,-0.0026689711663599016,0.5441069353628938,0.1,0.05,0.5,0.2,0.15,0.2704015419445786,0.2837686293643932,0.16629326153878227,0.12953656715224596,0.14999999999999997,0.2704015416741771,0.2837686290806246,0.16629326137248904,0.1295365670227094,0.14999999984999998
2024-06-07,1.0,9.332152673607917,13.17904281616211,event_stress,57.3,66.4,44.25,0.0032028987436411634,0.001447445989913345,-0.0017554527537278185,0.0014474459884658989,0.48239324802970013,0.1,0.05,0.5,0.2,0.15,0.2757861284260517,0.27817266660446044,0.2438771455319467,0.12001786162989467,0.08214619780764645,0.27578612815026554,0.27817266632628773,0.24387714528806953,0.1200178615098768,0.08214619772550025
2024-06-14,1.0,9.263875237113089,14.338066101074219,event_stress,63.2,56.3,51.25,-0.006104433062544431,-0.0069690208401741414,-0.0008645877776297106,-0.00696902083320512,0.4380905418864671,0.1,0.05,0.5,0.2,0.15,0.28607657653710483,0.2871026520912111,0.13339935564744165,0.14342141572424238,0.15,0.2860765762510282,0.28710265180410843,0.13339935551404228,0.14342141558082097,0.14999999984999998
2024-06-21,1.0,9.202844747906775,17.327558517456055,event_stress,57.3,61.8,50.75,0.0002807608038555053,-0.00411761262907389,-0.004398373432929395,-0.0041176126249562765,0.4944918853025225,0.1,0.05,0.5,0.2,0.15,0.30963159295262954,0.32020382448967927,0.17207084492868446,0.04809373762900684,0.15000000000000002,0.30963159264299783,0.32020382416947535,0.17207084475661358,0.048093737580913086,0.14999999984999998
2024-06-28,1.0,9.15655341446981,25.482322692871094,event_stress,59.5,60.0,37.25,0.004834817539824076,-0.0006279870149855939,-0.00546280455480967,-0.0006279870143576072,0.5612446913736828,0.1,0.05,0.5,0.2,0.15,0.26668123369478486,0.2754793910658721,0.17655751892578858,0.13128185631355455,0.15,0.2666812334281036,0.2754793907903927,0.17655751874923103,0.13128185618227267,0.14999999984999998
2024-07-05,1.0,9.092835596209618,17.7886905670166,event_stress,64.8,66.0,36.25,-0.003618370617068194,-0.0032883035496452796,0.00033006706742291433,-0.003288303546356976,0.5644211336184628,0.1,0.05,0.5,0.2,0.15,0.3107609292087599,0.32275744264601164,0.17000745180008503,0.09768011458186615,0.09879406176327729,0.31076092889799894,0.32275744232325415,0.17000745163007758,0.09768011448418602,0.09879406166448322
2024-07-12,1.0,9.03323622644529,20.161067962646484,event_stress,63.7,60.6,45.75,-0.0010421492230265404,0.002684843259909869,0.0037269924829364093,0.002684843257225025,0.5149727999958547,0.1,0.05,0.5,0.2,0.15,0.1973785295892851,0.19260329039709176,0.257536985215648,0.24471282208637873,0.10776837271159646,0.1973785293919065,0.1926032902044884,0.25753698495811095,0.24471282184166585,0.10776837260382806
2024-07-19,1.0,8.965875092154594,15.781641006469727,event_stress,65.22,61.02,48.05,0.0009600840504207898,0.007167463234478646,0.0062073791840578565,0.007167463227311181,0.5139107509591716,0.1,0.05,0.5,0.2,0.15,0.32218625914228527,0.32175842003397087,0.1043174185166255,0.1224094293516884,0.12932847295543,0.322186258820099,0.3217584197122124,0.10431741841230807,0.12240942922927896,0.12932847282610152
2024-07-26,1.0,8.898623964196297,14.253905296325684,event_stress,59.6,59.2,39.5,0.0038326336625881864,0.000521302587696385,-0.0033113310748918014,0.000521302587175082,0.7152876497323455,0.1,0.05,0.5,0.2,0.15,0.1804654977425484,0.17794983001753978,0.42955268226641274,0.06831375452645626,0.14371823544704285,0.18046549756208288,0.17794982983958993,0.42955268183686,0.0683137544581425,0.1437182353033246
2024-08-02,1.0,8.829340776806923,13.373557090759277,event_stress,60.8,59.7,42.4,0.009068681652707758,0.003171581076052821,-0.005897100576654937,0.003171581072881239,0.6951306727889657,0.1,0.05,0.5,0.2,0.15,0.23053762478590617,0.23150370925702796,0.2574819145460872,0.13047675141097867,0.15,0.23053762455536853,0.23150370902552422,0.2574819142886053,0.1304767512805019,0.14999999984999998
2024-08-09,1.0,8.760697975760552,13.455743789672852,event_stress,59.7,59.3,47.25,-0.013154521487552808,-0.009486557834798126,0.0036679636527546817,-0.009486557825311569,0.6023917126942534,0.1,0.05,0.5,0.2,0.15,0.295339082052304,0.29523974952302273,0.1429577984537731,0.11646336997090019,0.15,0.29533908175696494,0.29523974922778295,0.1429577983108153,0.11646336985443681,0.14999999984999998
2024-08-16,1.0,8.690953180199715,13.440649032592773,event_stress,62.2,60.8,44.25,-0.00791615551733108,-0.0013477329608722615,0.006568422556458819,-0.0013477329595245281,0.5465739732990578,0.1,0.05,0.5,0.2,0.15,0.27973659542477586,0.28214785935625014,0.13988974496024512,0.14822580025872895,0.15,0.27973659514503924,0.2821478590741023,0.13988974482035535,0.14822580011050313,0.14999999984999998
2024-08-23,1.0,8.61494166553602,8.606009483337402,bull_normal,62.7,60.95,45.55,0.0053056223465231325,0.0011617866254607706,-0.004143835721062362,0.0011617866242989844,0.530539708388442,0.1,0.05,0.5,0.2,0.15,0.278527184767693,0.27923398901282254,0.11110389453757334,0.18791683434008505,0.1432180973418259,0.2785271844891659,0.2792339887335886,0.1111038944264695,0.18791683415216828,0.14321809719860784
2024-08-30,1.0,8.554124322539423,18.099489212036133,event_stress,59.3,59.5,45.25,0.0012136095999162693,0.0017024056819922677,0.0004887960820759985,0.001702405680289862,0.5769378263343358,0.2,0.2,0.2,0.2,0.2,0.2836362208322405,0.28197940233975366,0.10027582619886992,0.18410855062913592,0.15,0.28363622054860427,0.2819794020577742,0.10027582609859409,0.18410855044502736,0.14999999984999998
2024-09-06,1.0,8.492904809123132,18.387165069580078,event_stress,60.55,60.45,44.449999999999996,0.01017337106921064,-0.0027917429373324892,-0.012965114006543129,-0.0027917429345407463,0.7477963264705277,0.1,0.05,0.5,0.2,0.15,0.27141081922149113,0.2716070198795781,0.13648467795084768,0.17222419608957976,0.14827328685850338,0.2714108189500803,0.27160701960797107,0.136484677814363,0.17222419591735555,0.14827328671023007
2024-09-13,1.0,8.421504357462975,11.201461791992188,event_stress,59.2,59.7,52.25,0.0035777958340908484,-0.004937211469374301,-0.00851500730346515,-0.004937211464437089,0.7488436043671479,0.1,0.05,0.5,0.2,0.15,0.30733452205832607,0.32432326145582463,0.0768794463357097,0.19480947582001049,0.09665329433012913,0.3073345217509915,0.32432326113150134,0.07687944625883025,0.19480947562520098,0.09665329423347584
2024-09-20,1.0,8.357105037575813,17.48356819152832,event_stress,64.0,62.0,42.25,-0.001138682455044743,0.0005598631078838395,0.0016985455629285825,0.0005598631073239762,0.6800048930913882,0.1,0.05,0.5,0.2,0.15,0.24311500580170803,0.28631567313484735,0.2513446605117529,0.16424570237812103,0.05497895817357077,0.243115005558593,0.28631567284853165,0.25134466026040825,0.1642457022138753,0.054978958118591804
2024-09-27,1.0,8.45349099338636,260.9962463378906,event_stress,66.5,64.5,43.75,0.002191622180678663,0.017312281898870654,0.01512065971819199,0.017312281881558367,1.0,0.1,0.05,0.5,0.2,0.15,0.13188346223420438,0.12568000070353288,0.29348777159706557,0.2989487654651973,0.15,0.1318834621023209,0.12568000057785286,0.2934877713035778,0.29894876516624846,0.14999999984999998
2024-10-04,1.0,8.55295866430387,614.296875,event_stress,63.0,63.5,48.5,-0.001756513277426653,0.011343614309948754,0.013100127587375407,0.011343614298605137,1.0,0.1,0.05,0.5,0.2,0.15,0.09062567492762322,0.11626120540106001,0.3525142796599072,0.2907258105594929,0.1498730294519167,0.09062567483699753,0.1162612052847988,0.35251427930739293,0.2907258102687671,0.14987302930204366
2024-10-11,1.0,8.636281910544486,161.60044860839844,event_stress,62.8,64.0,38.0,-0.00035074500404699176,0.0001525944884941745,0.0005033394925411663,0.0001525944883415796,0.8392494703723298,0.1,0.05,0.5,0.2,0.15,0.13225905974486002,0.13117544775045442,0.4547355399699348,0.13182995253475083,0.15,0.13225905961260095,0.13117544761927896,0.45473553951519924,0.13182995240292086,0.14999999984999998
2024-10-18,1.0,8.688233098393532,100.46243286132812,event_stress,66.0,59.0,42.5,0.003046174507865147,0.00347881199861789,0.00043263749075274274,0.0034788119951390775,0.7505297674522459,0.1,0.05,0.5,0.2,0.15,0.21731135144011715,0.2153504339785831,0.2645951489440991,0.15432845890642236,0.14841460673077844,0.2173113512228058,0.21535043376323265,0.2645951486795039,0.1543284587520939,0.14841460658236383
2024-10-25,1.0,8.699365314847084,64.41007995605469,event_stress,67.6,64.7,48.75,-0.007796047048308033,-0.0025579816261576183,0.005238065422150415,-0.0025579816235996367,0.6300900438411385,0.1,0.05,0.5,0.2,0.15,0.2504107173270582,0.25262315541943176,0.1855231427241092,0.16144298452940087,0.15,0.25041071707664747,0.25262315516680856,0.18552314253858604,0.16144298436795787,0.14999999984999998
2024-11-01,1.0,8.653991633659453,30.276988983154297,event_stress,67.34,64.62,48.849999999999994,0.004666909586699356,-0.0011098598371158937,-0.0057767694238152496,-0.0011098598360060336,0.5545638216341436,0.1,0.05,0.5,0.2,0.15,0.29738682591603527,0.2965813360458488,0.10515791934559242,0.1580470658821937,0.1428268528103297,0.2973868256186485,0.2965813357492675,0.10515791924043451,0.15804706572414665,0.14282685266750286
2024-11-08,1.0,8.583351761108489,12.932819366455078,event_stress,62.5,61.2,42.25,0.002537085991298706,0.0024562156025459505,-8.08703887527555e-05,0.0024562156000897347,0.4776684457100521,0.1,0.05,0.5,0.2,0.15,0.21538390427986304,0.21818594964691884,0.17676223930283885,0.3,0.08966790677037925,0.2153839040644791,0.21818594942873287,0.1767622391260766,0.29999999969999996,0.08966790668071134
2024-11-15,1.0,8.534997022157759,26.15738296508789,event_stress,61.95,60.9,42.849999999999994,-0.0034166939209583844,-0.006220486275097111,-0.0028037923541387264,-0.006220486268876625,0.4743059888502875,0.1,0.05,0.5,0.2,0.15,0.19473065134554685,0.1954169526161324,0.33809654819091395,0.18621201525858008,0.08554383258882677,0.19473065115081617,0.19541695242071544,0.3380965478528174,0.18621201507236806,0.08554383250328293
2024-11-22,1.0,8.474941068893523,18.60196304321289,event_stress,59.0,58.0,36.25,0.0030823028546082183,-0.004497778275701252,-0.0075800811303094705,-0.004497778271203474,0.5261731128081385,0.1,0.05,0.5,0.2,0.15,0.31301730697109176,0.31749105657423793,0.1940058223772097,0.03689735653225105,0.13858845754520968,0.3130173066580744,0.31749105625674684,0.19400582218320386,0.03689735649535369,0.1385884574066212
2024-11-29,1.0,8.409929698711485,17.544212341308594,event_stress,65.3,60.0,47.0,0.0001596330943577373,0.0020982697627522336,0.0019386366683944963,0.0020982697606539637,0.44144557235497184,0.1,0.05,0.5,0.2,0.15,0.3019469937636609,0.3093104380022051,0.17516094088631587,0.06358162734781819,0.15,0.3019469934617139,0.3093104376928946,0.1751609407111549,0.06358162728423657,0.14999999984999998
2024-12-06,1.0,8.338852751260847,13.8783597946167,event_stress,67.05,63.6,46.5,0.0005720311583731826,0.0005263530141954492,-4.56781441777334e-05,0.0005263530136690964,0.39707379086509614,0.1,0.05,0.5,0.2,0.15,0.29689860779669586,0.29825761353131547,0.17552393544516331,0.1204247405775813,0.10889510264924408,0.29689860749979724,0.29825761323305783,0.17552393526963936,0.12042474045715655,0.10889510254034897
2024-12-13,1.0,8.278514999157041,20.8692684173584,event_stress,66.0,68.1,44.0,0.017452415929281845,-0.00032200425584378136,-0.017774420185125626,-0.00032200425552177765,0.47604950582273187,0.1,0.05,0.5,0.2,0.15,0.3908299085509993,0.3912220782570425,0.04618949640139838,0.12007506067086807,0.0516834561196918,0.3908299081601694,0.3912220778658204,0.04618949635520888,0.12007506055079299,0.05168345606800834
2024-12-20,1.0,8.211203455930798,16.56230354309082,event_stress,66.8,66.2,47.25,0.0005849025963701611,-0.0013455192394434172,-0.0019304218358135784,-0.0013455192380978978,0.4269514506119168,0.1,0.05,0.5,0.2,0.15,0.4420207381916888,0.428633062607578,0.01600572931808877,0.05299947098980006,0.06034099889284436,0.44202073774966805,0.4286330621789449,0.01600572930208304,0.05299947093680059,0.06034099883250336
2024-12-27,1.0,8.141768091922849,13.134681701660156,event_stress,60.5,61.4,52.75,-0.0036261757905757417,-0.0008716104707415881,0.0027545653198341536,-0.0008716104698699771,0.36823784610562244,0.1,0.05,0.5,0.2,0.15,0.2496962762933431,0.24667119365799792,0.2706037197899966,0.14831629903288646,0.08471251122577604,0.2496962760436468,0.2466711934113267,0.2706037195193928,0.14831629888457015,0.08471251114106353
2025-01-03,1.0,8.07050878406152,15.018041610717773,event_stress,71.2,69.4,52.75,0.009460753695431354,-0.000932100521529712,-0.010392854216961065,-0.0009321005205976118,0.40694640763558176,0.1,0.05,0.5,0.2,0.15,0.23629299386096703,0.23706976123264198,0.22006074058362576,0.15657650432276524,0.15,0.236292993624674,0.2370697609955722,0.22006074036356502,0.1565765041661887,0.14999999984999998
2025-01-10,1.0,8.001804661756603,16.748523712158203,event_stress,70.6,69.22,52.849999999999994,-0.012179185842141638,-0.004795185823239101,0.0073840000189025375,-0.004795185818443914,0.3832454783298057,0.1,0.05,0.5,0.2,0.15,0.27248533936036345,0.2797061902793473,0.12965718400461876,0.1681512863556706,0.15,0.2724853390878781,0.2797061899996411,0.12965718387496156,0.1681512861875193,0.14999999984999998
2025-01-17,1.0,7.944964236026852,21.246646881103516,event_stress,61.5,57.5,48.2,0.0004565978801507918,0.0031477944734547244,0.0026911965933039328,0.0031477944703069303,0.3861134115545294,0.1,0.05,0.5,0.2,0.15,0.30357256483880013,0.30398716069683474,0.049266687776311796,0.29999999999999993,0.0431735866880533,0.30357256453522763,0.3039871603928476,0.049266687727045115,0.29999999969999996,0.04317358664487972
2025-01-24,1.0,7.882799530035107,18.95172119140625,event_stress,63.540000000000006,64.32000000000001,47.25,-0.002886386614497454,0.001554191612831678,0.004440578227329132,0.0015541916112774862,0.35141926916210864,0.1,0.05,0.5,0.2,0.15,0.24521583414996295,0.24502895768018965,0.10517909658991521,0.29018318468689114,0.11439292689304106,0.2452158339047471,0.24502895743516068,0.10517909648473611,0.2901831843967079,0.11439292677864812
2025-01-31,1.0,7.808397549396603,11.761834144592285,event_stress,68.5,68.0,50.0,0.002993201692821773,1.9727666322476256e-05,-0.002973474026499297,1.972766630274835e-05,0.3014567200929202,0.1,0.05,0.5,0.2,0.15,0.32473909529402634,0.3486258834887365,5.149960319306146e-19,0.3,0.026635021217237088,0.3247390949692872,0.3486258831401106,5.149960314156185e-19,0.29999999969999996,0.026635021190602064
2025-02-07,1.0,7.734991663700192,12.766868591308594,event_stress,69.5,65.8,47.0,0.008868411830267741,0.008950959003422448,8.254717315470637e-05,0.008950958994471488,0.2837400339565254,0.1,0.05,0.5,0.2,0.15,0.20252387853619008,0.16142315033088864,0.25267039882579645,0.233395252560305,0.14998731974681973,0.2025238783336662,0.16142315016946548,0.252670398573126,0.23339525232690972,0.1499873195968324
2025-02-14,1.0,7.677270656829922,21.88327980041504,event_stress,65.0,63.0,42.5,-0.009455328793488963,0.0014589695038458434,0.010914298297334805,0.001458969502386874,0.30425113382335667,0.1,0.05,0.5,0.2,0.15,0.39656085324626084,0.3977104747721307,0.04563865468657917,0.11139089918501763,0.04869911811001176,0.39656085284969994,0.39771047437442014,0.04563865464094051,0.11139089907362672,0.04869911806131264
2025-02-21,1.0,7.629213401681034,28.244722366333008,event_stress,68.3,64.3,42.95,-0.009029328406142763,-0.0009128124261374268,0.008116515980005337,-0.0009128124252246146,0.2886864567584251,0.1,0.05,0.5,0.2,0.15,0.35984034104832113,0.3368443892357124,0.11376869762850833,0.09581492545320462,0.0937316466342536,0.35984034068848075,0.336844388898868,0.11376869751473963,0.09581492535738968,0.09373164654052195
2025-02-28,1.0,7.575777640944569,26.10434341430664,event_stress,70.6,66.6,42.449999999999996,-0.008492405486392973,-0.0074863150056124735,0.001006090480780499,-0.007486314998126159,0.26147351568997923,0.1,0.05,0.5,0.2,0.15,0.3707058478950801,0.35813632654807714,0.09712541183442665,0.12159837235341531,0.05243404136900084,0.37070584752437424,0.3581363261899408,0.09712541173730123,0.12159837223181692,0.052434041316566794
2025-03-07,1.0,7.5041139572916915,14.623218536376953,event_stress,71.4,65.7,55.75,-0.0035291350401407324,0.0007378259938914566,0.004266961034032189,0.0007378259931536306,0.2201253648228365,0.1,0.05,0.5,0.2,0.15,0.3227660616587685,0.33335144528905936,0.04017586769614631,0.15434026537438714,0.14936635998163875,0.3227660613360024,0.3333514449557079,0.04017586765597044,0.15434026522004685,0.14936635983227237
2025-03-14,1.0,7.442416599398701,21.11408805847168,event_stress,69.9,66.2,47.75,-0.00034239900700496455,0.0032807186644852725,0.003623117671490237,0.003280718661204553,0.20004223843966662,0.1,0.05,0.5,0.2,0.15,0.33392233081061823,0.3245118109906563,0.04882552511638576,0.14274033308233977,0.15000000000000002,0.3339223304766959,0.32451181066614443,0.04882552506756023,0.14274033293959942,0.14999999985
2025-03-21,1.0,7.379230275755971,19.42805290222168,event_stress,68.0,59.5,52.75,-0.004742740100879131,-0.005086953926181875,-0.000344213825302744,-0.005086953921094919,0.2099181600110668,0.1,0.05,0.5,0.2,0.15,0.3085631775160671,0.3108213576404326,0.11194353299649705,0.16903781885080973,0.09963411299619361,0.3085631772075039,0.31082135732961125,0.11194353288455351,0.1690378186817719,0.09963411289655949
2025-03-28,1.0,7.30744683445081,14.109771728515625,event_stress,70.1,63.5,40.75,0.003141776100931299,0.0011460018754747483,-0.0019957742254565506,0.0011460018743287463,0.2115416076364199,0.1,0.05,0.5,0.2,0.15,0.3340238703959664,0.33386382864020475,0.09762155978401636,0.17778979527390373,0.05670094590590876,0.3340238700619425,0.33386382830634087,0.0976215596863948,0.17778979509611392,0.05670094584920781
2025-04-04,1.0,7.242591586714833,17.260820388793945,event_stress,65.0,57.0,38.75,0.010353485790933566,0.0006804186985520641,-0.009673067092381502,0.0006804186978716458,0.26224124715704417,0.1,0.05,0.5,0.2,0.15,0.28177710062030004,0.3480703552025648,0.09219395769030432,0.18047731876582365,0.09748126772100718,0.28177710033852293,0.3480703548544944,0.09219395759811036,0.18047731858534632,0.09748126762352591
2025-04-11,1.0,7.167171028262227,11.621089935302734,event_stress,70.6,74.1,42.7,0.007454836813645964,-0.0017835654835392121,-0.009238402297185175,-0.0017835654817556469,0.28395900681076475,0.1,0.05,0.5,0.2,0.15,0.31463246235216225,0.31718046769506353,0.14558843817763026,0.07259863177514418,0.15,0.31463246203752976,0.317180467377883,0.1455884380320418,0.07259863170254555,0.14999999984999998
2025-04-18,1.0,7.102380153542607,19.801822662353516,event_stress,71.64000000000001,72.42,42.8,-0.0012590455876169283,0.00027521837943241255,0.001534263967049341,0.000275218379157194,0.31754414778684165,0.1,0.05,0.5,0.2,0.15,0.2982502170568794,0.2981259688929724,0.17296274384743987,0.09679796251912792,0.1338631076835806,0.29825021675862906,0.2981259685948463,0.1729627436744771,0.09679796242232994,0.13386310754971745
2025-04-25,1.0,7.058619070058911,28.35647964477539,event_stress,61.2,55.6,51.2,-0.00509474418542554,-0.0011564294601423216,0.003938314725283219,-0.001156429458985892,0.27554204215144135,0.1,0.05,0.5,0.2,0.15,0.32324743531483585,0.3291058927926296,0.14855508306199924,0.049091588830535375,0.15,0.32324743499158837,0.3291058924635237,0.14855508291344416,0.04909158878144378,0.14999999984999998
2025-05-02,1.0,7.005098962789623,23.643070220947266,event_stress,62.64000000000001,57.27,53.199999999999996,-0.0012039279563041466,-0.002478652972186072,-0.0012747250158819255,-0.002478652969707419,0.256710152593929,0.1,0.05,0.5,0.2,0.15,0.2899796752555096,0.3057607658394359,0.17741686806610074,0.09414564128626843,0.1326970495526853,0.2899796749655299,0.3057607655336751,0.17741686788868385,0.09414564119212278,0.13269704941998825
2025-05-09,1.0,6.956160268193333,27.61412239074707,event_stress,68.0,65.2,42.5,0.0016388672192173552,0.0032250147118531563,0.001586147492635801,0.0032250147086281414,0.21416652083506743,0.1,0.05,0.5,0.2,0.15,0.3838576047398622,0.37107937801624385,0.07048814544613405,0.13366878378527136,0.040906088012488545,0.3838576043560046,0.37107937764516447,0.07048814537564589,0.13366878365160256,0.040906087971582454
2025-05-16,1.0,6.913867622619717,31.062053680419922,event_stress,67.52000000000001,65.12,45.05,-0.012351438647012313,-0.00045477749456175755,0.011896661152450555,-0.00045477749410698006,0.1983947380577058,0.1,0.05,0.5,0.2,0.15,0.37753265154238547,0.3795523554042898,0.04149123095956482,0.051423762093760025,0.15,0.3775326511648528,0.3795523550247374,0.041491230918073586,0.05142376204233626,0.14999999984999998
2025-05-23,1.0,6.855017256742566,21.5279541015625,event_stress,66.0,65.5,42.5,0.004692468148818385,0.0008900049855545723,-0.0038024631632638125,0.0008900049846645673,0.23072061764038676,0.1,0.05,0.5,0.2,0.15,0.3845021622369037,0.38575354114652227,0.07418182450220936,0.04816211264680719,0.10740035946755762,0.3845021618524015,0.3857535407607687,0.07418182442802754,0.04816211259864508,0.10740035936015725
2025-05-30,1.0,6.784482347971051,13.998858451843262,event_stress,66.02000000000001,66.79,41.9,-0.00406504062403564,-0.0024944080151595802,0.0015706326088760596,-0.0024944080126651723,0.21193686083109167,0.1,0.05,0.5,0.2,0.15,0.42090713529851814,0.42277092287976925,0.054091725713550746,0.028143101213170426,0.07408711489499127,0.42090713487761106,0.4227709224569984,0.05409172565945903,0.028143101185027327,0.07408711482090417
2025-06-06,1.0,6.716465264564603,14.363164901733398,event_stress,61.2,66.4,39.25,0.007044881522934988,0.003055252180846759,-0.003989629342088229,0.003055252177791507,0.20952330938437574,0.1,0.05,0.5,0.2,0.15,0.35920943939303834,0.35788348210357185,0.07766742274629929,0.05523965575709058,0.15,0.35920943903382885,0.35788348174568835,0.07766742266863186,0.05523965570185092,0.14999999984999998
2025-06-13,1.0,6.643634140497296,10.996870040893555,event_stress,62.3,60.0,52.25,0.0005726751048880696,0.00034619740352882105,-0.00022647770135924856,0.0003461974031826237,0.19524804861144154,0.1,0.05,0.5,0.2,0.15,0.2971388220377945,0.3184444090825875,0.13099900435627604,0.10341776452334203,0.15,0.29713882174065565,0.31844440876414304,0.13099900422527702,0.10341776441992426,0.14999999984999998
2025-06-20,1.0,6.569497501855938,10.527689933776855,event_stress,64.32000000000001,59.95,54.099999999999994,-0.0010314863145301184,-0.001600819502325307,-0.0005693331877951887,-0.0016008195007244876,0.19393424741981113,0.1,0.05,0.5,0.2,0.15,0.17235470711530884,0.18396240609516895,0.3469545979779268,0.1467282888115954,0.15,0.17235470694295413,0.18396240591120652,0.3469545976309722,0.1467282886648671,0.14999999984999998
2025-06-27,1.0,6.489530497795193,4.751461029052734,bull_normal,62.94,58.8,54.699999999999996,-0.004529157869703852,-0.00313017392733483,0.0013989839423690221,-0.0031301739242046555,0.1967955372939019,0.1,0.05,0.5,0.2,0.15,0.16512220340549622,0.2030869744646048,0.2530228476643751,0.228767974465524,0.15,0.165122203240374,0.2030869742615178,0.2530228474113522,0.228767974236756,0.14999999984999998
2025-07-04,1.0,6.413793665176479,7.976075172424316,event_stress,59.7,60.8,39.25,0.002488160066995281,0.0027376685866037833,0.00024950851960850234,0.0027376685838661147,0.165668015314054,0.2,0.2,0.2,0.2,0.2,0.30231189143501563,0.29072530831417315,0.1967550099075011,0.1335420175763699,0.0766657727669403,0.30231189113270374,0.2907253080234478,0.19675500971074608,0.13354201744282787,0.07666577269027451
2025-07-11,1.0,6.335069191461651,6.842781066894531,event_stress,65.8,60.7,56.0,-0.005076070793441848,0.0009590968905536019,0.00603516768399545,0.0009590968895945052,0.15531173306408694,0.1,0.05,0.5,0.2,0.15,0.34615934640539525,0.3474524502251506,0.06451764724599886,0.09187055612345534,0.15,0.3461593460592359,0.34745244987769813,0.0645176471814812,0.09187055603158477,0.14999999984999998
2025-07-18,1.0,6.254511213308422,5.404947280883789,bull_normal,67.32000000000001,62.15,55.75,0.0011101595324215798,0.0023325085984733096,0.0012223490660517298,0.002332508596140801,0.16558407790232513,0.1,0.05,0.5,0.2,0.15,0.2657856218565261,0.2752450687996064,0.12632412683096855,0.18764035134489823,0.14500483116800061,0.26578562159074043,0.2752450685243613,0.1263241267046444,0.18764035115725786,0.14500483102299577
2025-07-25,1.0,6.179848229890911,8.925098419189453,event_stress,60.3,59.3,42.25,-0.0030252956519481195,-0.0013184053423273908,0.0017068903096207288,-0.0013184053410089855,0.15720767775206823,0.2,0.2,0.2,0.2,0.2,0.2884190298633557,0.28909398921750035,0.16014703443107775,0.15698328499360872,0.10535666149445731,0.2884190295749367,0.2890939889284064,0.16014703427093074,0.15698328483662546,0.10535666138910067
2025-08-01,1.0,6.103724509483426,8.225475311279297,event_stress,62.120000000000005,58.75,45.15,-0.0004132086667560287,-0.0032031087208172194,-0.0027899000540611905,-0.0032031087176141106,0.16431786349230565,0.1,0.05,0.5,0.2,0.15,0.26407376520442793,0.2676079882092439,0.18911207821248216,0.14760040831594592,0.13160576005790017,0.26407376494035417,0.2676079879416359,0.18911207802337007,0.1476004081683455,0.1316057599262944
2025-08-08,1.0,6.025409936910718,7.234727382659912,event_stress,65.8,61.2,57.25,0.004090394205770098,0.0036456474021180274,-0.00044474680365207044,0.0036456473984723798,0.14984973068351848,0.1,0.05,0.5,0.2,0.15,0.2488724901805268,0.247389446270395,0.2093601565037932,0.14624273249003697,0.14813517455524808,0.24887248993165428,0.24738944602300553,0.20936015629443303,0.14624273234379423,0.14813517440711288
2025-08-15,1.0,5.945068168645947,6.238668441772461,event_stress,69.2,61.1,42.25,-0.0033547245053674167,0.002826821133485247,0.006181545638852664,0.002826821130658425,0.1479040593530607,0.1,0.05,0.5,0.2,0.15,0.34272944086300533,0.3479291507442646,0.099622404049434,0.1139890197107101,0.09572998463258607,0.3427294405202759,0.34792915039633543,0.09962240394981159,0.11398901959672107,0.09572998453685608
2025-08-22,1.0,5.863793325430005,5.241056442260742,bull_normal,69.24000000000001,59.95,41.75,-0.00570732715588805,0.003940706075019067,0.009648033230907117,0.003940706071078361,0.14761360862781442,0.1,0.05,0.5,0.2,0.15,0.3369120039720964,0.31750282838866445,0.11494113242695987,0.18776754497570294,0.04287649023657636,0.33691200363518437,0.3175028280711616,0.11494113231201873,0.1877675447879354,0.042876490193699865
2025-08-29,1.0,5.782860583072751,4.36397647857666,bull_normal,64.5,61.1,45.5,0.003679668085143343,0.004114708320652412,0.00043504023550906866,0.004114708316537703,0.12283314995570295,0.2,0.2,0.2,0.2,0.2,0.2724045106766362,0.26228536750060855,0.13248328249995056,0.1828268393228048,0.15,0.27240451040423164,0.26228536723832313,0.13248328236746726,0.18282683913997794,0.14999999984999998
2025-09-05,1.0,5.706055104738325,6.463550090789795,event_stress,58.0,57.0,43.75,0.0014621121095695628,0.001310776029309134,-0.0001513360802604289,0.0013107760279983578,0.1755249851341691,0.2,0.2,0.2,0.2,0.2,0.2163861046089647,0.21733744034578742,0.24548829693260488,0.1933645521303982,0.1274236059822449,0.21638610439257858,0.21733744012844997,0.24548829668711655,0.1933645519370336,0.12742360585482126
2025-09-12,1.0,5.62712985277757,5.523102760314941,bull_normal,61.6,56.6,42.949999999999996,0.0015472800187861014,0.0025258446821978756,0.0009785646634117742,0.0025258446796720315,0.16661004094649426,0.1,0.05,0.5,0.2,0.15,0.215401503243024,0.215598834625038,0.23237067270815073,0.21509647964437034,0.12153250977941676,0.21540150302762254,0.2155988344094392,0.23237067247578008,0.2150964794292739,0.12153250965788427
2025-09-19,1.0,5.548260515934079,4.7755608558654785,bull_normal,58.8,55.5,34.25,-0.0033374990439579166,-0.0029984652875196366,0.00033903375643827994,-0.002998465284521171,0.15283257637789874,0.2,0.2,0.2,0.2,0.2,0.2642478909231462,0.2632947514431976,0.19353266528631569,0.13185076791643405,0.14707392443090647,0.2642478906588983,0.2632947511799028,0.193532665092783,0.13185076778458327,0.14707392428383254
2025-09-26,1.0,5.523887424176782,38.296531677246094,event_stress,62.5,56.4,45.5,-0.007250262080502361,-0.0019143435999503537,0.005335918480552007,-0.0019143435980360096,0.22433732492429742,0.2,0.2,0.2,0.2,0.2,0.32900613983449134,0.3297258777582324,0.07470166967192698,0.14834458535448253,0.11822172738086688,0.3290061395054852,0.3297258774285065,0.07470166959722531,0.14834458520613794,0.11822172726264514
2025-10-03,1.0,5.472135780757516,24.008583068847656,event_stress,61.67,55.10999999999999,47.345,0.002977831931867308,0.004842992069486909,0.0018651601376196013,0.004842992064643917,0.19579120474181683,0.1,0.05,0.5,0.2,0.15,0.289147685751746,0.2898313126872444,0.03051595705905681,0.2870635011461441,0.10344154335580874,0.2891476854625983,0.28983131239741305,0.03051595702854085,0.28706350085908056,0.1034415432523672
2025-10-10,1.0,5.430482088035196,31.567935943603516,event_stress,67.2,67.1,45.2,0.007065732491970743,0.0015792990182144791,-0.005486433473756264,0.00157929901663518,0.2445784133314812,0.1,0.05,0.5,0.2,0.15,0.39388825409267453,0.39388825409267453,0.04359335046235429,0.10559046553128033,0.06303967582101629,0.3938882536987862,0.3938882536987862,0.04359335041876094,0.10559046542568985,0.0630396757579766
2025-10-17,1.0,5.408042952424139,41.91748809814453,event_stress,68.9,67.6,42.3,0.008124045094333166,-0.001715848307193463,-0.009839893401526629,-0.0017158483054776142,0.4343142378274866,0.1,0.05,0.5,0.2,0.15,0.34194188207736326,0.3410913091514484,0.08047124982902103,0.08649555894216737,0.15,0.34194188173542134,0.3410913088103571,0.08047124974854977,0.08649555885567181,0.14999999984999998
2025-10-24,1.0,5.3616967260895665,30.05729866027832,event_stress,70.2,74.8,40.55,-0.004706669147667265,0.008624922292876784,0.01333159144054405,0.00862492228425186,0.3784934603684426,0.1,0.05,0.5,0.2,0.15,0.3499400617205431,0.34950856414229436,0.20530981109999974,5.590417451878382e-19,0.09524156303716277,0.349940061370603,0.3495085637927858,0.20530981089468991,5.590417446287964e-19,0.09524156294192121
2025-10-31,1.0,5.293085807567685,15.441778182983398,event_stress,66.1,64.3,45.05,0.004196222271050027,-0.0006591904305119016,-0.004855412701561929,-0.0006591904298527112,0.3715558866362805,0.1,0.05,0.5,0.2,0.15,0.3054789733312816,0.2991042351799681,0.1587221377323992,0.09331772566254545,0.14337692809380573,0.3054789730258026,0.29910423488086385,0.15872213757367706,0.09331772556922772,0.14337692795042878
2025-11-07,1.0,5.223736232524961,13.207138061523438,event_stress,61.0,57.5,42.75,-0.0015442150751063155,0.00022263456370536666,0.0017668496388116822,0.00022263456348273206,0.3125449599207941,0.1,0.05,0.5,0.2,0.15,0.2356070169162273,0.23699427192606118,0.1509246544494815,0.2264740567082301,0.15,0.23560701668062026,0.2369942716890669,0.15092465429855684,0.22647405648175603,0.14999999984999998
2025-11-14,1.0,5.150296449667066,12.085710525512695,event_stress,68.0,58.5,47.75,0.0011247659805972597,-0.0036945325112281552,-0.004819298491825415,-0.003694532507533623,0.3052984505105578,0.1,0.05,0.5,0.2,0.15,0.29455259530168126,0.2858227950214968,0.29505952057424584,1.0706496453294356e-18,0.12456508910257608,0.29455259500712866,0.285822794735674,0.2950595202791863,1.070649644258786e-18,0.12456508897801098
2025-11-21,1.0,5.0793265700398385,12.60196304321289,event_stress,63.1,56.8,49.7,-0.006618441710673633,-0.012284670889776026,-0.0056662291791023936,-0.012284670877491355,0.30678711155582816,0.1,0.05,0.5,0.2,0.15,0.2672573877845703,0.2673536633155245,0.22847585877076085,0.10231421684094898,0.13459887328819536,0.2672573875173129,0.2673536630481708,0.22847585854228497,0.10231421673863475,0.13459887315359648
2025-11-28,1.0,5.012562078243345,13.462798118591309,event_stress,56.5,53.5,59.25,0.002638069935137358,0.004141938091177572,0.001503868156040214,0.004141938087035634,0.283400621699807,0.1,0.05,0.5,0.2,0.15,0.17344257116095407,0.17392395441452677,0.332907684241309,0.16972579018321016,0.14999999999999997,0.17344257098751148,0.1739239542406028,0.3329076839084013,0.16972579001348434,0.14999999984999995
2025-12-05,1.0,5.0,10.849811553955078,event_stress,54.5,56.0,29.5,-0.0029251171887393185,0.0009577041790375004,0.003882821367776819,0.000957704178079796,0.26453920499845907,0.1,0.05,0.5,0.2,0.15,0.28095868556003695,0.2782314956688436,0.2807902336820019,0.08831436325769759,0.07170522183142003,0.28095868527907825,0.2782314953906121,0.2807902334012116,0.08831436316938322,0.0717052217597148
2025-12-12,1.0,5.0,9.410663604736328,event_stress,54.19,53.69,34.84,0.0006901946851835475,-0.002734973356221354,-0.0034251680414049013,-0.0027349733534863803,0.24134156794662875,0.1,0.05,0.5,0.2,0.15,0.2386524071182809,0.27810596480770133,0.19864359612177107,0.13459803195224673,0.15,0.23865240687962846,0.27810596452959535,0.19864359592312747,0.13459803181764868,0.14999999984999998
2025-12-19,1.0,5.0,9.18536376953125,event_stress,59.3,53.1,51.2,0.001205940419560892,0.0005627763645398651,-0.000643164055021027,0.0005627763639770887,0.216864805123733,0.1,0.05,0.5,0.2,0.15,0.12897059502591257,0.10384579649532058,0.3677760671567614,0.24940754132200546,0.15,0.12897059489694196,0.10384579639147477,0.36777606678898533,0.2494075410725979,0.14999999984999998
2025-12-26,1.0,5.0,16.54559898376465,event_stress,60.2,50.5,54.45,-0.00227997366220387,0.0025841983237844964,0.004864171985988366,0.0025841983212002975,0.22466967812794109,0.1,0.05,0.5,0.2,0.15,0.19287261490819946,0.19730526155078942,0.2728506017246195,0.1869715218163917,0.15,0.19287261471532682,0.19730526135348414,0.27285060145176887,0.18697152162942016,0.14999999984999998
2026-01-02,1.0,5.0,19.414474487304688,event_stress,60.0,60.5,40.75,-0.014387429868182238,-0.005132415392957491,0.009255014475224747,-0.005132415387825076,0.22293053875437596,0.1,0.05,0.5,0.2,0.15,0.3581847736562834,0.36338698328060626,0.1147273938517887,0.05193530331268436,0.11176554589863733,0.35818477329809856,0.36338698291721927,0.1147273937370613,0.05193530326074905,0.11176554578687177
2026-01-09,1.0,5.0,11.625614166259766,event_stress,61.34000000000001,61.720000000000006,42.75,0.0024416373889188355,0.009956570136547886,0.00751493274762905,0.009956570126591313,0.19342533910129625,0.1,0.05,0.5,0.2,0.15,0.3018814186670009,0.3017987064330607,0.0576181531830852,0.1887017217168532,0.15,0.30188141836511945,0.301798706131262,0.05761815312546704,0.18870172152815146,0.14999999984999998
2026-01-16,1.0,5.0,17.040992736816406,event_stress,61.739999999999995,62.73,43.65,0.004068455124500157,0.0021656104655042086,-0.0019028446589959484,0.002165610463338598,0.21923683432877425,0.1,0.05,0.5,0.2,0.15,0.17127941386315249,0.1727541473569963,0.39060871878718645,0.15697378440371967,0.10838393558894513,0.17127941369187305,0.17275414718424212,0.3906087183965777,0.15697378424674588,0.10838393548056119
2026-01-23,1.0,5.0,26.412689208984375,event_stress,61.34000000000001,60.85,45.949999999999996,0.004616912304698206,-0.000167512332100591,-0.004784424636798797,-0.0001675123319330791,0.303744128571658,0.1,0.05,0.5,0.2,0.15,0.24237579917452026,0.20123780744054656,0.2100329696808958,0.19635342370403744,0.15,0.24237579893214445,0.20123780723930873,0.2100329694708628,0.196353423507684,0.14999999984999998
2026-01-30,1.0,5.0,32.2911262512207,event_stress,58.8,52.0,37.75,0.0032746907509739044,0.0013929065332464233,-0.001881784217727481,0.0013929065318535165,0.2757620439905345,0.1,0.05,0.5,0.2,0.15,0.2580510630148107,0.23809835283422653,0.2706065570474305,0.09317496717180587,0.14006905993172644,0.2580510627567596,0.23809835259612816,0.2706065567768239,0.09317496707863089,0.14006905979165737
2026-02-06,1.0,5.0,35.58478546142578,event_stress,64.2,66.8,53.55,-0.0035223674654596953,-0.0051719824230182536,-0.0016496149575585583,-0.005171982417846269,0.2743460286743087,0.1,0.05,0.5,0.2,0.15,0.285685862600387,0.2812152740869135,0.2352485516732147,0.052737548733941486,0.14511276290554345,0.285685862314701,0.2812152738056981,0.23524855143796608,0.05273754868120392,0.14511276276043064
2026-02-13,1.0,5.0,27.665264129638672,event_stress,65.6,65.7,55.55,0.005006368949284729,0.002976830524913776,-0.002029538424370953,0.0029768305219369452,0.24449451797201377,0.1,0.05,0.5,0.2,0.15,0.24892558377011237,0.24982173436274765,0.27362915079468897,0.07762353107245104,0.15,0.24892558352118677,0.2498217341129259,0.2736291505210598,0.07762353099482751,0.14999999984999998
2026-02-20,1.0,5.0,27.665264129638672,event_stress,66.22,64.47999999999999,55.05,0.005006368949284729,0.0015294469310935714,-0.0034769220181911573,0.0015294469295641245,0.21854994185148202,0.1,0.05,0.5,0.2,0.15,0.3273503505012091,0.3273503505012091,0.06037626662734681,0.17645304360123049,0.10846998876900454,0.3273503501738587,0.3273503501738587,0.06037626656697054,0.17645304342477744,0.10846998866053455
2026-02-27,1.0,5.0,18.004833221435547,event_stress,64.46000000000001,61.77,57.05,0.00041415282429494257,-0.0004566442553178907,-0.0008707970796128332,-0.00045664425486124634,0.2228521212146175,0.1,0.05,0.5,0.2,0.15,0.2787599350423114,0.28696056814311705,0.1543905073626497,0.20082815162249718,0.07906083782942473,0.27875993476355143,0.2869605678561565,0.15439050720825917,0.20082815142166902,0.07906083775036389
2026-03-06,1.0,5.0,26.89455795288086,event_stress,66.2,62.3,56.25,0.005490981347991533,0.0031841511750148065,-0.0023068301729767264,0.0031841511718306553,0.3691121437352941,0.1,0.05,0.5,0.2,0.15,0.19333779659717726,0.19203393936754584,0.34984884811720024,0.11477941591807674,0.15,0.19333779640383944,0.1920339391755119,0.34984884776735137,0.11477941580329731,0.14999999984999998
2026-03-13,1.0,5.0,49.55207824707031,event_stress,59.3,64.1,54.2,0.003979711643894957,0.004823454099505158,0.0008437424556102012,0.004823454094681703,0.526813299253526,0.1,0.05,0.5,0.2,0.15,0.19571557333107728,0.19479821388608573,0.28100654146658605,0.17847967131625106,0.15,0.1957155731353617,0.1947982136912875,0.2810065411855795,0.17847967113777138,0.14999999984999998
2026-03-20,1.0,5.0,49.86677169799805,event_stress,60.220000000000006,63.1,56.86,-0.01050344558761116,-0.012778386777255757,-0.0022749411896445977,-0.01277838676447737,0.5060257814298212,0.1,0.05,0.5,0.2,0.15,0.23290683586297128,0.23672711182584638,0.26276767276128515,0.17379277304221566,0.09380560650768154,0.23290683563006442,0.23672711158911924,0.26276767249851746,0.17379277286842287,0.09380560641387592
2026-03-27,1.0,5.0,41.9107666015625,event_stress,62.1,64.8,54.9,-0.013831361189522582,-0.012398203193416012,0.0014331579961065696,-0.012398203181017807,0.4234443004877278,0.1,0.05,0.5,0.2,0.15,0.238602741230707,0.23366529358986765,0.24305668129994204,0.13467528387948335,0.15,0.23860274099210424,0.23366529335620234,0.24305668105688533,0.13467528374480806,0.14999999984999998
2026-04-03,1.0,5.0,30.00213623046875,event_stress,62.5,64.0,55.15,-0.0006134735197462725,-0.004640728668673169,-0.004027255148926896,-0.00464072866403244,0.4001434151478744,0.1,0.05,0.5,0.2,0.15,0.27050272431104544,0.2739209690992145,0.14033214124993323,0.16524416533980688,0.15000000000000002,0.2705027240405427,0.2739209688252935,0.14033214110960107,0.1652441651745627,0.14999999985
2026-04-10,1.0,5.0,32.401092529296875,event_stress,64.1,65.52000000000001,54.949999999999996,0.003048476824963943,0.0058505159849682,0.0028020391600042565,0.005850515979117683,0.3583957794427929,0.1,0.05,0.5,0.2,0.15,0.15626657010952502,0.1560234961919033,0.36423190319920934,0.2252762095343314,0.09820182096503081,0.15626656995325847,0.15602349603587984,0.3642319028349775,0.2252762093090552,0.098201820866829
2026-04-17,1.0,5.0,34.855133056640625,event_stress,58.1,67.0,47.75,0.006557007463751456,0.009920082725131094,0.0033630752613796385,0.009920082715211014,0.3850773653602806,0.1,0.05,0.5,0.2,0.15,0.1472042201586766,0.14658549014717934,0.35332028231634366,0.2817646646499136,0.07112534272788687,0.14720422001147238,0.14658549000059384,0.35332028196302334,0.28176466436814895,0.07112534265676153
2026-04-24,1.0,5.0,34.855133056640625,event_stress,55.19,63.65999999999999,50.12,0.006557007463751456,0.00871322810633507,0.0021562206425836134,0.008713228097621841,0.41031600104047344,0.1,0.05,0.5,0.2,0.15,0.12294888357251793,0.12257682289449535,0.3852842223508489,0.2844628588578936,0.08472721232424434,0.12294888344956904,0.12257682277191852,0.38528422196556467,0.2844628585734307,0.08472721223951711
