date,alpha,tau,ae_error,regime_label,llm_macro,llm_sentiment,llm_risk,r_normal,r_event,edge_event_minus_normal,week_return_fused,regret_ema_norm,w_normal_broad,w_normal_satellite,w_normal_fi,w_normal_safe,w_normal_cash,w_event_broad,w_event_satellite,w_event_fi,w_event_safe,w_event_cash,w_fused_broad,w_fused_satellite,w_fused_fi,w_fused_safe,w_fused_cash
2021-01-01,0.6,19.901661658287047,11.72562026977539,bull_normal,60.5,64.3,50.75,0.009430650655586544,0.009430650655586544,0.0,0.009430650646155891,1.0,0.2,0.2,0.2,0.2,0.2,0.2,0.2,0.2,0.2,0.2,0.1999999998,0.1999999998,0.1999999998,0.1999999998,0.1999999998
2021-01-08,0.7,19.803338027000425,11.150801658630371,bull_normal,58.5,60.5,47.25,0.007228603952611971,0.007506588931596906,0.000277984978984935,0.007423193430478232,1.0,0.2,0.2,0.2,0.2,0.2,0.21504181467664718,0.21862567324991358,0.1845882702256262,0.23174424184781314,0.15,0.21052927006312375,0.21303797106190153,0.18921178896872654,0.2222209690712482,0.164999999835
2021-01-15,0.7999999999999999,19.70400420427322,18.64406967163086,bull_normal,58.1,59.6,49.599999999999994,0.0013282724158093218,0.0018251128058440938,0.000496840390034772,0.0017257447261113945,1.0,0.2,0.2,0.2,0.2,0.2,0.17130747994567583,0.17171765845024592,0.3431205453310771,0.16385431627300112,0.14999999999999997,0.17704598377949468,0.1773741265828226,0.3144964359503652,0.1710834528473174,0.15999999983999996
2021-01-22,0.8999999999999999,19.604684650897976,17.28256607055664,bull_normal,58.220000000000006,58.120000000000005,50.25,-0.005061269393529692,-0.001648080875580039,0.003413188517949653,-0.0019893997253856046,1.0,0.2,0.2,0.2,0.2,0.2,0.20362556124558095,0.2099321786110514,0.19655179386461047,0.3,0.08989046627875719,0.20326300491775984,0.20893896054100727,0.1968966142812528,0.28999999970999996,0.10090141954998005
2021-01-29,0.9999999999999999,19.505165439844127,20.938508987426758,event_stress,53.5,52.5,47.25,-0.008315541471694176,-0.007971828331170796,0.0003437131405233801,-0.007971828323198966,0.9956708989283801,0.2,0.2,0.2,0.2,0.2,0.16626998898841325,0.16223239241056264,0.2727583985704648,0.2487392200305594,0.14999999999999997,0.16626998882214325,0.16223239224833025,0.2727583982977063,0.24873921978182015,0.14999999984999995
2021-02-05,1.0,19.406372398138043,9.665470123291016,bull_normal,56.0,52.5,49.75,-0.0006457806150114041,-0.0008893984541394997,-0.00024361783912809558,-0.0008893984532501009,0.9687306420392378,0.1,0.05,0.5,0.2,0.15,0.16060065087658648,0.16560398278470181,0.2237953663387118,0.2999999999999999,0.14999999999999997,0.16060065071598587,0.16560398261909787,0.22379536611491646,0.2999999996999999,0.14999999984999998
2021-02-12,1.0,19.307540363073347,10.595335960388184,bull_normal,57.5,59.5,39.0,0.00649456144526117,0.00600739117170885,-0.00048717027355232,0.006007391165701459,1.0,0.2,0.2,0.2,0.2,0.2,0.22174668185521904,0.21915414580129552,0.37123023505849956,0.09243333762049699,0.09543559966448896,0.22174668163347233,0.21915414558214136,0.3712302346872693,0.09243333752806365,0.09543559956905336
2021-02-19,1.0,19.208522665500638,12.112592697143555,bull_normal,57.529999999999994,59.470000000000006,41.045,0.0024153225865924076,0.006803193146808179,0.004387870560215772,0.0068031931400049876,1.0,0.2,0.2,0.2,0.2,0.2,0.31224761407680973,0.31224761407680973,0.1168338079223172,0.14045200596506893,0.11821895795899443,0.3122476137645621,0.3122476137645621,0.11683380780548339,0.14045200582461692,0.11821895784077546
2021-02-26,1.0,19.10926696062088,14.848400115966797,bull_normal,55.879999999999995,56.42999999999999,43.125,-0.01160866118949813,-0.007021706714005893,0.004586954475492237,-0.007021706706984186,1.0,0.2,0.2,0.2,0.2,0.2,0.12426524911297634,0.12607329982966223,0.3802211660612868,0.21944028499607468,0.15,0.12426524898871108,0.1260732997035889,0.3802211656810656,0.21944028477663438,0.14999999984999998
2021-03-05,1.0,19.010292679071426,11.65086555480957,bull_normal,58.0,57.3,40.75,-0.00498521502670325,-0.003658104980172946,0.0013271100465303042,-0.00365810497651484,1.0,0.2,0.2,0.2,0.2,0.2,0.18695521874425694,0.19032316273152453,0.2789482013829014,0.20146115207063708,0.14231226507068012,0.1869552185573017,0.19032316254120135,0.2789482011039532,0.2014611518691759,0.14231226492836785
2021-03-12,1.0,18.91078718304634,19.23153305053711,event_stress,58.3,55.9,44.0,-0.006752125040637251,-0.005511279373488309,0.001240845667148942,-0.00551127936797703,0.996961331400551,0.2,0.2,0.2,0.2,0.2,0.197133388525223,0.19687669023799803,0.2048870344324737,0.2511028868043053,0.15,0.1971333883280896,0.19687669004112132,0.20488703422758664,0.2511028865532024,0.14999999984999998
2021-03-19,1.0,18.811305940151215,18.381820678710938,bull_normal,59.3,59.8,43.75,-0.0017426783686843492,-0.0028785306074596076,-0.0011358522387752584,-0.002878530604581078,0.9689278835062285,0.1,0.05,0.5,0.2,0.15,0.13914812267153873,0.1383513081681987,0.4508706198139973,0.23001816838591777,0.041611780960347344,0.13914812253239062,0.13835130802984744,0.4508706193631267,0.23001816815589962,0.04161178091873557
2021-03-26,1.0,18.711801916360855,19.139707565307617,event_stress,57.5,56.0,45.25,0.0024728507536101777,0.002196584854318819,-0.00027626589929135876,0.002196584852122234,0.9408557985545997,0.2,0.2,0.2,0.2,0.2,0.14800811465399352,0.15125301478183065,0.31286263483652077,0.23787623572765507,0.15,0.1480081145059854,0.1512530146305776,0.3128626345236581,0.23787623548977882,0.14999999984999998
2021-04-02,1.0,18.61319974064827,8.678933143615723,bull_normal,53.0,54.0,43.75,0.005616018129937552,0.005329646095999992,-0.0002863720339375594,0.005329646090670347,0.7847650182526211,0.1,0.05,0.5,0.2,0.15,0.20228379554186549,0.2038225677042545,0.2689283902277364,0.21055042833136717,0.1144148181947763,0.2022837953395817,0.20382256750043196,0.268928389958808,0.21055042812081676,0.1144148180803615
2021-04-09,1.0,18.515460985898972,4.77430534362793,bull_normal,52.0,54.8,40.25,-0.0016590296203344982,-0.001245830229487529,0.0004131993908469691,-0.0012458302282416986,0.8019594283953168,0.2,0.2,0.2,0.2,0.2,0.17332082265576776,0.17794212714279387,0.2783022058025582,0.2204348443988802,0.15,0.17332082248244693,0.17794212696485173,0.278302205524256,0.22043484417844533,0.14999999984999998
2021-04-16,1.0,18.41771956086159,3.9492101669311523,bull_normal,55.7,53.8,47.25,-0.0006714577129161358,-0.0007197650482021216,-4.830733528598575e-05,-0.0007197650474823567,0.8323345209439659,0.2,0.2,0.2,0.2,0.2,0.22397566179334308,0.22376357442947464,0.21600249466648777,0.18625826911069457,0.15,0.2239756615693674,0.22376357420571105,0.21600249445048525,0.18625826892443628,0.14999999984999998
2021-04-23,1.0,18.31978505253792,5.882108211517334,bull_normal,53.0,51.5,41.75,0.008365303571213822,0.008224146475300544,-0.00014115709591327845,0.008224146467076397,0.7369229299347274,0.2,0.2,0.2,0.2,0.2,0.17482776564595634,0.17552228972927217,0.38272789420905395,0.16982351506921903,0.09709853534649852,0.17482776547112855,0.17552228955374988,0.38272789382632605,0.1698235148993955,0.09709853524939999
2021-04-30,1.0,18.22141864895821,6.945184230804443,bull_normal,53.5,56.0,46.75,-0.004983867433592355,-0.004399049931576192,0.0005848175020161626,-0.004399049927177143,0.6208916121114404,0.2,0.2,0.2,0.2,0.2,0.24581818372628061,0.25085559160797,0.16706784873447691,0.19784178309780467,0.1384165928334679,0.24581818348046242,0.2508555913571144,0.16706784856740906,0.19784178289996288,0.1384165926950513
2021-05-07,1.0,18.12262838482857,9.664274215698242,bull_normal,53.05,54.55,49.25,-0.0008315439033253855,-0.0066848177750682665,-0.005853273871742881,-0.006684817768383448,0.6859251258183037,0.2,0.2,0.2,0.2,0.2,0.487786017049776,0.45,0.062213982950223935,0.0,0.0,0.48778601656198994,0.44999999955,0.062213982888009944,0.0,0.0
2021-05-14,1.0,18.023836916685106,10.07521915435791,bull_normal,53.5,54.5,45.75,0.0009898452776788125,0.0035487449293590254,0.002558899651680213,0.00354874492581028,0.5533704245365598,0.2,0.2,0.2,0.2,0.2,0.26890056497123194,0.2765771831308052,0.20300150799748135,0.17842762009025953,0.0730931238102219,0.26890056470233137,0.276577182854228,0.2030015077944798,0.1784276199118319,0.07309312373712877
2021-05-21,1.0,17.92535243034363,7.520413875579834,bull_normal,52.5,55.0,48.75,0.0023994055362430273,0.002489201234197518,8.97956979544908e-05,0.0024892012317083165,0.6662256231910134,0.2,0.2,0.2,0.2,0.2,0.23413696114556284,0.23349572189225376,0.173673364376138,0.20869395258604542,0.15,0.23413696091142586,0.233495721658758,0.17367336420246463,0.20869395237735144,0.14999999984999998
2021-05-28,1.0,17.826389330625535,11.550996780395508,bull_normal,57.0,55.0,45.25,0.002343742329590488,0.002315307458960353,-2.843487063013475e-05,0.0023153074566450455,0.6615225523116808,0.2,0.2,0.2,0.2,0.2,0.20637301239085554,0.1950230411777525,0.20660392267468314,0.24750104184763233,0.14449898190907653,0.2063730121844825,0.19502304098272943,0.2066039224680792,0.24750104160013126,0.14449898176457754
2021-06-04,1.0,17.72862982749939,4.906940937042236,bull_normal,50.7,49.8,45.25,-0.0039997568857516015,-0.003440561381355318,0.0005591955043962836,-0.0034405613779147563,0.5853963591666137,0.2,0.2,0.2,0.2,0.2,0.14379845478075817,0.14413196367755604,0.4115848195084104,0.15048476203327543,0.15,0.1437984546369597,0.14413196353342406,0.41158481909682554,0.15048476188279067,0.14999999984999998
2021-06-11,1.0,17.63038564324379,7.228706359863281,bull_normal,49.769999999999996,48.68,46.849999999999994,-2.415419536666444e-05,-0.00149684718621524,-0.0014726929908485756,-0.0014968471847183933,0.6564785970198064,0.2,0.2,0.2,0.2,0.2,0.19290153615177316,0.19446423755517595,0.31181812765371214,0.15081609863933873,0.15,0.1929015359588716,0.1944642373607117,0.311818127341894,0.15081609848852262,0.14999999984999998
2021-06-18,1.0,17.531465244293216,12.689493179321289,bull_normal,50.5,51.0,38.5,-0.012733266190668436,-0.008304607926283044,0.004428658264385392,-0.008304607917978435,0.7636818427112547,0.2,0.2,0.2,0.2,0.2,0.2490931405852816,0.2524508528641043,0.3314408348917068,0.09717402403981781,0.06984114761908954,0.24909314033618843,0.2524508526116534,0.3314408345602659,0.09717402394264378,0.06984114754924839
2021-06-25,1.0,17.43324931263924,7.219579696655273,bull_normal,51.5,50.5,45.25,0.003765253154686125,0.00388257504676353,0.0001173218920774051,0.003882575042880955,0.6589517628036555,0.2,0.2,0.2,0.2,0.2,0.17588554068491197,0.18144993588081615,0.4010027292352428,0.15452349806082077,0.08713829613820832,0.1758855405090264,0.1814499356993662,0.40100272883424004,0.15452349790629727,0.08713829605107003
2021-07-02,1.0,17.333783245086675,20.258277893066406,event_stress,51.5,48.5,40.25,0.003482170213890328,-0.0005138156939430348,-0.003995985907833363,-0.0005138156934292187,1.0,0.2,0.2,0.2,0.2,0.2,0.25526082935130395,0.268698131020104,0.21776134428870028,0.1535651656072812,0.1047145297326106,0.2552608290960431,0.2686981307514058,0.21776134407093892,0.153565165453716,0.10471452962789606
2021-07-09,1.0,17.235487556457525,8.364113807678223,bull_normal,51.3,48.5,40.25,0.004472865204368947,0.0017278934019992213,-0.002744971802369725,0.0017278934002713277,0.9759336278024506,0.1,0.05,0.5,0.2,0.15,0.2338699689181864,0.24975502531233904,0.25535017824866474,0.1564351652130411,0.10458966230776882,0.23386996868431636,0.24975502506258393,0.2553501779933145,0.15643516505660587,0.10458966220317913
2021-07-16,1.0,17.137169092893604,8.105576515197754,bull_normal,52.15,48.9,42.25,0.0034245630547098723,0.0032844884313819405,-0.00014007462332793182,0.003284488428097452,0.8173953802189665,0.2,0.2,0.2,0.2,0.2,0.21777063006847977,0.21870325530890175,0.20896405765594606,0.20456205696667248,0.15,0.21777062985070914,0.21870325509019847,0.208964057446982,0.20456205676211042,0.14999999984999998
2021-07-23,1.0,17.03865589499474,9.735071182250977,bull_normal,51.5,49.5,38.5,-0.0011657778497295458,-0.0005489480255761945,0.0006168298241533513,-0.0005489480250272466,0.795131788138739,0.2,0.2,0.2,0.2,0.2,0.2321321886634981,0.23448975923407203,0.21843935111119975,0.16493870099123012,0.15,0.2321321884313659,0.23448975899958224,0.21843935089276037,0.16493870082629142,0.14999999984999998
2021-07-30,1.0,16.93919731974602,18.857484817504883,event_stress,53.6,53.5,42.7,-0.0036814069075550176,8.34273079239112e-05,0.003764834215478929,8.342730784048418e-05,0.955226383032265,0.2,0.2,0.2,0.2,0.2,0.14455257996149087,0.14500729079460975,0.3430901493115474,0.217349979932352,0.15,0.14455257981693828,0.14500729064960244,0.34309014896845724,0.217349979715002,0.14999999984999998
2021-08-06,1.0,16.84005215764046,14.318501472473145,bull_normal,52.5,51.5,40.25,0.0007888914509843755,0.0010900699290995659,0.0003011784781151904,0.0010900699280094958,0.897868985514264,0.1,0.05,0.5,0.2,0.15,0.11727124634864354,0.11895979458973645,0.41037783209177003,0.21388922169209504,0.13950190527775497,0.11727124623137228,0.11895979447077665,0.4103778316813922,0.2138892214782058,0.13950190513825306
2021-08-13,1.0,16.74142690300942,9.545022964477539,bull_normal,53.2,52.8,39.0,-0.0016420828396168392,-0.0007145873612776743,0.0009274954783391649,-0.0007145873605630868,0.8846405733562305,0.2,0.2,0.2,0.2,0.2,0.28345800124237,0.28623699332404273,0.09901794889663719,0.18128705653695015,0.15,0.28345800095891194,0.2862369930378057,0.09901794879761923,0.18128705635566308,0.14999999984999998
2021-08-20,1.0,16.64220726490021,14.811031341552734,bull_normal,53.8,50.5,43.75,-0.003009404706178223,-0.004649108526639547,-0.001639703820461324,-0.004649108521990439,1.0,0.2,0.2,0.2,0.2,0.2,0.2521142451004135,0.25708892298615466,0.16916427911430384,0.17163255279912804,0.15,0.25211424484829925,0.2570889227290657,0.16916427894513955,0.17163255262749547,0.14999999984999998
2021-08-27,1.0,16.543865984678273,7.650520324707031,bull_normal,51.5,49.0,45.0,-0.0011219823422400326,-0.00041309056580361253,0.00070889177643642,-0.0004130905653905218,0.8872979725765124,0.2,0.2,0.2,0.2,0.2,0.20139999979106116,0.19944896019733166,0.18753118589888243,0.2616198541127248,0.15,0.20139999958966115,0.19944895999788267,0.18753118571135122,0.2616198538511049,0.14999999984999998
2021-09-03,1.0,16.445510697364814,6.776712894439697,bull_normal,51.0,48.5,53.75,0.0020157410270532344,0.002065889118809148,5.014809175591349e-05,0.0020658891167432587,0.8152391098601207,0.2,0.2,0.2,0.2,0.2,0.20509559825626747,0.20255235506315755,0.1726793114375656,0.26967273524300944,0.15,0.20509559805117186,0.2025523548606052,0.17267931126488628,0.26967273497333666,0.14999999984999998
2021-09-10,1.0,16.346433627605446,12.47283935546875,bull_normal,49.3,58.0,45.25,0.0017438554080583418,0.003322122818827814,0.0015782674107694722,0.0033221228155056893,0.8387140034045896,0.2,0.2,0.2,0.2,0.2,0.2534526238208565,0.2480975115812627,0.1890375063862088,0.15941235821167202,0.15,0.25345262356740383,0.24809751133316515,0.18903750619717127,0.15941235805225965,0.14999999984999998
2021-09-17,1.0,16.24703769087792,17.13650131225586,event_stress,51.8,57.0,45.7,-0.007807271313362366,-0.007563417493150638,0.000243853820211728,-0.007563417485587223,0.953131294909893,0.2,0.2,0.2,0.2,0.2,0.11917749585773488,0.10943479514270028,0.38373049095753564,0.23765721804202913,0.14999999999999997,0.1191774957385574,0.1094347950332655,0.3837304905738052,0.23765721780437196,0.14999999984999998
2021-09-24,1.0,16.148624080419548,7.267731666564941,bull_normal,51.03,55.92999999999999,47.209999999999994,-0.0016238782193779835,-0.0037165752909581588,-0.002092697071580175,-0.003716575287241583,0.8532609029479731,0.1,0.05,0.5,0.2,0.15,0.27924941665126424,0.198045814330252,0.11011093740275195,0.26259383161573185,0.15,0.2792494163720148,0.19804581413220618,0.110110937292641,0.262593831353138,0.14999999984999998
2021-10-01,1.0,16.05016316771508,8.505867958068848,bull_normal,53.0,52.5,43.25,-0.0012592250598986068,-0.0008614893160042167,0.00039773574389439007,-0.000861489315142727,0.8995101173718576,0.2,0.2,0.2,0.2,0.2,0.23240363679454484,0.23245109034920355,0.1911211854138269,0.19402408744242472,0.15,0.2324036365621412,0.23245109011675244,0.1911211852227057,0.19402408724840062,0.14999999984999998
2021-10-08,1.0,15.951495909690864,8.629081726074219,bull_normal,51.3,58.1,48.3,6.478834098426245e-05,0.0010564901156280638,0.0009917017746438014,0.0010564901145715731,0.7943988327801493,0.2,0.2,0.2,0.2,0.2,0.2296522090714316,0.22972027821499136,0.18540734141767232,0.20522017129590464,0.15,0.22965220884177937,0.22972027798527106,0.18540734123226496,0.20522017109068444,0.14999999984999998
2021-10-15,1.0,15.852342402935035,12.838614463806152,bull_normal,50.7,57.4,52.27499999999999,-0.0035703542378761697,-0.0017925268120111513,0.0017778274258650184,-0.0017925268102186242,0.8326888132692892,0.2,0.2,0.2,0.2,0.2,0.2358104230679036,0.22965879338708658,0.1375470209157003,0.24698376262930954,0.15,0.23581042283209314,0.22965879315742777,0.13754702077815328,0.24698376238232575,0.14999999984999998
2021-10-22,1.0,15.75333312153817,11.219841003417969,bull_normal,52.0,55.3,54.2,-0.0024651799180911518,-0.001893081260083275,0.0005720986580078768,-0.0018930812581901936,0.7230195527301848,0.2,0.2,0.2,0.2,0.2,0.21045898191890633,0.2076582956768744,0.15230008139859552,0.2795826410056238,0.15,0.21045898170844732,0.2076582954692161,0.15230008124629543,0.2795826407260411,0.14999999984999998
2021-10-29,1.0,15.654761099815376,8.675018310546875,bull_normal,53.3,52.2,48.25,-0.0015842221863028496,-0.001864819660078512,-0.0002805974737756624,-0.0018648196582136923,0.7080179507945861,0.2,0.2,0.2,0.2,0.2,0.22833484780064786,0.22229522404736074,0.1465706415957526,0.2527992865562389,0.15,0.22833484757231298,0.2222952238250655,0.14657064144918194,0.2527992863034396,0.14999999984999998
2021-11-05,1.0,15.555897349119194,9.888456344604492,bull_normal,54.0,57.5,51.75,-0.0025451534028675398,-0.0012641640918714932,0.0012809893109960466,-0.0012641640906073288,0.8003392763827676,0.2,0.2,0.2,0.2,0.2,0.19350941112325554,0.19602832232614797,0.2144905054472846,0.24597176110331195,0.15,0.1935094109297461,0.19602832213011964,0.21449050523279406,0.24597176085734018,0.14999999984999998
2021-11-12,1.0,15.456819033622748,12.442238807678223,bull_normal,54.0,55.2,50.0,0.005992922830997901,0.0026954638507099026,-0.0032974589802879984,0.0026954638480144386,0.8321614296483203,0.2,0.2,0.2,0.2,0.2,0.23476169606048744,0.23820334121996942,0.34401946462794264,0.09104390844320523,0.0919715896483953,0.23476169582572573,0.23820334098176604,0.34401946428392316,0.0910439083521613,0.0919715895564237
2021-11-19,1.0,15.357838046550757,10.905198097229004,bull_normal,52.8,58.3,51.75,0.0018274350731719874,0.0016784528759429833,-0.00014898219722900416,0.0016784528742645303,0.734141568468424,0.2,0.2,0.2,0.2,0.2,0.2071357738724197,0.21062121392759964,0.2721474972916855,0.16009551490829524,0.15,0.2071357736652839,0.2106212137169784,0.272147497019538,0.16009551474819972,0.14999999984999998
2021-11-26,1.0,15.25890400409699,10.473247528076172,bull_normal,53.0,58.5,51.75,-0.0014342158968357823,-0.0009911829334070198,0.00044303296342876244,-0.0009911829324158366,0.8395079467174553,0.2,0.2,0.2,0.2,0.2,0.29346088018092004,0.2873781858382118,0.16072040889567646,0.10844052508519178,0.15,0.2934608798874591,0.28737818555083355,0.16072040873495605,0.10844052497675125,0.14999999984999998
2021-12-03,1.0,15.160016423463826,11.794157028198242,bull_normal,52.3,54.0,42.25,-0.003985129692529685,-0.0029573452282990026,0.0010277844642306824,-0.002957345225341657,0.7842197461742979,0.2,0.2,0.2,0.2,0.2,0.24214274442491843,0.23318924290642967,0.13311370064922806,0.24155431201942393,0.15,0.24214274418277565,0.2331892426732404,0.13311370051611435,0.2415543117778696,0.14999999984999998
2021-12-10,1.0,15.061054939031607,10.771622657775879,bull_normal,51.0,57.3,52.25,0.006750002286260878,0.006581791385796011,-0.00016821090046486697,0.006581791379214219,0.722238352710054,0.2,0.2,0.2,0.2,0.2,0.21161798179292432,0.2039715602506568,0.16014945325919178,0.2742610046972271,0.14999999999999994,0.21161798158130632,0.2039715600466852,0.1601494530990423,0.2742610044229661,0.14999999984999993
2021-12-17,1.0,14.961845278739935,14.492128372192383,bull_normal,52.2,53.8,47.25,0.002095500502476491,0.004765072619783838,0.0026695721173073473,0.004765072615018766,0.7448059020896153,0.2,0.2,0.2,0.2,0.2,0.12877865125309276,0.12869113574254695,0.34849162194051925,0.24403859106384101,0.14999999999999997,0.12877865112431414,0.12869113561385584,0.3484916215920277,0.24403859081980245,0.14999999984999998
2021-12-24,1.0,14.863014376163488,10.4898099899292,bull_normal,52.8,57.3,43.75,0.00010972692834033582,-0.0005761187400122505,-0.0006858456683525863,-0.0005761187394361316,0.7520584059735819,0.2,0.2,0.2,0.2,0.2,0.24706824717527895,0.23705429360153846,0.19905674683006339,0.16682071239311927,0.15,0.2470682469282107,0.23705429336448414,0.19905674663100661,0.16682071222629855,0.14999999984999998
2021-12-31,1.0,14.763898026943211,12.066535949707031,bull_normal,58.5,56.5,54.0,0.00288495570196191,0.003082918889975675,0.00019796318801376537,0.0030829188868927567,0.8973059277628573,0.2,0.2,0.2,0.2,0.2,0.22882225274978127,0.22960392129284332,0.18456606462278885,0.20700776133458668,0.15,0.228822252520959,0.22960392106323937,0.18456606443822277,0.2070077611275789,0.14999999984999998
2022-01-07,1.0,14.66528713703156,9.949871063232422,bull_normal,52.8,46.5,45.25,-0.005662740964856608,-0.00510091934834616,0.0005618216165104483,-0.00510091934324524,0.7907737137297522,0.2,0.2,0.2,0.2,0.2,0.23862515902210718,0.23274465024502938,0.07863019073286352,0.3,0.15,0.238625158783482,0.23274465001228473,0.07863019065423332,0.29999999969999996,0.14999999984999998
2022-01-14,1.0,14.566347485780721,10.766008377075195,bull_normal,54.5,54.6,51.2,0.00241219138142176,-0.0016730417959468123,-0.004085233177368572,-0.0016730417942737703,0.986552891284594,0.2,0.2,0.2,0.2,0.2,0.30313594804756117,0.29059087328645733,0.07467217377978465,0.1816010048861968,0.15,0.3031359477444252,0.29059087299586644,0.07467217370511246,0.18160100470459578,0.14999999984999998
2022-01-21,1.0,14.466702783107763,23.864078521728516,event_stress,60.0,54.0,44.25,0.007236528135220212,0.0067101322488983366,-0.0005263958863218751,0.006710132242188205,0.9852935729969093,0.2,0.2,0.2,0.2,0.2,0.23610426271775684,0.24223322687121135,0.18352896503832541,0.18813354537270646,0.15,0.23610426248165256,0.24223322662897812,0.18352896485479644,0.1881335451845729,0.14999999984999998
2022-01-28,1.0,14.366901457309728,31.716732025146484,event_stress,60.370000000000005,54.3,47.15,-0.005179677581839649,-0.011199506291391196,-0.0060198287095515465,-0.011199506280191689,1.0,0.1,0.05,0.5,0.2,0.15,0.2833030631333835,0.26265520722992086,0.10607529824591982,0.19796643139077577,0.14999999999999997,0.2833030628500804,0.26265520696726563,0.10607529813984452,0.19796643119280932,0.14999999984999995
2022-02-04,1.0,14.267101961374289,31.716732025146484,event_stress,54.5,57.0,43.75,-0.005179677581839649,-0.011705973945749511,-0.006526296363909862,-0.011705973934043535,1.0,0.1,0.05,0.5,0.2,0.15,0.2978240635852648,0.2978240635852648,0.12684843412055727,0.14784834324400203,0.12965509546491116,0.2978240632874407,0.2978240632874407,0.12684843399370882,0.1478483430961537,0.12965509533525607
2022-02-11,1.0,14.16717822551728,54.30877685546875,event_stress,52.0,44.5,45.25,0.00019609925697730706,0.00810482012561319,0.007908720868635883,0.00810482011750837,1.0,0.1,0.05,0.5,0.2,0.15,0.2840442756639209,0.2820177447419435,0.09986456683862668,0.18407341275550895,0.15,0.2840442753798766,0.2820177444599258,0.09986456673876211,0.18407341257143553,0.14999999984999998
2022-02-18,1.0,14.067372995615012,30.878299713134766,event_stress,55.5,58.6,53.199999999999996,0.002084614350416876,0.006867200800453612,0.0047825864500367354,0.00686720079358641,0.9642981397231424,0.1,0.05,0.5,0.2,0.15,0.2440530282428455,0.24055023516682428,0.1758613849299324,0.24548693218208914,0.09404841947830876,0.24405302799879244,0.24055023492627403,0.17586138475407098,0.24548693193660218,0.09404841938426034
2022-02-25,1.0,13.967477405071264,42.31946563720703,event_stress,56.1,54.6,61.199999999999996,-0.0013847512871675305,-0.00038244593110771884,0.0010023053560598116,-0.0003824459307252728,0.8923070647377098,0.1,0.05,0.5,0.2,0.15,0.20096163264169,0.19530129872829088,0.2053052841278682,0.248431784502151,0.15,0.20096163244072837,0.19530129853298958,0.2053052839225629,0.2484317842537192,0.14999999984999998
2022-03-04,1.0,13.867778712511068,23.796424865722656,event_stress,56.720000000000006,53.85,63.849999999999994,-0.006720245199182432,-0.003076493640790099,0.0036437515583923334,-0.003076493637713605,0.8181637281440824,0.1,0.05,0.5,0.2,0.15,0.23110601690584742,0.23612379669631872,0.13649314245840308,0.24627704393943078,0.15,0.2311060166747414,0.2361237964601949,0.13649314232190993,0.24627704369315373,0.14999999984999998
2022-03-11,1.0,13.767831450700765,65.63652038574219,event_stress,52.6,54.2,46.8,0.008570817708319571,0.0004465353131246752,-0.008124282395194896,0.00044653531267814127,0.8791739241358894,0.1,0.05,0.5,0.2,0.15,0.23405552276676594,0.23703297392914421,0.19867334692573235,0.18023815637835752,0.15,0.2340555225327104,0.2370329736921112,0.198673346727059,0.18023815619811936,0.14999999984999998
2022-03-18,1.0,13.66815413832665,24.431076049804688,event_stress,53.05,53.85,46.3,-0.004081148643586576,-0.003060535387189465,0.001020613256397111,-0.0030605353841289297,0.7945934231186547,0.1,0.05,0.5,0.2,0.15,0.26583772131908684,0.28164769780652193,0.18909773008532582,0.11341685078906547,0.15,0.2658377210532491,0.28164769752487423,0.18909772989622808,0.1134168506756486,0.14999999984999998
2022-03-25,1.0,13.568868941068654,14.502569198608398,event_stress,53.6,54.3,48.2,0.00017698550160758712,-0.0014238072669494211,-0.0016007927685570082,-0.0014238072655256139,0.7577611939014313,0.1,0.05,0.5,0.2,0.15,0.1783609450575299,0.18199749182077962,0.3344354604104684,0.1552061027112222,0.15,0.17836094487916893,0.18199749163878212,0.3344354600760329,0.15520610255601608,0.14999999984999998
2022-04-01,1.0,13.469038850069051,33.73080825805664,event_stress,55.05,55.15,50.5,-0.007389628468446527,-0.00047326951139701855,0.006916358957049508,-0.0004732695109237485,0.7886470610405475,0.1,0.05,0.5,0.2,0.15,0.2576121169591287,0.24322737336210015,0.2659066212199922,0.11750573705574896,0.11574815140303009,0.2576121167015165,0.24322737311887271,0.2659066209540855,0.11750573693824319,0.1157481512872819
2022-04-08,1.0,13.369482070207601,19.408540725708008,event_stress,55.010000000000005,56.010000000000005,52.5,0.004951381877816698,0.00014571452641373844,-0.00480566735140296,0.00014571452626802365,0.758207910502476,0.1,0.05,0.5,0.2,0.15,0.3582998327193453,0.30048951667991225,0.09148720779256285,0.1634804909942529,0.08624295181392669,0.3582998323610454,0.3004895163794227,0.09148720770107563,0.1634804908307724,0.08624295172768373
2022-04-15,1.0,13.269926476478583,20.482284545898438,event_stress,58.0,53.0,47.75,-0.0009122776221442176,0.0004974396207844184,0.001409717242928636,0.0004974396202869787,0.7647745933908737,0.1,0.05,0.5,0.2,0.15,0.1930395536052014,0.19187031338893457,0.23896594488693032,0.2261241881189337,0.15,0.19303955341216184,0.19187031319706424,0.23896594464796436,0.2261241878928095,0.14999999984999998
2022-04-22,1.0,13.170291930437093,23.552757263183594,event_stress,50.7,51.3,44.75,-0.0064964450227895576,-0.00727898894996198,-0.0007825439271724223,-0.007278988942682991,0.8075501687362487,0.1,0.05,0.5,0.2,0.15,0.15419045352143573,0.15349305529782437,0.3342824961780173,0.2080339950027226,0.14999999999999997,0.15419045336724527,0.1534930551443313,0.33428249584373476,0.2080339947946886,0.14999999984999995
2022-04-29,1.0,13.070662856101995,22.038829803466797,event_stress,57.5,58.5,47.75,-0.0004494629993678167,-0.0003647699286836333,8.469307068418344e-05,-0.0003647699283188632,0.6809940394022256,0.1,0.05,0.5,0.2,0.15,0.08713840842204026,0.08752989207218667,0.5039592246000398,0.17137247490573324,0.14999999999999997,0.08713840833490184,0.08752989198465677,0.5039592240960805,0.17137247473436074,0.14999999984999995
2022-05-06,1.0,12.970800393819815,37.247283935546875,event_stress,58.25,59.35,50.05,-0.000302907977067431,-0.0017584846276359892,-0.0014555766505685583,-0.0017584846258775048,0.7170082613978281,0.1,0.05,0.5,0.2,0.15,0.05000000000000002,0.0031054246740119178,0.6000000000000001,0.30000000000000004,0.046894575325988015,0.04999999995000001,0.003105424670906493,0.5999999994,0.2999999997,0.04689457527909344
2022-05-13,1.0,12.87089656591416,47.258583068847656,event_stress,52.8,54.5,37.75,0.006655807070997326,0.007645935485489979,0.0009901284144926536,0.0076459354778440425,0.63764955891266,0.1,0.05,0.5,0.2,0.15,0.2114884242263127,0.21028364204560704,0.2983716298749566,0.13423929571767293,0.14561700813545075,0.21148842401482426,0.2102836418353234,0.2983716295765849,0.13423929558343362,0.14561700798983374
2022-05-20,1.0,12.771053040027624,36.15251922607422,event_stress,53.9,57.85,40.1,0.003032171166787783,0.006848732826385049,0.0038165616595972657,0.006848732819536317,0.5781745534477067,0.1,0.05,0.5,0.2,0.15,0.25553814950939935,0.24782872332421302,0.18494452414986595,0.16168860301652177,0.15,0.2555381492538612,0.2478287230763843,0.18494452396492142,0.16168860285483316,0.14999999984999998
2022-05-27,1.0,12.671376895904547,24.84544563293457,event_stress,53.77,58.470000000000006,40.75,0.0028199754704770403,0.0007386357479805277,-0.0020813397224965125,0.0007386357472418919,0.5487383370628265,0.1,0.05,0.5,0.2,0.15,0.18942196774423328,0.18981430791852286,0.1997695500337118,0.29996484250864797,0.12102933179488394,0.18942196755481133,0.18981430772870858,0.19976954983394227,0.2999648422086832,0.12102933167385463
2022-06-03,1.0,12.571745228767401,23.096370697021484,event_stress,54.029999999999994,58.17999999999999,42.45,-0.010131833281845961,-0.0007809369183436983,0.009350896363502264,-0.0007809369175627612,0.5968341730851454,0.1,0.05,0.5,0.2,0.15,0.2053755758815893,0.20054965817875486,0.2106652498576537,0.26699707116310567,0.11641244491889645,0.2053755756762137,0.20054965797820518,0.21066524964698843,0.2669970708961086,0.116412444802484
2022-06-10,1.0,12.472320705652244,17.683603286743164,event_stress,53.839999999999996,58.45,43.45,0.0012179508297025389,0.009859059890380963,0.008641109060678425,0.009859059880521902,0.6022723815377098,0.1,0.05,0.5,0.2,0.15,0.29065947752242793,0.28410649096677004,0.14405564547049737,0.1421809791142265,0.1389974069260782,0.29065947723176844,0.2841064906826635,0.14405564532644172,0.1421809789720455,0.13899740678708078
2022-06-17,1.0,12.372752839326866,21.331897735595703,event_stress,58.5,56.3,42.25,-0.0014746890526133674,0.003397756911948334,0.004872445964561702,0.003397756908550576,0.5428738082234186,0.1,0.05,0.5,0.2,0.15,0.2583172082209064,0.2551396105285754,0.1755885693999299,0.202432398785877,0.10852221306471146,0.2583172079625891,0.25513961027343574,0.17558856922434127,0.20243239858344453,0.10852221295618922
2022-06-24,1.0,12.272925496101386,34.1256103515625,event_stress,59.6,60.15,41.75,-0.004771078067034057,-0.0011037396967907465,0.0036673383702433104,-0.0011037396956870065,0.5481845475378632,0.1,0.05,0.5,0.2,0.15,0.23546064721203872,0.23621120632159787,0.17807294583223177,0.20555637091003337,0.14469882972409825,0.23546064697657804,0.23621120608538665,0.1780729456541588,0.205556370704477,0.14469882957939942
2022-07-01,1.0,12.17337890267373,20.271034240722656,event_stress,59.15,59.75,43.75,0.0006979335603102041,0.0030913175622096873,0.0023933840018994833,0.003091317559118368,0.5017375005100178,0.1,0.05,0.5,0.2,0.15,0.244246098913189,0.2431652425903791,0.26931391633117663,0.19269805445580138,0.05057668770945398,0.24424609866894287,0.24316524234721384,0.26931391606186267,0.1926980542631033,0.05057668765887729
2022-07-08,1.0,12.073622441291818,28.362918853759766,event_stress,57.86999999999999,58.58,45.75,-0.011924437399122825,-0.005445810633946365,0.00647862676517646,-0.005445810628500553,0.5175493156974436,0.1,0.05,0.5,0.2,0.15,0.2946335530486207,0.2942535685276324,0.1412639416471069,0.11984893677664002,0.15000000000000002,0.2946335527539871,0.29425356823337884,0.14126394150584295,0.11984893665679107,0.14999999985
2022-07-15,1.0,11.973986822366722,22.901622772216797,event_stress,56.029999999999994,55.839999999999996,47.75,0.002834518960538529,-0.006420375497127924,-0.009254894457666453,-0.0064203754907075465,0.6563871916887063,0.1,0.05,0.5,0.2,0.15,0.26757780047891155,0.2669809453810037,0.1746219967717396,0.14081925736834514,0.15,0.2675778002113337,0.2669809451140227,0.17462199659711758,0.14081925722752586,0.14999999984999998
2022-07-22,1.0,11.874526023864753,18.951004028320312,event_stress,51.5,52.0,45.75,-0.0008554948356242172,-0.0006290199472834926,0.0002264748883407246,-0.0006290199466544727,0.5897117855749401,0.1,0.05,0.5,0.2,0.15,0.19087695792340587,0.19002525902451695,0.27848719021889,0.19061059283318724,0.15,0.19087695773252888,0.19002525883449167,0.2784871899404028,0.19061059264257663,0.14999999984999998
2022-07-29,1.0,11.77525944113732,15.230358123779297,event_stress,54.2,54.7,46.349999999999994,0.01042679432527289,0.002606115269599152,-0.007820679055673737,0.0026061152669930366,0.590868223257256,0.1,0.05,0.5,0.2,0.15,0.2892433832047352,0.294213144595015,0.21410523900349185,0.1359316488509098,0.06650658434584815,0.2892433829154918,0.29421314430080187,0.2141052387893866,0.13593164871497815,0.06650658427934156
2022-08-05,1.0,11.675937819480902,15.754016876220703,event_stress,54.339999999999996,55.510000000000005,47.25,0.005786940118790774,0.005098103035675787,-0.0006888370831149874,0.005098103030577685,0.5132224312541556,0.1,0.05,0.5,0.2,0.15,0.14570654054866355,0.14301621866968398,0.3444656979543541,0.29999999999999993,0.06681154282729829,0.14570654040295702,0.14301621852666777,0.3444656976098885,0.29999999969999996,0.06681154276048676
2022-08-12,1.0,11.57732478380204,9.633398056030273,bull_normal,53.0,54.5,38.75,-0.001146250814838338,0.0012812137706886507,0.0024274645855269887,0.0012812137694074373,0.46632065800951317,0.1,0.05,0.5,0.2,0.15,0.22353814200333674,0.22065992671382692,0.2562530671245096,0.19404937933941532,0.10549948481891147,0.22353814177979858,0.22065992649316699,0.25625306686825655,0.19404937914536594,0.10549948471341197
2022-08-19,1.0,11.477785027027137,20.913097381591797,event_stress,54.32000000000001,55.35,41.05,0.0012963513247666737,-3.9013875209378766e-05,-0.0013353651999760525,-3.90138751703646e-05,0.6346098660025956,0.2,0.2,0.2,0.2,0.2,0.2314917513279359,0.23181576000355283,0.15197015179870477,0.23472233686980656,0.15,0.23149175109644413,0.23181575977173705,0.1519701516467346,0.2347223366350842,0.14999999984999998
2022-08-26,1.0,11.379459387063987,6.315332412719727,bull_normal,52.8,53.7,50.75,-0.004606425727399329,-0.0005615173122741667,0.004044908415125162,-0.0005615173117126491,0.5820134087253416,0.1,0.05,0.5,0.2,0.15,0.20048487903665158,0.20243735439821872,0.16105481107550887,0.28602295548962087,0.15,0.20048487883616667,0.20243735419578135,0.16105481091445403,0.2860229552035979,0.14999999984999998
2022-09-02,1.0,11.280360406637199,12.419425964355469,event_stress,52.5,52.879999999999995,52.75,-0.003248372841426884,-0.0022612880240241505,0.0009870848174027337,-0.002261288021762863,0.624182438584331,0.2,0.2,0.2,0.2,0.2,0.17082120765511954,0.1713755477777849,0.29600992625272954,0.211793318314366,0.15,0.17082120748429833,0.17137554760640936,0.2960099259567196,0.21179331810257268,0.14999999984999998
2022-09-09,1.0,11.181429016590124,11.644625663757324,event_stress,53.0,51.0,47.25,-0.0007993187878081065,0.0018450000839739448,0.0026443188717820516,0.0018450000821289448,0.5797639765816974,0.1,0.05,0.5,0.2,0.15,0.2073044295379457,0.20622319156996,0.34905886128969543,0.0874135176023989,0.15,0.20730442933064125,0.2062231913637368,0.34905886094063654,0.08741351751498538,0.14999999984999998
2022-09-16,1.0,11.08186167478562,21.406509399414062,event_stress,51.54,49.059999999999995,49.599999999999994,-0.011646474238958478,-0.00981290081114047,0.0018335734278180083,-0.009812900801327568,0.6942128633490546,0.1,0.05,0.5,0.2,0.15,0.18895256050054518,0.1858121193460854,0.3118519773264295,0.16338334282694006,0.15,0.1889525603115926,0.18581211916027326,0.3118519770145775,0.1633833426635567,0.14999999984999998
2022-09-23,1.0,10.98244339227677,18.110055923461914,event_stress,49.470000000000006,47.910000000000004,50.5,0.00015950088849474967,-0.0019161591297328013,-0.002075660018227551,-0.0019161591278166422,0.651689501921776,0.1,0.05,0.5,0.2,0.15,0.25351673944968917,0.24884057411864657,0.17053053472723628,0.17711215170442804,0.15,0.2535167391961724,0.248840573869806,0.17053053455670572,0.17711215152731588,0.14999999984999998
2022-09-30,1.0,10.882646858692175,31.09019660949707,event_stress,52.3,48.3,56.699999999999996,-0.0094761328941454,-0.004373920421021009,0.005102212473124391,-0.004373920416647088,0.5971793168093391,0.1,0.05,0.5,0.2,0.15,0.2492856974339103,0.2517421180052382,0.15138988977163745,0.19758229478921407,0.15,0.24928569718462457,0.2517421177534961,0.15138988962024755,0.19758229459163176,0.14999999984999998
2022-10-07,1.0,10.782870948314672,31.09019660949707,event_stress,50.0,57.0,36.25,-0.0094761328941454,-0.004888991618528399,0.004587141275617001,-0.004888991613639407,0.5489172565392405,0.1,0.05,0.5,0.2,0.15,0.3170420956828518,0.3170420956828518,0.1388148110231028,0.11355049880559687,0.11355049880559687,0.3170420953658097,0.3170420953658097,0.138814810884288,0.11355049869204636,0.11355049869204636
2022-10-14,1.0,10.683218294382101,22.84967041015625,event_stress,53.0,58.0,50.75,0.01218168613923159,0.008162694759977319,-0.004018991379254272,0.008162694751814624,0.585547799056608,0.1,0.05,0.5,0.2,0.15,0.16251268543157749,0.1615166367914546,0.22597067777696797,0.3,0.15,0.1625126852690648,0.16151663662993793,0.22597067755099728,0.29999999969999996,0.14999999984999998
2022-10-21,1.0,10.58370533585549,18.69554901123047,event_stress,54.25,59.32000000000001,50.05,-0.009371342970744089,-0.009373136255261963,-1.7932845178744716e-06,-0.009373136245888826,0.48249330856459854,0.1,0.05,0.5,0.2,0.15,0.23557205458356262,0.23746304102097507,0.160890595025335,0.21607430937012745,0.15,0.23557205434799056,0.23746304078351202,0.1608905948644444,0.21607430915405312,0.14999999984999998
2022-10-28,1.0,10.484309333562857,16.14579963684082,event_stress,52.120000000000005,56.36,52.209999999999994,0.002344045447738843,-0.006224888963211995,-0.008568934410950838,-0.006224888956987105,0.5513552708229033,0.1,0.05,0.5,0.2,0.15,0.2280641996872461,0.23056038873856832,0.19705194880530735,0.19432346276887827,0.15,0.22806419945918188,0.23056038850800792,0.1970519486082554,0.1943234625745548,0.14999999984999998
2022-11-04,1.0,10.384369665384298,59.28550720214844,event_stress,52.71,56.96999999999999,51.98,0.00028905304624454796,0.0017724275789643645,0.0014833745327198166,0.0017724275771919366,0.641818740018121,0.1,0.05,0.5,0.2,0.15,0.0947028317905298,0.09788874811018643,0.4253654323756589,0.26176019832496455,0.12028278939866013,0.09470283169582698,0.09788874801229769,0.4253654319502935,0.2617601980632044,0.12028278927837736
2022-11-11,1.0,10.285078799724584,14.795099258422852,event_stress,53.5,56.5,46.7,-0.0008088813517092051,0.0024423219804753835,0.0032512033321845887,0.002442321978033061,0.771744886068144,0.1,0.05,0.5,0.2,0.15,0.14176140454887137,0.14271419984078243,0.3359801169016974,0.22954427870864894,0.15,0.14176140440710996,0.14271419969806823,0.33598011656571725,0.22954427847910464,0.14999999984999998
2022-11-18,1.0,10.185655003786092,18.505207061767578,event_stress,51.3,53.2,38.3,-0.012571485878906928,-0.0037636682056835886,0.00880781767322334,-0.00376366820191992,0.7576171503326639,0.1,0.05,0.5,0.2,0.15,0.2769075894264612,0.26817687139050633,0.17004241267694423,0.13487312650608826,0.15,0.2769075891495536,0.26817687112232946,0.1700424125069018,0.13487312637121512,0.14999999984999998
2022-11-25,1.0,10.086600595712667,12.618608474731445,event_stress,54.0,59.5,38.3,0.00722690441328363,0.0022212390631838616,-0.005005665350099768,0.002221239060962623,0.7058248075368749,0.1,0.05,0.5,0.2,0.15,0.28342012510704356,0.2765972532143493,0.10751889299990929,0.18657273312155112,0.14589099555714682,0.28342012482362344,0.276597252937752,0.10751889289239039,0.18657273293497836,0.14589099541125583
2022-12-02,1.0,9.987142378091818,19.17981719970703,event_stress,55.5,57.7,36.8,-0.005606601536224683,0.002355144966264292,0.007961746502488974,0.002355144963909147,0.6455578360022983,0.1,0.05,0.5,0.2,0.15,0.21842073870111364,0.21460394802192978,0.17501293010276994,0.24196238317418667,0.15,0.2184207384826929,0.2146039478073258,0.175012929927757,0.24196238293222427,0.14999999984999998
2022-12-09,1.0,9.887809544801717,16.75348663330078,event_stress,56.0,57.95,38.099999999999994,-0.0024096864670749454,0.004629771247292985,0.00703945771436793,0.004629771242663213,0.6349791851581325,0.1,0.05,0.5,0.2,0.15,0.23382881788468618,0.23488882634982267,0.19565427058203932,0.18562808518345186,0.15,0.23382881765085733,0.2348888261149338,0.19565427038638503,0.18562808499782377,0.14999999984999998
2022-12-16,1.0,9.78868082761765,13.090609550476074,event_stress,60.0,63.2,41.2,-0.0023717618115994855,-0.0030539764154548297,-0.0006822146038553442,-0.0030539764124008534,0.5363672925371592,0.1,0.05,0.5,0.2,0.15,0.2440951655920261,0.2446333969067268,0.13756654127164822,0.26101089349149015,0.1126940027381087,0.2440951653479309,0.24463339666209338,0.13756654113408168,0.2610108932304792,0.1126940026254147
2022-12-23,1.0,9.68964580893517,11.866836547851562,event_stress,55.5,57.2,46.7,0.0015665686729365326,-0.003385717802534962,-0.004952286475471495,-0.0033857177991492445,0.5193804429902212,0.1,0.05,0.5,0.2,0.15,0.2486424762657279,0.2402675062961587,0.15942271500353927,0.20166730243457412,0.15,0.24864247601708542,0.24026750605589117,0.15942271484411655,0.2016673022329068,0.14999999984999998
2022-12-30,1.0,9.590620064735417,11.592909812927246,event_stress,57.5,60.5,47.25,0.00909313591090802,0.007804835945997889,-0.0012882999649101307,0.007804835938193052,0.4609129210656134,0.1,0.05,0.5,0.2,0.15,0.1517796913836348,0.15158941893546501,0.24847982329328255,0.2981510663876176,0.15,0.1517796912318551,0.15158941878387558,0.2484798230448027,0.2981510660894665,0.14999999984999998
2023-01-06,1.0,9.491943031549457,9.99757194519043,event_stress,59.0,63.3,33.7,0.000616389326017834,0.006018887521214379,0.005402498195196545,0.006018887515195489,0.4979270366341068,0.1,0.05,0.5,0.2,0.15,0.24756492481588752,0.24893130324483642,0.25343691547889247,0.15153598424511633,0.09853087221526736,0.24756492456832258,0.2489313029959051,0.25343691522545553,0.15153598409358032,0.09853087211673649
2023-01-13,1.0,9.39370296597481,6.9903154373168945,bull_normal,53.9,57.5,40.55,0.0010312686751514715,0.007664336610757001,0.00663306793560553,0.007664336603092664,0.4597841996222535,0.1,0.05,0.5,0.2,0.15,0.22528567306032055,0.23004719595652792,0.09466713098315158,0.3,0.15,0.22528567283503487,0.23004719572648072,0.09466713088848444,0.29999999969999996,0.14999999984999998
2023-01-20,1.0,9.294703590869906,12.118915557861328,event_stress,55.25,58.85,43.45,0.0035860757528851516,0.004569319355868964,0.0009832436029838126,0.0045693193512996435,0.42898020035208556,0.2,0.2,0.2,0.2,0.2,0.25015392774381773,0.24723213287905116,0.16896118950916725,0.1836527498679639,0.15,0.2501539274936638,0.247232132631819,0.16896118934020604,0.18365274968431114,0.14999999984999998
2023-01-27,1.0,9.195727425813677,12.118915557861328,event_stress,52.0,64.0,37.75,0.0018376725150313223,0.005534680374020289,0.0036970078589889663,0.005534680368485608,0.4156125230618868,0.1,0.05,0.5,0.2,0.15,0.3359352798574148,0.3359352798574148,0.10410881025071918,0.11497500227334499,0.10904562776110638,0.3359352795214795,0.3359352795214795,0.10410881014661036,0.11497500215836998,0.10904562765206074
2023-02-03,1.0,9.096779811382296,11.611235618591309,event_stress,52.55,64.45,38.5,0.0001672459180789467,-0.0016960570017273894,-0.0018633029198063362,-0.001696057000031332,0.40160480384273584,0.1,0.05,0.5,0.2,0.15,0.26871144089964955,0.2734173319228049,0.18242711813023285,0.1254441090473127,0.15,0.2687114406309381,0.27341733164938753,0.18242711794780572,0.12544410892186858,0.14999999984999998
2023-02-10,1.0,8.998692119121554,6.392075538635254,bull_normal,54.9,62.6,35.3,-0.0037529831276894147,-0.0034339144463953935,0.00031906868129402124,-0.0034339144429614784,0.37295716163021014,0.1,0.05,0.5,0.2,0.15,0.2737918600524475,0.27388659413311855,0.20105945966867472,0.10126208614575931,0.15,0.2737918597786556,0.2738865938592319,0.20105945946761525,0.10126208604449721,0.14999999984999998
2023-02-17,1.0,8.900356405973437,7.576375484466553,bull_normal,52.0,57.0,40.75,-0.0037099712421358533,-0.0032637320816883285,0.0004462391604475248,-0.0032637320784245963,0.3440303699542566,0.2,0.2,0.2,0.2,0.2,0.19050793215971584,0.18956299618603253,0.3683404096771943,0.10158866197705728,0.14999999999999997,0.1905079319692079,0.18956299599646953,0.36834040930885387,0.10158866187546861,0.14999999984999995
2023-02-24,1.0,8.801398253440858,11.402806282043457,event_stress,52.8,58.5,43.65,0.0013232303328023327,0.0005936478824193765,-0.0007295824503829562,0.0005936478818257286,0.3180648797271954,0.2,0.2,0.2,0.2,0.2,0.1873397730909326,0.18782404282260434,0.3060050189289212,0.16883218074750836,0.14999898441003345,0.18733977290359283,0.18782404263478028,0.3060050186229161,0.16883218057867616,0.14999898426003447
2023-03-03,1.0,8.702630889415742,10.203221321105957,event_stress,52.8,62.0,37.25,-0.0009395919491829535,-7.390071303615325e-05,0.0008656912361468003,-7.390071296225286e-05,0.324218365098524,0.1,0.05,0.5,0.2,0.15,0.143535067504291,0.14410282339242225,0.44591517326628494,0.1203162634174488,0.14613067241955294,0.14353506736075594,0.14410282324831944,0.4459151728203698,0.12031626329713256,0.14613067227342227
2023-03-10,1.0,8.60375093817711,10.918230056762695,event_stress,53.25,61.4,39.55,0.0033006755342612367,-0.001155281752756454,-0.004455957287017691,-0.0011552817516011725,0.3663516602841217,0.1,0.05,0.5,0.2,0.15,0.18718386041481844,0.18887415975971084,0.40201114699719076,0.07193083282828001,0.15,0.18718386022763456,0.18887415957083667,0.40201114659517956,0.07193083275634918,0.14999999984999998
2023-03-17,1.0,8.504275560379028,18.720111846923828,event_stress,53.92,62.02,41.2,0.0044646500321734684,0.0018696174400875732,-0.0025950325920858952,0.001869617438217956,0.5315184111593639,0.1,0.05,0.5,0.2,0.15,0.1942215011576405,0.19377242393709862,0.36188381078635345,0.1001222641189075,0.15000000000000002,0.19422150096341897,0.19377242374332618,0.3618838104244696,0.10012226401878523,0.14999999985
2023-03-24,1.0,8.404491877555847,30.247432708740234,event_stress,54.5,57.0,47.25,-0.0015053762316474858,0.002011490868146795,0.0035168670997942804,0.002011490866135303,0.5650710030147957,0.1,0.05,0.5,0.2,0.15,0.22789130738190097,0.22471424276405927,0.19984364893239076,0.197550800921649,0.15,0.22789130715400965,0.224714242539345,0.1998436487325471,0.1975508007240982,0.14999999984999998
2023-03-31,1.0,8.304883807897568,21.684391021728516,event_stress,55.870000000000005,58.4,49.25,0.0013175174554643872,0.0016540886811467427,0.00033657122568235553,0.0016540886794926537,0.4660805329381856,0.1,0.05,0.5,0.2,0.15,0.26022559748086754,0.2537812205277821,0.20670644086799705,0.12928674112335334,0.15,0.2602255972206419,0.2537812202740009,0.2067064406612906,0.1292867409940666,0.14999999984999998
2023-04-07,1.0,8.20522711277008,25.522829055786133,event_stress,53.1,58.3,32.3,0.005367999938911599,0.006615492568620921,0.0012474926297093222,0.006615492562005425,0.44135203403320866,0.1,0.05,0.5,0.2,0.15,0.2935820499503859,0.29352373122280745,0.2551703643867132,0.07312898992676524,0.08459486451332833,0.29358204965680373,0.29352373092928363,0.25517036413154276,0.07312898985363622,0.08459486442873344
2023-04-14,1.0,8.105733293294906,20.735706329345703,event_stress,53.9,56.45,35.2,0.0009110776211659871,-0.0007746965117965127,-0.0016857741329624996,-0.0007746965110218162,0.4274426837455488,0.1,0.05,0.5,0.2,0.15,0.2416987105055142,0.24262292284864456,0.30894574595308166,0.12225273463844914,0.08447988605431052,0.24169871026381548,0.2426229226060216,0.3089457456441359,0.12225273451619639,0.08447988596983062
2023-04-21,1.0,8.006694996356963,12.674759864807129,event_stress,57.3,59.0,40.75,-0.004963972391802497,-0.006130661140845322,-0.001166688749042825,-0.00613066113471466,0.4372569702976713,0.1,0.05,0.5,0.2,0.15,0.26731198966926545,0.26668008010155203,0.2240544583797072,0.1455768216211567,0.09637665022831864,0.26731198940195344,0.2666800798348719,0.22405445815565272,0.14557682147557988,0.09637665013194198
2023-04-28,1.0,7.907592284679412,12.092916488647461,event_stress,58.5,57.0,52.25,0.005573450366268095,0.0024844623273341496,-0.003088988038933945,0.0024844623248496873,0.4281811107128049,0.1,0.05,0.5,0.2,0.15,0.24035464244278248,0.24264980608087436,0.18276838338685583,0.21221289438592436,0.12201427370356298,0.24035464220242783,0.24264980583822454,0.18276838320408742,0.21221289417371145,0.12201427358154869
2023-05-05,1.0,7.808406192064284,13.136809349060059,event_stress,59.1,57.5,51.75,0.014990301241041074,0.01421448465503996,-0.0007758165860011143,0.014214484640825474,0.4385138015127695,0.1,0.05,0.5,0.2,0.15,0.12616674114562398,0.12383325885437603,0.6,6.884683795282953e-18,0.15,0.12616674101945724,0.12383325873054277,0.5999999993999999,6.884683788398269e-18,0.14999999984999998
2023-05-12,1.0,7.710500574111937,5.676356315612793,bull_normal,55.8,53.0,40.75,0.00016848251986885466,-0.003508235981865152,-0.0036767185017340066,-0.003508235978356916,0.4059546150531,0.1,0.05,0.5,0.2,0.15,0.21748061246493175,0.21778993912061337,0.279373855397349,0.16219267290827227,0.12316292010883348,0.21748061224745116,0.21778993890282347,0.2793738551179752,0.16219267274607962,0.12316291998567058
2023-05-19,1.0,7.612246400117873,7.348682880401611,bull_normal,56.15,54.1,39.949999999999996,-0.003592625212402523,-0.0020585865380429455,0.0015340386743595774,-0.002058586535984359,0.3682631402867889,0.2,0.2,0.2,0.2,0.2,0.3002248336962078,0.30203224234404075,0.1375177824674674,0.1102251414922841,0.15,0.30022483339598294,0.30203224204200846,0.1375177823299496,0.11022514138205895,0.14999999984999998
2023-05-26,1.0,7.5142600774765,5.9107208251953125,bull_normal,55.71,53.31,41.55,-0.004215586849600542,-0.004622317457669152,-0.00040673060806860947,-0.004622317453046835,0.4361463470572624,0.2,0.2,0.2,0.2,0.2,0.20169645265735425,0.20952918375975266,0.19406551185999715,0.24470885172289591,0.15,0.2016964524556578,0.20952918355022346,0.1940655116659316,0.24470885147818705,0.14999999984999998
2023-06-02,1.0,7.415850460529326,7.648532867431641,event_stress,54.6,61.5,38.2,0.0017427906422791046,0.0016362239392289225,-0.00010656670305018209,0.0016362239375926982,0.43237260323786186,0.2,0.2,0.2,0.2,0.2,0.2894095377213506,0.2910574086914149,0.14595292580339383,0.1235801277838408,0.15,0.28940953743194103,0.29105740840035743,0.1459529256574409,0.12358012766026066,0.14999999984999998
2023-06-09,1.0,7.317932409048079,4.925376892089844,bull_normal,55.489999999999995,62.17999999999999,39.5,0.005407870877382189,0.001382716338964864,-0.004025154538417325,0.0013827163375821478,0.4552411512416446,0.1,0.05,0.5,0.2,0.15,0.27973071924891085,0.27322027864313764,0.1414023716759067,0.15812036465727303,0.14752626577477188,0.2797307189691801,0.27322027836991736,0.1414023715345043,0.15812036449915265,0.1475262656272456
2023-06-16,1.0,7.218742072582243,14.67980670928955,event_stress,53.5,59.0,37.75,0.006647402743862364,0.004687062301306286,-0.0019603404425560782,0.004687062296619223,0.47466661171525104,0.2,0.2,0.2,0.2,0.2,0.19041102948779062,0.1912942083739823,0.24555624767558354,0.22273851446264356,0.15,0.19041102929737957,0.19129420818268808,0.24555624743002727,0.22273851423990504,0.14999999984999998
2023-06-23,1.0,7.119241285324095,19.981809616088867,event_stress,54.05,59.7,37.75,-0.00404925769464401,-0.0005318139855141551,0.0035174437091298554,-0.0005318139849823407,0.7491294278962828,0.1,0.05,0.5,0.2,0.15,0.1296746869197897,0.1335777566191007,0.2867475564611097,0.3,0.15,0.129674686790115,0.13357775648552295,0.28674755617436215,0.29999999969999996,0.14999999984999998
2023-06-30,1.0,7.020506215095518,9.843460083007812,event_stress,54.410000000000004,59.81,39.75,-0.00040272146220262473,-0.0005485408575833981,-0.00014581939538077336,-0.0005485408570348573,0.653347599347189,0.1,0.05,0.5,0.2,0.15,0.2885756525371102,0.28174149679705573,0.21058261385899524,0.13464030735717397,0.0844599294496649,0.28857565224853454,0.2817414965153142,0.2105826136484126,0.13464030722253365,0.08445992936520497
2023-07-07,1.0,6.921040713787077,17.522512435913086,event_stress,61.3,60.0,51.3,0.006105577275823954,0.002163388327049191,-0.003942188948774763,0.0021633883248858028,0.7059845124432378,0.1,0.05,0.5,0.2,0.15,0.2653039142532762,0.2629034693507329,0.1773816833123265,0.22146587504961154,0.07294505803405293,0.26530391398797226,0.2629034690878294,0.17738168313494482,0.22146587482814564,0.07294505796110787
2023-07-14,1.0,6.821729373931883,14.594808578491211,event_stress,60.739999999999995,59.25,52.074999999999996,0.0005135797650657832,0.005076626745450669,0.0045630469803848855,0.005076626740374042,0.6281315037835791,0.1,0.05,0.5,0.2,0.15,0.22566013905498777,0.22188684507782802,0.2303429082268043,0.2017210994227492,0.1203890082176306,0.22566013882932762,0.22188684485594115,0.23034290799646137,0.2017210992210281,0.12038900809724158
2023-07-21,1.0,6.72211313843727,21.4157772064209,event_stress,60.96,59.77,52.9,0.006725270148096737,0.003145303249035224,-0.003579966899061513,0.0031453032458899207,0.5936861838481031,0.1,0.05,0.5,0.2,0.15,0.19336533435170727,0.19371584981495296,0.2794814631572572,0.18343735267608263,0.15,0.19336533415834192,0.19371584962123709,0.2794814628777757,0.18343735249264526,0.14999999984999998
2023-07-28,1.0,6.622648435831069,17.502717971801758,event_stress,59.7,61.6,48.2,-0.0037095608219282913,0.004993587472548684,0.008703148294476975,0.004993587467555097,0.6905973402288441,0.1,0.05,0.5,0.2,0.15,0.2157437142383501,0.21637949136290166,0.24976942045437678,0.21106959970989544,0.107037774234476,0.21574371402260636,0.21637949114652216,0.24976942020460735,0.21106959949882584,0.10703777412743821
2023-08-04,1.0,6.523622357845305,12.580978393554688,event_stress,54.5,62.0,35.3,-0.0002778052543117609,0.0008283102393627979,0.0011061154936745587,0.0008283102385344879,0.585711706075005,0.1,0.05,0.5,0.2,0.15,0.19779304208819273,0.1990330516848887,0.4083698803283337,0.1444260557299956,0.05037797016858902,0.19779304189039973,0.19903305148585568,0.4083698799199639,0.14442605558556956,0.05037797011821105
2023-08-11,1.0,6.42454758286476,10.699954986572266,event_stress,62.5,65.2,52.25,-0.0017579465102946171,-0.0072007461876417685,-0.005442799677347151,-0.0072007461804410216,0.5688719140206714,0.1,0.05,0.5,0.2,0.15,0.23963744995161762,0.24120706577620316,0.18103247465306033,0.20047403088629634,0.13764897873282259,0.23963744971198014,0.24120706553499607,0.18103247447202783,0.20047403068582229,0.13764897859517358
2023-08-18,1.0,6.325187397003172,14.360876083374023,event_stress,61.3,63.8,55.75,0.006355601110178089,-0.006077117460370232,-0.012432718570548321,-0.006077117454293116,0.6264535966342374,0.1,0.05,0.5,0.2,0.15,0.31991775563498637,0.3292249588631115,0.05145173333891506,0.22690508726668923,0.07250046489629783,0.3199177553150686,0.3292249585338865,0.051451733287463323,0.22690508703978413,0.07250046482379736
2023-08-25,1.0,6.226588600873946,7.645887851715088,event_stress,58.7,59.6,49.25,-0.002429759464535171,-0.0037941067394090923,-0.0013643472748739215,-0.0037941067356149854,0.5922644681277328,0.1,0.05,0.5,0.2,0.15,0.29685086767311886,0.3062558316781721,0.04606881352412292,0.2782175854406418,0.07260690168394432,0.296850867376268,0.30625583137191625,0.0460688134780541,0.2782175851624242,0.07260690161133741
2023-09-01,1.0,6.1272692382335645,14.92121696472168,event_stress,59.4,61.1,48.75,-0.0019728207561383335,0.003151145614773439,0.005123966370911772,0.0031511456116222933,0.5132084639605924,0.1,0.05,0.5,0.2,0.15,0.2028056575977706,0.1946545957337867,0.2489215031377133,0.2432458283728413,0.11037241515788801,0.20280565739496495,0.1946545955391321,0.24892150288879178,0.24324582812959547,0.11037241504751559
2023-09-08,1.0,6.027971345186232,14.61082649230957,event_stress,54.5,56.5,52.25,-0.008286704271675787,-0.0041888782666958235,0.004097826004979963,-0.004188878262506945,0.5454335590085144,0.1,0.05,0.5,0.2,0.15,0.2347737760341189,0.23149284799732542,0.13095201559224537,0.2527813603763103,0.15,0.2347737757993451,0.23149284776583254,0.13095201546129334,0.2527813601235289,0.14999999984999998
2023-09-15,1.0,5.929313075542448,7.95086669921875,event_stress,55.45,58.08,51.27499999999999,0.0008553081059111262,-0.0016436091114706104,-0.0024989172173817365,-0.001643609109827001,0.4960574295500774,0.1,0.05,0.5,0.2,0.15,0.2838969688225808,0.2829287148626465,0.08655731686348199,0.1966169994512907,0.14999999999999997,0.2838969685386838,0.28292871457971774,0.08655731677692466,0.19661699925467369,0.14999999984999995
2023-09-22,1.0,5.830324178934096,10.45500373840332,event_stress,56.5,59.9,52.25,-0.005931203523811021,-0.0016044341672661836,0.004326769356544837,-0.0016044341656617491,0.4526987328788309,0.1,0.05,0.5,0.2,0.15,0.2428173989852284,0.23714622370467628,0.16469149957901286,0.2053448777310825,0.15,0.24281739874241098,0.23714622346753003,0.16469149941432135,0.2053448775257376,0.14999999984999998
2023-09-29,1.0,5.730552089214323,28.579421997070312,event_stress,68.5,68.8,47.0,-0.006215543710268347,-0.001548127875705423,0.004667415834562924,-0.0015481278741572948,0.4598340129437798,0.1,0.05,0.5,0.2,0.15,0.32492776151527863,0.31584159302205617,0.09337200450742722,0.11585864095523797,0.15,0.32492776119035083,0.31584159270621454,0.0933720044140552,0.11585864083937931,0.14999999984999998
2023-10-06,1.0,5.63077915906906,28.579421997070312,event_stress,68.44,67.78,48.074999999999996,-0.006215543710268347,-0.001567633072359039,0.004647910637909309,-0.001567633070791406,0.425421764239655,0.1,0.05,0.5,0.2,0.15,0.32536320212814335,0.3155274524863404,0.09259636902463572,0.11651297636088047,0.14999999999999997,0.32536320180278017,0.315527452170813,0.09259636893203936,0.1165129762443675,0.14999999984999998
2023-10-13,1.0,5.5312643945217115,18.229501724243164,event_stress,62.0,62.5,53.75,-0.007426369583358331,-0.005412378293033215,0.002013991290325116,-0.005412378287620835,0.3727128877997265,0.1,0.05,0.5,0.2,0.15,0.3167048218291077,0.3149459505286998,0.13708944313114668,0.08125978451104593,0.15000000000000002,0.31670482151240287,0.3149459502137538,0.13708944299405723,0.08125978442978614,0.14999999985
2023-10-20,1.0,5.431423574686049,34.35128402709961,event_stress,63.6,59.15,52.949999999999996,-0.0011034751551828586,-0.006786282247859476,-0.005682807092676618,-0.006786282241073195,0.7810533941455736,0.1,0.05,0.5,0.2,0.15,0.27070042947194456,0.27274790921077896,0.15754833991808953,0.15302607638744276,0.14597724501174433,0.2707004292012441,0.272747908938031,0.15754833976054117,0.15302607623441666,0.14597724486576708
2023-10-27,1.0,5.331863552331923,19.56792640686035,event_stress,63.910000000000004,58.760000000000005,53.5,0.005354734292628451,0.003769824631283049,-0.0015849096613454019,0.003769824627513224,0.6751665815087861,0.1,0.05,0.5,0.2,0.15,0.2384275107520309,0.24595655618230233,0.08794571706293094,0.27767021600273595,0.15,0.23842751051360336,0.24595655593634574,0.08794571697498522,0.2776702157250657,0.14999999984999998
2023-11-03,1.0,5.232376521825788,18.612539291381836,event_stress,68.3,65.5,42.7,0.006653611423548587,0.0033843569442019066,-0.0032692544793466805,0.00338435694081755,0.6226067939663582,0.1,0.05,0.5,0.2,0.15,0.3309501830692624,0.33821663639565686,0.09814962239751056,0.14185231274980484,0.09083124538776531,0.3309501827383122,0.3382166360574403,0.09814962229936094,0.14185231260795256,0.09083124529693408
2023-11-10,1.0,5.133148193359373,14.733528137207031,event_stress,53.5,54.0,45.25,-0.0036101309349570727,-0.002324266906855826,0.0012858640281012469,-0.0023242669045315588,0.5260670221164884,0.1,0.05,0.5,0.2,0.15,0.28923003786940593,0.27722991142417935,0.15274743907874333,0.13079261162767147,0.15000000000000002,0.28923003758017585,0.2772299111469494,0.15274743892599588,0.13079261149687885,0.14999999985
2023-11-17,1.0,5.034255588054656,10.714683532714844,event_stress,66.6,63.3,42.25,0.002702330947777773,-0.00015340306385276382,-0.0028557340116305368,-0.00015340306369936095,0.5048023934454164,0.1,0.05,0.5,0.2,0.15,0.3025838469613822,0.29453884855233975,0.24023978502702487,0.0795194744486487,0.08311804501060467,0.30258384665879834,0.29453884825780086,0.24023978478678507,0.07951947436912922,0.08311804492748662
2023-11-24,1.0,5.0,19.72258949279785,event_stress,67.32000000000001,62.65,41.75,-0.012263217510949203,-0.005788696105917709,0.006474521405031494,-0.005788696100129012,0.44970133173392335,0.1,0.05,0.5,0.2,0.15,0.3924225554516852,0.3845431549076889,0.05555914922071534,0.09982877633114684,0.06764636408876369,0.3924225550592626,0.38454315452314575,0.05555914916515618,0.09982877623131806,0.06764636402111732
2023-12-01,1.0,5.0,10.297637939453125,event_stress,67.56,62.760000000000005,40.849999999999994,0.0005470982311229074,-0.006996938938365629,-0.007544037169488537,-0.00699693893136869,0.5750280968764205,0.1,0.05,0.5,0.2,0.15,0.367466450283499,0.354237725622497,0.1419295496358089,3.9302328752599536e-19,0.13636627445819516,0.3674664499160325,0.35423772526825925,0.14192954949387934,3.9302328713297204e-19,0.13636627432182888
2023-12-08,1.0,5.0,17.09111785888672,event_stress,61.4,60.0,51.75,-0.0026187740639949312,-0.004829959597968243,-0.0022111855339733114,-0.004829959593138283,0.6075595864172901,0.1,0.05,0.5,0.2,0.15,0.19209147186546777,0.1913543679561521,0.4058893126350324,0.0606648475433478,0.15,0.19209147167337629,0.19135436776479772,0.4058893122291431,0.06066484748268294,0.14999999984999998
2023-12-15,1.0,5.0,7.0100908279418945,event_stress,61.5,62.3,45.3,0.0039757084897402315,-0.0030389209195296318,-0.007014629409269863,-0.0030389209164907107,0.6029182000057713,0.1,0.05,0.5,0.2,0.15,0.2575392649303561,0.2559353521772689,0.10700752118143991,0.2295178617109352,0.15,0.25753926467281685,0.25593535192133354,0.10700752107443239,0.2295178614814173,0.14999999984999998
2023-12-22,1.0,5.0,8.874263763427734,event_stress,62.5,61.7,46.8,0.002452260990486615,0.0011127231333375016,-0.0013395378571491134,0.0011127231322247781,0.5517520109225951,0.1,0.05,0.5,0.2,0.15,0.20527675598134607,0.20726509671854007,0.16352687490843668,0.2948591461270955,0.12907212626458173,0.2052767557760693,0.20726509651127495,0.1635268747449098,0.2948591458322363,0.12907212613550959
2023-12-29,1.0,5.0,17.769758224487305,event_stress,63.95,64.15,45.949999999999996,0.012755120417839032,0.009552036093645334,-0.003203084324193698,0.009552036084093298,0.5666636895831018,0.1,0.05,0.5,0.2,0.15,0.262261897673429,0.27087860975752515,0.055062942668250625,0.30000000000000004,0.11179654990079525,0.26226189741116707,0.2708786094866465,0.05506294261318768,0.2999999997,0.1117965497889987
2024-01-05,1.0,5.0,12.151544570922852,event_stress,65.31,65.51,44.8,-0.0026834709126865703,-0.009898519342842665,-0.007215048430156095,-0.009898519332944148,0.6177684421748683,0.1,0.05,0.5,0.2,0.15,0.3225453217812352,0.327112693421989,0.04479691813436068,0.23069298711017086,0.07485207955224425,0.32254532145868986,0.3271126930948763,0.04479691808956376,0.23069298687947787,0.07485207947739217
2024-01-12,1.0,5.0,26.5919132232666,event_stress,64.8,60.0,54.25,-0.007280294519724049,-0.007305688104284468,-2.539358456041859e-05,-0.007305688096978779,0.5078977692976917,0.1,0.05,0.5,0.2,0.15,0.18246242036142418,0.18262584578775115,0.1849117338508247,0.3,0.15,0.18246242017896175,0.1826258456051253,0.18491173366591296,0.29999999969999996,0.14999999984999998
2024-01-19,1.0,5.0,26.694313049316406,event_stress,65.5,61.2,53.39999999999999,-0.0009155266739251356,-0.0012821461987703826,-0.000366619524845247,-0.0012821461974882361,0.4765293946358105,0.1,0.05,0.5,0.2,0.15,0.13513999667489635,0.1935734862185965,0.39304335970451254,0.13055459073823153,0.14768856666376323,0.1351399965397563,0.19357348602502294,0.39304335931146905,0.1305545906076769,0.14768856651607462
2024-01-26,1.0,5.0,18.67559814453125,event_stress,60.5,63.0,52.5,0.002339209447777444,0.0024261060129659217,8.689656518847755e-05,0.002426106010539815,0.46320084275509255,0.1,0.05,0.5,0.2,0.15,0.08799095376275524,0.10255611532693684,0.45053116229817575,0.23511156209078282,0.12381020652134941,0.08799095367476428,0.10255611522438071,0.4505311618476445,0.23511156185567125,0.1238102063975392
2024-02-02,1.0,5.0,15.84172248840332,event_stress,54.0,59.3,50.25,0.002071628313302642,-0.0025917176407987126,-0.0046633459541013545,-0.002591717638206995,0.4510554752129307,0.1,0.05,0.5,0.2,0.15,0.15480404676543946,0.15504174420883662,0.240154209025724,0.3,0.15,0.1548040466106354,0.15504174405379487,0.24015420878556978,0.29999999969999996,0.14999999984999998
2024-02-09,1.0,5.0,34.72543716430664,event_stress,66.5,68.1,44.25,0.0029071370258696725,0.005817911471946257,0.002910774446076584,0.005817911466128345,0.6076004334008004,0.1,0.05,0.5,0.2,0.15,0.1394910900204487,0.13293994782299978,0.2775689621565515,0.3,0.15,0.1394910898809576,0.13293994769005982,0.27756896187898256,0.29999999969999996,0.14999999984999998
2024-02-16,1.0,5.0,34.72543716430664,event_stress,53.0,55.0,40.75,0.0029071370258696725,0.005244117155516513,0.002336980129646841,0.005244117150272396,0.7443766139508818,0.1,0.05,0.5,0.2,0.15,0.130165145635586,0.12069872388740431,0.2991361304770097,0.3,0.15,0.13016514550542085,0.12069872376670558,0.29913613017787355,0.29999999969999996,0.14999999984999998
2024-02-23,1.0,5.0,31.359092712402344,event_stress,65.3,61.3,47.5,0.005547116702043916,0.0056264476780785895,7.933097603467307e-05,0.00562644767245214,0.7561807697959537,0.1,0.05,0.5,0.2,0.15,0.1791423752091809,0.15035633946373475,0.2276985411385183,0.30000000000000004,0.14280274418856612,0.17914237503003846,0.15035633931337836,0.2276985409108197,0.29999999969999996,0.14280274404576332
2024-03-01,1.0,5.0,24.144302368164062,event_stress,65.8,61.029999999999994,49.449999999999996,0.0021933483964323773,0.004262783231966193,0.0020694348355338155,0.004262783227703409,0.6844549537135766,0.1,0.05,0.5,0.2,0.15,0.13311958192837267,0.12513529631549306,0.2917451217561343,0.3,0.15,0.13311958179525307,0.12513529619035774,0.2917451214643892,0.29999999969999996,0.14999999984999998
2024-03-08,1.0,5.0,34.14191436767578,event_stress,63.7,64.8,37.75,0.012217777427824518,0.005194657667254565,-0.007023119760569953,0.005194657662059907,0.7500940399038707,0.1,0.05,0.5,0.2,0.15,0.3065925155871583,0.3140966235213217,0.22931086089152009,0.0,0.15,0.30659251528056575,0.3140966232072251,0.2293108606622092,0.0,0.14999999984999998
2024-03-15,1.0,5.0,16.96316146850586,event_stress,63.410000000000004,63.2,38.35,-0.005994522577380288,0.003466841322497586,0.009461363899877874,0.003466841319030744,0.6658517321944176,0.1,0.05,0.5,0.2,0.15,0.3824756661609399,0.36631429159271545,0.04796063561972838,0.053249406626616286,0.15,0.3824756657784642,0.36631429122640113,0.04796063557176774,0.053249406573366874,0.14999999984999998
2024-03-22,1.0,5.0,16.277950286865234,event_stress,58.7,60.2,50.75,0.0041747154464011555,0.0003726224209251172,-0.0038020930254760383,0.0003726224205524945,0.6099007002453308,0.1,0.05,0.5,0.2,0.15,0.3225462637998811,0.3158115134348476,0.09921061485798079,0.11243160790729065,0.15,0.32254626347733484,0.31581151311903605,0.09921061475877016,0.11243160779485903,0.14999999984999998
2024-03-29,1.0,5.0,25.489974975585938,event_stress,60.7,58.8,49.25,0.0029940612364502107,0.0043313810515105,0.0013373198150602897,0.004331381047179119,0.7524630846336111,0.1,0.05,0.5,0.2,0.15,0.2696569860641152,0.27529931829264714,0.12165025318616804,0.24090108595914497,0.09249235649792471,0.2696569857944582,0.2752993180173478,0.12165025306451778,0.24090108571824387,0.09249235640543235
2024-04-05,1.0,5.0,23.560142517089844,event_stress,57.5,62.0,40.75,0.010656655800283014,0.011188596878765089,0.0005319410784820743,0.011188596867576492,0.8219763531433287,0.1,0.05,0.5,0.2,0.15,0.27885173871902735,0.27987426015324307,0.18459026625998431,0.15144478968415084,0.10523894518359443,0.2788517384401756,0.2798742598733688,0.18459026607539403,0.15144478953270604,0.10523894507835548
2024-04-12,1.0,5.0,27.169830322265625,event_stress,59.2,61.8,37.75,0.013049633987654574,0.00422975577657957,-0.008819878211075004,0.004229755772349813,1.0,0.1,0.05,0.5,0.2,0.15,0.2081700897929056,0.20802300152543948,0.4647385571487876,0.04772404931602662,0.07134430221684071,0.20817008958473548,0.20802300131741647,0.464738556684049,0.047724049268302565,0.0713443021454964
2024-04-19,1.0,5.0,21.603342056274414,event_stress,61.4,62.27,40.05,0.0007262666431816824,0.00420316235724592,0.0034768957140642377,0.004203162353042757,0.8699835564766549,0.1,0.05,0.5,0.2,0.15,0.2500891937261584,0.2515066378851195,0.14670520154034844,0.20169896684837368,0.15,0.25008919347606917,0.25150663763361286,0.14670520139364324,0.2016989666466747,0.14999999984999998
2024-04-26,1.0,5.0,23.49871063232422,event_stress,62.0,63.0,47.25,-0.009430832790215074,-0.0009152291079846315,0.008515603682230442,-0.0009152291070694018,0.8010091468666851,0.1,0.05,0.5,0.2,0.15,0.26715062624160174,0.27040353537434725,0.16646929996187224,0.14597653842217886,0.15,0.2671506259744511,0.2704035351039437,0.16646929979540293,0.1459765382762023,0.14999999984999998
2024-05-03,1.0,5.0,38.07362747192383,event_stress,63.92,64.95,46.449999999999996,-0.0121681733454729,0.0036866811091796612,0.01585485445465256,0.0036866811054929787,0.769240670643169,0.1,0.05,0.5,0.2,0.15,0.2917709560599743,0.29893505573751983,0.18808499709064155,0.07120899111186424,0.14999999999999997,0.29177095576820333,0.29893505543858484,0.1880849969025566,0.07120899104065526,0.14999999984999998
2024-05-10,1.0,5.0,23.418354034423828,event_stress,61.5,59.8,43.55,0.007575158976695971,0.008745910818149018,0.0011707518414530473,0.008745910809403106,0.6636713396849929,0.1,0.05,0.5,0.2,0.15,0.24912235184876458,0.2519630989400508,0.2044608660797066,0.14445368313147802,0.15,0.24912235159964222,0.2519630986880877,0.2044608658752457,0.14445368298702432,0.14999999984999998
2024-05-17,1.0,5.0,13.979268074035645,event_stress,59.6,63.3,45.2,0.0007598063693358641,0.00272937879021952,0.001969572420883656,0.0027293787874901423,0.5730173436288344,0.1,0.05,0.5,0.2,0.15,0.2786208373987968,0.2775365058050086,0.10608028886994661,0.28609292866239133,0.0516694392638565,0.278620837120176,0.2775365055274721,0.10608028876386634,0.28609292837629846,0.051669439212187064
2024-05-24,1.0,5.0,17.988637924194336,event_stress,61.5,61.0,47.25,-0.001935661252879692,-0.0051410485440341255,-0.0032053872911544335,-0.0051410485388930765,0.6215380932524478,0.1,0.05,0.5,0.2,0.15,0.2616939423117308,0.2676469965281127,0.24835821263787577,0.07230084852228069,0.15,0.2616939420500369,0.2676469962604657,0.24835821238951755,0.07230084844997983,0.14999999984999998
2024-05-31,1.0,5.0,10.14683723449707,event_stress,57.5,57.7,45.5,-0.001395137628477587,-0.002679017469803181,-0.0012838798413255938,-0.0026790174671241624,0.5435795769524773,0.1,0.05,0.5,0.2,0.15,0.27145801759190985,0.28580367071574764,0.16347713231670138,0.12926117937564127,0.15000000000000002,0.27145801732045177,0.28580367042994387,0.1634771321532242,0.12926117924638006,0.14999999984999998
2024-06-07,1.0,5.0,13.17904281616211,event_stress,57.3,66.4,44.25,0.0032028987436411634,0.0013683490145960596,-0.0018345497290451038,0.0013683490132277104,0.4821245944662227,0.1,0.05,0.5,0.2,0.15,0.2863229722098931,0.2893138582946129,0.23368664593445482,0.11429601665430403,0.07638050690673505,0.2863229719235701,0.289313858005299,0.23368664570076816,0.114296016540008,0.07638050683035454
2024-06-14,1.0,5.0,14.338066101074219,event_stress,63.2,56.3,51.25,-0.006104433062544431,-0.006980998760319084,-0.0008765656977746533,-0.006980998753338084,0.43746197904102946,0.1,0.05,0.5,0.2,0.15,0.2916592206623514,0.29273103040177106,0.12439004744276164,0.14121970149311588,0.15,0.29165922037069214,0.29273103010904,0.12439004731837158,0.14121970135189618,0.14999999984999998
2024-06-21,1.0,5.0,17.327558517456055,event_stress,57.3,61.8,50.75,0.0002807608038555053,-0.004165716125058873,-0.004446476928914378,-0.004165716120893156,0.49492781978186656,0.1,0.05,0.5,0.2,0.15,0.31357645164184833,0.3226433424148848,0.16615248477889036,0.04762772116437651,0.15,0.31357645132827183,0.32264334209224144,0.16615248461273785,0.04762772111674878,0.14999999984999998
2024-06-28,1.0,5.0,25.482322692871094,event_stress,59.5,60.0,37.25,0.004834817539824076,-0.0006959695132597009,-0.005530787053083777,-0.0006959695125637312,0.562633475974672,0.1,0.05,0.5,0.2,0.15,0.2692460736555893,0.27917430954589945,0.1721487915143997,0.12943082528411154,0.15,0.2692460733863432,0.2791743092667251,0.17214879134225092,0.1294308251546807,0.14999999984999998
2024-07-05,1.0,5.0,17.7886905670166,event_stress,64.8,66.0,36.25,-0.003618370617068194,-0.0032926723835923167,0.0003256982334758772,-0.0032926723802996437,0.5654553565450852,0.1,0.05,0.5,0.2,0.15,0.31157596377367486,0.32384933451276904,0.16966337454174546,0.09695502740774718,0.09795629976406356,0.3115759634620988,0.3238493341889196,0.16966337437208204,0.09695502731079213,0.09795629966610724
2024-07-12,1.0,5.0,20.161067962646484,event_stress,63.7,60.6,45.75,-0.0010421492230265404,0.002733841335869972,0.0037759905588965123,0.002733841333136131,0.5153625705799699,0.1,0.05,0.5,0.2,0.15,0.19836199972404941,0.1939227230038327,0.2582768707739442,0.243284529094146,0.10615387740402754,0.19836199952568745,0.19392272280991002,0.25827687051566733,0.2432845288508615,0.10615387729787368
2024-07-19,1.0,5.0,15.781641006469727,event_stress,65.22,61.02,48.05,0.0009600840504207898,0.007229160362660095,0.006269076312239305,0.007229160355430933,0.5136645737036604,0.1,0.05,0.5,0.2,0.15,0.32446951110889466,0.3240225117612532,0.10189241802029729,0.12164821844945985,0.12796734066009505,0.3244695107844251,0.32402251143723065,0.10189241791840487,0.12164821832781161,0.1279673405321277
2024-07-26,1.0,5.0,14.253905296325684,event_stress,59.6,59.2,39.5,0.0038326336625881864,0.0005010515155636855,-0.0033315821470245007,0.0005010515150626342,0.7160812027101384,0.1,0.05,0.5,0.2,0.15,0.18280663848136824,0.1804319794799392,0.43178956208998204,0.06537092206816916,0.13960089788054134,0.18280663829856159,0.1804319792995072,0.43178956165819243,0.06537092200279823,0.13960089774094042
2024-08-02,1.0,5.0,13.373557090759277,event_stress,60.8,59.7,42.4,0.009068681652707758,0.0029995498698247476,-0.00606913178288301,0.0029995498668251974,0.6954361027905931,0.1,0.05,0.5,0.2,0.15,0.23522494260659793,0.2362092559598099,0.25264047423693875,0.12592532719665345,0.15,0.23522494237137298,0.23620925572360063,0.25264047398429823,0.12592532707072812,0.14999999984999998
2024-08-09,1.0,5.0,13.455743789672852,event_stress,59.7,59.3,47.25,-0.013154521487552808,-0.009415183357724915,0.0037393381298278933,-0.009415183348309729,0.6017602243649235,0.1,0.05,0.5,0.2,0.15,0.29999668095543397,0.29929333573235917,0.1365972066990285,0.11411277661317841,0.15,0.2999966806554373,0.2992933354330658,0.1365972065624313,0.11411277649906562,0.14999999984999998
2024-08-16,1.0,5.0,13.440649032592773,event_stress,62.2,60.8,44.25,-0.00791615551733108,-0.0012418904726514703,0.006674265044679609,-0.0012418904714095798,0.5446757301293665,0.1,0.05,0.5,0.2,0.15,0.2845821255850989,0.28726537179371175,0.1342245633797798,0.14392793924140965,0.15,0.28458212530051674,0.2872653715064464,0.13422456324555523,0.1439279390974817,0.14999999984999998
2024-08-23,1.0,5.0,8.606009483337402,event_stress,62.7,60.95,45.55,0.0053056223465231325,0.001105779660550467,-0.0041998426859726655,0.0011057796594446873,0.5297955112832222,0.1,0.05,0.5,0.2,0.15,0.28339057499166054,0.28412509955543935,0.10739636610683048,0.18496724697247735,0.1401207123735923,0.28339057470826995,0.28412509927131424,0.10739636599943411,0.1849672467875101,0.14012071223347158
2024-08-30,1.0,5.0,18.099489212036133,event_stress,59.3,59.5,45.25,-0.0028970401058644873,0.0017647810595301592,0.004661821165394647,0.001764781057765378,0.5761416705445834,0.1,0.05,0.5,0.2,0.15,0.28860195542758593,0.28677482591198533,0.09569485453257194,0.17892836412785684,0.15,0.28860195513898396,0.2867748256252105,0.09569485443687707,0.17892836394892847,0.14999999984999998
2024-09-06,1.0,5.0,18.387165069580078,event_stress,60.55,60.45,44.449999999999996,0.01017337106921064,-0.0029081347086909377,-0.013081505777901577,-0.0029081347057828026,0.7493318788244999,0.1,0.05,0.5,0.2,0.15,0.27391747826931556,0.2740443856137948,0.13538523869901375,0.17057055606634333,0.14608234135153259,0.27391747799539806,0.2740443853397504,0.1353852385636285,0.17057055589577277,0.14608234120545024
2024-09-13,1.0,5.0,11.201461791992188,event_stress,59.2,59.7,52.25,0.0035777958340908484,-0.00497425058994081,-0.008552046424031658,-0.004974250584966559,0.7506098157048486,0.1,0.05,0.5,0.2,0.15,0.3083753872174064,0.32569505124645876,0.07587634958542461,0.1939109007639747,0.09614231118673555,0.308375386909031,0.3256950509207637,0.07587634950954825,0.19391090057006377,0.09614231109059324
2024-09-20,1.0,5.0,17.48356819152832,event_stress,64.0,62.0,42.25,-0.001138682455044743,0.000552306015877762,0.001690988470922505,0.0005523060153254563,0.681334909161168,0.1,0.05,0.5,0.2,0.15,0.2518105616749307,0.2856283863006099,0.2517678554272516,0.1602334532151923,0.050559743382015486,0.25181056142312014,0.2856283860149815,0.2517678551754837,0.16023345305495884,0.050559743331455735
2024-09-27,1.0,5.0,260.9962463378906,event_stress,66.5,64.5,43.75,0.002191622180678663,0.0175855683006285,0.015393946119949837,0.01758556828304293,1.0,0.1,0.05,0.5,0.2,0.15,0.13321244191393425,0.12745821444697394,0.293707353556862,0.2956219900822299,0.15000000000000002,0.1332124417807218,0.1274582143195157,0.2937073532631546,0.29562198978660786,0.14999999985
2024-10-04,0.6500034868717194,5.0,614.296875,event_stress,63.0,63.5,48.5,-0.001756513277426653,0.011343614309948754,0.013100127587375407,0.00675861532607315,1.0,0.1,0.05,0.5,0.2,0.15,0.09062567492762322,0.11626120540106001,0.3525142796599072,0.2907258105594929,0.1498730294519167,0.09390665592197944,0.09307001446194219,0.4041337671110186,0.25897209295396134,0.1499174685510984
2024-10-11,0.7500034868717194,5.0,161.60044860839844,event_stress,62.8,64.0,38.0,-0.00035074500404699176,0.0001525944884941745,0.0005033394925411663,2.676137041236321e-05,0.8396146320787523,0.1,0.05,0.5,0.2,0.15,0.13225905974486002,0.13117544775045442,0.4547355399699348,0.13182995253475083,0.15,0.12419440716765372,0.110881868750332,0.46605149668003404,0.14887222655198026,0.14999999984999998
2024-10-18,0.8500034868717193,5.0,100.46243286132812,event_stress,66.0,59.0,42.5,0.003046174507865147,0.003478811998627446,0.0004326374907622989,0.003413917880150614,0.7501077145458668,0.1,0.05,0.5,0.2,0.15,0.2173113514399614,0.21535043397779344,0.2645951489450634,0.15432845890752492,0.14841460672965687,0.1997150575738858,0.19054844524632797,0.29990505547688107,0.16117903065941214,0.14865241004349294
2024-10-25,0.9500034868717193,5.0,64.41007995605469,event_stress,67.6,64.7,48.75,-0.007796047048308033,-0.002557981625731789,0.005238065422576245,-0.0028198666295785484,0.633128144067376,0.1,0.05,0.5,0.2,0.15,0.2504107173299149,0.2526231554121307,0.18552314269886172,0.16144298455909273,0.15,0.24289070568340493,0.24249270391998173,0.20124588882221262,0.16337070072440066,0.14999999984999998
2024-11-01,1.0,5.0,30.276988983154297,event_stress,67.34,64.62,48.849999999999994,0.004666909586699356,-0.0011098599847082049,-0.005776769571407561,-0.0011098599835983446,0.5559553706526786,0.1,0.05,0.5,0.2,0.15,0.297386851905575,0.29658135905300015,0.1051579461367324,0.15804703553298957,0.14282680737170284,0.2973868516081881,0.2965813587564188,0.10515794603157445,0.15804703537494252,0.14282680722887603
2024-11-08,1.0,5.0,12.932819366455078,event_stress,62.5,61.2,42.25,0.002537085991298706,0.002456527879653898,-8.055811164480809e-05,0.00245652787719737,0.4789330902113553,0.1,0.05,0.5,0.2,0.15,0.21544833213779194,0.21824431436074931,0.17673946497827095,0.3,0.08956788852318782,0.21544833192234358,0.21824431414250497,0.17673946480153147,0.29999999969999996,0.08956788843361993
2024-11-15,1.0,5.0,26.15738296508789,event_stress,61.95,60.9,42.849999999999994,-0.0034166939209583844,-0.00614398095197468,-0.0027272870310162955,-0.006143980945830698,0.47573284984739106,0.1,0.05,0.5,0.2,0.15,0.1993680443077893,0.20005289772804366,0.33981970841733494,0.18038246345770176,0.08037688608913038,0.19936804410842124,0.20005289752799074,0.3398197080775152,0.18038246327731927,0.08037688600875348
2024-11-22,1.0,5.0,18.60196304321289,event_stress,59.0,58.0,36.25,0.0030823028546082183,-0.00450766252763127,-0.007589965382239489,-0.004507662523123606,0.5291133712530098,0.1,0.05,0.5,0.2,0.15,0.31349769389732396,0.31796432352238696,0.19355291825312862,0.036711360868104136,0.13827370345905635,0.31349769358382623,0.3179643232044226,0.1935529180595757,0.03671136083139277,0.13827370332078262
2024-11-29,1.0,5.0,17.544212341308594,event_stress,65.3,60.0,47.0,0.0001596330943577373,0.0021064830934316744,0.0019468499990739371,0.002106483091325191,0.4438807835003357,0.1,0.05,0.5,0.2,0.15,0.30326701305466053,0.3108448929750081,0.17284670149149745,0.06304139247883396,0.15,0.3032670127513935,0.3108448926641632,0.17284670131865074,0.06304139241579257,0.14999999984999998
2024-12-06,1.0,5.0,13.8783597946167,event_stress,67.05,63.6,46.5,0.0005720311583731826,0.0005906098323434962,1.8578673970313583e-05,0.0005906098317528863,0.3992574457055868,0.1,0.05,0.5,0.2,0.15,0.30059500881651574,0.3022326895593038,0.17253340713825233,0.11857398497214207,0.10606490951378611,0.3005950085159207,0.3022326892570711,0.1725334069657189,0.11857398485356807,0.10606490940772119
2024-12-13,1.0,5.0,20.8692684173584,event_stress,66.0,68.1,44.0,0.017452415929281845,-0.0005247807255447231,-0.01797719665482657,-0.0005247807250199423,0.4792534362287316,0.1,0.05,0.5,0.2,0.15,0.3969941358906199,0.39700032471366453,0.04208818454324624,0.11564331288876331,0.04827404196370605,0.3969941354936257,0.39700032431666415,0.04208818450115805,0.11564331277311998,0.048274041915432005
2024-12-20,1.0,5.0,16.56230354309082,event_stress,66.8,66.2,47.25,0.0005849025963701611,-0.0013436705122037728,-0.001928573108573934,-0.0013436705108601022,0.42961591889741546,0.1,0.05,0.5,0.2,0.15,0.44309169380986496,0.4292130010893636,0.015665870641493374,0.052575051970084004,0.059454382489193956,0.44309169336677323,0.42921300066015056,0.015665870625827503,0.05257505191750895,0.05945438242973957
2024-12-27,1.0,5.0,13.134681701660156,event_stress,60.5,61.4,52.75,-0.0036261757905757417,-0.0008505800803885677,0.002775595710187174,-0.0008505800795379878,0.3704868521316676,0.1,0.05,0.5,0.2,0.15,0.2516075124283802,0.24861187960806452,0.2686686433037034,0.14742432011729223,0.08368764454255963,0.2516075121767727,0.24861187935945261,0.26866864303503474,0.1474243199698679,0.08368764445887197
2025-01-03,1.0,5.0,15.018041610717773,event_stress,71.2,69.4,52.75,0.009460753695431354,-0.0009740113443211421,-0.010434765039752495,-0.0009740113433471301,0.4098052512354471,0.1,0.05,0.5,0.2,0.15,0.2375186225818481,0.23858076707440817,0.22078635512243866,0.15311425522130503,0.15,0.23751862234432947,0.23858076683582738,0.2207863549016523,0.15311425506819076,0.14999999984999998
2025-01-10,1.0,5.0,16.748523712158203,event_stress,70.6,69.22,52.849999999999994,-0.012179185842141638,-0.004802842742376525,0.007376343099765113,-0.004802842737573682,0.38601469441489406,0.1,0.05,0.5,0.2,0.15,0.27386250931588596,0.2814708228340488,0.12909022853235844,0.16557643931770688,0.15,0.2738625090420234,0.28147082255257794,0.1290902284032682,0.16557643915213044,0.14999999984999998
2025-01-17,1.0,5.0,21.246646881103516,event_stress,61.5,57.5,48.2,0.0004565978801507918,0.003148543178908221,0.0026919452987574292,0.0031485431757596783,0.38858890936769286,0.1,0.05,0.5,0.2,0.15,0.30465576903365776,0.30455496597226644,0.048269931482627974,0.29999999999999993,0.042519333511447766,0.304655768729002,0.3045549656677115,0.04826993143435805,0.29999999969999996,0.04251933346892844
2025-01-24,1.0,5.0,18.95172119140625,event_stress,63.540000000000006,64.32000000000001,47.25,-0.002886386614497454,0.0015575231707655312,0.004443909785262985,0.0015575231692080077,0.3535562747449597,0.1,0.05,0.5,0.2,0.15,0.24596998797345682,0.24582234292813882,0.10437859399753972,0.2900928013958158,0.11373627370504892,0.24596998772748682,0.24582234268231645,0.10437859389316112,0.29009280110572294,0.11373627359131264
2025-01-31,1.0,5.0,11.761834144592285,event_stress,68.5,68.0,50.0,0.002993201692821773,1.7974061592192027e-05,-0.002975227631229581,1.7974061574217877e-05,0.303297902875894,0.1,0.05,0.5,0.2,0.15,0.32549329248459813,0.3484142964021135,1.1113072267976422e-18,0.30000000000000004,0.026092411113288416,0.32549329215910483,0.3484142960536992,1.111307225686335e-18,0.2999999997,0.026092411087196003
2025-02-07,1.0,5.0,12.766868591308594,event_stress,69.5,65.8,47.0,0.008868411830267741,0.008951052413507663,8.264058323992178e-05,0.00895105240455661,0.28542067255499776,0.1,0.05,0.5,0.2,0.15,0.20253736457331586,0.1614389574196295,0.2526284350256324,0.23340792472947072,0.14998731825195158,0.2025373643707785,0.16143895725819052,0.25262843477300395,0.2334079244960628,0.14998731810196425
2025-02-14,1.0,5.0,21.88327980041504,event_stress,65.0,63.0,42.5,-0.009455328793488963,0.0015189281168528682,0.010974256910341831,0.0015189281153339402,0.3059331498891907,0.1,0.05,0.5,0.2,0.15,0.3988209523986109,0.4006014345066686,0.04322713813774539,0.11047572254753585,0.046874752409439314,0.3988209519997899,0.40060143410606713,0.043227138094518246,0.11047572243706012,0.04687475236256456
2025-02-21,1.0,5.0,28.244722366333008,event_stress,68.3,64.3,42.95,-0.009029328406142763,-0.000900334502408512,0.008128993903734252,-0.0009003345015081774,0.2899979697188378,0.1,0.05,0.5,0.2,0.15,0.3605524676023877,0.3373229487725626,0.11319167592482828,0.09546213381431759,0.0934707738859039,0.3605524672418352,0.3373229484352396,0.1131916758116366,0.09546213371885545,0.09347077379243311
2025-02-28,1.0,5.0,26.10434341430664,event_stress,70.6,66.6,42.449999999999996,-0.008492405486392973,-0.007486052703225223,0.0010063527831677497,-0.007486052695739169,0.26264547230271423,0.1,0.05,0.5,0.2,0.15,0.3708474934309447,0.35825516847805716,0.09700077309415767,0.12154224133749146,0.05235432365934904,0.3708474930600972,0.35825516811980196,0.09700077299715688,0.12154224121594921,0.05235432360699471
2025-03-07,1.0,5.0,14.623218536376953,event_stress,71.4,65.7,55.75,-0.0035291350401407324,0.0007395990220051353,0.004268734062145868,0.0007395990212655363,0.2211021046070644,0.1,0.05,0.5,0.2,0.15,0.3229037924725213,0.33355587160893263,0.04005865819749056,0.15421279945196836,0.14926887826908722,0.3229037921496175,0.3335558712753767,0.0400586581574319,0.15421279929775555,0.14926887811981832
2025-03-14,1.0,5.0,21.11408805847168,event_stress,69.9,66.2,47.75,-0.00034239900700496455,0.003284553115255504,0.0036269521222604684,0.003284553111970951,0.20092636451043872,0.1,0.05,0.5,0.2,0.15,0.33574142135648627,0.3265361550501954,0.047240711342120816,0.14048171225119752,0.15,0.33574142102074483,0.3265361547236592,0.0472407112948801,0.14048171211071578,0.14999999984999998
2025-03-21,1.0,5.0,19.42805290222168,event_stress,68.0,59.5,52.75,-0.004742740100879131,-0.005089223792657413,-0.0003464836917782821,-0.00508922378756819,0.21098143881396425,0.1,0.05,0.5,0.2,0.15,0.3090347879394081,0.31133648820942644,0.11147794804448964,0.16888360994401577,0.09926716586266006,0.30903478763037334,0.31133648789809,0.1114779479330117,0.1688836097751322,0.09926716576339291
2025-03-28,1.0,5.0,14.109771728515625,event_stress,70.1,63.5,40.75,0.003141776100931299,0.0011358381186577279,-0.0020059379822735712,0.0011358381175218897,0.21259782945344244,0.1,0.05,0.5,0.2,0.15,0.33547060879629415,0.3353084695009196,0.09657252687225448,0.176840684693611,0.055807710136920916,0.33547060846082344,0.335308469165611,0.09657252677568193,0.17684068451677026,0.05580771008111319
2025-04-04,1.0,5.0,17.260820388793945,event_stress,65.0,57.0,38.75,0.010353485790933566,0.0005806142099422303,-0.009772871580991336,0.0005806142093616156,0.2638275634350474,0.1,0.05,0.5,0.2,0.15,0.2823575096105928,0.35201281845225746,0.09012619619792692,0.1790606351613916,0.09644284057783117,0.2823575093282353,0.3520128181002446,0.09012619610780072,0.17906063498233094,0.09644284048138832
2025-04-11,1.0,5.0,11.621089935302734,event_stress,70.6,74.1,42.7,0.007454836813645964,-0.0018771816447243584,-0.009332018458370322,-0.0018771816428471773,0.28600270388048427,0.1,0.05,0.5,0.2,0.15,0.31677440537023777,0.3199666716753479,0.14219121877052257,0.07117591930671581,0.1498917848771758,0.3167744050534634,0.3199666713553813,0.14219121862833137,0.0711759192355399,0.14989178472728404
2025-04-18,1.0,5.0,19.801822662353516,event_stress,71.64000000000001,72.42,42.8,-0.0012590455876169283,0.00025840215252394397,0.0015174477401408723,0.0002584021522655416,0.3195253511876801,0.1,0.05,0.5,0.2,0.15,0.30393183975535615,0.3036999966860998,0.17021127584885382,0.09188491602840337,0.13027197168128685,0.30393183945142427,0.3036999963823998,0.17021127567864253,0.09188491593651844,0.13027197155101486
2025-04-25,1.0,5.0,28.35647964477539,event_stress,61.2,55.6,51.2,-0.00509474418542554,-0.0011524587255052814,0.003942285459920259,-0.0011524587243528224,0.2769522630360168,0.1,0.05,0.5,0.2,0.15,0.32343089041263534,0.32939804995098354,0.14803386986384517,0.04913718977253593,0.15,0.32343089008920445,0.3293980496215855,0.14803386971581128,0.049137189723398735,0.14999999984999998
2025-05-02,1.0,5.0,23.643070220947266,event_stress,62.64000000000001,57.27,53.199999999999996,-0.0012039279563041466,-0.00247850946349094,-0.0012745815071867933,-0.0024785094610124303,0.25801672910208195,0.1,0.05,0.5,0.2,0.15,0.2900128661477285,0.30580907451717415,0.17737195031648387,0.09414427499394379,0.13266183402466977,0.2900128658577156,0.30580907421136505,0.1773719501391119,0.0941442748997995,0.13266183389200792
2025-05-09,1.0,5.0,27.61412239074707,event_stress,68.0,65.2,42.5,0.0016388672192173552,0.0032277304670687342,0.001588863247851379,0.0032277304638410036,0.21524953926050105,0.1,0.05,0.5,0.2,0.15,0.3842240932972236,0.3713468046778529,0.07024126835808925,0.1334227348439128,0.04076509882292135,0.3842240929129995,0.3713468043065061,0.07024126828784798,0.13342273471049004,0.04076509878215625
2025-05-16,1.0,5.0,31.062053680419922,event_stress,67.52000000000001,65.12,45.05,-0.012351438647012313,-0.0004530536860141586,0.011898384960998154,-0.00045305368556110504,0.199319679726781,0.1,0.05,0.5,0.2,0.15,0.37759690689625797,0.3795902062044113,0.04138419683155907,0.05142869006777174,0.15,0.377596906518661,0.37959020582482106,0.04138419679017487,0.051428690016343044,0.14999999984999998
2025-05-23,1.0,5.0,21.5279541015625,event_stress,66.0,65.5,42.5,0.004692468148818385,0.0008894603797438997,-0.003803007769074485,0.0008894603788544394,0.23178250833536504,0.1,0.05,0.5,0.2,0.15,0.3845213321742995,0.3858342708735557,0.07420382806483056,0.048166197152889195,0.10727437173442508,0.38452133178977815,0.3858342704877214,0.07420382799062672,0.048166197104722995,0.1072743716271507
2025-05-30,1.0,5.0,13.998858451843262,event_stress,66.02000000000001,66.79,41.9,-0.00406504062403564,-0.002494932535352246,0.0015701080886833937,-0.0024949325328573134,0.21291213691208266,0.1,0.05,0.5,0.2,0.15,0.4213095365552961,0.4232046525297488,0.05373902837314723,0.028035683647790122,0.07371109889401772,0.42130953613398653,0.4232046521065441,0.053739028319408196,0.028035683619754437,0.07371109882030662
2025-06-06,1.0,5.0,14.363164901733398,event_stress,61.2,66.4,39.25,0.007044881522934988,0.0030250337700575653,-0.004019847752877423,0.003025033767032531,0.21051686862145785,0.1,0.05,0.5,0.2,0.15,0.36115397240547237,0.36021365337684047,0.07484496900711125,0.05378740521057598,0.15,0.36115397204431837,0.3602136530166268,0.07484496893226628,0.053787405156788565,0.14999999984999998
2025-06-13,1.0,5.0,10.996870040893555,event_stress,62.3,60.0,52.25,0.0005726751048880696,0.0003463479893500529,-0.00022632711553801673,0.0003463479890037049,0.19619268928491213,0.1,0.05,0.5,0.2,0.15,0.29739626632241806,0.3196166674642324,0.1297050724130416,0.103281993800308,0.15,0.2973962660250218,0.31961666714461573,0.12970507228333653,0.103281993697026,0.14999999984999998
2025-06-20,1.0,5.0,10.527689933776855,event_stress,64.32000000000001,59.95,54.099999999999994,-0.0010314863145301184,-0.0016171141977064287,-0.0005856278831763103,-0.001617114196089314,0.19489183299644933,0.1,0.05,0.5,0.2,0.15,0.17510920825043985,0.18249763449780343,0.3460360084472526,0.14635714880450426,0.15,0.17510920807533062,0.18249763431530577,0.34603600810121654,0.1463571486581471,0.14999999984999998
2025-06-27,1.0,5.0,4.751461029052734,bull_normal,62.94,58.8,54.699999999999996,-0.004529157869703852,-0.003126735549906997,0.0014024223197968552,-0.003126735546780261,0.1976779062197626,0.1,0.05,0.5,0.2,0.15,0.16649490662413668,0.20188004288971512,0.253135853711939,0.22848919677420929,0.15,0.16649490645764176,0.20188004268783505,0.2531358534588031,0.22848919654572006,0.14999999984999998
2025-07-04,1.0,5.0,7.976075172424316,event_stress,59.7,60.8,39.25,0.002488160066995281,0.0027419658552604517,0.00025380578826517076,0.0027419658525184853,0.16641050521455014,0.2,0.2,0.2,0.2,0.2,0.3033203099892406,0.29159709819515217,0.19583776114440207,0.13335521522660418,0.0758896154446011,0.30332030968592016,0.291597097903555,0.19583776094856425,0.13335521509324894,0.07588961536871146
2025-07-11,1.0,5.0,6.842781066894531,event_stress,65.8,60.7,56.0,-0.005076070793441848,0.0009892992119606206,0.006065370005402469,0.0009892992109713215,0.15594274933232263,0.1,0.05,0.5,0.2,0.15,0.347348085916672,0.3487403037670232,0.06197144074987032,0.09194016956643442,0.14999999999999997,0.34734808556932395,0.34874030341828294,0.061971440687898886,0.09194016947449427,0.14999999984999998
2025-07-18,1.0,5.0,5.404947280883789,event_stress,67.32000000000001,62.15,55.75,0.0011101595324215798,0.0023246765466976606,0.0012145170142760808,0.002324676544372984,0.16622843262578563,0.1,0.05,0.5,0.2,0.15,0.2681904883443031,0.27798904595002905,0.12380293257430641,0.18717695209995916,0.14284058103140218,0.2681904880761126,0.27798904567204,0.1238029324505035,0.18717695191278225,0.1428405808885616
2025-07-25,1.0,5.0,8.925098419189453,event_stress,60.3,59.3,42.25,-0.007953749096097664,-0.0012684999400075924,0.006685249156090072,-0.0012684999387390923,0.15747825253469538,0.1,0.05,0.5,0.2,0.15,0.29096201422401863,0.29149006405255035,0.1586851826429217,0.15520861819025192,0.10365412089025758,0.2909620139330566,0.29149006376106024,0.1586851824842365,0.1552086180350433,0.10365412078660345
2025-08-01,1.0,5.0,8.225475311279297,event_stress,62.120000000000005,58.75,45.15,-0.0004132086667560287,-0.0032158098046846007,-0.002802601137928572,-0.003215809801468791,0.16481462083068288,0.1,0.05,0.5,0.2,0.15,0.26589686538425383,0.2695323849882721,0.18853472200680954,0.14621671107131531,0.1298193165493492,0.265896865118357,0.2695323847187397,0.1885347218182748,0.14621671092509858,0.12981931641952987
2025-08-08,1.0,5.0,7.234727382659912,event_stress,65.8,61.2,57.25,0.004090394205770098,0.0036342937444930248,-0.00045610046127707304,0.0036342937408587305,0.15041346858340857,0.1,0.05,0.5,0.2,0.15,0.2513556434708501,0.25013392334441814,0.2060579915488168,0.14624388472737446,0.14620855690854045,0.25135564321949444,0.25013392309428417,0.2060579913427588,0.14624388458113055,0.14620855676233188
2025-08-15,1.0,5.0,6.238668441772461,event_stress,69.2,61.1,42.25,-0.0033547245053674167,0.0028846409136826694,0.0062393654190500865,0.0028846409107980272,0.14826228427275395,0.1,0.05,0.5,0.2,0.15,0.3463576367794013,0.35171793585940236,0.0966114044607137,0.1125462143676909,0.09276680853279187,0.34635763643304357,0.3517179355076843,0.09661140436410227,0.11254621425514465,0.09276680844002504
2025-08-22,1.0,5.0,5.241056442260742,event_stress,69.24000000000001,59.95,41.75,-0.00570732715588805,0.00404010039381532,0.009747427549703369,0.004040100389775218,0.14731376974138483,0.1,0.05,0.5,0.2,0.15,0.3398006686491415,0.320322001376995,0.11206772232084179,0.18577088349549822,0.04203872415752354,0.3398006683093408,0.32032200105667297,0.11206772220877406,0.18577088330972732,0.042038724115484816
2025-08-29,1.0,5.0,4.36397647857666,bull_normal,64.5,61.1,45.5,0.0026960019108289886,0.004126185744729658,0.0014301838339006697,0.004126185740603472,0.12252323681123445,0.1,0.05,0.5,0.2,0.15,0.2744789755828641,0.26397534800768,0.1305053400528581,0.18184621763186298,0.1491941187247348,0.2744789753083851,0.2639753477437046,0.13050533992235275,0.18184621745001675,0.14919411857554066
2025-09-05,1.0,5.0,6.463550090789795,event_stress,58.0,57.0,43.75,0.0014621121095695628,0.0012999158702691623,-0.00016219623930040054,0.001299915868969246,0.1758043044357942,0.2,0.2,0.2,0.2,0.2,0.21722017464088386,0.21821882005210172,0.2450969043287794,0.19314463324406725,0.12631946773416786,0.21722017442366368,0.2182188198338829,0.24509690408368248,0.1931446330509226,0.12631946760784837
2025-09-12,1.0,5.0,5.523102760314941,event_stress,61.6,56.6,42.949999999999996,0.0015472800187861014,0.0025231865101503627,0.0009759064913642613,0.0025231865076271757,0.166953025209826,0.1,0.05,0.5,0.2,0.15,0.21668977718170268,0.21681792273273418,0.2320717574591204,0.2146052542452989,0.11981528838114401,0.21668977696501288,0.21681792251591622,0.23207175722704862,0.2146052540306936,0.11981528826132871
2025-09-19,1.0,5.0,4.7755608558654785,bull_normal,58.8,55.5,34.25,-0.0022562455455741827,-0.0029953753315910955,-0.0007391297860169128,-0.00299537532859572,0.15317111250965879,0.1,0.05,0.5,0.2,0.15,0.2664094763098407,0.265425260913666,0.19209420006421282,0.13060249283698605,0.14546856987529452,0.2664094760434312,0.2654252606482407,0.1920941998721186,0.13060249270638355,0.14546856972982594
2025-09-26,1.0,5.0,38.296531677246094,event_stress,62.5,56.4,45.5,-0.007250262080502361,-0.0019073426374854629,0.005342919443016898,-0.0019073426355781199,0.22472174993453206,0.2,0.2,0.2,0.2,0.2,0.3298206660889094,0.3311331736561616,0.07447281878465283,0.14721860926326324,0.11735473220701305,0.32982066575908875,0.3311331733250284,0.07447281871018,0.14721860911604462,0.11735473208965831
2025-10-03,1.0,5.0,24.008583068847656,event_stress,61.67,55.10999999999999,47.345,0.002977831931867308,0.004842992417488441,0.0018651604856211334,0.004842992412645447,0.19615326260369248,0.1,0.05,0.5,0.2,0.15,0.28914777299394817,0.28983141073158225,0.030515928461791016,0.28706342066423446,0.10344146714844431,0.2891477727048003,0.28983141044175076,0.03051592843127508,0.287063420377171,0.1034414670450028
2025-10-10,1.0,5.0,31.567935943603516,event_stress,67.2,67.1,45.2,0.007065732491970743,0.0015787642415511503,-0.005486968250419592,0.001578764239972386,0.24525950879372954,0.1,0.05,0.5,0.2,0.15,0.3939178204377828,0.3939178204377828,0.04357607232715813,0.10556861767855431,0.06301966911872207,0.39391782004386494,0.39391782004386494,0.043576072283582054,0.10556861757298569,0.0630196690557024
2025-10-17,1.0,5.0,41.91748809814453,event_stress,68.9,67.6,42.3,0.008124045094333166,-0.0017159126469089806,-0.009839957741242147,-0.0017159126451930672,0.43592849195876954,0.1,0.05,0.5,0.2,0.15,0.3419433365574547,0.3410928026285295,0.0804691824892119,0.08649467832480397,0.15,0.3419433362155113,0.34109280228743666,0.0804691824087427,0.08649467823830928,0.14999999984999998
2025-10-24,1.0,5.0,30.05729866027832,event_stress,70.2,74.8,40.55,-0.004706669147667265,0.008624923004486577,0.013331592152153841,0.008624922995861654,0.379922641465064,0.1,0.05,0.5,0.2,0.15,0.34994009861696396,0.34950859888704344,0.20530977541755754,9.38512505557765e-19,0.09524152707843511,0.3499400982670238,0.3495085985375348,0.20530977521224775,9.385125046192524e-19,0.09524152698319358
2025-10-31,1.0,5.0,15.441778182983398,event_stress,66.1,64.3,45.05,0.004196222271050027,-0.000659209862878693,-0.00485543213392872,-0.0006592098622194831,0.3730052870527477,0.1,0.05,0.5,0.2,0.15,0.30548101587704546,0.29910603756694254,0.15872099901103895,0.09331687439327435,0.14337507315169876,0.30548101557156443,0.29910603726783647,0.15872099885231794,0.09331687429995747,0.14337507300832367
2025-11-07,1.0,5.0,13.207138061523438,event_stress,61.0,57.5,42.75,-0.0015442150751063155,0.00022389889859680492,0.0017681139737031205,0.00022389889837290598,0.3137725409092343,0.1,0.05,0.5,0.2,0.15,0.2357258479459209,0.23711923587153033,0.1507887994568029,0.22636611672574594,0.15,0.23572584771019506,0.23711923563441106,0.1507887993060141,0.2263661164993798,0.14999999984999998
2025-11-14,1.0,5.0,12.085710525512695,event_stress,68.0,58.5,47.75,0.0011247659805972597,-0.003697624392387923,-0.004822390372985183,-0.003697624388690297,0.30654067598256063,0.1,0.05,0.5,0.2,0.15,0.2947583884515272,0.28595692321508737,0.2948852667687164,4.269046054161674e-19,0.12439942156466925,0.2947583881567687,0.28595692292913033,0.29488526647383106,4.269046049892627e-19,0.12439942144026979
2025-11-21,1.0,5.0,12.60196304321289,event_stress,63.1,56.8,49.7,-0.006618441710673633,-0.012290088355278584,-0.005671646644604951,-0.012290088342988493,0.3080890626111964,0.1,0.05,0.5,0.2,0.15,0.2674436569911881,0.2675398370266671,0.22829362730618172,0.10226270914490247,0.13446016953106066,0.2674436567237444,0.26753983675912724,0.22829362707788808,0.10226270904263976,0.13446016939660047
2025-11-28,1.0,5.0,13.462798118591309,event_stress,56.5,53.5,59.25,0.002638069935137358,0.00414218920771451,0.0015041192725771518,0.004142189203572321,0.28460643792027696,0.1,0.05,0.5,0.2,0.15,0.1734423447918177,0.17391329864061394,0.3328824352727823,0.16976192129478618,0.15,0.17344234461837532,0.17391329846670064,0.33288243493989983,0.16976192112502425,0.14999999984999998
2025-12-05,1.0,5.0,10.849811553955078,event_stress,54.5,56.0,29.5,-0.0029251171887393185,0.0009579701722933121,0.003883087361032631,0.000957970171335342,0.26567234625443464,0.1,0.05,0.5,0.2,0.15,0.2809716121491689,0.2782425775992041,0.28078392499167604,0.08830384569688868,0.07169803956306225,0.28097161186819725,0.2782425773209615,0.2807839247108921,0.08830384560858483,0.0716980394913642
2025-12-12,1.0,5.0,9.410663604736328,event_stress,54.19,53.69,34.84,0.0006901946851835475,-0.002734973356221354,-0.0034251680414049013,-0.0027349733534863803,0.24238117166796497,0.1,0.05,0.5,0.2,0.15,0.2386524071182809,0.27810596480770133,0.19864359612177107,0.13459803195224673,0.15,0.23865240687962846,0.27810596452959535,0.19864359592312747,0.13459803181764868,0.14999999984999998
2025-12-19,1.0,5.0,9.18536376953125,event_stress,59.3,53.1,51.2,0.001205940419560892,0.0005627763645398651,-0.000643164055021027,0.0005627763639770887,0.21780238288555928,0.1,0.05,0.5,0.2,0.15,0.12897059502591257,0.10384579649532058,0.3677760671567614,0.24940754132200546,0.15,0.12897059489694196,0.10384579639147477,0.36777606678898533,0.2494075410725979,0.14999999984999998
2025-12-26,1.0,5.0,16.54559898376465,event_stress,60.2,50.5,54.45,-0.00227997366220387,0.0025841983237844964,0.004864171985988366,0.0025841983212002975,0.2256475298485628,0.1,0.05,0.5,0.2,0.15,0.19287261490819946,0.19730526155078942,0.2728506017246195,0.1869715218163917,0.15,0.19287261471532682,0.19730526135348414,0.27285060145176887,0.18697152162942016,0.14999999984999998
2026-01-02,1.0,5.0,19.414474487304688,event_stress,60.0,60.5,40.75,-0.014387429868182238,-0.005132415392957491,0.009255014475224747,-0.005132415387825076,0.2239050776132312,0.1,0.05,0.5,0.2,0.15,0.3581847736562834,0.36338698328060626,0.1147273938517887,0.05193530331268436,0.11176554589863733,0.35818477329809856,0.36338698291721927,0.1147273937370613,0.05193530326074905,0.11176554578687177
2026-01-09,1.0,5.0,11.625614166259766,event_stress,61.34000000000001,61.720000000000006,42.75,0.0024416373889188355,0.009956570136547886,0.00751493274762905,0.009956570126591313,0.19427209441801302,0.1,0.05,0.5,0.2,0.15,0.3018814186670009,0.3017987064330607,0.0576181531830852,0.1887017217168532,0.15,0.30188141836511945,0.301798706131262,0.05761815312546704,0.18870172152815146,0.14999999984999998
2026-01-16,1.0,5.0,17.040992736816406,event_stress,61.739999999999995,62.73,43.65,0.004068455124500157,0.0021656104655042086,-0.0019028446589959484,0.002165610463338598,0.22020130896812531,0.1,0.05,0.5,0.2,0.15,0.17127941386315249,0.1727541473569963,0.39060871878718645,0.15697378440371967,0.10838393558894513,0.17127941369187305,0.17275414718424212,0.3906087183965777,0.15697378424674588,0.10838393548056119
2026-01-23,1.0,5.0,26.412689208984375,event_stress,61.34000000000001,60.85,45.949999999999996,0.004616912304698206,-0.000167512332100591,-0.004784424636798797,-0.0001675123319330791,0.3050870072852146,0.1,0.05,0.5,0.2,0.15,0.24237579917452026,0.20123780744054656,0.2100329696808958,0.19635342370403744,0.15,0.24237579893214445,0.20123780723930873,0.2100329694708628,0.196353423507684,0.14999999984999998
2026-01-30,1.0,5.0,32.2911262512207,event_stress,58.8,52.0,37.75,0.0032746907509739044,0.0013929065332464233,-0.001881784217727481,0.0013929065318535165,0.2769821897874134,0.1,0.05,0.5,0.2,0.15,0.2580510630148107,0.23809835283422653,0.2706065570474305,0.09317496717180587,0.14006905993172644,0.2580510627567596,0.23809835259612816,0.2706065567768239,0.09317496707863089,0.14006905979165737
2026-02-06,1.0,5.0,35.58478546142578,event_stress,64.2,66.8,53.55,-0.0035223674654596953,-0.0051719824230182536,-0.0016496149575585583,-0.005171982417846269,0.27556132281971213,0.1,0.05,0.5,0.2,0.15,0.285685862600387,0.2812152740869135,0.2352485516732147,0.052737548733941486,0.14511276290554345,0.285685862314701,0.2812152738056981,0.23524855143796608,0.05273754868120392,0.14511276276043064
2026-02-13,1.0,5.0,27.665264129638672,event_stress,65.6,65.7,55.55,0.005006368949284729,0.002976830524913776,-0.002029538424370953,0.0029768305219369452,0.2455781055686736,0.1,0.05,0.5,0.2,0.15,0.24892558377011237,0.24982173436274765,0.27362915079468897,0.07762353107245104,0.15,0.24892558352118677,0.2498217341129259,0.2736291505210598,0.07762353099482751,0.14999999984999998
2026-02-20,1.0,5.0,27.665264129638672,event_stress,66.22,64.47999999999999,55.05,0.005006368949284729,0.0015294469310935714,-0.0034769220181911573,0.0015294469295641245,0.21951898028222902,0.1,0.05,0.5,0.2,0.15,0.3273503505012091,0.3273503505012091,0.06037626662734681,0.17645304360123049,0.10846998876900454,0.3273503501738587,0.3273503501738587,0.06037626656697054,0.17645304342477744,0.10846998866053455
2026-02-27,1.0,5.0,18.004833221435547,event_stress,64.46000000000001,61.77,57.05,0.00041415282429494257,-0.0004566442553178907,-0.0008707970796128332,-0.00045664425486124634,0.22384105127700132,0.1,0.05,0.5,0.2,0.15,0.2787599350423114,0.28696056814311705,0.1543905073626497,0.20082815162249718,0.07906083782942473,0.27875993476355143,0.2869605678561565,0.15439050720825917,0.20082815142166902,0.07906083775036389
2026-03-06,1.0,5.0,26.89455795288086,event_stress,66.2,62.3,56.25,0.005490981347991533,0.0031841511750148065,-0.0023068301729767264,0.0031841511718306553,0.37075266281264513,0.1,0.05,0.5,0.2,0.15,0.19333779659717726,0.19203393936754584,0.34984884811720024,0.11477941591807674,0.15,0.19333779640383944,0.1920339391755119,0.34984884776735137,0.11477941580329731,0.14999999984999998
2026-03-13,1.0,5.0,49.55207824707031,event_stress,59.3,64.1,54.2,0.003979711643894957,0.004823454099505158,0.0008437424556102012,0.004823454094681703,0.5291562122901295,0.1,0.05,0.5,0.2,0.15,0.19571557333107728,0.19479821388608573,0.28100654146658605,0.17847967131625106,0.15,0.1957155731353617,0.1947982136912875,0.2810065411855795,0.17847967113777138,0.14999999984999998
2026-03-20,1.0,5.0,49.86677169799805,event_stress,60.220000000000006,63.1,56.86,-0.01050344558761116,-0.012778386777255757,-0.0022749411896445977,-0.01277838676447737,0.5082765508121043,0.1,0.05,0.5,0.2,0.15,0.23290683586297128,0.23672711182584638,0.26276767276128515,0.17379277304221566,0.09380560650768154,0.23290683563006442,0.23672711158911924,0.26276767249851746,0.17379277286842287,0.09380560641387592
2026-03-27,1.0,5.0,41.9107666015625,event_stress,62.1,64.8,54.9,-0.013831361189522582,-0.012398203193416012,0.0014331579961065696,-0.012398203181017807,0.4253278088705798,0.1,0.05,0.5,0.2,0.15,0.238602741230707,0.23366529358986765,0.24305668129994204,0.13467528387948335,0.15,0.23860274099210424,0.23366529335620234,0.24305668105688533,0.13467528374480806,0.14999999984999998
2026-04-03,1.0,5.0,30.00213623046875,event_stress,62.5,64.0,55.15,-0.0006134735197462725,-0.004640728668673169,-0.004027255148926896,-0.00464072866403244,0.4019234560975843,0.1,0.05,0.5,0.2,0.15,0.27050272431104544,0.2739209690992145,0.14033214124993323,0.16524416533980688,0.15000000000000002,0.2705027240405427,0.2739209688252935,0.14033214110960107,0.1652441651745627,0.14999999985
2026-04-10,1.0,5.0,32.401092529296875,event_stress,64.1,65.52000000000001,54.949999999999996,0.003048476824963943,0.0058505159849682,0.0028020391600042565,0.005850515979117683,0.35999019887918005,0.1,0.05,0.5,0.2,0.15,0.15626657010952502,0.1560234961919033,0.36423190319920934,0.2252762095343314,0.09820182096503081,0.15626656995325847,0.15602349603587984,0.3642319028349775,0.2252762093090552,0.098201820866829
2026-04-17,1.0,5.0,34.855133056640625,event_stress,58.1,67.0,47.75,0.006557007463751456,0.009920082725131094,0.0033630752613796385,0.009920082715211014,0.3867906987513374,0.1,0.05,0.5,0.2,0.15,0.1472042201586766,0.14658549014717934,0.35332028231634366,0.2817646646499136,0.07112534272788687,0.14720422001147238,0.14658549000059384,0.35332028196302334,0.28176466436814895,0.07112534265676153
2026-04-24,1.0,5.0,34.855133056640625,event_stress,55.19,63.65999999999999,50.12,0.006557007463751456,0.00871322810633507,0.0021562206425836134,0.008713228097621841,0.41214179474117996,0.1,0.05,0.5,0.2,0.15,0.12294888357251793,0.12257682289449535,0.3852842223508489,0.2844628588578936,0.08472721232424434,0.12294888344956904,0.12257682277191852,0.38528422196556467,0.2844628585734307,0.08472721223951711
