date,alpha,tau,ae_error,regime_label,llm_macro,llm_sentiment,llm_risk,r_normal,r_event,edge_event_minus_normal,week_return_fused,regret_ema_norm,w_normal_broad,w_normal_satellite,w_normal_fi,w_normal_safe,w_normal_cash,w_event_broad,w_event_satellite,w_event_fi,w_event_safe,w_event_cash,w_fused_broad,w_fused_satellite,w_fused_fi,w_fused_safe,w_fused_cash
2021-01-01,0.6,19.901661658287047,11.72562026977539,bull_normal,60.5,64.3,50.75,0.009430650655586544,0.009430650655586544,0.0,0.009430650646155891,1.0,0.2,0.2,0.2,0.2,0.2,0.2,0.2,0.2,0.2,0.2,0.1999999998,0.1999999998,0.1999999998,0.1999999998,0.1999999998
2021-01-08,0.7,19.803338027000425,11.150801658630371,bull_normal,58.5,60.5,47.25,0.007228603952611971,0.006620834325886847,-0.0006077696267251242,0.0068031652071012215,1.0,0.2,0.2,0.2,0.2,0.2,0.17038091199715727,0.17636464023010873,0.22055741717515898,0.23269703001049027,0.20000000058708478,0.1792666382187435,0.1834552479776209,0.2143901918082211,0.22288792078445527,0.20000000021095937
2021-01-15,0.7999999999999999,19.70400420427322,18.64406967163086,bull_normal,58.1,59.6,49.599999999999994,0.0013282724158093218,0.0014014234745753156,7.315105876599384e-05,0.0013867932614353234,1.0,0.2,0.2,0.2,0.2,0.2,0.16962264549759254,0.17597454089948752,0.2200297882655256,0.2343730246198898,0.20000000071750446,0.17569811622237594,0.1807796325388104,0.21602383039639667,0.22749841946841345,0.2000000003740036
2021-01-22,0.8999999999999999,19.604684650897976,17.28256607055664,bull_normal,58.220000000000006,58.120000000000005,50.25,-0.005061269393529692,-0.005128482880962391,-6.721348743269923e-05,-0.005121761527097359,1.0,0.2,0.2,0.2,0.2,0.2,0.14882766353506194,0.14924698705815406,0.22970061280874632,0.27222473613452247,0.20000000046351524,0.15394489702761083,0.15432228819801636,0.22673055130114111,0.26500226225606793,0.2000000002171637
2021-01-29,0.9999999999999999,19.505165439844127,20.938508987426758,event_stress,53.5,52.5,47.25,-0.008315541471694176,-0.007434384983923305,0.0008811564877708707,-0.007434384976488922,0.9620284888041136,0.2,0.2,0.2,0.2,0.2,0.14804137080703214,0.15252672564033215,0.2373479655613808,0.2620839375918957,0.20000000039935908,0.14804137065899078,0.15252672548780544,0.23734796532403288,0.2620839373298117,0.20000000019935912
2021-02-05,1.0,19.406372398138043,9.665470123291016,bull_normal,56.0,52.5,49.75,-0.0006457806150114041,-0.0008609824855231678,-0.00021520187051176374,-0.0008609824846621853,0.9473374653599742,0.1,0.05,0.5,0.2,0.15,0.13714251796352708,0.14044704445174397,0.24111800161959868,0.2812924354461436,0.20000000051898678,0.13714251782638456,0.14044704431129693,0.24111800137848066,0.28129243516485114,0.20000000031898676
2021-02-12,1.0,19.307540363073347,10.595335960388184,bull_normal,57.5,59.5,39.0,0.00649456144526117,0.005924218488387139,-0.0005703429568740311,0.0059242184824629205,1.0,0.2,0.2,0.2,0.2,0.2,0.18414111351449433,0.18235346929083238,0.21325191753568432,0.22025349895341576,0.20000000070557317,0.1841411133303532,0.18235346910847888,0.21325191732243237,0.22025349873316225,0.20000000050557315
2021-02-19,1.0,19.208522665500638,12.112592697143555,bull_normal,57.529999999999994,59.470000000000006,41.045,0.0024153225865924076,0.0015786164670484816,-0.000836706119543926,0.0015786164654698644,1.0,0.2,0.2,0.2,0.2,0.2,0.1798691774566133,0.17603561118590902,0.21115337372738924,0.22713697191701226,0.20580486571307618,0.1798691772767441,0.1760356110098734,0.21115337351623584,0.22713697168987526,0.2058048655072713
2021-02-26,1.0,19.10926696062088,14.848400115966797,bull_normal,55.879999999999995,56.42999999999999,43.125,-0.01160866118949813,-0.009966383569406257,0.001642277620091873,-0.009966383559439877,1.0,0.2,0.2,0.2,0.2,0.2,0.160449607903778,0.17790724719368814,0.23885189616815472,0.22317608443547235,0.1996151642989067,0.1604496077433284,0.17790724701578092,0.23885189592930287,0.2231760842122963,0.19961516409929156
2021-03-05,1.0,19.010292679071426,11.65086555480957,bull_normal,58.0,57.3,40.75,-0.00498521502670325,-0.004871878211395894,0.00011333681530735582,-0.0048718782065240145,1.0,0.2,0.2,0.2,0.2,0.2,0.16106907444211752,0.16652524569748112,0.23182804169109325,0.24057763733117585,0.20000000083813244,0.16106907428104839,0.16652524553095582,0.23182804145926514,0.24057763709059815,0.20000000063813236
2021-03-12,1.0,18.91078718304634,19.23153305053711,event_stress,58.3,55.9,44.0,-0.006752125040637251,-0.006194381639288765,0.000557743401348486,-0.006194381633094382,1.0,0.2,0.2,0.2,0.2,0.2,0.1719469202110912,0.17263682676767236,0.22041074167888883,0.23500551055094887,0.20000000079139874,0.17194692003914427,0.17263682659503551,0.22041074145847805,0.23500551031594333,0.20000000059139872
2021-03-19,1.0,18.811305940151215,18.381820678710938,bull_normal,59.3,59.8,43.75,-0.0017426783686843492,-0.0011780067568958293,0.0005646716117885199,-0.001178006755717823,0.9646843818158113,0.1,0.05,0.5,0.2,0.15,0.14208491783472946,0.15261283640412657,0.24544157600126115,0.25986066948568126,0.20000000027420156,0.14208491769264453,0.15261283625151373,0.24544157575581957,0.2598606692258206,0.20000000007420154
2021-03-26,1.0,18.711801916360855,19.139707565307617,event_stress,57.5,56.0,45.25,0.0024728507536101777,0.002457895241670094,-1.495551194008373e-05,0.002457895239212198,0.9200072746804471,0.2,0.2,0.2,0.2,0.2,0.14799924473805015,0.14859360436006572,0.23376369711809894,0.26964345334935397,0.20000000043443134,0.14799924459005087,0.14859360421147208,0.23376369688433518,0.26964345307971044,0.20000000023443126
2021-04-02,1.0,18.61319974064827,8.678933143615723,bull_normal,53.0,54.0,43.75,0.005616018129937552,0.005024926175566459,-0.0005910919543710928,0.005024926170541532,0.7733636640866663,0.1,0.05,0.5,0.2,0.15,0.14247948823610287,0.1446224929499212,0.23984841144550698,0.27304960689094904,0.2000000004775201,0.14247948809362337,0.14462249280529868,0.23984841120565856,0.2730496066178994,0.20000000027752007
2021-04-09,1.0,18.515460985898972,4.77430534362793,bull_normal,52.0,54.8,40.25,-0.0016590296203344982,-0.0012080591634938407,0.0004509704568406575,-0.0012080591622857814,0.771640220444074,0.2,0.2,0.2,0.2,0.2,0.1799447701406178,0.17737789205141377,0.21707672208286347,0.2256006149822319,0.2000000007428731,0.17994476996067302,0.17737789187403585,0.21707672186578672,0.2256006147566313,0.2000000005428731
2021-04-16,1.0,18.41771956086159,3.9492101669311523,bull_normal,55.7,53.8,47.25,-0.0006714577129161358,-0.0003641080776257677,0.0003073496352903681,-0.0003641080772616598,0.8262848065880193,0.2,0.2,0.2,0.2,0.2,0.18644509399353684,0.18428545582893363,0.20839000481161438,0.22087944488356728,0.200000000482348,0.18644509380709173,0.18428545564464816,0.20839000460322435,0.22087944466268783,0.200000000282348
2021-04-23,1.0,18.31978505253792,5.882108211517334,bull_normal,53.0,51.5,41.75,0.008365303571213822,0.008314643472004439,-5.066009920938301e-05,0.008314643463689795,0.734167667536686,0.2,0.2,0.2,0.2,0.2,0.18358017949853445,0.19200768566995507,0.22205450233956311,0.20621487610918834,0.19614275638275908,0.18358017931495424,0.1920076854779474,0.2220545021175086,0.20621487590297344,0.1961427561866163
2021-04-30,1.0,18.22141864895821,6.945184230804443,bull_normal,53.5,56.0,46.75,-0.004983867433592355,-0.005052390689920087,-6.852325632773163e-05,-0.005052390684867697,0.6406321295439275,0.2,0.2,0.2,0.2,0.2,0.1831616538734402,0.1820372239970146,0.21064310143880383,0.22415801998859222,0.2000000007021491,0.18316165369027856,0.18203722381497742,0.21064310122816077,0.22415801976443422,0.20000000050214914
2021-05-07,1.0,18.12262838482857,9.664274215698242,bull_normal,53.05,54.55,49.25,-0.0008315439033253855,-0.0001876645909744566,0.000643879312350929,-0.00018766459078679173,0.6799693345970833,0.2,0.2,0.2,0.2,0.2,0.1779656746789575,0.17662685194093825,0.2127192157666563,0.23268825738101973,0.20000000023242823,0.1779656745009918,0.17662685176431137,0.21271921555393708,0.23268825714833144,0.2000000000324282
2021-05-14,1.0,18.023836916685106,10.07521915435791,bull_normal,53.5,54.5,45.75,0.0009898452776788125,0.0008487705070630333,-0.00014107477061577924,0.0008487705062142631,0.6433608177613661,0.2,0.2,0.2,0.2,0.2,0.17333852925226853,0.1715694738273512,0.21783797720170556,0.23725401946949212,0.2000000002491826,0.17333852907893,0.1715694736557817,0.21783797698386756,0.23725401923223807,0.20000000004918259
2021-05-21,1.0,17.92535243034363,7.520413875579834,bull_normal,52.5,55.0,48.75,0.0023994055362430273,0.003166304732461993,0.0007668991962189657,0.0031663047292956885,0.7456310753521427,0.2,0.2,0.2,0.2,0.2,0.16943951215521677,0.16822060987327875,0.21838571718906455,0.24395416045899762,0.20000000032344234,0.16943951198577725,0.16822060970505812,0.21838571697067882,0.24395416021504343,0.20000000012344232
2021-05-28,1.0,17.826389330625535,11.550996780395508,bull_normal,57.0,55.0,45.25,0.002343742329590488,0.0018594064563432768,-0.0004843358732472111,0.0018594064544838708,0.7586159763121729,0.2,0.2,0.2,0.2,0.2,0.18189446117827135,0.18008030836952865,0.21233400016497922,0.22569122973113598,0.20000000055608488,0.18189446099637688,0.18008030818944834,0.2123339999526452,0.22569122950544473,0.20000000035608487
2021-06-04,1.0,17.72862982749939,4.906940937042236,bull_normal,50.7,49.8,45.25,-0.0039997568857516015,-0.00409601082475014,-9.625393899853878e-05,-0.0040960108206541295,0.6588654626643101,0.2,0.2,0.2,0.2,0.2,0.1588540283348769,0.16568635608979243,0.23488665006615267,0.24057296525322813,0.20000000025594986,0.15885402817602287,0.16568635592410605,0.234886649831266,0.24057296501265515,0.20000000005594984
2021-06-11,1.0,17.63038564324379,7.228706359863281,bull_normal,49.769999999999996,48.68,46.849999999999994,-2.415419536666444e-05,0.00029172877845490844,0.0003158829738215729,0.00029172877816317934,0.6769827409117242,0.2,0.2,0.2,0.2,0.2,0.17824480100765447,0.17797568131574318,0.21768450251245774,0.22609501495340473,0.20000000021073988,0.17824480082940966,0.1779756811377675,0.21768450229477324,0.2260950147273097,0.20000000001073986
2021-06-18,1.0,17.531465244293216,12.689493179321289,bull_normal,50.5,51.0,38.5,-0.012733266190668436,-0.01259854183722682,0.0001347243534416155,-0.012598541824628277,0.8322595023554955,0.2,0.2,0.2,0.2,0.2,0.1808418209544825,0.17875588430802983,0.21978982066418443,0.22061247348200874,0.2000000005912945,0.18084182077364067,0.17875588412927393,0.2197898204443946,0.22061247326139624,0.20000000039129448
2021-06-25,1.0,17.43324931263924,7.219579696655273,bull_normal,51.5,50.5,45.25,0.003765253154686125,0.003288857034452187,-0.0004763961202339383,0.00328885703116333,0.7361041209405761,0.2,0.2,0.2,0.2,0.2,0.15922556640084698,0.15936165779974737,0.2294736143969225,0.25193916102941566,0.20000000037306764,0.1592255662416214,0.1593616576403857,0.22947361416744885,0.25193916077747647,0.20000000017306763
2021-07-02,1.0,17.333783245086675,20.258277893066406,event_stress,51.5,48.5,40.25,0.003482170213890328,0.004205916533517995,0.0007237463196276672,0.004205916529312079,1.0,0.2,0.2,0.2,0.2,0.2,0.17866765928589975,0.1771227624579285,0.2212197376050024,0.22298983997030108,0.20000000068086835,0.1786676591072321,0.1771227622808057,0.22121973738378264,0.22298983974731124,0.20000000048086833
2021-07-09,1.0,17.235487556457525,8.364113807678223,bull_normal,51.3,48.5,40.25,0.004472865204368947,0.0015093688807343245,-0.002963496323634622,0.0015093688792249555,0.9837426911938099,0.1,0.05,0.5,0.2,0.15,0.13464245573875594,0.1340191941068488,0.24400716237001518,0.2873311871915932,0.200000000592787,0.13464245560411348,0.13401919397282958,0.244007162126008,0.28733118690426196,0.20000000039278698
2021-07-16,1.0,17.137169092893604,8.105576515197754,bull_normal,52.15,48.9,42.25,0.0034245630547098723,0.003590542329010785,0.00016597927430091284,0.0035905423254202424,0.8102528850611695,0.2,0.2,0.2,0.2,0.2,0.17441592596252709,0.17310152783582008,0.222277911958181,0.2302046332623091,0.20000000098116277,0.17441592578811113,0.17310152766271855,0.22227791173590308,0.23020463303210445,0.20000000078116276
2021-07-23,1.0,17.03865589499474,9.735071182250977,bull_normal,51.5,49.5,38.5,-0.0011657778497295458,-0.0010569762239563464,0.00010880162577319948,-0.0010569762228993698,0.7944693829204902,0.2,0.2,0.2,0.2,0.2,0.1775995621903105,0.17568930244741912,0.22233544179289513,0.22437569286916395,0.2000000007002113,0.17759956201271093,0.1756893022717298,0.22233544157055968,0.22437569264478824,0.20000000050021127
2021-07-30,1.0,16.93919731974602,18.857484817504883,event_stress,53.6,53.5,42.7,-0.0036814069075550176,-0.0019808848961599193,0.0017005220113950983,-0.0019808848941790347,0.898608752525182,0.2,0.2,0.2,0.2,0.2,0.1649239278805775,0.1764864663669422,0.2336709763160981,0.22491862911850063,0.20000000031788145,0.16492392771565356,0.17648646619045572,0.2336709760824271,0.224918628893582,0.20000000011788144
2021-08-06,1.0,16.84005215764046,14.318501472473145,bull_normal,52.5,51.5,40.25,0.0007888914509843755,-0.00011339908307357806,-0.0009022905340579536,-0.00011339908296017954,0.8604526484622321,0.1,0.05,0.5,0.2,0.15,0.13301968313880919,0.14273844525027776,0.25505077641954943,0.2691910948108007,0.20000000038056284,0.13301968300578948,0.1427384451075393,0.2550507761644986,0.2691910945416096,0.20000000018056283
2021-08-13,1.0,16.74142690300942,9.545022964477539,bull_normal,53.2,52.8,39.0,-0.0016420828396168392,-0.0024707154548299715,-0.0008286326152131323,-0.0024707154523592556,0.8326317413527566,0.2,0.2,0.2,0.2,0.2,0.1574966115590208,0.15571281805974524,0.23153527569375584,0.255255294323213,0.20000000036426513,0.15749661140152418,0.1557128179040324,0.23153527546222055,0.25525529406795766,0.2000000001642651
2021-08-20,1.0,16.64220726490021,14.811031341552734,bull_normal,53.8,50.5,43.75,-0.003009404706178223,-0.0015994805337406807,0.0014099241724375422,-0.0015994805321411995,0.8884567419656065,0.2,0.2,0.2,0.2,0.2,0.17088146012451622,0.1694100757041511,0.22241596662324764,0.23729249730731575,0.20000000024076936,0.17088145995363474,0.169410075534741,0.22241596640083167,0.23729249707002323,0.20000000004076934
2021-08-27,1.0,16.543865984678273,7.650520324707031,bull_normal,51.5,49.0,45.0,-0.0011219823422400326,-0.001750426275014978,-0.0006284439327749454,-0.0017504262732645516,0.825431345635707,0.2,0.2,0.2,0.2,0.2,0.1491917498887829,0.1491276704439313,0.23541198148877865,0.2662685977052742,0.20000000047323296,0.14919174973959112,0.14912767029480362,0.23541198125336665,0.2662685974390056,0.20000000027323295
2021-09-03,1.0,16.445510697364814,6.776712894439697,bull_normal,51.0,48.5,53.75,0.0020157410270532344,0.0021842448406395733,0.0001685038135863389,0.0021842448384553283,0.7647978459498653,0.2,0.2,0.2,0.2,0.2,0.16618114088499378,0.16679661366005596,0.22068950382119978,0.24633274124888066,0.20000000038486984,0.16618114071881263,0.16679661349325933,0.22068950360051026,0.2463327410025479,0.20000000018486983
2021-09-10,1.0,16.346433627605446,12.47283935546875,bull_normal,49.3,58.0,45.25,0.0017438554080583418,0.0009571440964870211,-0.0007867113115713207,0.0009571440955298767,0.827966353242637,0.2,0.2,0.2,0.2,0.2,0.17872002235306275,0.176810236790947,0.21366310802229502,0.23080663259451206,0.20000000023918307,0.17872002217434274,0.1768102366141368,0.21366310780863193,0.23080663236370547,0.2000000000391831
2021-09-17,1.0,16.24703769087792,17.13650131225586,event_stress,51.8,57.0,45.7,-0.007807271313362366,-0.007401916614240082,0.00040535469912228363,-0.0074019166068381645,0.9212921328218249,0.2,0.2,0.2,0.2,0.2,0.15047031727791474,0.1656220115210547,0.2432596954188249,0.24064797486755354,0.2000000009146522,0.1504703171274444,0.1656220113554327,0.24325969517556517,0.24064797462690554,0.20000000071465218
2021-09-24,1.0,16.148624080419548,7.267731666564941,bull_normal,51.03,55.92999999999999,47.209999999999994,-0.0016238782193779835,-0.0035583556748660893,-0.0019344774554881058,-0.0035583556713077325,0.8426140090414475,0.1,0.05,0.5,0.2,0.15,0.14060817331690248,0.13985423025608718,0.2357643078229713,0.28377328800758256,0.20000000059645645,0.1406081731762943,0.13985423011623294,0.23576430758720698,0.2837732877238092,0.20000000039645643
2021-10-01,1.0,16.05016316771508,8.505867958068848,bull_normal,53.0,52.5,43.25,-0.0012592250598986068,-0.001344456737540838,-8.523167764223124e-05,-0.0013444567361963814,0.8837684653588747,0.2,0.2,0.2,0.2,0.2,0.17803044812402494,0.17613176987530438,0.21746921572408237,0.22836856540566597,0.2000000008709223,0.17803044794599449,0.1761317696991726,0.21746921550661313,0.2283685651772974,0.20000000067092227
2021-10-08,1.0,15.951495909690864,8.629081726074219,bull_normal,51.3,58.1,48.3,6.478834098426245e-05,-0.00011538891884819607,-0.0001801772598324585,-0.00011538891873280701,0.8042522069790856,0.2,0.2,0.2,0.2,0.2,0.17205351772129512,0.1704586939572171,0.21571031016013203,0.24177747784536183,0.2000000003159939,0.17205351754924159,0.1704586937867584,0.2157103099444217,0.24177747760358434,0.2000000001159939
2021-10-15,1.0,15.852342402935035,12.838614463806152,bull_normal,50.7,57.4,52.27499999999999,-0.0035703542378761697,-0.0034122029285889657,0.00015815130928720396,-0.0034122029251767625,0.8540073139160238,0.2,0.2,0.2,0.2,0.2,0.16790723513025663,0.16709374478409084,0.21628281386992015,0.24871620582312665,0.20000000039260568,0.16790723496234938,0.16709374461699708,0.21628281365363733,0.24871620557441043,0.20000000019260566
2021-10-22,1.0,15.75333312153817,11.219841003417969,bull_normal,52.0,55.3,54.2,-0.0024651799180911518,-0.0030435844056680866,-0.0005784044875769348,-0.0030435844026245017,0.7640977863781562,0.2,0.2,0.2,0.2,0.2,0.15186395242624318,0.15153809310189767,0.22600024303598568,0.27059771089948526,0.20000000053638828,0.1518639522743792,0.15153809295035955,0.2260002428099854,0.27059771062888754,0.20000000033638826
2021-10-29,1.0,15.654761099815376,8.675018310546875,bull_normal,53.3,52.2,48.25,-0.0015842221863028496,-0.0010894421203743601,0.0004947800659284895,-0.001089442119284918,0.7303056781697126,0.2,0.2,0.2,0.2,0.2,0.160431058534928,0.15956487733326785,0.22536793006226544,0.25463613367672466,0.20000000039281415,0.16043105837449692,0.15956487717370296,0.2253679298368975,0.2546361334220885,0.20000000019281414
2021-11-05,1.0,15.555897349119194,9.888456344604492,bull_normal,54.0,57.5,51.75,-0.0025451534028675398,-0.0019391407361099575,0.0006060126667575823,-0.0019391407341708162,0.8126180966893916,0.2,0.2,0.2,0.2,0.2,0.16865498366655587,0.16943974401880374,0.21697098353452857,0.24493428846652776,0.20000000031358414,0.16865498349790084,0.16943974384936394,0.21697098331755751,0.2449342882215934,0.20000000011358407
2021-11-12,1.0,15.456819033622748,12.442238807678223,bull_normal,54.0,55.2,50.0,0.005992922830997901,0.006572870016970392,0.0005799471859724908,0.006572870010397521,0.8376616081595858,0.2,0.2,0.2,0.2,0.2,0.16549172612323826,0.16429793544226512,0.2198109198748079,0.2503994181986477,0.20000000036104099,0.16549172595774653,0.16429793527796718,0.21981091965499694,0.25039941794824827,0.20000000016104097
2021-11-19,1.0,15.357838046550757,10.905198097229004,bull_normal,52.8,58.3,51.75,0.0018274350731719874,0.0020310830547553777,0.00020364798158339025,0.002031083052724294,0.7291987513103177,0.2,0.2,0.2,0.2,0.2,0.1551951143122031,0.15418890504128055,0.22400383894170725,0.26661214121295257,0.2000000004918567,0.15519511415700793,0.1541889048870916,0.22400383871770335,0.26661214094634034,0.20000000029185663
2021-11-26,1.0,15.25890400409699,10.473247528076172,bull_normal,53.0,58.5,51.75,-0.0014342158968357823,-0.0018464922824299953,-0.0004122763855942131,-0.0018464922805835028,0.8777101765101633,0.2,0.2,0.2,0.2,0.2,0.16101265852449487,0.15984286369448603,0.2202644148479385,0.2588800624956493,0.20000000043743144,0.16101265836348216,0.1598428635346431,0.22026441462767402,0.2588800622367692,0.20000000023743136
2021-12-03,1.0,15.160016423463826,11.794157028198242,bull_normal,52.3,54.0,42.25,-0.003985129692529685,-0.005123648665525185,-0.0011385189729955,-0.005123648660401534,0.8753049088294804,0.2,0.2,0.2,0.2,0.2,0.16591122944600434,0.16414787169070863,0.22477179193023467,0.24516910662419583,0.2000000003088566,0.16591122928009305,0.1641478715265607,0.2247717917054628,0.24516910637902664,0.20000000010885652
2021-12-10,1.0,15.061054939031607,10.771622657775879,bull_normal,51.0,57.3,52.25,0.006750002286260878,0.0058230751648075275,-0.0009269271214533501,0.005823075158984451,0.8162603556503752,0.2,0.2,0.2,0.2,0.2,0.15461717100783814,0.1547738513158033,0.22532754853835413,0.2652814286415078,0.20000000049649677,0.15461717085322094,0.1547738511610294,0.2253275483130265,0.26528142837622626,0.2000000002964967
2021-12-17,1.0,14.961845278739935,14.492128372192383,bull_normal,52.2,53.8,47.25,0.002095500502476491,0.003555143188347724,0.0014596426858712328,0.00355514318479258,0.7934203322808537,0.2,0.2,0.2,0.2,0.2,0.15517400035550072,0.16404357907834308,0.23575325841103054,0.24502916189137552,0.2000000002637501,0.1551740002003267,0.1640435789142995,0.23575325817527726,0.24502916164634633,0.20000000006375007
2021-12-24,1.0,14.863014376163488,10.4898099899292,bull_normal,52.8,57.3,43.75,0.00010972692834033582,0.00038461184833647874,0.00027488491999614294,0.000384611847951867,0.7823395406603639,0.2,0.2,0.2,0.2,0.2,0.1488090832433305,0.14735245040554248,0.23218488618465233,0.2716535796708379,0.20000000049563674,0.14880908309452143,0.14735245025819005,0.23218488595246747,0.2716535793991844,0.20000000029563678
2021-12-31,1.0,14.763898026943211,12.066535949707031,bull_normal,58.5,56.5,54.0,0.00288495570196191,0.0033092550690366524,0.0004242993670747425,0.003309255065727396,0.92060479396536,0.2,0.2,0.2,0.2,0.2,0.1622784231831238,0.160944810493664,0.21835677361219413,0.25841999232058926,0.20000000039042887,0.16227842302084536,0.16094481033271918,0.21835677339383733,0.25841999206216926,0.20000000019042885
2022-01-07,1.0,14.66528713703156,9.949871063232422,bull_normal,52.8,46.5,45.25,-0.005662740964856608,-0.0054058757465120285,0.0002568652183445796,-0.005405875741106152,0.8017217062674982,0.2,0.2,0.2,0.2,0.2,0.1533479820166474,0.15292083083329983,0.23360143011202958,0.26012975661221294,0.20000000042581023,0.1533479818632994,0.15292083068037898,0.23360142987842814,0.2601297563520832,0.20000000022581021
2022-01-14,1.0,14.566347485780721,10.766008377075195,bull_normal,54.5,54.6,51.2,0.00241219138142176,0.004046873363304025,0.0016346819818822654,0.004046873359257151,0.9300954459462134,0.2,0.2,0.2,0.2,0.2,0.1623304250219024,0.16135273633897199,0.22127697553351017,0.25503986271070006,0.20000000039491558,0.16233042485957191,0.1613527361776192,0.22127697531223312,0.2550398624556601,0.2000000001949155
2022-01-21,1.0,14.466702783107763,23.864078521728516,event_stress,60.0,54.0,44.25,0.007236528135220212,0.007621273678485243,0.0003847455432650316,0.007621273670863968,0.8993732291072627,0.2,0.2,0.2,0.2,0.2,0.16509080337620718,0.16436702389095306,0.22410828100044833,0.24643389148705017,0.20000000024534126,0.16509080321111635,0.16436702372658601,0.22410828077634004,0.24643389124061627,0.20000000004534124
2022-01-28,1.0,14.366901457309728,31.716732025146484,event_stress,60.370000000000005,54.3,47.15,-0.005179677581839649,-0.006962315569225172,-0.0017826379873855233,-0.006962315562262855,1.0,0.1,0.05,0.5,0.2,0.15,0.11251718149571525,0.11202539159937126,0.24861207099521462,0.3268453551342043,0.20000000077549449,0.11251718138319806,0.11202539148734586,0.24861207074660252,0.32684535480735893,0.20000000057549447
2022-02-04,1.0,14.267101961374289,31.716732025146484,event_stress,54.5,57.0,43.75,-0.005179677581839649,-0.005844266877514693,-0.0006645892956750436,-0.005844266871670424,1.0,0.1,0.05,0.5,0.2,0.15,0.09305280311245166,0.09289489276462604,0.24125482589712935,0.3319693447519453,0.2408281334738477,0.09305280301939885,0.09289489267173114,0.2412548256558745,0.3319693444199759,0.24082813323301955
2022-02-11,1.0,14.16717822551728,54.30877685546875,event_stress,52.0,44.5,45.25,0.00019609925697730706,0.007270439097551367,0.00707433984057406,0.007270439090280928,1.0,0.1,0.05,0.5,0.2,0.15,0.09708685455689424,0.09707556782558376,0.25537558549828576,0.35046199123311794,0.20000000088611836,0.09708685445980737,0.09707556772850819,0.25537558524291015,0.35046199088265595,0.20000000068611834
2022-02-18,1.0,14.067372995615012,30.878299713134766,event_stress,55.5,58.6,53.199999999999996,0.002084614350416876,0.00733837864828955,0.005253764297872674,0.0073383786409511684,0.9781093712025304,0.1,0.05,0.5,0.2,0.15,0.09007823999697959,0.09007429174558318,0.2563791266820017,0.36346834065100037,0.2000000009244353,0.09007823990690132,0.09007429165550886,0.2563791264256225,0.3634683402875319,0.20000000072443522
2022-02-25,1.0,13.967477405071264,42.31946563720703,event_stress,56.1,54.6,61.199999999999996,-0.0013847512871675305,0.001724693438677603,0.0031094447258451334,0.00172469343695291,0.8779652951065116,0.1,0.05,0.5,0.2,0.15,0.09702748951299188,0.09723744717225026,0.2535815082989379,0.3521535541197417,0.2000000008960782,0.09702748941596441,0.09723744707501282,0.2535815080453564,0.35215355376758817,0.20000000069607823
2022-03-04,1.0,13.867778712511068,23.796424865722656,event_stress,56.720000000000006,53.85,63.849999999999994,-0.006720245199182432,-0.0027554785412060015,0.003964766657976431,-0.0027554785384505225,0.8089615494724655,0.1,0.05,0.5,0.2,0.15,0.09118569341420894,0.09119161203156934,0.25582961047055464,0.3617930831618938,0.2000000009217734,0.09118569332302325,0.09119161194037771,0.255829610214725,0.3617930828001007,0.20000000072177337
2022-03-11,1.0,13.767831450700765,65.63652038574219,event_stress,52.6,54.2,46.8,0.008570817708319571,0.007952890793688178,-0.0006179269146313927,0.007952890785735285,0.7937708761969668,0.1,0.05,0.5,0.2,0.15,0.10899040054246181,0.10874551702650559,0.2505607400866772,0.33170334152298014,0.20000000082137528,0.10899040043347138,0.10874551691776004,0.25056073983611643,0.3317033411912767,0.2000000006213752
2022-03-18,1.0,13.66815413832665,24.431076049804688,event_stress,53.05,53.85,46.3,-0.004081148643586576,-0.005587811972217491,-0.0015066633286309151,-0.005587811966629678,0.7556504870252706,0.1,0.05,0.5,0.2,0.15,0.0898081659543625,0.08980757299060566,0.256485390943526,0.363898869186083,0.20000000092542292,0.08980816586455433,0.08980757290079808,0.2564853906870406,0.3638988688221841,0.2000000007254229
2022-03-25,1.0,13.568868941068654,14.502569198608398,event_stress,53.6,54.3,48.2,0.00017698550160758712,0.0013632067405441853,0.0011862212389365983,0.0013632067391809782,0.6805400806615836,0.1,0.05,0.5,0.2,0.15,0.10624564593336801,0.10685152797169581,0.25258300034109193,0.33431982493485346,0.20000000081899075,0.10624564582712237,0.1068515278648443,0.252583000088509,0.33431982460053367,0.2000000006189908
2022-04-01,1.0,13.469038850069051,33.73080825805664,event_stress,55.05,55.15,50.5,-0.007389628468446527,-0.007172622057868136,0.00021700641057839122,-0.007172622050695513,0.8091733419098882,0.1,0.05,0.5,0.2,0.15,0.13976520112319993,0.13903063353674758,0.23457844195676394,0.2866257227884649,0.20000000059482367,0.13976520098343473,0.13903063339771693,0.23457844172218548,0.28662572250183915,0.20000000039482366
2022-04-08,1.0,13.369482070207601,19.408540725708008,event_stress,55.010000000000005,56.010000000000005,52.5,0.004951381877816698,0.0013192289395329653,-0.003632152938283733,0.0013192289382137363,0.8051455202386686,0.1,0.05,0.5,0.2,0.15,0.09414540456377554,0.09410139746726023,0.25497424920883194,0.35677894785277614,0.20000000090735612,0.09414540446963013,0.09410139737315883,0.2549742489538577,0.35677894749599715,0.2000000007073561
2022-04-15,1.0,13.269926476478583,20.482284545898438,event_stress,58.0,53.0,47.75,-0.0009122776221442176,0.0022034283709425045,0.003115705993086722,0.002203428368739076,0.7794945334871916,0.1,0.05,0.5,0.2,0.15,0.12012746952898959,0.11974221657742495,0.2458727728438771,0.31425754032841846,0.20000000072128998,0.12012746940886211,0.11974221645768272,0.2458727725980043,0.3142575400141609,0.20000000052128997
2022-04-22,1.0,13.170291930437093,23.552757263183594,event_stress,50.7,51.3,44.75,-0.0064964450227895576,-0.004650389049051908,0.0018460559737376496,-0.004650389044401519,0.8077712800857004,0.1,0.05,0.5,0.2,0.15,0.11448678112681376,0.11520959010417947,0.251142603115542,0.3191610248945406,0.20000000075892427,0.11448678101232697,0.11520958998896987,0.2511426028643994,0.3191610245753796,0.20000000055892425
2022-04-29,1.0,13.070662856101995,22.038829803466797,event_stress,57.5,58.5,47.75,-0.0004494629993678167,-0.000694226706691341,-0.0002447637073235243,-0.0006942267059971142,0.6919871574639661,0.1,0.05,0.5,0.2,0.15,0.10583905687061837,0.10866234484916001,0.25587112786195954,0.32962746966267015,0.20000000075559196,0.10583905676477931,0.10866234474049766,0.2558711276060884,0.32962746933304266,0.20000000055559194
2022-05-06,1.0,12.970800393819815,37.247283935546875,event_stress,58.25,59.35,50.05,-0.000302907977067431,0.0026292360760652943,0.0029321440531327255,0.002629236073436058,0.7128766644950194,0.1,0.05,0.5,0.2,0.15,0.10873660160871651,0.11218866154345217,0.25482495440210345,0.3242497817199588,0.200000000725769,0.10873660149997989,0.11218866143126349,0.25482495414727846,0.324249781395709,0.200000000525769
2022-05-13,1.0,12.87089656591416,47.258583068847656,event_stress,52.8,54.5,37.75,0.006655807070997326,0.003553824376010904,-0.003101982694986422,0.0035538243724570788,0.661616264209063,0.1,0.05,0.5,0.2,0.15,0.09207254111752347,0.09206551849797762,0.2562092538850556,0.35965268558794705,0.20000000091149636,0.09207254102545093,0.0920655184059121,0.25620925362884633,0.35965268522829436,0.20000000071149635
2022-05-20,1.0,12.771053040027624,36.15251922607422,event_stress,53.9,57.85,40.1,0.003032171166787783,0.002776933545968037,-0.00025523762081974604,0.0027769335431911033,0.6486401110781851,0.1,0.05,0.5,0.2,0.15,0.09023824955758637,0.09022740891748486,0.25639461164959776,0.36313972895219615,0.20000000092313489,0.09023824946734811,0.09022740882725744,0.25639461139320313,0.3631397285890564,0.20000000072313487
2022-05-27,1.0,12.671376895904547,24.84544563293457,event_stress,53.77,58.470000000000006,40.75,0.0028199754704770403,0.002683266366583164,-0.0001367091038938762,0.0026832663638998973,0.5681677656626906,0.1,0.05,0.5,0.2,0.15,0.09225211271053843,0.09228258813459245,0.25609819495921465,0.35936710328546856,0.20000000091018594,0.09225211261828631,0.09228258804230985,0.25609819470311646,0.3593671029261014,0.20000000071018592
2022-06-03,1.0,12.571745228767401,23.096370697021484,event_stress,54.029999999999994,58.17999999999999,42.45,-0.010131833281845961,-0.004582886227910361,0.0055489470539356,-0.004582886223327476,0.6836373833647311,0.1,0.05,0.5,0.2,0.15,0.10291324217944792,0.1028727210432333,0.2531942308137456,0.34101980511881175,0.20000000084476147,0.10291324207653467,0.10287272094036058,0.25319423056055135,0.3410198047777919,0.20000000064476145
2022-06-10,1.0,12.472320705652244,17.683603286743164,event_stress,53.839999999999996,58.45,43.45,0.0012179508297025389,0.0032790883052698705,0.0020611374755673314,0.003279088301990782,0.7281365246535466,0.1,0.05,0.5,0.2,0.15,0.10624968092515419,0.10588168715107633,0.25141893981497354,0.3364496912763341,0.20000000083246194,0.1062496808189045,0.10588168704519464,0.2514189395635546,0.3364496909398844,0.20000000063246193
2022-06-17,1.0,12.372752839326866,21.331897735595703,event_stress,58.5,56.3,42.25,-0.0014746890526133674,0.00022618325721567514,0.0017008723098290426,0.0002261832569894921,0.701375516877986,0.1,0.05,0.5,0.2,0.15,0.12370035514445461,0.12324079339536097,0.2454807477493659,0.30757810304199334,0.20000000066882523,0.12370035502075424,0.12324079327212016,0.24548074750388513,0.3075781027344152,0.2000000004688252
2022-06-24,1.0,12.272925496101386,34.1256103515625,event_stress,59.6,60.15,41.75,-0.004771078067034057,-0.006231647186337784,-0.0014605691193037267,-0.0062316471801061365,0.7692382599338294,0.1,0.05,0.5,0.2,0.15,0.11096041716506587,0.11060083645880028,0.24987013413717898,0.32856861146341876,0.2000000007755361,0.11096041705410545,0.11060083634819944,0.24987013388730883,0.32856861113485014,0.20000000057553607
2022-07-01,1.0,12.17337890267373,20.271034240722656,event_stress,59.15,59.75,43.75,0.0006979335603102041,5.859221207077795e-06,-0.0006920743391031263,5.8592212012184565e-06,0.7222657826560647,0.1,0.05,0.5,0.2,0.15,0.09259086629365554,0.09257160811696387,0.25577858069249476,0.359058943988641,0.2000000009082449,0.09259086620106464,0.09257160802439224,0.2557785804367161,0.35905894362958196,0.20000000070824484
2022-07-08,1.0,12.073622441291818,28.362918853759766,event_stress,57.86999999999999,58.58,45.75,-0.011924437399122825,-0.010603315646420345,0.00132112175270248,-0.010603315635817028,0.7399006130458371,0.1,0.05,0.5,0.2,0.15,0.11226171611128062,0.11169626249214122,0.24839809943436927,0.32764392117611885,0.20000000078609015,0.1122617159990189,0.11169626238044494,0.24839809918597117,0.3276439208484749,0.20000000058609013
2022-07-15,1.0,11.973986822366722,22.901622772216797,event_stress,56.029999999999994,55.839999999999996,47.75,0.002834518960538529,-0.0023742824497583093,-0.005208801410296839,-0.0023742824473840267,0.8023525382479986,0.1,0.05,0.5,0.2,0.15,0.09593764300717134,0.0958380148330083,0.2546329070057097,0.3535914342596804,0.20000000089443024,0.09593764291123369,0.09583801473717028,0.25463290675107675,0.35359143390608894,0.20000000069443022
2022-07-22,1.0,11.874526023864753,18.951004028320312,event_stress,51.5,52.0,45.75,-0.0008554948356242172,-0.0006299708663747904,0.00022552396924942686,-0.0006299708657448195,0.7127161406257672,0.1,0.05,0.5,0.2,0.15,0.1028036625802485,0.10339831738422856,0.2544614387153812,0.3393365804803903,0.20000000083975145,0.10280366247744484,0.10339831728083022,0.25446143846091973,0.33933658014105367,0.20000000063975143
2022-07-29,1.0,11.77525944113732,15.230358123779297,event_stress,54.2,54.7,46.349999999999994,0.01042679432527289,0.010121939318797514,-0.0003048550064753755,0.010121939308675576,0.6526961997375031,0.1,0.05,0.5,0.2,0.15,0.11373399450778397,0.11334677778312714,0.24863272666764505,0.32428650025735556,0.20000000078408822,0.11373399439404999,0.11334677766978038,0.24863272641901235,0.32428649993306913,0.20000000058408826
2022-08-05,1.0,11.675937819480902,15.754016876220703,event_stress,54.339999999999996,55.510000000000005,47.25,0.005786940118790774,0.005038199033223652,-0.0007487410855671218,0.005038199028185453,0.5462639921856799,0.1,0.05,0.5,0.2,0.15,0.1273071003822111,0.1276937997557718,0.24346735094127306,0.3015317482575646,0.20000000066317958,0.127307100254904,0.127693799628078,0.2434673506978057,0.3015317479560328,0.20000000046317956
2022-08-12,1.0,11.57732478380204,9.633398056030273,bull_normal,53.0,54.5,38.75,-0.001146250814838338,0.0005825283734410933,0.0017287791882794313,0.0005825283728585649,0.4933316642406797,0.1,0.05,0.5,0.2,0.15,0.12667472471164165,0.12605092754514405,0.2459920884383443,0.3012822586493153,0.20000000065555473,0.12667472458496692,0.1260509274190931,0.2459920881923522,0.301282258348033,0.20000000045555472
2022-08-19,1.0,11.477785027027137,20.913097381591797,event_stress,54.32000000000001,55.35,41.05,0.0012963513247666737,0.001993469653062371,0.0006971183282956973,0.001993469651068901,0.6997227548639371,0.2,0.2,0.2,0.2,0.2,0.1591859751956837,0.15718205091065982,0.2283204189682257,0.2553115545641887,0.20000000036124202,0.15918597503649776,0.1571820507534778,0.2283204187399053,0.2553115543088772,0.20000000016124206
2022-08-26,1.0,11.379459387063987,6.315332412719727,bull_normal,52.8,53.7,50.75,-0.004606425727399329,-0.0006845261956189963,0.003921899531780333,-0.0006845261949344702,0.6463383368386174,0.1,0.05,0.5,0.2,0.15,0.1052194614395753,0.10510524119203908,0.25133561928555687,0.3383396772310758,0.20000000085175298,0.10521946133435585,0.10510524108693385,0.2513356190342213,0.33833967689273614,0.20000000065175302
2022-09-02,1.0,11.280360406637199,12.419425964355469,event_stress,52.5,52.879999999999995,52.75,-0.003248372841426884,-0.0031855899374319974,6.27829039948867e-05,-0.003185589934246407,0.6724115759917232,0.2,0.2,0.2,0.2,0.2,0.16581004343343467,0.1654497751489877,0.21920322530269076,0.24953695573123016,0.20000000038365673,0.1658100432676246,0.1654497749835379,0.21920322508348752,0.2495369554816932,0.2000000001836567
2022-09-09,1.0,11.181429016590124,11.644625663757324,event_stress,53.0,51.0,47.25,-0.0007993187878081065,0.0033874203817648944,0.004186739169573001,0.0033874203783774734,0.6166084091636203,0.1,0.05,0.5,0.2,0.15,0.13718458352477736,0.13669963833627327,0.23903313189392325,0.2870826456433338,0.20000000060169235,0.13718458338759273,0.1366996381995736,0.23903313165489004,0.28708264535625105,0.20000000040169227
2022-09-16,1.0,11.08186167478562,21.406509399414062,event_stress,51.54,49.059999999999995,49.599999999999994,-0.011646474238958478,-0.008330186384779514,0.0033162878541789648,-0.008330186376449326,0.7297692762525481,0.1,0.05,0.5,0.2,0.15,0.13797735172671233,0.13872168208999877,0.2394071795913756,0.2838937859972604,0.200000000594653,0.13797735158873498,0.13872168195127707,0.23940717935196842,0.2838937857133666,0.200000000394653
2022-09-23,1.0,10.98244339227677,18.110055923461914,event_stress,49.470000000000006,47.910000000000004,50.5,0.00015950088849474967,0.0011641160399271226,0.0010046151514323729,0.0011641160387630062,0.6707385347650083,0.1,0.05,0.5,0.2,0.15,0.10176728403170744,0.10181705052996468,0.2534728664372097,0.34294279812781603,0.20000000087330216,0.10176728392994015,0.10181705042814762,0.25347286618373677,0.3429427977848732,0.20000000067330215
2022-09-30,1.0,10.882646858692175,31.09019660949707,event_stress,52.3,48.3,56.699999999999996,-0.0094761328941454,-0.004740032921687188,0.004736099972458212,-0.004740032916947154,0.6212680203565771,0.1,0.05,0.5,0.2,0.15,0.10883021075374182,0.10899647089796867,0.24965197074983916,0.3325213467553662,0.2000000008430842,0.10883021064491159,0.10899647078897219,0.24965197050018717,0.3325213464228448,0.20000000064308418
2022-10-07,1.0,10.782870948314672,31.09019660949707,event_stress,50.0,57.0,36.25,-0.0094761328941454,-0.00435473378372058,0.00512139911042482,-0.004354733779365846,0.5817655091052137,0.1,0.05,0.5,0.2,0.15,0.08730895291167043,0.08725865074712962,0.2425902299314502,0.34061886045378403,0.24222330595596578,0.08730895282436146,0.08725865065987096,0.24259022968885996,0.34061886011316517,0.24222330571374245
2022-10-14,1.0,10.683218294382101,22.84967041015625,event_stress,53.0,58.0,50.75,0.01218168613923159,0.008356108863579337,-0.003825577275652253,0.008356108855223227,0.619874029609971,0.1,0.05,0.5,0.2,0.15,0.09184636801761217,0.09186268515987543,0.25588660065006175,0.360404345255936,0.20000000091651457,0.0918463679257658,0.09186268506801273,0.2558866003941751,0.36040434489553164,0.20000000071651455
2022-10-21,1.0,10.58370533585549,18.69554901123047,event_stress,54.25,59.32000000000001,50.05,-0.009371342970744089,-0.009343098615471161,2.8244355272927582e-05,-0.009343098606128062,0.5124691577067889,0.1,0.05,0.5,0.2,0.15,0.09882832346889331,0.09872318103932755,0.25328788084041837,0.34916061376741175,0.20000000088394898,0.098828323370065,0.09872318094060438,0.25328788058713053,0.34916061341825116,0.20000000068394902
2022-10-28,1.0,10.484309333562857,16.14579963684082,event_stress,52.120000000000005,56.36,52.209999999999994,0.002344045447738843,0.00017853489322927702,-0.0021655105545095657,0.00017853489305074235,0.5016387896738981,0.1,0.05,0.5,0.2,0.15,0.10671081458393596,0.10665518432061469,0.2502566538663609,0.33637734638058625,0.20000000084850222,0.10671081447722514,0.10665518421395949,0.2502566536161043,0.3363773460442089,0.2000000006485022
2022-11-04,1.0,10.384369665384298,59.28550720214844,event_stress,52.71,56.96999999999999,51.98,0.00028905304624454796,0.00494349774575312,0.0046544446995085715,0.004943497740809622,0.7279605688731553,0.1,0.05,0.5,0.2,0.15,0.11205881352851894,0.11682151951698531,0.2548854899959025,0.3162341762565692,0.20000000070202414,0.11205881341646012,0.11682151940016379,0.254885489741017,0.316234175940335,0.20000000050202413
2022-11-11,1.0,10.285078799724584,14.795099258422852,event_stress,53.5,56.5,46.7,-0.0008088813517092051,0.006243892563108462,0.007052773914817667,0.006243892556864569,0.8268473372572287,0.1,0.05,0.5,0.2,0.15,0.08976553103990878,0.08976584675564378,0.2564960624085285,0.36397255887031454,0.2000000009256044,0.08976553095014324,0.08976584666587793,0.2564960621520324,0.36397255850634197,0.2000000007256044
2022-11-18,1.0,10.185655003786092,18.505207061767578,event_stress,51.3,53.2,38.3,-0.012571485878906928,-0.007294040621076893,0.0052774452578300355,-0.007294040613782852,0.8096249002778477,0.1,0.05,0.5,0.2,0.15,0.12165545319744307,0.12098179605448717,0.2482217800444922,0.3091409699962967,0.2000000007072809,0.12165545307578761,0.12098179593350536,0.2482217797962704,0.3091409696871557,0.2000000005072809
2022-11-25,1.0,10.086600595712667,12.618608474731445,event_stress,54.0,59.5,38.3,0.00722690441328363,0.004820336571738993,-0.002406567841544637,0.004820336566918656,0.7369799463199542,0.1,0.05,0.5,0.2,0.15,0.10764311613742426,0.10712743125642173,0.25159352332320223,0.33363592846910095,0.20000000081385091,0.10764311602978113,0.10712743114929428,0.2515935230716087,0.333635928135465,0.2000000006138509
2022-12-02,1.0,9.987142378091818,19.17981719970703,event_stress,55.5,57.7,36.8,-0.005606601536224683,-0.000583291125230269,0.005023310410994413,-0.0005832911246469775,0.7569230685374083,0.1,0.05,0.5,0.2,0.15,0.13464160050311555,0.1331089378485473,0.24159065988890244,0.2906588011809499,0.20000000057848477,0.13464160036847395,0.13310893771543836,0.24159065964731175,0.29065880089029106,0.20000000037848475
2022-12-09,1.0,9.887809544801717,16.75348663330078,event_stress,56.0,57.95,38.099999999999994,-0.0024096864670749454,-0.0004694151304883921,0.0019402713365865533,-0.000469415130018977,0.7752019242506836,0.1,0.05,0.5,0.2,0.15,0.10458355744915622,0.10439961523910839,0.25313395700664626,0.33788286948156854,0.2000000008235206,0.10458355734457266,0.10439961513470876,0.2531339567535123,0.33788286914368565,0.20000000062352058
2022-12-16,1.0,9.78868082761765,13.090609550476074,event_stress,60.0,63.2,41.2,-0.0023717618115994855,-0.003165057736382212,-0.0007932959247827264,-0.003165057733217154,0.6528602486931645,0.1,0.05,0.5,0.2,0.15,0.11276110851446591,0.11192391184710122,0.24820565730107041,0.3271093215664577,0.20000000077090482,0.1127611084017048,0.11192391173517731,0.24820565705286474,0.3271093212393484,0.2000000005709048
2022-12-23,1.0,9.68964580893517,11.866836547851562,event_stress,55.5,57.2,46.7,0.0015665686729365326,-0.00019214646386783843,-0.001758715136804371,-0.00019214646367569208,0.5793545740461645,0.1,0.05,0.5,0.2,0.15,0.12640126487843156,0.1256075382106999,0.24224110640071433,0.3057500898211998,0.2000000006889544,0.12640126475203028,0.12560753808509234,0.24224110615847322,0.3057500895154497,0.2000000004889544
2022-12-30,1.0,9.590620064735417,11.592909812927246,event_stress,57.5,60.5,47.25,0.00909313591090802,0.007855158491751313,-0.001237977419156707,0.007855158483896153,0.5116748905604419,0.1,0.05,0.5,0.2,0.15,0.1320992925221354,0.1341845793001504,0.24167439652203884,0.2920417310848464,0.2000000005708289,0.1320992923900361,0.13418457916596582,0.24167439628036444,0.2920417307928046,0.20000000037082888
2023-01-06,1.0,9.491943031549457,9.99757194519043,event_stress,59.0,63.3,33.7,0.000616389326017834,0.0020397023966333247,0.0014233130706154907,0.0020397023945936225,0.5678132307173558,0.1,0.05,0.5,0.2,0.15,0.1387799781731221,0.14033555597745387,0.24268910638279068,0.2781953590275236,0.2000000004391097,0.1387799780343421,0.1403355558371183,0.24268910614010156,0.27819535874932827,0.2000000002391097
2023-01-13,1.0,9.39370296597481,6.9903154373168945,bull_normal,53.9,57.5,40.55,0.0010312686751514715,0.005114752159037146,0.004083483483885674,0.0051147521539223915,0.531306000841611,0.1,0.05,0.5,0.2,0.15,0.145311618247026,0.14364791964431717,0.2352326912137172,0.2758077703904272,0.20000000050451266,0.14531161810171433,0.1436479195006692,0.23523269097848445,0.2758077701146193,0.2000000003045126
2023-01-20,1.0,9.294703590869906,12.118915557861328,event_stress,55.25,58.85,43.45,0.0035860757528851516,0.0035586433884290153,-2.7432364456136255e-05,0.003558643384870372,0.5199104669583204,0.2,0.2,0.2,0.2,0.2,0.16554362970119474,0.16306885664337173,0.22171254730835402,0.24967496602929565,0.20000000031778387,0.1655436295356511,0.16306885648030287,0.22171254708664145,0.24967496577962067,0.20000000011778385
2023-01-27,1.0,9.195727425813677,12.118915557861328,event_stress,52.0,64.0,37.75,0.0018376725150313223,0.0031125265698232845,0.0012748540547919622,0.0031125265667107573,0.5104732671373154,0.1,0.05,0.5,0.2,0.15,0.1265156267451489,0.12505395400864636,0.23214101121188205,0.2861923914790568,0.23009701655526593,0.12651562661863328,0.1250539538835924,0.23214101097974102,0.2861923911928644,0.2300970163251689
2023-02-03,1.0,9.096779811382296,11.611235618591309,event_stress,52.55,64.45,38.5,0.0001672459180789467,-0.0017231563512870556,-0.0018904022693660024,-0.001723156349563899,0.47657303432201215,0.1,0.05,0.5,0.2,0.15,0.1306508674785851,0.12915553515356934,0.24117066987886557,0.2990229268403685,0.20000000064861156,0.1306508673479342,0.1291555350244138,0.24117066963769487,0.29902292654134555,0.20000000044861155
2023-02-10,1.0,8.998692119121554,6.392075538635254,bull_normal,54.9,62.6,35.3,-0.0037529831276894147,-0.00579388374040954,-0.002040900612720125,-0.005793883734615655,0.46682743758985606,0.1,0.05,0.5,0.2,0.15,0.13406314914907524,0.1330305725300322,0.24180223530367884,0.29110404244273513,0.20000000057447864,0.1340631490150121,0.1330305723970016,0.2418022350618766,0.29110404215163105,0.20000000037447863
2023-02-17,1.0,8.900356405973437,7.576375484466553,bull_normal,52.0,57.0,40.75,-0.0037099712421358533,-0.0033545902721167525,0.0003553809700191008,-0.003354590268762161,0.40927906129609065,0.2,0.2,0.2,0.2,0.2,0.1645855699132521,0.1657427534942535,0.22735322295996158,0.24231845336990648,0.20000000026262651,0.16458556974866648,0.16574275332851068,0.22735322273260827,0.24231845312758796,0.20000000006262644
2023-02-24,1.0,8.801398253440858,11.402806282043457,event_stress,52.8,58.5,43.65,0.0013232303328023327,0.001036527440436531,-0.0002867028923658017,0.0010365274394000033,0.362496322285881,0.2,0.2,0.2,0.2,0.2,0.15400549590846987,0.1572353374683067,0.2328434099897824,0.2559157562811091,0.200000000352332,0.15400549575446437,0.15723533731107134,0.23284340975693896,0.2559157560251933,0.200000000152332
2023-03-03,1.0,8.702630889415742,10.203221321105957,event_stress,52.8,62.0,37.25,-0.0009395919491829535,3.008014274359211e-05,0.0009696720919265457,3.0080142713512215e-05,0.37569584842075904,0.1,0.05,0.5,0.2,0.15,0.12724944936675933,0.13389559924814096,0.2533263904000377,0.28552856049630093,0.2000000004887612,0.12724944923950987,0.13389559911424534,0.25332639014671127,0.28552856021077233,0.2000000002887612
2023-03-10,1.0,8.60375093817711,10.918230056762695,event_stress,53.25,61.4,39.55,0.0033006755342612367,-0.000840151193979936,-0.0041408267282411725,-0.0008401511931397852,0.43578743926213553,0.1,0.05,0.5,0.2,0.15,0.1369821526473075,0.13850673914088257,0.24189953275714515,0.28261157493257244,0.20000000052209244,0.13698215251032533,0.1385067390023758,0.2418995325152456,0.28261157464996084,0.20000000032209242
2023-03-17,1.0,8.504275560379028,18.720111846923828,event_stress,53.92,62.02,41.2,0.0044646500321734684,0.005307745228660823,0.0008430951964873545,0.005307745223353077,0.5692186581648204,0.1,0.05,0.5,0.2,0.15,0.13258527538980674,0.13118198827652194,0.23988509766619942,0.29634763803516834,0.20000000063230355,0.13258527525722147,0.13118198814533993,0.2398850974263143,0.29634763773882067,0.20000000043230354
2023-03-24,1.0,8.404491877555847,30.247432708740234,event_stress,54.5,57.0,47.25,-0.0015053762316474858,0.000607540446220926,0.002112916677868412,0.0006075404456133853,0.6015101799737465,0.1,0.05,0.5,0.2,0.15,0.09793695314163518,0.09780193662287526,0.25397159774859246,0.35028951160161914,0.20000000088527786,0.09793695304369825,0.09780193652507334,0.2539715974946209,0.3502895112513297,0.2000000006852779
2023-03-31,1.0,8.304883807897568,21.684391021728516,event_stress,55.870000000000005,58.4,49.25,0.0013175174554643872,0.0007891618304745759,-0.0005283556249898113,0.0007891618296854143,0.505093889740905,0.1,0.05,0.5,0.2,0.15,0.09028561431426912,0.09027691686453913,0.25632704345809415,0.3631104244397676,0.20000000092332992,0.09028561422398353,0.09027691677426222,0.25632704320176714,0.3631104240766572,0.20000000072332996
2023-04-07,1.0,8.20522711277008,25.522829055786133,event_stress,53.1,58.3,32.3,0.005367999938911599,0.007219727660367388,0.0018517277214557893,0.00721972765314766,0.47502839799709606,0.1,0.05,0.5,0.2,0.15,0.09388776129312378,0.09376562241336128,0.2558503938832579,0.35649622151002924,0.20000000090022782,0.093887761199236,0.09376562231959565,0.2558503936274075,0.35649622115353297,0.2000000007002278
2023-04-14,1.0,8.105733293294906,20.735706329345703,event_stress,53.9,56.45,35.2,0.0009110776211659871,0.000683305130838313,-0.00022777249032767408,0.0006833051301550074,0.4355741282913679,0.1,0.05,0.5,0.2,0.15,0.09126618038588774,0.09122743985060477,0.25625929864304225,0.3612470802037281,0.20000000091673723,0.09126618029462154,0.0912274397593773,0.25625929838678285,0.3612470798424809,0.20000000071673715
2023-04-21,1.0,8.006694996356963,12.674759864807129,event_stress,57.3,59.0,40.75,-0.004963972391802497,-0.009250675075770553,-0.004286702683968056,-0.009250675066519878,0.5111630982455844,0.1,0.05,0.5,0.2,0.15,0.09420750441610401,0.09408840211825563,0.2553537319347573,0.3563503606310253,0.20000000089985775,0.09420750432189649,0.09408840202416723,0.25535373167940356,0.3563503602746749,0.20000000069985774
2023-04-28,1.0,7.907592284679412,12.092916488647461,event_stress,58.5,57.0,52.25,0.005573450366268095,0.0039035935215769244,-0.0016698568446911703,0.0039035935176733308,0.47801859885877557,0.1,0.05,0.5,0.2,0.15,0.11416927450848009,0.11378511449203078,0.24635180838107815,0.32569380183311714,0.2000000007852939,0.11416927439431081,0.11378511437824566,0.24635180813472632,0.32569380150742333,0.20000000058529388
2023-05-05,1.0,7.808406192064284,13.136809349060059,event_stress,59.1,57.5,51.75,0.014990301241041074,0.013050154092486669,-0.0019401471485544046,0.013050154079436512,0.45872360479063956,0.1,0.05,0.5,0.2,0.15,0.11672149618085756,0.11620176828334693,0.24506452291270633,0.3220122118577542,0.20000000076533497,0.11672149606413605,0.11620176816714514,0.24506452266764178,0.32201221153574194,0.20000000056533496
2023-05-12,1.0,7.710500574111937,5.676356315612793,bull_normal,55.8,53.0,40.75,0.00016848251986885466,-0.0034142482736798548,-0.0035827307935487095,-0.0034142482702656063,0.501189748446018,0.1,0.05,0.5,0.2,0.15,0.11122142203135041,0.11122942718998466,0.2516907444880837,0.3258584055208379,0.20000000076974336,0.11122142192012897,0.11122942707875522,0.2516907442363929,0.32585840519497944,0.20000000056974335
2023-05-19,1.0,7.612246400117873,7.348682880401611,bull_normal,56.15,54.1,39.949999999999996,-0.003592625212402523,-0.0040385628019147584,-0.00044593758951223545,-0.0040385627978761955,0.479843482021158,0.2,0.2,0.2,0.2,0.2,0.16661422440373372,0.1641508702851201,0.22489644365231495,0.24433846139978319,0.20000000025904804,0.16661422423711947,0.1641508701209692,0.2248964434274185,0.2443384611554447,0.20000000005904803
2023-05-26,1.0,7.5142600774765,5.9107208251953125,bull_normal,55.71,53.31,41.55,-0.004215586849600542,-0.003236206607516987,0.0009793802420835552,-0.00323620660428078,0.505955503568121,0.2,0.2,0.2,0.2,0.2,0.1497391253492077,0.14873116058824087,0.2343527951606572,0.26717691846946146,0.2000000004324327,0.14973912519946855,0.1487311604395097,0.2343527949263044,0.2671769182022845,0.2000000002324327
2023-06-02,1.0,7.415850460529326,7.648532867431641,event_stress,54.6,61.5,38.2,0.0017427906422791046,0.0021084328639953812,0.00036564222171627664,0.002108432861886948,0.5026129177535621,0.2,0.2,0.2,0.2,0.2,0.1666326974275039,0.16338276090773796,0.22277859522098103,0.24720594615713948,0.20000000028663778,0.16663269726087118,0.16338276074435518,0.22277859499820243,0.2472059459099335,0.20000000008663776
2023-06-09,1.0,7.317932409048079,4.925376892089844,bull_normal,55.489999999999995,62.17999999999999,39.5,0.005407870877382189,0.0031111364485331347,-0.0022967344288490543,0.003111136445421998,0.5047563823092974,0.1,0.05,0.5,0.2,0.15,0.14945347905645984,0.14709344873161262,0.23156191026961942,0.27189116147896303,0.20000000046334515,0.14945347890700633,0.14709344858451917,0.23156191003805748,0.27189116120707185,0.20000000026334513
2023-06-16,1.0,7.218742072582243,14.67980670928955,event_stress,53.5,59.0,37.75,0.006647402743862364,0.005193537770130724,-0.0014538649737316405,0.0051935377649371854,0.5927848989439547,0.2,0.2,0.2,0.2,0.2,0.17031649136083285,0.171178733891993,0.22465751972351117,0.23384725418290053,0.2000000008407625,0.17031649119051634,0.17117873372081427,0.22465751949885363,0.23384725394905326,0.20000000064076248
2023-06-23,1.0,7.119241285324095,19.981809616088867,event_stress,54.05,59.7,37.75,-0.00404925769464401,0.0013755320973314947,0.005424789791975505,0.0013755320959559629,0.8648821211161509,0.1,0.05,0.5,0.2,0.15,0.10079155283248777,0.10244286978279522,0.257360794081427,0.3394047824955506,0.20000000080773944,0.10079155273169621,0.10244286968035235,0.2573607938240662,0.3394047821561458,0.20000000060773943
2023-06-30,1.0,7.020506215095518,9.843460083007812,event_stress,54.410000000000004,59.81,39.75,-0.00040272146220262473,-0.0021724497097940936,-0.001769728247591469,-0.002172449707621644,0.7615443474829465,0.1,0.05,0.5,0.2,0.15,0.09247094282160938,0.09240167011265048,0.2558501007016186,0.3592772854530616,0.20000000091105996,0.09247094272913843,0.0924016700202488,0.2558501004457685,0.35927728509378426,0.20000000071105994
2023-07-07,1.0,6.921040713787077,17.522512435913086,event_stress,61.3,60.0,51.3,0.006105577275823954,0.005143177723599799,-0.0009623995522241554,0.00514317771845662,0.7803122687011673,0.1,0.05,0.5,0.2,0.15,0.12341452041511572,0.12318803241375612,0.24190718027755603,0.31149026619934694,0.20000000069422513,0.12341452029170119,0.12318803229056807,0.24190718003564884,0.31149026588785667,0.20000000049422512
2023-07-14,1.0,6.821729373931883,14.594808578491211,event_stress,60.739999999999995,59.25,52.074999999999996,0.0005135797650657832,0.002742727758304139,0.002229147993238356,0.002742727755561411,0.7319933673307583,0.1,0.05,0.5,0.2,0.15,0.09406461778216219,0.09418521132765414,0.2552313841994108,0.35651878579211144,0.20000000089866135,0.09406461768809755,0.09418521123346893,0.25523138394417944,0.3565187854355926,0.20000000069866133
2023-07-21,1.0,6.72211313843727,21.4157772064209,event_stress,60.96,59.77,52.9,0.006725270148096737,0.006162928109900763,-0.0005623420381959746,0.006162928103737835,0.6346149696380176,0.1,0.05,0.5,0.2,0.15,0.09882141666331386,0.09914147167099802,0.2536510093879263,0.34838610141178245,0.2000000008659793,0.09882141656449245,0.09914147157185656,0.2536510091342753,0.3483861010633964,0.20000000066597934
2023-07-28,1.0,6.622648435831069,17.502717971801758,event_stress,59.7,61.6,48.2,-0.0037095608219282913,-0.001885051010073057,0.0018245098118552343,-0.0018850510081880058,0.8237220887042415,0.1,0.05,0.5,0.2,0.15,0.09101454323401426,0.09099105257034189,0.2560681988099819,0.36192620446648793,0.20000000091917414,0.0910145431429997,0.09099105247935083,0.25606819855391366,0.3619262041045617,0.20000000071917412
2023-08-04,1.0,6.523622357845305,12.580978393554688,event_stress,54.5,62.0,35.3,-0.0002778052543117609,-0.0008193141238841473,-0.0005415088695723864,-0.0008193141230648333,0.7159445236081113,0.1,0.05,0.5,0.2,0.15,0.09357267200525882,0.09360769794328055,0.25597813433459693,0.35684149481779437,0.20000000089906936,0.09357267191168614,0.09360769784967285,0.2559781340786188,0.35684149446095287,0.20000000069906934
2023-08-11,1.0,6.42454758286476,10.699954986572266,event_stress,62.5,65.2,52.25,-0.0017579465102946171,-0.0027397348321945725,-0.0009817883218999554,-0.0027397348294548375,0.6396321907300483,0.1,0.05,0.5,0.2,0.15,0.10392008556614979,0.10393490167613108,0.25060129869632003,0.34154371322317706,0.20000000083822214,0.1039200854622297,0.10393490157219616,0.2506012984457187,0.3415437128816333,0.20000000063822213
2023-08-18,1.0,6.325187397003172,14.360876083374023,event_stress,61.3,63.8,55.75,0.006355601110178089,0.0026933334690464016,-0.003662267641131687,0.002693333466353068,0.6453578901355023,0.1,0.05,0.5,0.2,0.15,0.11168516511736033,0.11115945452326544,0.2453975416109458,0.331757837938312,0.20000000081011643,0.11168516500567516,0.11115945441210597,0.24539754136554823,0.33175783760655414,0.2000000006101164
2023-08-25,1.0,6.226588600873946,7.645887851715088,event_stress,58.7,59.6,49.25,-0.002429759464535171,-0.0010398042924823982,0.0013899551720527726,-0.0010398042914425937,0.5792520533068362,0.1,0.05,0.5,0.2,0.15,0.09713144126379324,0.09697388716017126,0.2538232536387688,0.352071417049575,0.2000000008876917,0.09713144116666178,0.09697388706319736,0.2538232533849455,0.3520714166975036,0.2000000006876917
2023-09-01,1.0,6.1272692382335645,14.92121696472168,event_stress,59.4,61.1,48.75,-0.0019728207561383335,0.0019933840373064114,0.003966204793444745,0.0019933840353130276,0.5844168132808814,0.1,0.05,0.5,0.2,0.15,0.13146333872174787,0.13472562461296328,0.24242267872086676,0.2913883573960014,0.2000000005484206,0.13146333859028453,0.13472562447823763,0.24242267847844406,0.291388357104613,0.20000000034842058
2023-09-08,1.0,6.027971345186232,14.61082649230957,event_stress,54.5,56.5,52.25,-0.008286704271675787,-0.004145711136526364,0.004140993135149423,-0.004145711132380651,0.6118285107134789,0.1,0.05,0.5,0.2,0.15,0.09477639760610751,0.09472451961767422,0.254744347492898,0.35575473437841576,0.2000000009049046,0.0947763975113311,0.09472451952294969,0.2547443472381536,0.355754734022661,0.2000000007049046
2023-09-15,1.0,5.929313075542448,7.95086669921875,event_stress,55.45,58.08,51.27499999999999,0.0008553081059111262,-0.0005283290548282428,-0.001383637160739369,-0.0005283290542999135,0.5463210685153623,0.1,0.05,0.5,0.2,0.15,0.09500592739020439,0.09493151699187653,0.254627926801732,0.3554346279134022,0.20000000090278494,0.09500592729519845,0.09493151689694501,0.2546279265471041,0.3554346275579675,0.20000000070278492
2023-09-22,1.0,5.830324178934096,10.45500373840332,event_stress,56.5,59.9,52.25,-0.005931203523811021,-0.003944575293789597,0.0019866282300214236,-0.003944575289845022,0.5494786096015813,0.1,0.05,0.5,0.2,0.15,0.12539665478057424,0.12470335780749427,0.2400793264880853,0.3098206602048969,0.2000000007189493,0.12539665465517758,0.1247033576827909,0.24007932624800596,0.30982065989507623,0.20000000051894928
2023-09-29,1.0,5.730552089214323,28.579421997070312,event_stress,68.5,68.8,47.0,-0.006215543710268347,-0.009906813162578897,-0.0036912694523105498,-0.009906813152672082,0.6015487100097311,0.1,0.05,0.5,0.2,0.15,0.10993687888588273,0.10906224950451951,0.24715166428384605,0.33384920653697403,0.20000000078877764,0.10993687877594584,0.10906224939545725,0.24715166403669436,0.3338492062031248,0.20000000058877762
2023-10-06,1.0,5.63077915906906,28.579421997070312,event_stress,68.44,67.78,48.074999999999996,-0.006215543710268347,-0.011010258807896021,-0.004794715097627674,-0.011010258796885759,0.6546436398307732,0.1,0.05,0.5,0.2,0.15,0.08979565941656857,0.08979428459239967,0.25648136208768174,0.36392869297792113,0.20000000092542894,0.08979565932677289,0.08979428450260536,0.2564813618312003,0.36392869261399236,0.20000000072542887
2023-10-13,1.0,5.5312643945217115,18.229501724243164,event_stress,62.0,62.5,53.75,-0.007426369583358331,-0.007918264770259122,-0.0004918951869007909,-0.007918264762340858,0.5923627326524442,0.1,0.05,0.5,0.2,0.15,0.08978644479236705,0.08978581810271409,0.25648505362954127,0.3639426825498578,0.20000000092551967,0.08978644470258063,0.08978581801292829,0.25648505337305627,0.36394268218591513,0.2000000007255197
2023-10-20,1.0,5.431423574686049,34.35128402709961,event_stress,63.6,59.15,52.949999999999996,-0.0011034751551828586,0.005866635167647087,0.006970110322829945,0.005866635161780451,0.8025754875658196,0.1,0.05,0.5,0.2,0.15,0.0907512620998908,0.09073022451086278,0.2561059329274144,0.3624125795412607,0.20000000092057132,0.09075126200913954,0.09073022442013255,0.25610593267130843,0.3624125791788481,0.2000000007205713
2023-10-27,1.0,5.331863552331923,19.56792640686035,event_stress,63.910000000000004,58.760000000000005,53.5,0.005354734292628451,0.0028214932228996397,-0.002533241069728811,0.0028214932200781462,0.7293867482678134,0.1,0.05,0.5,0.2,0.15,0.08976036457874895,0.08976031695738017,0.2564962292606992,0.3639830882775342,0.2000000009256375,0.08976036448898858,0.08976031686761984,0.25649622900420294,0.36398308791355105,0.20000000072563748
2023-11-03,1.0,5.232376521825788,18.612539291381836,event_stress,68.3,65.5,42.7,0.006653611423548587,0.004475586515046411,-0.002178024908502176,0.0044755865105708245,0.65930262281446,0.1,0.05,0.5,0.2,0.15,0.09028740119400638,0.090278786816571,0.2563377436321651,0.3630960674353974,0.20000000092186015,0.09028740110371898,0.0902787867262922,0.2563377433758273,0.3630960670723013,0.20000000072186014
2023-11-10,1.0,5.133148193359373,14.733528137207031,event_stress,53.5,54.0,45.25,-0.0036101309349570727,-0.005461576277376513,-0.0018514453424194406,-0.005461576271914936,0.6018802275537098,0.1,0.05,0.5,0.2,0.15,0.09032678622384512,0.09031907479757262,0.2563672349005314,0.3629869031551009,0.20000000092295,0.09032678613351833,0.09031907470725353,0.25636723464416417,0.362986902792114,0.20000000072295
2023-11-17,1.0,5.034255588054656,10.714683532714844,event_stress,66.6,63.3,42.25,0.002702330947777773,0.0009913724803233693,-0.0017109584674544038,0.0009913724793319968,0.5534176467566737,0.1,0.05,0.5,0.2,0.15,0.09233921238639281,0.09224519903699611,0.25564972615932385,0.3597658615085241,0.20000000090876308,0.09233921229405359,0.0922451989447509,0.25564972590367413,0.3597658611487582,0.20000000070876306
2023-11-24,1.0,5.0,19.72258949279785,event_stress,67.32000000000001,62.65,41.75,-0.012263217510949203,-0.011281707236440331,0.000981510274508872,-0.011281707225158623,0.5428884486800137,0.1,0.05,0.5,0.2,0.15,0.10068140932355694,0.10025683812757197,0.2527224653184756,0.34633928638191736,0.20000000084847816,0.10068140922287552,0.10025683802731512,0.2527224650657531,0.34633928603557806,0.20000000064847814
2023-12-01,1.0,5.0,10.297637939453125,event_stress,67.56,62.760000000000005,40.849999999999994,0.0005470982311229074,0.0013688685305155324,0.000821770299392625,0.001368868529146664,0.5933437940894795,0.1,0.05,0.5,0.2,0.15,0.09006660159645062,0.09005514717535597,0.2564028327368343,0.3634754175677827,0.2000000009235764,0.09006660150638403,0.09005514708530084,0.2564028324804315,0.3634754172043073,0.20000000072357643
2023-12-08,1.0,5.0,17.09111785888672,event_stress,61.4,60.0,51.75,-0.0026187740639949312,-0.002717108816169414,-9.833475217448269e-05,-0.002717108813452304,0.5676923956000909,0.1,0.05,0.5,0.2,0.15,0.10074449193923866,0.10049707548904617,0.25199744305085997,0.3467609886545932,0.2000000008662621,0.10074449183849414,0.10049707538854906,0.25199744279886244,0.3467609883078321,0.20000000066626203
2023-12-15,1.0,5.0,7.0100908279418945,event_stress,61.5,62.3,45.3,0.0039757084897402315,0.00033721261109502786,-0.0036384958786452037,0.0003372126107578151,0.6053021219571725,0.1,0.05,0.5,0.2,0.15,0.09058072518363783,0.09055701714181728,0.25622439745001907,0.36263785930342235,0.20000000092110343,0.09058072509305709,0.09055701705126026,0.25622439719379464,0.3626378589407845,0.2000000007211034
2023-12-22,1.0,5.0,8.874263763427734,event_stress,62.5,61.7,46.8,0.002452260990486615,0.0007666866190170955,-0.0016855743714695194,0.0007666866182504087,0.5539938249108188,0.1,0.05,0.5,0.2,0.15,0.12562788084342164,0.12439242763909134,0.2408698884001313,0.3091098024440409,0.20000000067331491,0.12562788071779374,0.1243924275146989,0.24086988815926139,0.30910980213493106,0.2000000004733149
2023-12-29,1.0,5.0,17.769758224487305,event_stress,63.95,64.15,45.949999999999996,0.012755120417839032,0.008639301659341498,-0.004115818758497534,0.008639301650702194,0.5966532616990645,0.1,0.05,0.5,0.2,0.15,0.10949209322493947,0.10914517191916184,0.24895042375941046,0.33241231030925594,0.20000000078723237,0.10949209311544734,0.10914517181001664,0.24895042351045996,0.3324123099768435,0.2000000005872323
2024-01-05,1.0,5.0,12.151544570922852,event_stress,65.31,65.51,44.8,-0.0026834709126865703,-0.005574900249535504,-0.0028914293368489338,-0.0055749002439606015,0.6204237220461456,0.1,0.05,0.5,0.2,0.15,0.0904121027320961,0.09038979016405944,0.25626127804594206,0.3629368281361439,0.2000000009217586,0.09041210264168396,0.09038979007366962,0.2562612777896807,0.36293682777320696,0.20000000072175853
2024-01-12,1.0,5.0,26.5919132232666,event_stress,64.8,60.0,54.25,-0.007280294519724049,-0.0077486635568024915,-0.0004683690370784425,-0.007748663549053827,0.5260500825509735,0.1,0.05,0.5,0.2,0.15,0.0949875240292966,0.09529406382819217,0.2550535269587111,0.3546648842974822,0.20000000088631792,0.09498752393430906,0.09529406373289809,0.25505352670365755,0.3546648839428173,0.2000000006863179
2024-01-19,1.0,5.0,26.694313049316406,event_stress,65.5,61.2,53.39999999999999,-0.0009155266739251356,-0.0023370942582556,-0.0014215675843304645,-0.0023370942559185056,0.4924182010860092,0.1,0.05,0.5,0.2,0.15,0.08977531488210168,0.08977589915253102,0.2564919950962379,0.3639567899435983,0.20000000092553114,0.08977531479232635,0.08977589906275511,0.2564919948397459,0.3639567895796415,0.20000000072553112
2024-01-26,1.0,5.0,18.67559814453125,event_stress,60.5,63.0,52.5,0.002339209447777444,0.00044789761559830513,-0.001891311832179139,0.00044789761515040723,0.5330966016008123,0.1,0.05,0.5,0.2,0.15,0.08977339543994928,0.0897756964979638,0.2564962933265174,0.36395461381006283,0.2000000009255067,0.08977339535017588,0.0897756964081881,0.2564962930700211,0.3639546134461082,0.2000000007255067
2024-02-02,1.0,5.0,15.84172248840332,event_stress,54.0,59.3,50.25,0.002071628313302642,0.0005027147599030255,-0.0015689135533996164,0.0005027147594003106,0.5249985329244897,0.1,0.05,0.5,0.2,0.15,0.09013989158034309,0.09015978116591612,0.2564219541689344,0.36327837216135156,0.20000000092345485,0.0901398914902032,0.09015978107575634,0.2564219539125124,0.36327837179807315,0.20000000072345483
2024-02-09,1.0,5.0,34.72543716430664,event_stress,66.5,68.1,44.25,0.0029071370258696725,0.002893156756703853,-1.398026916581965e-05,0.002893156753810695,0.7491209395380669,0.1,0.05,0.5,0.2,0.15,0.091114195159639,0.091215028099538,0.2562943238984881,0.3613764519292841,0.20000000091305095,0.09111419506852478,0.09121502800832296,0.25629432364219373,0.36137645156790754,0.20000000071305088
2024-02-16,1.0,5.0,34.72543716430664,event_stress,53.0,55.0,40.75,0.0029071370258696725,0.002808893935588607,-9.824309028106564e-05,0.0028088939327797127,0.9276267575301239,0.1,0.05,0.5,0.2,0.15,0.08975866540474903,0.08975873472259244,0.25649720774651114,0.3639853912005037,0.20000000092564377,0.08975866531499035,0.0897587346328337,0.2564972074900139,0.3639853908365183,0.20000000072564375
2024-02-23,1.0,5.0,31.359092712402344,event_stress,65.3,61.3,47.5,0.005547116702043916,0.00265430462069747,-0.0028928120813464463,0.0026543046180431654,0.9508467082165224,0.1,0.05,0.5,0.2,0.15,0.0897587466802025,0.08975873641214863,0.25649691924787993,0.3639855967341242,0.20000000092564488,0.08975874659044375,0.08975873632238988,0.256496918991383,0.36398559637013855,0.20000000072564486
2024-03-01,1.0,5.0,24.144302368164062,event_stress,65.8,61.029999999999994,49.449999999999996,0.0021933483964323773,0.004535085392509441,0.002341736996077064,0.004535085387974354,0.8564459199485114,0.1,0.05,0.5,0.2,0.15,0.08976054185674467,0.08976087312567152,0.25649705304063836,0.36398153105132197,0.20000000092562356,0.08976054176698413,0.08976087303591064,0.25649705278414126,0.3639815306873404,0.20000000072562354
2024-03-08,1.0,5.0,34.14191436767578,event_stress,63.7,64.8,37.75,0.012217777427824518,0.01692143765796679,0.004703660230142272,0.016921437641045346,0.8798932375942342,0.1,0.05,0.5,0.2,0.15,0.08981102993203267,0.08980901394307486,0.25648224489012994,0.36389771030945406,0.2000000009253086,0.08981102984222161,0.08980901385326583,0.2564822446336476,0.36389770994555626,0.20000000072530852
2024-03-15,1.0,5.0,16.96316146850586,event_stress,63.410000000000004,63.2,38.35,-0.005994522577380288,-0.001970266335604941,0.004024256241775347,-0.001970266333634674,0.8056398528984087,0.1,0.05,0.5,0.2,0.15,0.08975899483879994,0.08975896014140655,0.2564968871135836,0.3639851569805668,0.20000000092564313,0.08975899474904094,0.08975896005164759,0.25649688685708666,0.36398515661658165,0.2000000007256431
2024-03-22,1.0,5.0,16.277950286865234,event_stress,58.7,60.2,50.75,0.0041747154464011555,0.0034243089425579146,-0.0007504065038432409,0.0034243089391336056,0.6813783719640059,0.1,0.05,0.5,0.2,0.15,0.090567412833729,0.09055152988386697,0.25620182367229816,0.36267923268816343,0.20000000092194253,0.09056741274316159,0.09055152979331543,0.2562018234160963,0.36267923232548416,0.20000000072194252
2024-03-29,1.0,5.0,25.489974975585938,event_stress,60.7,58.8,49.25,0.0029940612364502107,0.006324850377029364,0.0033307891405791536,0.006324850370704515,0.768665872030801,0.1,0.05,0.5,0.2,0.15,0.09083996196504461,0.09081664524462761,0.25612720325857447,0.3622161886116705,0.2000000009200829,0.09083996187420464,0.09081664515381097,0.25612720300244723,0.3622161882494543,0.2000000007200829
2024-04-05,1.0,5.0,23.560142517089844,event_stress,57.5,62.0,40.75,0.010656655800283014,0.014366218236582773,0.003709562436299758,0.014366218222216552,0.8527796453688268,0.1,0.05,0.5,0.2,0.15,0.08978640510104416,0.08978646638986054,0.2564914351500899,0.36393569243353574,0.20000000092546963,0.08978640501125774,0.08978646630007407,0.25649143489359844,0.3639356920696,0.2000000007254696
2024-04-12,1.0,5.0,27.169830322265625,event_stress,59.2,61.8,37.75,0.013049633987654574,0.014134306324627534,0.00108467233697296,0.014134306310493226,0.918477658654193,0.1,0.05,0.5,0.2,0.15,0.08982131061717741,0.08982116828627984,0.25648593418286425,0.3638715859884645,0.20000000092521414,0.08982131052735609,0.08982116819645866,0.2564859339263783,0.3638715856245929,0.20000000072521412
2024-04-19,1.0,5.0,21.603342056274414,event_stress,61.4,62.27,40.05,0.0007262666431816824,-0.0001783075196396092,-0.0009045741628212916,-0.00017830751946130147,0.8744474811939269,0.1,0.05,0.5,0.2,0.15,0.08977322293979456,0.08977272710731937,0.2564929666954516,0.3639610823318768,0.2000000009255577,0.08977322285002133,0.08977272701754664,0.2564929664389586,0.36396108196791566,0.20000000072555768
2024-04-26,1.0,5.0,23.49871063232422,event_stress,62.0,63.0,47.25,-0.009430832790215074,-0.008847129422616768,0.0005837033675983056,-0.008847129413769639,0.9087296619043806,0.1,0.05,0.5,0.2,0.15,0.0898929291109266,0.08988913540464699,0.2564489524770173,0.363768982082476,0.20000000092493317,0.08989292902103366,0.08988913531475785,0.25644895222056835,0.363768981718707,0.20000000072493315
2024-05-03,1.0,5.0,38.07362747192383,event_stress,63.92,64.95,46.449999999999996,-0.0121681733454729,-0.0033842486268008485,0.008783924718672051,-0.0033842486234165986,0.967564307050057,0.1,0.05,0.5,0.2,0.15,0.08982295283876766,0.08982087638909839,0.2564731483589417,0.36388302148790436,0.20000000092528805,0.08982295274894468,0.08982087629927749,0.25647314810246846,0.3638830211240212,0.20000000072528798
2024-05-10,1.0,5.0,23.418354034423828,event_stress,61.5,59.8,43.55,0.007575158976695971,0.00838302994621382,0.0008078709695178484,0.008383029937830787,0.8362399220504545,0.1,0.05,0.5,0.2,0.15,0.08975822225149585,0.08975821702987105,0.2564970947301922,0.3639864650627927,0.2000000009256482,0.08975822216173762,0.08975821694011282,0.2564970944736951,0.3639864646988062,0.2000000007256482
2024-05-17,1.0,5.0,13.979268074035645,event_stress,59.6,63.3,45.2,0.0007598063693358641,0.0022170650863473536,0.0014572587170114896,0.0022170650841302885,0.7210991864809314,0.1,0.05,0.5,0.2,0.15,0.0898231580125418,0.08982167023736468,0.2564762836333063,0.3638788871914852,0.20000000092530207,0.08982315792271864,0.089821670147543,0.25647628337683004,0.3638788868276063,0.20000000072530205
2024-05-24,1.0,5.0,17.988637924194336,event_stress,61.5,61.0,47.25,-0.001935661252879692,-0.005991345599641944,-0.004055684346762252,-0.005991345593650598,0.7251334008958616,0.1,0.05,0.5,0.2,0.15,0.09252633533817428,0.09245328202678114,0.2555365422931458,0.3594838394313987,0.20000000091050013,0.09252633524564793,0.09245328193432785,0.2555365420376093,0.35948383907191483,0.20000000071050011
2024-05-31,1.0,5.0,10.14683723449707,event_stress,57.5,57.7,45.5,-0.001395137628477587,-0.002429766182578879,-0.0010346285541012919,-0.0024297661801491125,0.632026049027505,0.1,0.05,0.5,0.2,0.15,0.09030594876722017,0.09029451092037195,0.2563436797758869,0.3630558596136885,0.2000000009228324,0.09030594867691422,0.09029451083007743,0.2563436795195432,0.36305585925063266,0.2000000007228324
2024-06-07,1.0,5.0,13.17904281616211,event_stress,57.3,66.4,44.25,0.0032028987436411634,0.002400718646659365,-0.0008021800969817985,0.0024007186442586465,0.5401838765611783,0.1,0.05,0.5,0.2,0.15,0.10207630236870792,0.10168015683744012,0.25184620591747253,0.34439733401793204,0.2000000008584474,0.10207630226663161,0.10168015673575996,0.2518462056656263,0.3443973336735347,0.2000000006584474
2024-06-14,1.0,5.0,14.338066101074219,event_stress,63.2,56.3,51.25,-0.006104433062544431,-0.008970538180976475,-0.0028661051184320444,-0.008970538172005937,0.5265440670024069,0.1,0.05,0.5,0.2,0.15,0.09339798694692199,0.09332531637968473,0.2551990430461739,0.3580776527217146,0.20000000090550477,0.09339798685352399,0.09332531628635941,0.25519904279097483,0.3580776523636369,0.20000000070550475
2024-06-21,1.0,5.0,17.327558517456055,event_stress,57.3,61.8,50.75,0.0002807608038555053,0.00031685750819853613,3.609670434303084e-05,0.0003168575078816787,0.5419572001414221,0.1,0.05,0.5,0.2,0.15,0.09204490392430593,0.09199897966713276,0.25562858434514335,0.3603275311477713,0.20000000091564676,0.09204490383226101,0.09199897957513375,0.25562858408951467,0.3603275307874436,0.2000000007156467
2024-06-28,1.0,5.0,25.482322692871094,event_stress,59.5,60.0,37.25,0.004834817539824076,-0.0005101112592764154,-0.005344928799100491,-0.0005101112587663037,0.6275718853795416,0.1,0.05,0.5,0.2,0.15,0.09053109127111161,0.09050668083754031,0.2563225684004064,0.36263965857010116,0.20000000092084044,0.09053109118058052,0.09050668074703362,0.25632256814408383,0.36263965820746147,0.20000000072084043
2024-07-05,1.0,5.0,17.7886905670166,event_stress,64.8,66.0,36.25,-0.003618370617068194,-0.001077373936559947,0.002540996680508247,-0.001077373935482573,0.6077138352450373,0.1,0.05,0.5,0.2,0.15,0.08978972480503296,0.08978843431689057,0.2564882764118306,0.3639335635408071,0.2000000009254387,0.08978972471524324,0.08978843422710214,0.25648827615534237,0.3639335631768736,0.20000000072543875
2024-07-12,1.0,5.0,20.161067962646484,event_stress,63.7,60.6,45.75,-0.0010421492230265404,-0.0007713467654742995,0.0002708024575522409,-0.0007713467647029526,0.6303731539020411,0.1,0.05,0.5,0.2,0.15,0.09034042622447899,0.09040148579703895,0.25647047244014676,0.36278761461832604,0.2000000009200092,0.09034042613413856,0.09040148570663746,0.25647047218367625,0.3627876142555384,0.20000000072000917
2024-07-19,1.0,5.0,15.781641006469727,event_stress,65.22,61.02,48.05,0.0009600840504207898,0.000119620453845311,-0.0008404635965754787,0.00011962045372569089,0.6653878274775906,0.1,0.05,0.5,0.2,0.15,0.08999952059916094,0.08999265766121337,0.25641077371383614,0.3635970471015334,0.2000000009242562,0.08999952050916142,0.0899926575712207,0.25641077345742536,0.3635970467379363,0.2000000007242562
2024-07-26,1.0,5.0,14.253905296325684,event_stress,59.6,59.2,39.5,0.0038326336625881864,-0.002338814864781614,-0.0061714485273698,-0.0023388148624427993,0.7761098606917073,0.1,0.05,0.5,0.2,0.15,0.09113583201551764,0.0911427420452956,0.25626325941223854,0.3614581656110214,0.20000000091592687,0.09113583192438181,0.09114274195415285,0.25626325915597525,0.3614581652495632,0.20000000071592686
2024-08-02,1.0,5.0,13.373557090759277,event_stress,60.8,59.7,42.4,0.009068681652707758,0.006770630350450143,-0.0022980513022576154,0.006770630343679511,0.7433851128062118,0.1,0.05,0.5,0.2,0.15,0.09227263204443387,0.09225314890528566,0.25589330597499543,0.3595809121661049,0.2000000009091803,0.0922726319521612,0.09225314881303248,0.25589330571910207,0.35958091180652385,0.20000000070918023
2024-08-09,1.0,5.0,13.455743789672852,event_stress,59.7,59.3,47.25,-0.013154521487552808,-0.012396627935033998,0.0007578935525188093,-0.012396627922637371,0.6712944745738878,0.1,0.05,0.5,0.2,0.15,0.09319985844097754,0.09311968798589379,0.25536326617500793,0.35831718649083383,0.20000000090728698,0.09319985834777768,0.0931196878927741,0.25536326591964464,0.3583171861325166,0.20000000070728696
2024-08-16,1.0,5.0,13.440649032592773,event_stress,62.2,60.8,44.25,-0.00791615551733108,-0.00457748825483309,0.0033386672624979904,-0.004577488250255601,0.6522989959357691,0.1,0.05,0.5,0.2,0.15,0.09324309264044116,0.09314039954522485,0.2553869703506619,0.3582295365587292,0.20000000090494294,0.09324309254719806,0.09314039945208444,0.2553869700952749,0.35822953620049963,0.20000000070494292
2024-08-23,1.0,5.0,8.606009483337402,event_stress,62.7,60.95,45.55,0.0053056223465231325,0.003414641306622239,-0.0018909810399008937,0.003414641303207597,0.6010431046304281,0.1,0.05,0.5,0.2,0.15,0.09324579097348498,0.09314482799615896,0.2553309104515431,0.3582784696736098,0.20000000090520323,0.09324579088023918,0.09314482790301412,0.2553309101962122,0.3582784693153313,0.2000000007052032
2024-08-30,1.0,5.0,18.099489212036133,event_stress,59.3,59.5,45.25,-0.0028970401058644873,0.00040491307714278176,0.003301953183007269,0.0004049130767378685,0.6702192484098543,0.1,0.05,0.5,0.2,0.15,0.11059004540602624,0.11001069528823132,0.24896586385795313,0.3304333946538032,0.2000000007939862,0.11059004529543619,0.11001069517822061,0.24896586360898726,0.3304333943233698,0.20000000059398618
2024-09-06,1.0,5.0,18.387165069580078,event_stress,60.55,60.45,44.449999999999996,0.01017337106921064,0.004800522876436392,-0.0053728481927742475,0.004800522871635868,0.7573180761585417,0.1,0.05,0.5,0.2,0.15,0.09030380016906894,0.09028905087416671,0.25633170448830744,0.3630754435458438,0.2000000009226131,0.09030380007876514,0.09028905078387765,0.2563317042319757,0.36307544318276835,0.2000000007226131
2024-09-13,1.0,5.0,11.201461791992188,event_stress,59.2,59.7,52.25,0.0035777958340908484,0.0018806090363325265,-0.001697186797758322,0.0018806090344519171,0.7015364687253275,0.1,0.05,0.5,0.2,0.15,0.09021233811133374,0.09020409727841092,0.2563254614973772,0.36325810218926047,0.20000000092361755,0.09021233802112139,0.09020409718820681,0.25632546124105177,0.3632581018260023,0.20000000072361754
2024-09-20,1.0,5.0,17.48356819152832,event_stress,64.0,62.0,42.25,-0.001138682455044743,0.0022574993249719157,0.0033961817800166588,0.002257499322714417,0.6565764070721382,0.1,0.05,0.5,0.2,0.15,0.09835895524223007,0.09806030472315361,0.25366058764367494,0.3499201515216777,0.20000000086926364,0.09835895514387112,0.09806030462509331,0.2536605873900144,0.3499201511717576,0.20000000066926368
2024-09-27,1.0,5.0,260.9962463378906,event_stress,66.5,64.5,43.75,0.002191622180678663,0.011528744122399381,0.009337121941720719,0.011528744110870634,1.0,0.1,0.05,0.5,0.2,0.15,0.0904410228404754,0.09052120314989279,0.2564800009190011,0.36255777217227475,0.20000000091835599,0.09044102275003436,0.09052120305937157,0.2564800006625211,0.36255777180971693,0.20000000071835597
2024-10-04,0.6500034868717194,5.0,614.296875,event_stress,63.0,63.5,48.5,-0.001756513277426653,0.01257620374072272,0.014332717018149373,0.0075598027531562665,1.0,0.1,0.05,0.5,0.2,0.15,0.08975803493777582,0.08975803493777582,0.2564971488950875,0.36398678030371157,0.20000000092564932,0.09334268690379326,0.07584286126487905,0.3417222973768794,0.3065919786916871,0.18250017476276106
2024-10-11,0.7500034868717194,5.0,161.60044860839844,event_stress,62.8,64.0,38.0,-0.00035074500404699176,-0.001118664012915859,-0.0007679190088688673,-0.0009266869374070298,0.8373573262546433,0.1,0.05,0.5,0.2,0.15,0.08975803493777582,0.08975803493777582,0.2564971488950875,0.36398678030371157,0.20000000092564932,0.09231849039859504,0.07981866475468084,0.3173720122907385,0.3229906567056596,0.187500174850326
2024-10-18,0.8500034868717193,5.0,100.46243286132812,event_stress,66.0,59.0,42.5,0.003046174507865147,0.006640171384510225,0.003593996876645078,0.006101084378718448,0.7226839372846989,0.1,0.05,0.5,0.2,0.15,0.08975803493777582,0.08975803493777582,0.2564971488950875,0.36398678030371157,0.20000000092564932,0.09129429389339681,0.08379446824448261,0.2930217272045975,0.33938933471963206,0.19250017493789093
2024-10-25,0.9500034868717193,5.0,64.41007995605469,event_stress,67.6,64.7,48.75,-0.007796047048308033,-0.003947491486044179,0.0038485555622638544,-0.004139905840597914,0.6073643971363242,0.1,0.05,0.5,0.2,0.15,0.08975803493777582,0.08975803493777582,0.2564971488950875,0.36398678030371157,0.20000000092564932,0.09027009738819858,0.08777027173428438,0.26867144211845656,0.3557880127336045,0.19750017502545586
2024-11-01,1.0,5.0,30.276988983154297,event_stress,67.34,64.62,48.849999999999994,0.004666909586699356,0.002632129287985225,-0.002034780298714131,0.0026321292853530953,0.5174500633962118,0.1,0.05,0.5,0.2,0.15,0.08975803494286978,0.08975803494270404,0.25649714889304825,0.3639867802957287,0.20000000092564932,0.08975803485311173,0.08975803485294599,0.2564971486365511,0.3639867799317419,0.2000000007256493
2024-11-08,1.0,5.0,12.932819366455078,event_stress,62.5,61.2,42.25,0.002537085991298706,-0.0003691187009449459,-0.002906204692243652,-0.00036911870057582705,0.48148923575445995,0.1,0.05,0.5,0.2,0.15,0.08976231078851142,0.08976227316106503,0.2564961070834473,0.3639793080413554,0.20000000092562092,0.0897623106987491,0.08976227307130275,0.2564961068269512,0.3639793076773761,0.2000000007256209
2024-11-15,1.0,5.0,26.15738296508789,event_stress,61.95,60.9,42.849999999999994,-0.0034166939209583844,-0.009148306775069613,-0.0057316128541112284,-0.009148306765921302,0.4611211169981953,0.1,0.05,0.5,0.2,0.15,0.093795703752311,0.09416938161960446,0.2562580105536785,0.35577690318723154,0.20000000088717465,0.09379570365851526,0.09416938152543505,0.2562580102974204,0.3557769028314545,0.20000000068717458
2024-11-22,1.0,5.0,18.60196304321289,event_stress,59.0,58.0,36.25,0.0030823028546082183,0.0076053816281471285,0.00452307877353891,0.007605381620541749,0.46989036886362845,0.1,0.05,0.5,0.2,0.15,0.08978062104196358,0.08977994110709929,0.2564927635028798,0.3639466734225507,0.20000000092550654,0.08978062095218296,0.08977994101731936,0.2564927632463871,0.3639466730586041,0.20000000072550658
2024-11-29,1.0,5.0,17.544212341308594,event_stress,65.3,60.0,47.0,0.0001596330943577373,-0.001658904676987156,-0.0018185377713448932,-0.0016589046753282515,0.41348876161421094,0.1,0.05,0.5,0.2,0.15,0.0902094534813625,0.09019659551564402,0.25634420390673035,0.3632497461733017,0.20000000092296155,0.09020945339115304,0.09019659542544742,0.2563442036503861,0.3632497458100519,0.20000000072296154
2024-12-06,1.0,5.0,13.8783597946167,event_stress,67.05,63.6,46.5,0.0005720311583731826,-0.003031009043065714,-0.003603040201438897,-0.003031009040034705,0.3840957945062926,0.1,0.05,0.5,0.2,0.15,0.09046752709210527,0.09044382673117818,0.2562355608918762,0.3628530843634995,0.20000000092134093,0.09046752700163774,0.09044382664073435,0.2562355606356406,0.36285308400064636,0.20000000072134091
2024-12-13,1.0,5.0,20.8692684173584,event_stress,66.0,68.1,44.0,0.017452415929281845,0.010051055727473087,-0.007401360201808758,0.010051055717422031,0.42000454247546365,0.1,0.05,0.5,0.2,0.15,0.09288562533270874,0.09276452523642789,0.25529824312456195,0.35905160539969616,0.20000000090660525,0.0928856252398231,0.09276452514366336,0.25529824286926367,0.35905160504064454,0.20000000070660523
2024-12-20,1.0,5.0,16.56230354309082,event_stress,66.8,66.2,47.25,0.0005849025963701611,-0.003073663501069494,-0.003658566097439655,-0.0030736634979958303,0.38194299573062185,0.1,0.05,0.5,0.2,0.15,0.08994711460292841,0.08994055828081696,0.25642239913505294,0.36368992705665126,0.20000000092455053,0.08994711451298126,0.08994055819087637,0.25642239887863044,0.36368992669296124,0.20000000072455046
2024-12-27,1.0,5.0,13.134681701660156,event_stress,60.5,61.4,52.75,-0.0036261757905757417,-0.00020380039577834024,0.0034223753947974014,-0.00020380039557454024,0.3416806828782543,0.1,0.05,0.5,0.2,0.15,0.09071046714459656,0.09069079232548381,0.25611283155595616,0.3624859080526568,0.20000000092130665,0.09071046705388608,0.09069079223479301,0.2561128312998433,0.36248590769017086,0.20000000072130664
2025-01-03,1.0,5.0,15.018041610717773,event_stress,71.2,69.4,52.75,0.009460753695431354,0.005015300896065763,-0.004445452799365591,0.005015300891050462,0.34458571303273083,0.1,0.05,0.5,0.2,0.15,0.09386056220359143,0.09370655471532911,0.25446120947239415,0.3579716727070309,0.20000000090165446,0.09386056210973086,0.09370655462162256,0.2544612092179329,0.3579716723490592,0.20000000070165444
2025-01-10,1.0,5.0,16.748523712158203,event_stress,70.6,69.22,52.849999999999994,-0.012179185842141638,-0.00581822418346284,0.006360961658678798,-0.0058182241776446155,0.3219002327335636,0.1,0.05,0.5,0.2,0.15,0.0917020392860748,0.09163142872554138,0.255543480254625,0.36112305081912766,0.20000000091463124,0.09170203919437275,0.09163142863390994,0.2555434799990815,0.3611230504580046,0.20000000071463123
2025-01-17,1.0,5.0,21.246646881103516,event_stress,61.5,57.5,48.2,0.0004565978801507918,0.0030220971742228073,0.0025654992940720156,0.0030220971712007095,0.33416018156107224,0.1,0.05,0.5,0.2,0.15,0.09066144996321178,0.09064161080823846,0.25620750573627077,0.36248943257154315,0.200000000920736,0.09066144987255033,0.09064161071759684,0.25620750548006327,0.36248943220905366,0.20000000072073598
2025-01-24,1.0,5.0,18.95172119140625,event_stress,63.540000000000006,64.32000000000001,47.25,-0.002886386614497454,0.0007591420192055171,0.0036455286337029715,0.0007591420184463754,0.3088340323379154,0.1,0.05,0.5,0.2,0.15,0.08991516056553255,0.08991201266283036,0.25644210948038565,0.36373071636650767,0.2000000009247439,0.08991516047561737,0.08991201257291834,0.2564421092239435,0.3637307160027769,0.2000000007247439
2025-01-31,1.0,5.0,11.761834144592285,event_stress,68.5,68.0,50.0,0.002993201692821773,0.002464958570863226,-0.0005282431219585468,0.002464958568398268,0.25735558596811975,0.1,0.05,0.5,0.2,0.15,0.0901647123516235,0.09015029302040825,0.25631702453440763,0.36336796917021835,0.20000000092334222,0.09016471226145878,0.09015029293025795,0.2563170242780906,0.36336796880685035,0.2000000007233422
2025-02-07,1.0,5.0,12.766868591308594,event_stress,69.5,65.8,47.0,0.008868411830267741,0.010605285717696233,0.0017368738874284917,0.010605285707090947,0.23341200456300673,0.1,0.05,0.5,0.2,0.15,0.09679430502148764,0.09659677201471724,0.2537213796978346,0.35288754238810804,0.20000000087785244,0.09679430492469333,0.09659677191812045,0.2537213794441132,0.3528875420352205,0.20000000067785242
2025-02-14,1.0,5.0,21.88327980041504,event_stress,65.0,63.0,42.5,-0.009455328793488963,-0.002175218349460797,0.007280110444028166,-0.002175218347285579,0.2505314585089203,0.1,0.05,0.5,0.2,0.15,0.09450372602162137,0.09433623757752922,0.254926710396017,0.3562333251097106,0.20000000089512185,0.09450372592711763,0.09433623748319298,0.25492671014109025,0.35623332475347724,0.20000000069512183
2025-02-21,1.0,5.0,28.244722366333008,event_stress,68.3,64.3,42.95,-0.009029328406142763,-0.005154853628800629,0.0038744747773421344,-0.005154853623645775,0.26464817031297017,0.1,0.05,0.5,0.2,0.15,0.08988782756264278,0.08988298085832329,0.2564530443045843,0.363776146349647,0.2000000009248027,0.08988782747275495,0.0898829807684403,0.25645304404813124,0.3637761459858708,0.20000000072480267
2025-02-28,1.0,5.0,26.10434341430664,event_stress,70.6,66.6,42.449999999999996,-0.008492405486392973,-0.008654034025423855,-0.0001616285390308829,-0.008654034016769821,0.24576188996897047,0.1,0.05,0.5,0.2,0.15,0.08976850213736351,0.08976807279759343,0.25649340024026884,0.36397002389919536,0.20000000092557882,0.08976850204759503,0.08976807270782537,0.25649339998377546,0.3639700235352254,0.20000000072557886
2025-03-07,1.0,5.0,14.623218536376953,event_stress,71.4,65.7,55.75,-0.0035291350401407324,-0.00151256760760977,0.0020165674325309624,-0.0015125676060972026,0.21800673419855884,0.1,0.05,0.5,0.2,0.15,0.08978063776693515,0.0897799297042685,0.25648599121753063,0.3639534403857417,0.2000000009255241,0.08978063767715451,0.08977992961448857,0.25648599096104463,0.3639534400217882,0.2000000007255241
2025-03-14,1.0,5.0,21.11408805847168,event_stress,69.9,66.2,47.75,-0.00034239900700496455,0.0023258348277637375,0.002668233834768702,0.002325834825437902,0.20060856743088074,0.1,0.05,0.5,0.2,0.15,0.09206816061192286,0.09198230995672058,0.2555431943118679,0.3604063342082975,0.20000000091119113,0.09206816051985468,0.09198230986473827,0.2555431940563247,0.3604063338478911,0.20000000071119112
2025-03-21,1.0,5.0,19.42805290222168,event_stress,68.0,59.5,52.75,-0.004742740100879131,-0.0028022834412998643,0.0019404566595792668,-0.0028022834384975803,0.19261283229118312,0.1,0.05,0.5,0.2,0.15,0.08991947913508994,0.08991536410362858,0.25643211517022046,0.3637330406663336,0.2000000009247275,0.08991947904517043,0.08991536401371318,0.25643211491378826,0.36373304030260045,0.20000000072472743
2025-03-28,1.0,5.0,14.109771728515625,event_stress,70.1,63.5,40.75,0.003141776100931299,0.0030441916939316035,-9.758440699969562e-05,0.0030441916908874106,0.18205955696523599,0.1,0.05,0.5,0.2,0.15,0.09011165941559694,0.09009766727232717,0.25638488253611685,0.36340578985278393,0.2000000009231752,0.09011165932548526,0.09009766718222947,0.2563848822797319,0.363405789489378,0.20000000072317511
2025-04-04,1.0,5.0,17.260820388793945,event_stress,65.0,57.0,38.75,0.010353485790933566,0.010170567868400367,-0.0001829179225331986,0.010170567858229798,0.17843723841340778,0.1,0.05,0.5,0.2,0.15,0.0925574585176601,0.0924660061487818,0.25582699184813457,0.359149542579406,0.20000000090601758,0.09255745842510264,0.09246600605631579,0.25582699159230754,0.3591495422202564,0.20000000070601756
2025-04-11,1.0,5.0,11.621089935302734,event_stress,70.6,74.1,42.7,0.007454836813645964,0.006136435331358689,-0.0013184014822872755,0.0061364353252222545,0.1700844927468838,0.1,0.05,0.5,0.2,0.15,0.09061990369436955,0.0905918144185963,0.25616115267562106,0.36262712829162164,0.20000000091979142,0.09061990360374966,0.0905918143280045,0.25616115241945997,0.36262712792899454,0.20000000071979146
2025-04-18,1.0,5.0,19.801822662353516,event_stress,71.64000000000001,72.42,42.8,-0.0012590455876169283,0.0027774385165680684,0.0040364841041849965,0.0027774385137906304,0.20151259517927356,0.1,0.05,0.5,0.2,0.15,0.09775709209991322,0.09737150565698645,0.2530784254229532,0.35179297594948705,0.20000000087066006,0.09775709200215613,0.09737150555961493,0.2530784251698748,0.35179297559769407,0.20000000067066004
2025-04-25,1.0,5.0,28.35647964477539,event_stress,61.2,55.6,51.2,-0.00509474418542554,-0.004122625708638732,0.0009721184767868081,-0.0041226257045161065,0.19113176556391162,0.1,0.05,0.5,0.2,0.15,0.09001673803271001,0.09001235393359164,0.2564108766274709,0.3635600304818972,0.20000000092433026,0.09001673794269327,0.09001235384357928,0.25641087637106,0.36356003011833715,0.20000000072433025
2025-05-02,1.0,5.0,23.643070220947266,event_stress,62.64000000000001,57.27,53.199999999999996,-0.0012039279563041466,-0.00366039753047572,-0.0024564695741715733,-0.003660397526815322,0.18945463625616435,0.1,0.05,0.5,0.2,0.15,0.08976652226361262,0.08976636895620836,0.25649396777438976,0.3639731400801822,0.20000000092560707,0.08976652217384609,0.08976636886644199,0.25649396751789577,0.36397313971620904,0.20000000072560706
2025-05-09,1.0,5.0,27.61412239074707,event_stress,68.0,65.2,42.5,0.0016388672192173552,0.0005959896102192951,-0.00104287760899806,0.0005959896096233055,0.17022476491309213,0.1,0.05,0.5,0.2,0.15,0.08982257396472572,0.08982011338686886,0.2564751031780444,0.36388220854513,0.20000000092523093,0.08982257387490315,0.08982011329704877,0.25647510292156933,0.36388220818124783,0.20000000072523097
2025-05-16,1.0,5.0,31.062053680419922,event_stress,67.52000000000001,65.12,45.05,-0.012351438647012313,-0.01263599947997798,-0.0002845608329656666,-0.012635999467341976,0.20727947124106905,0.1,0.05,0.5,0.2,0.15,0.08977096260934608,0.08977049849259196,0.25649242867790567,0.3639661092945869,0.2000000009255695,0.08977096251957509,0.08977049840282143,0.2564924284214132,0.36396610893062065,0.20000000072556942
2025-05-23,1.0,5.0,21.5279541015625,event_stress,66.0,65.5,42.5,0.004692468148818385,0.006643133550347076,0.0019506654015286912,0.006643133543703942,0.20222071914230447,0.1,0.05,0.5,0.2,0.15,0.08976131991763439,0.08976119867789313,0.2564960359994701,0.3639814444793736,0.2000000009256289,0.08976131982787307,0.08976119858813192,0.256496035742974,0.3639814441153921,0.20000000072562887
2025-05-30,1.0,5.0,13.998858451843262,event_stress,66.02000000000001,66.79,41.9,-0.00406504062403564,-0.004139684971114344,-7.46443470787039e-05,-0.004139684966974658,0.1938133970083824,0.1,0.05,0.5,0.2,0.15,0.08990819773918189,0.08990243302082584,0.25644554484901894,0.3637438234662583,0.20000000092471507,0.08990819764927369,0.0899024329309234,0.25644554459257335,0.3637438231025144,0.20000000072471505
2025-06-06,1.0,5.0,14.363164901733398,event_stress,61.2,66.4,39.25,0.007044881522934988,0.006948774614744354,-9.610690819063412e-05,0.006948774607795579,0.1663656532059491,0.1,0.05,0.5,0.2,0.15,0.09272505711435647,0.09261473150003233,0.25557353423341866,0.3590866762444435,0.20000000090774891,0.0927250570216314,0.09261473140741759,0.2555735339778451,0.3590866758853568,0.2000000007077489
2025-06-13,1.0,5.0,10.996870040893555,event_stress,62.3,60.0,52.25,0.0005726751048880696,0.001713315878743834,0.0011406407738557642,0.0017133158770305178,0.14991289595020102,0.1,0.05,0.5,0.2,0.15,0.0920549251640639,0.09200523163030304,0.25559270594940614,0.36034713634213555,0.20000000091409148,0.09205492507200896,0.0920052315382978,0.2555927056938134,0.3603471359817884,0.20000000071409146
2025-06-20,1.0,5.0,10.527689933776855,event_stress,64.32000000000001,59.95,54.099999999999994,-0.0010314863145301184,-0.0035474164581989214,-0.002515930143668803,-0.0035474164546515034,0.15654976858865755,0.1,0.05,0.5,0.2,0.15,0.0982327535768071,0.09804046085343708,0.25281028713936365,0.35091649755073423,0.20000000087965805,0.09823275347857431,0.09804046075539659,0.25281028688655327,0.3509164971998176,0.20000000067965798
2025-06-27,1.0,5.0,4.751461029052734,bull_normal,62.94,58.8,54.699999999999996,-0.004529157869703852,-0.005803391842096698,-0.0012742339723928455,-0.005803391836293305,0.17737169062777164,0.1,0.05,0.5,0.2,0.15,0.09929120068671274,0.09978334987515552,0.25358422506660566,0.34734122351385777,0.20000000085766836,0.09929120058742152,0.09978334977537216,0.2535842248130214,0.3473412231665165,0.20000000065766835
2025-07-04,1.0,5.0,7.976075172424316,event_stress,59.7,60.8,39.25,0.002488160066995281,0.0022755004978192235,-0.00021265956917605744,0.002275500495543722,0.15043598036762612,0.2,0.2,0.2,0.2,0.2,0.15683109992485145,0.15385873509399894,0.2275447751057862,0.26176538951582906,0.2000000003595345,0.1568310997680203,0.15385873494014016,0.22754477487824135,0.2617653892540636,0.20000000015953442
2025-07-11,1.0,5.0,6.842781066894531,event_stress,65.8,60.7,56.0,-0.005076070793441848,-0.0028524781905828037,0.0022235926028590443,-0.002852478187730325,0.14605340741763673,0.1,0.05,0.5,0.2,0.15,0.11478854607155549,0.11415015937877218,0.24398481415260492,0.3270764796247598,0.20000000077230762,0.11478854595676694,0.114150159264622,0.2439848139086201,0.32707647929768324,0.2000000005723076
2025-07-18,1.0,5.0,5.404947280883789,event_stress,67.32000000000001,62.15,55.75,0.0011101595324215798,0.0019600960434864104,0.0008499365110648306,0.0019600960415263147,0.15823798399683586,0.1,0.05,0.5,0.2,0.15,0.12630913003384298,0.1251829454708618,0.23712364606732086,0.3113842777480006,0.20000000067997373,0.12630912990753387,0.1251829453456789,0.23712364583019724,0.31138427743661634,0.20000000047997377
2025-07-25,1.0,5.0,8.925098419189453,event_stress,60.3,59.3,42.25,-0.007953749096097664,-0.004069923874215838,0.003883825221881826,-0.004069923870145914,0.16343180356733444,0.1,0.05,0.5,0.2,0.15,0.14594326564585908,0.14381864406063738,0.2327460030826069,0.2774920867350342,0.2000000004758624,0.1459432654999158,0.14381864391681873,0.23274600284986088,0.27749208645754214,0.20000000027586237
2025-08-01,1.0,5.0,8.225475311279297,event_stress,62.120000000000005,58.75,45.15,-0.0004132086667560287,-0.0024947924208318676,-0.002081583754075839,-0.0024947924183370755,0.15978589003262175,0.1,0.05,0.5,0.2,0.15,0.10870822004442898,0.10814792232781045,0.24973591669512815,0.3334079401328081,0.20000000079982427,0.10870821993572077,0.10814792221966255,0.24973591644539228,0.3334079397994002,0.2000000005998243
2025-08-08,1.0,5.0,7.234727382659912,event_stress,65.8,61.2,57.25,0.004090394205770098,0.004770175825448863,0.0006797816196787649,0.004770175820678687,0.1380788117182087,0.1,0.05,0.5,0.2,0.15,0.11262378751914627,0.11206511464997698,0.2447791605946135,0.33053193644493534,0.2000000007913279,0.11262378740652247,0.11206511453791186,0.24477916034983432,0.33053193611440335,0.2000000005913279
2025-08-15,1.0,5.0,6.238668441772461,event_stress,69.2,61.1,42.25,-0.0033547245053674167,-0.001856535341829177,0.0014981891635382396,-0.0018565353399726415,0.15073993905840144,0.1,0.05,0.5,0.2,0.15,0.12588428536871976,0.12427239374025295,0.2417591036436148,0.30808421661719326,0.20000000063021922,0.12588428524283546,0.12427239361598055,0.2417591034018557,0.30808421630910904,0.2000000004302192
2025-08-22,1.0,5.0,5.241056442260742,event_stress,69.24000000000001,59.95,41.75,-0.00570732715588805,-0.002553456151349084,0.003153871004538966,-0.002553456148795628,0.18152708833790626,0.1,0.05,0.5,0.2,0.15,0.13821916961529027,0.13595216304750887,0.2359405720529513,0.2898880947767967,0.2000000005074528,0.1382191694770711,0.13595216291155673,0.23594057181701075,0.28988809448690867,0.20000000030745285
2025-08-29,1.0,5.0,4.36397647857666,bull_normal,64.5,61.1,45.5,0.0026960019108289886,0.00345371605933481,0.0007577141485058214,0.003453716055881093,0.15467063864967115,0.1,0.05,0.5,0.2,0.15,0.14912827665899395,0.14665668425594428,0.2284671715743794,0.27574786706830773,0.20000000044237481,0.14912827650986563,0.14665668410928753,0.22846717134591216,0.2757478667925598,0.20000000024237474
2025-09-05,1.0,5.0,6.463550090789795,event_stress,58.0,57.0,43.75,0.0014621121095695628,0.0027381207282602205,0.0012760086186906576,0.0027381207255220987,0.1794787488982191,0.2,0.2,0.2,0.2,0.2,0.15660538527342185,0.15616987162873613,0.22858892986333745,0.25863581288282966,0.20000000035167506,0.15660538511681643,0.15616987147256622,0.22858892963474844,0.2586358126241938,0.200000000151675
2025-09-12,1.0,5.0,5.523102760314941,event_stress,61.6,56.6,42.949999999999996,0.0015472800187861014,0.0029392475229608624,0.001391967504174761,0.0029392475200216146,0.16449228349293932,0.1,0.05,0.5,0.2,0.15,0.1304596633626329,0.1313388062766484,0.24370794362694517,0.29449358617161936,0.20000000056215425,0.13045966323217323,0.13133880614530957,0.2437079433832372,0.29449358587712576,0.20000000036215423
2025-09-19,1.0,5.0,4.7755608558654785,bull_normal,58.8,55.5,34.25,-0.0022562455455741827,-0.0034926458908686813,-0.0012364003452944986,-0.0034926458873760355,0.15075727970753292,0.1,0.05,0.5,0.2,0.15,0.14593535000184468,0.14366178159314488,0.23750621814202272,0.2728966498274412,0.2000000004355465,0.1459353498559093,0.14366178144948308,0.23750621790451648,0.27289664955454457,0.20000000023554648
2025-09-26,1.0,5.0,38.296531677246094,event_stress,62.5,56.4,45.5,-0.007250262080502361,-0.0076339566628322595,-0.00038369458232989824,-0.007633956655198304,0.214290335496928,0.2,0.2,0.2,0.2,0.2,0.15313001365815604,0.1509615268610991,0.22806018709549805,0.26784827198515143,0.2000000004000953,0.15313001350502606,0.1509615267101376,0.2280601868674379,0.2678482717173032,0.20000000020009534
2025-10-03,1.0,5.0,24.008583068847656,event_stress,61.67,55.10999999999999,47.345,0.002977831931867308,0.0037938437234817596,0.0008160117916144517,0.0037938437196879155,0.18888838030592087,0.1,0.05,0.5,0.2,0.15,0.08975819835068856,0.08975819500562211,0.256497101962158,0.36398650375588293,0.20000000092564837,0.08975819826093036,0.08975819491586391,0.2564971017056609,0.3639865033918964,0.20000000072564836
2025-10-10,1.0,5.0,31.567935943603516,event_stress,67.2,67.1,45.2,0.007065732491970743,0.007693633910423193,0.0006279014184524499,0.007693633902729559,0.21326748426263828,0.1,0.05,0.5,0.2,0.15,0.08501180726789812,0.08500987417725105,0.24276550933265556,0.34444656572714355,0.24276624349505171,0.0850118071828863,0.08500987409224116,0.24276550908989003,0.34444656538269697,0.24276624325228546
2025-10-17,1.0,5.0,41.91748809814453,event_stress,68.9,67.6,42.3,0.008124045094333166,0.013868286028205005,0.005744240933871839,0.01386828601433672,0.31178974034820606,0.1,0.05,0.5,0.2,0.15,0.08976079211682725,0.0897606798835246,0.25649615522898256,0.36398237184503424,0.20000000092563142,0.08976079202706645,0.08976067979376391,0.2564961549724864,0.36398237148105184,0.2000000007256314
2025-10-24,1.0,5.0,30.05729866027832,event_stress,70.2,74.8,40.55,-0.004706669147667265,-0.00769557573352661,-0.002988906585859345,-0.007695575725831035,0.3469763137860625,0.1,0.05,0.5,0.2,0.15,0.0897580809748985,0.08975807877301918,0.2564971304803285,0.3639867088461048,0.20000000092564899,0.08975808088514044,0.08975807868326112,0.2564971302238314,0.3639867084821181,0.20000000072564902
2025-10-31,1.0,5.0,15.441778182983398,event_stress,66.1,64.3,45.05,0.004196222271050027,-0.0006194775867208349,-0.004815699857770863,-0.0006194775861013573,0.34351995887521436,0.1,0.05,0.5,0.2,0.15,0.08976284148712155,0.08976267723366527,0.25649544241456435,0.3639790379390285,0.2000000009256203,0.0897628413973587,0.08976267714390258,0.2564954421580689,0.36397903757504946,0.2000000007256203
2025-11-07,1.0,5.0,13.207138061523438,event_stress,61.0,57.5,42.75,-0.0015442150751063155,-0.0009193570319706741,0.0006248580431356414,-0.000919357031051317,0.2966852159664968,0.1,0.05,0.5,0.2,0.15,0.09133065776336256,0.09128919062790697,0.2560805820564092,0.361299568636123,0.20000000091619824,0.0913306576720319,0.09128919053661777,0.2560805818003286,0.3612995682748234,0.20000000071619822
2025-11-14,1.0,5.0,12.085710525512695,event_stress,68.0,58.5,47.75,0.0011247659805972597,0.0029554224108777325,0.0018306564302804729,0.0029554224079223097,0.2691712842088788,0.1,0.05,0.5,0.2,0.15,0.0936085648818555,0.09349508625846865,0.2551432924565368,0.35775305550240427,0.2000000009007349,0.09360856478824692,0.09349508616497355,0.2551432922013935,0.35775305514465117,0.20000000070073487
2025-11-21,1.0,5.0,12.60196304321289,event_stress,63.1,56.8,49.7,-0.006618441710673633,-0.009718134084477111,-0.003099692373803478,-0.009718134074758975,0.26065429405761165,0.1,0.05,0.5,0.2,0.15,0.09539746468236675,0.09527277249135424,0.2545231643925385,0.354806597540649,0.20000000089309153,0.09539746458696928,0.09527277239608146,0.25452316413801535,0.3548065971858424,0.2000000006930915
2025-11-28,1.0,5.0,13.462798118591309,event_stress,56.5,53.5,59.25,0.002638069935137358,0.0052279053952993156,0.0025898354601619576,0.00522790539007141,0.2406721285632809,0.1,0.05,0.5,0.2,0.15,0.09375760000013039,0.09378362421610062,0.2549199859644973,0.35753878890865776,0.20000000091061396,0.09375759990637278,0.09378362412231699,0.25491998570957725,0.3575387885511189,0.20000000071061394
2025-12-05,1.0,5.0,10.849811553955078,event_stress,54.5,56.0,29.5,-0.0029251171887393185,-0.0033111220213859487,-0.00038600483264663015,-0.0033111220180748265,0.2337810600445274,0.1,0.05,0.5,0.2,0.15,0.09328044767340407,0.09328143378796935,0.2563278639273194,0.35711025371239447,0.20000000089891265,0.09328044758012362,0.09328143369468792,0.2563278636709915,0.3571102533552842,0.20000000069891263
2025-12-12,1.0,5.0,9.410663604736328,event_stress,54.19,53.69,34.84,0.0006901946851835475,-0.00046031035657157957,-0.0011505050417551272,-0.0004603103561112691,0.20262941083867422,0.1,0.05,0.5,0.2,0.15,0.09901667217088386,0.09893192915808871,0.2552780598056302,0.346773338004146,0.2000000008612514,0.09901667207186717,0.09893192905915675,0.25527805955035204,0.34677333765737256,0.20000000066125131
2025-12-19,1.0,5.0,9.18536376953125,event_stress,59.3,53.1,51.2,0.001205940419560892,7.163931084782995e-05,-0.001134301108713062,7.163931077619067e-05,0.1797737525638116,0.1,0.05,0.5,0.2,0.15,0.1031577749024649,0.10494891662476272,0.2552088792931574,0.33668442837965457,0.20000000079996053,0.10315777479930711,0.10494891651981379,0.2552088790379485,0.3366844280429701,0.2000000005999605
2025-12-26,1.0,5.0,16.54559898376465,event_stress,60.2,50.5,54.45,-0.00227997366220387,0.003149716809998743,0.005429690472202613,0.0031497168068490254,0.17705149239033038,0.1,0.05,0.5,0.2,0.15,0.10474374858663835,0.10499128419779227,0.25162640381243256,0.33863856257026986,0.2000000008328671,0.10474374848189456,0.10499128409280095,0.25162640356080607,0.3386385622316312,0.20000000063286702
2026-01-02,1.0,5.0,19.414474487304688,event_stress,60.0,60.5,40.75,-0.014387429868182238,-0.012348196586914663,0.002039233281267575,-0.012348196574566466,0.1886339959509537,0.1,0.05,0.5,0.2,0.15,0.09079418561805613,0.09076339087199588,0.25622115178712385,0.3622212708033001,0.2000000009195241,0.09079418552726194,0.09076339078123248,0.2562211515309027,0.36222127044107877,0.2000000007195241
2026-01-09,1.0,5.0,11.625614166259766,event_stress,61.34000000000001,61.720000000000006,42.75,0.0024416373889188355,0.005687629508766967,0.003245992119848132,0.0056876295030793365,0.18348672750640557,0.1,0.05,0.5,0.2,0.15,0.09008831222633576,0.09007836348772473,0.2563986079434139,0.3634347154187863,0.2000000009237394,0.09008831213624742,0.09007836339764634,0.2563986076870152,0.36343471505535146,0.20000000072373933
2026-01-16,1.0,5.0,17.040992736816406,event_stress,61.739999999999995,62.73,43.65,0.004068455124500157,0.002112841401691093,-0.001955613722809064,0.0021128413995782514,0.18123548650234134,0.1,0.05,0.5,0.2,0.15,0.0966724077942685,0.0969002628898102,0.2550181606969066,0.35140916774725023,0.20000000087176445,0.09667240769759608,0.09690026279290993,0.2550181604418884,0.35140916739584105,0.20000000067176443
2026-01-23,1.0,5.0,26.412689208984375,event_stress,61.34000000000001,60.85,45.949999999999996,0.004616912304698206,0.007688334573608261,0.0030714222689100555,0.007688334565919927,0.22762153070243785,0.1,0.05,0.5,0.2,0.15,0.09057618807066287,0.09057421940636874,0.2562728538305967,0.36257673777179256,0.20000000092057915,0.09057618798008667,0.09057421931579451,0.25627285357432383,0.3625767374092158,0.20000000072057914
2026-01-30,1.0,5.0,32.2911262512207,event_stress,58.8,52.0,37.75,0.0032746907509739044,0.004161132047086756,0.0008864412961128517,0.0041611320429256245,0.20137020595364394,0.1,0.05,0.5,0.2,0.15,0.0897776411906159,0.08977721481108202,0.25649423994281106,0.3639509031299691,0.20000000092552186,0.08977764110083827,0.08977721472130482,0.25649423968631685,0.3639509027660182,0.2000000007255219
2026-02-06,1.0,5.0,35.58478546142578,event_stress,64.2,66.8,53.55,-0.0035223674654596953,-0.008507885036138915,-0.004985517570679219,-0.008507885027631026,0.22388763311649382,0.1,0.05,0.5,0.2,0.15,0.08975988962365405,0.08975983743101916,0.2564962885610994,0.3639839834585869,0.20000000092564055,0.08975988953389413,0.0897598373412593,0.256496288304603,0.3639839830946028,0.20000000072564048
2026-02-13,1.0,5.0,27.665264129638672,event_stress,65.6,65.7,55.55,0.005006368949284729,0.004005062984654934,-0.0010013059646297945,0.00400506298064987,0.19432191312536568,0.1,0.05,0.5,0.2,0.15,0.08975852665565076,0.08975851354343245,0.2564969123566856,0.36398604651858435,0.200000000925647,0.08975852656589221,0.08975851345367392,0.2564969121001886,0.3639860461545982,0.20000000072564691
2026-02-20,1.0,5.0,27.665264129638672,event_stress,66.22,64.47999999999999,55.05,0.005006368949284729,0.004073085611033207,-0.0009332833382515214,0.004073085606960122,0.1706692848894006,0.1,0.05,0.5,0.2,0.15,0.08496950293739558,0.08496920924908272,0.24277637511711214,0.344506712744589,0.24277819995182054,0.08496950285242608,0.0849692091641135,0.24277637487433576,0.34450671240008224,0.24277819970904232
2026-02-27,1.0,5.0,18.004833221435547,event_stress,64.46000000000001,61.77,57.05,0.00041415282429494257,0.0017388380099765462,0.0013246851856816037,0.0017388380082377082,0.16723025596255994,0.1,0.05,0.5,0.2,0.15,0.08976928983609299,0.08976905782283695,0.2564919240860349,0.3639697273294372,0.20000000092559791,0.08976928974632371,0.08976905773306791,0.256491923829543,0.36396972696546753,0.20000000072559795
2026-03-06,1.0,5.0,26.89455795288086,event_stress,66.2,62.3,56.25,0.005490981347991533,0.00468800914268736,-0.0008029722053041729,0.004688009137999351,0.268615808495407,0.1,0.05,0.5,0.2,0.15,0.09029825083315512,0.0902952675850589,0.25626630803255496,0.363140172626518,0.200000000922713,0.09029825074285687,0.09029526749476363,0.2562663077762886,0.3631401722633778,0.20000000072271298
2026-03-13,1.0,5.0,49.55207824707031,event_stress,59.3,64.1,54.2,0.003979711643894957,0.006420984899068559,0.0024412732551736026,0.006420984892647574,0.4108595117401522,0.1,0.05,0.5,0.2,0.15,0.08977283021120919,0.08977340475642198,0.25649246435426437,0.363961299752539,0.2000000009255655,0.08977283012143634,0.08977340466664857,0.2564924640977719,0.3639612993885777,0.20000000072556548
2026-03-20,1.0,5.0,49.86677169799805,event_stress,60.220000000000006,63.1,56.86,-0.01050344558761116,-0.017310742718997338,-0.006807297131386178,-0.017310742701686588,0.4219353080576472,0.1,0.05,0.5,0.2,0.15,0.08975803666217311,0.08975803665593975,0.2564971481445921,0.36398677761164583,0.20000000092564932,0.08975803657241505,0.08975803656618168,0.2564971478880949,0.36398677724765893,0.20000000072564925
2026-03-27,1.0,5.0,41.9107666015625,event_stress,62.1,64.8,54.9,-0.013831361189522582,-0.013899375304376814,-6.801411485423195e-05,-0.01389937529047744,0.3629032164908555,0.1,0.05,0.5,0.2,0.15,0.08975803652562997,0.08975803648862278,0.2564971481660878,0.3639867778940102,0.20000000092564932,0.08975803643587192,0.08975803639886473,0.25649714790959066,0.3639867775300234,0.2000000007256493
2026-04-03,1.0,5.0,30.00213623046875,event_stress,62.5,64.0,55.15,-0.0006134735197462725,-0.0010232187007089752,-0.0004097451809627027,-0.0010232186996857564,0.32955477586078186,0.1,0.05,0.5,0.2,0.15,0.08975807309942777,0.08975807223374033,0.2564971314868693,0.36398672225431355,0.20000000092564918,0.08975807300966969,0.08975807214398225,0.25649713123037216,0.3639867218903268,0.20000000072564916
2026-04-10,1.0,5.0,32.401092529296875,event_stress,64.1,65.52000000000001,54.949999999999996,0.003048476824963943,0.004324738700949042,0.0012762618759850986,0.004324738696624304,0.32199943646588725,0.1,0.05,0.5,0.2,0.15,0.08976233637291078,0.08976269363571163,0.2564960844222291,0.3639788846435321,0.20000000092561634,0.08976233628314846,0.08976269354594894,0.25649608416573305,0.36397888427955327,0.20000000072561638
2026-04-17,1.0,5.0,34.855133056640625,event_stress,58.1,67.0,47.75,0.006557007463751456,0.008391850096567547,0.001834842632816091,0.008391850088175695,0.35478081460074523,0.1,0.05,0.5,0.2,0.15,0.08975966637165023,0.08975988953930636,0.2564970803849892,0.3639833627784198,0.20000000092563439,0.08975966628189055,0.08975988944954646,0.2564970801284921,0.3639833624144364,0.20000000072563437
2026-04-24,1.0,5.0,34.855133056640625,event_stress,55.19,63.65999999999999,50.12,0.006557007463751456,0.008391791549372524,0.0018347840856210683,0.008391791540980733,0.38100661548082526,0.1,0.05,0.5,0.2,0.15,0.0897586123991004,0.08975870189805793,0.2564971423834271,0.3639855423937704,0.20000000092564424,0.08975861230934178,0.08975870180829922,0.2564971421269299,0.36398554202978484,0.20000000072564422
