date,alpha,tau,ae_error,regime_label,llm_macro,llm_sentiment,llm_risk,r_normal,r_event,edge_event_minus_normal,week_return_fused,regret_ema_norm,w_normal_broad,w_normal_satellite,w_normal_fi,w_normal_safe,w_normal_cash,w_event_broad,w_event_satellite,w_event_fi,w_event_safe,w_event_cash,w_fused_broad,w_fused_satellite,w_fused_fi,w_fused_safe,w_fused_cash
2015-01-02,0.821931105852127,20.0,0.0,bull_normal,50.0,50.0,50.0,-0.0004901547062839371,-0.0031686644892564555,-0.0026785097829725183,-0.002691705211546575,1.0,0.2,0.2,0.2,0.2,0.2,0.18000345345259544,0.121884559388736,0.2789518033585632,0.22079990594741114,0.19836027785269422,0.18356421619950405,0.13579448937846317,0.2648929427786306,0.2170960894798798,0.1986522611635225
2015-01-09,1.0,20.0,0.0,bull_normal,50.0,50.0,50.0,-0.0025131524522028262,-0.002819214247730167,-0.0003060617955273409,-0.0028192142449109518,1.0,0.2,0.2,0.2,0.2,0.2,0.18,0.12,0.28,0.22,0.2,0.17999999981999998,0.11999999987999999,0.27999999972,0.21999999977999998,0.1999999998
2015-01-16,1.0,20.0,0.0,bull_normal,50.0,50.0,50.0,-0.001176714355547016,0.0010654437707543981,0.002242158126301414,0.0010654437696889544,1.0,0.2,0.2,0.2,0.2,0.2,0.18,0.12,0.28,0.22,0.2,0.17999999981999998,0.11999999987999999,0.27999999972,0.21999999977999998,0.1999999998
2015-01-23,1.0,20.0,0.0,bull_normal,50.0,50.0,50.0,0.0012054210475232975,0.0003403103297766303,-0.0008651107177466672,0.00034031032943632026,1.0,0.2,0.2,0.2,0.2,0.2,0.18001176943800068,0.12169004169695637,0.2790530946152499,0.22070525165411542,0.19853984259567758,0.18001176925798892,0.12169004157526635,0.27905309433619685,0.2207052514334102,0.19853984239713776
2015-01-30,1.0,20.0,0.0,bull_normal,50.0,50.0,50.0,-0.001025800842670565,-0.0010470777323673091,-2.1276889696744206e-05,-0.0010470777313202318,1.0,0.2,0.2,0.2,0.2,0.2,0.17998396839909325,0.12214955194740651,0.27873276789874224,0.2210415056330533,0.1980922061217045,0.1799839682191093,0.12214955182525697,0.27873276762000954,0.22104150541201184,0.19809220592361232
2015-02-06,1.0,20.0,0.0,bull_normal,50.0,50.0,50.0,0.0008989881088719472,0.0011276107096253186,0.00022862260075337136,0.001127610708497708,0.9153666159810679,0.2,0.2,0.2,0.2,0.2,0.18030484110830453,0.12269356627399672,0.2785090586423055,0.2204407334656677,0.19805180050972557,0.18030484092799967,0.12269356615130314,0.2785090583637964,0.22044073324522695,0.19805180031167374
2015-02-13,1.0,20.0,0.0,bull_normal,50.0,50.0,50.0,0.004767761827223811,0.004569428466847312,-0.0001983333603764988,0.004569428462277883,0.965663896050169,0.2,0.2,0.2,0.2,0.2,0.17981268444058054,0.1235616555827667,0.2781313289045578,0.22183047381034418,0.19666385726175087,0.17981268426076785,0.12356165545920504,0.2781313286264264,0.22183047358851368,0.196663857065087
2015-02-20,1.0,20.0,0.0,bull_normal,50.0,50.0,50.0,-0.006994897014407002,-0.0070566303896879784,-6.173337528097601e-05,-0.007056630382631345,0.9329329960852034,0.2,0.2,0.2,0.2,0.2,0.18014179345911194,0.1219678406545891,0.2788992500072784,0.22052260084538816,0.19846851503363241,0.1801417932789701,0.12196784053262122,0.27889924972837904,0.2205226006248655,0.19846851483516384
2015-02-27,1.0,20.0,0.0,bull_normal,50.0,50.0,50.0,-0.008773345393264458,-0.008397572773890898,0.0003757726193735593,-0.008397572765493324,0.8201861636992938,0.2,0.2,0.2,0.2,0.2,0.17994800053992696,0.1261888839638268,0.27702772451480934,0.22222970182068782,0.1946056891607492,0.1799480003599789,0.12618888383763788,0.27702772423778155,0.22222970159845806,0.19460568896614344
2015-03-06,1.0,20.0,0.0,bull_normal,50.0,50.0,50.0,-0.005159333557184773,-0.004814720740963334,0.00034461281622143874,-0.004814720736148612,0.7059867243866599,0.2,0.2,0.2,0.2,0.2,0.18,0.12,0.28,0.22,0.2,0.17999999981999998,0.11999999987999999,0.27999999972,0.21999999977999998,0.1999999998
2015-03-13,1.0,20.0,0.0,bull_normal,50.0,50.0,50.0,-0.005120252671088977,-0.0056076287221461674,-0.00048737605105719003,-0.005607628716538537,0.6763096295008136,0.2,0.2,0.2,0.2,0.2,0.18001975811533183,0.12060158717614196,0.2796487901953716,0.22023137557098446,0.1994984889421703,0.18001975793531202,0.12060158705554033,0.27964878991572273,0.22023137535075302,0.19949848874267173
2015-03-20,1.0,20.0,0.0,bull_normal,50.0,50.0,50.0,-0.0009662512153522741,-0.0002400801775225215,0.0007261710378297526,-0.00024008017728244092,0.8445270262181435,0.2,0.2,0.2,0.2,0.2,0.18,0.12,0.28,0.22,0.2,0.17999999981999998,0.11999999987999999,0.27999999972,0.21999999977999998,0.1999999998
2015-03-27,1.0,20.0,0.0,bull_normal,50.0,50.0,50.0,0.005113960267172764,0.005391320921273547,0.000277360654100783,0.005391320915882225,0.8687251944679124,0.2,0.2,0.2,0.2,0.2,0.18,0.12,0.28,0.22,0.2,0.17999999981999998,0.11999999987999999,0.27999999972,0.21999999977999998,0.1999999998
2015-04-03,1.0,20.0,0.0,bull_normal,50.0,50.0,50.0,0.001500158432077129,0.0025730516725487873,0.0010728932404716583,0.0025730516699757353,0.8722592650098553,0.2,0.2,0.2,0.2,0.2,0.18,0.12,0.28,0.22,0.2,0.17999999981999998,0.11999999987999999,0.27999999972,0.21999999977999998,0.1999999998
2015-04-10,1.0,20.0,0.0,bull_normal,50.0,50.0,50.0,5.209625108801669e-05,-0.0006341111114025263,-0.000686207362490543,-0.0006341111107684147,0.948933570708659,0.2,0.2,0.2,0.2,0.2,0.18,0.12,0.28,0.22,0.2,0.17999999981999998,0.11999999987999999,0.27999999972,0.21999999977999998,0.1999999998
2015-04-17,1.0,20.0,0.0,bull_normal,50.0,50.0,50.0,-0.0030143622374661106,-0.004220872037870266,-0.001206509800404155,-0.004220872033649393,1.0,0.2,0.2,0.2,0.2,0.2,0.18,0.12,0.28,0.22,0.2,0.17999999981999998,0.11999999987999999,0.27999999972,0.21999999977999998,0.1999999998
2015-04-24,1.0,20.0,0.0,bull_normal,50.0,50.0,50.0,0.002116481914596916,0.0019767055027919153,-0.00013977641180500057,0.0019767055008152097,1.0,0.2,0.2,0.2,0.2,0.2,0.18,0.12,0.28,0.22,0.2,0.17999999981999998,0.11999999987999999,0.27999999972,0.21999999977999998,0.1999999998
2015-05-01,1.0,20.0,0.0,bull_normal,50.0,50.0,50.0,-0.006354090553692137,-0.007204231544414505,-0.000850140990722368,-0.007204231537210273,0.9781319648745408,0.2,0.2,0.2,0.2,0.2,0.18036461236459422,0.12385579503233764,0.27778225243644333,0.22089361309026498,0.19710372707635976,0.18036461218422958,0.12385579490848184,0.27778225215866104,0.22089361286937134,0.197103726879256
2015-05-08,1.0,20.0,0.0,bull_normal,50.0,50.0,50.0,0.0010465934781263909,-0.0012675533057799465,-0.0023141467839063374,-0.0012675533045123932,0.9972948010860562,0.2,0.2,0.2,0.2,0.2,0.18,0.12,0.28,0.22,0.2,0.17999999981999998,0.11999999987999999,0.27999999972,0.21999999977999998,0.1999999998
2015-05-15,1.0,20.0,0.0,bull_normal,50.0,50.0,50.0,-0.006273018445926292,-0.006521490791739537,-0.0002484723458132448,-0.006521490785218046,0.9901809908334019,0.2,0.2,0.2,0.2,0.2,0.1794828116820465,0.1248892060981845,0.2777106729543234,0.22279552495235241,0.1951217843130932,0.17948281150256368,0.1248892059732953,0.2777106726766127,0.22279552472955688,0.1951217841179714
2015-05-22,1.0,20.0,0.0,bull_normal,50.0,50.0,50.0,0.0064774640668103295,0.006146721039457322,-0.00033074302735300754,0.006146721033310601,0.9124471961133536,0.2,0.2,0.2,0.2,0.2,0.18007771272020417,0.12217777606765669,0.2787941615734254,0.22074741575676388,0.19820293388194973,0.18007771254012644,0.1221777759454789,0.2787941612946312,0.22074741553601646,0.19820293368374678
2015-05-29,1.0,20.0,0.0,bull_normal,50.0,50.0,50.0,-0.0024211823495320314,-0.004057449144591245,-0.0016362667950592133,-0.004057449140533795,1.0,0.2,0.2,0.2,0.2,0.2,0.18,0.12,0.28,0.22,0.2,0.17999999981999998,0.11999999987999999,0.27999999972,0.21999999977999998,0.1999999998
2015-06-05,1.0,20.0,0.0,bull_normal,50.0,50.0,50.0,-0.004437925468814379,-0.005978967917317864,-0.0015410424485034846,-0.005978967911338895,1.0,0.2,0.2,0.2,0.2,0.2,0.17929793817117673,0.12517604117454187,0.27752207526200207,0.2233800419333006,0.19462390345897873,0.17929793799187876,0.1251760410493658,0.27752207498447995,0.22338004170992054,0.1946239032643548
2015-06-12,1.0,20.0,0.0,bull_normal,50.0,50.0,50.0,0.0007273355485030403,1.747540869672483e-05,-0.0007098601398063154,1.747540867924901e-05,1.0,0.2,0.2,0.2,0.2,0.2,0.18,0.12,0.28,0.22,0.2,0.17999999981999998,0.11999999987999999,0.27999999972,0.21999999977999998,0.1999999998
2015-06-19,1.0,20.0,0.0,bull_normal,50.0,50.0,50.0,-0.0031053320226830565,-0.0031707285778022802,-6.539655511922371e-05,-0.0031707285746315514,0.9220264205962495,0.2,0.2,0.2,0.2,0.2,0.18,0.12,0.28,0.22,0.2,0.17999999981999998,0.11999999987999999,0.27999999972,0.21999999977999998,0.1999999998
2015-06-26,1.0,20.0,0.0,bull_normal,50.0,50.0,50.0,-0.0003567111103549154,0.00020118890929522252,0.0005579000196501379,0.0002011889090940336,0.7846283204443933,0.2,0.2,0.2,0.2,0.2,0.18,0.12,0.28,0.22,0.2,0.17999999981999998,0.11999999987999999,0.27999999972,0.21999999977999998,0.1999999998
2015-07-03,1.0,20.0,0.0,bull_normal,50.0,50.0,50.0,0.011570738648707184,0.010180259566705334,-0.0013904790820018498,0.010180259556525073,0.8118907828563373,0.2,0.2,0.2,0.2,0.2,0.18,0.12,0.28,0.22,0.2,0.17999999981999998,0.11999999987999999,0.27999999972,0.21999999977999998,0.1999999998
2015-07-10,1.0,20.0,0.0,bull_normal,50.0,50.0,50.0,-0.008017894768061359,-0.009462964929962039,-0.00144507016190068,-0.009462964920499074,0.982402814121655,0.2,0.2,0.2,0.2,0.2,0.18,0.12,0.28,0.22,0.2,0.17999999981999998,0.11999999987999999,0.27999999972,0.21999999977999998,0.1999999998
2015-07-17,1.0,20.0,0.0,bull_normal,50.0,50.0,50.0,-0.001839095846500036,-0.002489178828004327,-0.0006500829815042908,-0.0024891788255151474,0.867416213645262,0.2,0.2,0.2,0.2,0.2,0.18,0.12,0.28,0.22,0.2,0.17999999981999998,0.11999999987999999,0.27999999972,0.21999999977999998,0.1999999998
2015-07-24,1.0,20.0,0.0,bull_normal,50.0,50.0,50.0,-0.002345292654099463,-0.003361040023503173,-0.0010157473694037099,-0.0033610400201421324,0.9823848285768036,0.2,0.2,0.2,0.2,0.2,0.18,0.12,0.28,0.22,0.2,0.17999999981999998,0.11999999987999999,0.27999999972,0.21999999977999998,0.1999999998
2015-07-31,1.0,20.0,0.0,bull_normal,50.0,50.0,50.0,-0.008822476447381789,-0.008286724427107598,0.0005357520202741908,-0.008286724418820873,0.886674666558051,0.2,0.2,0.2,0.2,0.2,0.17994502805922,0.12353271908731603,0.27799396433694945,0.22168928765338208,0.19683900086313244,0.17994502787927497,0.1235327189637833,0.2779939640589555,0.22168928743169278,0.19683900066629342
2015-08-07,1.0,20.0,0.0,bull_normal,50.0,50.0,50.0,-0.000650434896508682,-0.0023838994834404037,-0.0017334645869317216,-0.0023838994810565037,1.0,0.2,0.2,0.2,0.2,0.2,0.17987317290491103,0.1235351444873386,0.27810669578298924,0.22172465725019355,0.19676032957456752,0.17987317272503783,0.12353514436380345,0.27810669550488254,0.22172465702846889,0.19676032937780716
2015-08-14,1.0,20.0,0.0,bull_normal,50.0,50.0,50.0,-0.0024538915437285935,-0.0027710228465084377,-0.0003171313027798442,-0.0027710228437374143,0.9534904436899609,0.2,0.2,0.2,0.2,0.2,0.1800200061624319,0.12061390257021141,0.27964352359823985,0.22023424907542244,0.19948831859369445,0.18002000598241186,0.12061390244959748,0.27964352331859627,0.22023424885518814,0.19948831839420608
2015-08-21,1.0,20.0,0.0,bull_normal,50.0,50.0,50.0,-0.001656303844993069,-0.0011483630461183382,0.0005079407988747308,-0.0011483630449699751,0.9100435138064915,0.2,0.2,0.2,0.2,0.2,0.18,0.12,0.28,0.22,0.2,0.17999999981999998,0.11999999987999999,0.27999999972,0.21999999977999998,0.1999999998
2015-08-28,1.0,20.0,0.0,bull_normal,50.0,50.0,50.0,0.001858538010002179,0.0029245388698720103,0.0010660008598698313,0.0029245388669474712,0.9221483102705483,0.2,0.2,0.2,0.2,0.2,0.18,0.12,0.28,0.22,0.2,0.17999999981999998,0.11999999987999999,0.27999999972,0.21999999977999998,0.1999999998
2015-09-04,1.0,20.0,0.0,bull_normal,50.0,50.0,50.0,0.0005605222967565651,0.0018592538426587671,0.001298731545902202,0.0018592538407995129,0.8782557416939885,0.2,0.2,0.2,0.2,0.2,0.18,0.12,0.28,0.22,0.2,0.17999999981999998,0.11999999987999999,0.27999999972,0.21999999977999998,0.1999999998
2015-09-11,1.0,20.0,0.0,bull_normal,50.0,50.0,50.0,0.005498732165703471,0.004770154100539243,-0.0007285780651642279,0.004770154095769088,0.8961544640877445,0.2,0.2,0.2,0.2,0.2,0.18,0.12,0.28,0.22,0.2,0.17999999981999998,0.11999999987999999,0.27999999972,0.21999999977999998,0.1999999998
2015-09-18,1.0,20.0,0.0,bull_normal,50.0,50.0,50.0,0.006412099326965221,0.004914941561656209,-0.0014971577653090113,0.004914941556741267,1.0,0.2,0.2,0.2,0.2,0.2,0.18,0.12,0.28,0.22,0.2,0.17999999981999998,0.11999999987999999,0.27999999972,0.21999999977999998,0.1999999998
2015-09-25,1.0,20.0,0.0,bull_normal,50.0,50.0,50.0,0.0008582545176121005,-0.000928619110229503,-0.0017868736278416034,-0.000928619109300885,1.0,0.2,0.2,0.2,0.2,0.2,0.1798892039914061,0.12376691057792458,0.27798657707472724,0.22177673610427073,0.19658057225167122,0.1798892038115169,0.12376691045415768,0.2779865767967407,0.22177673588249402,0.19658057205509066
2015-10-02,1.0,20.0,0.0,bull_normal,50.0,50.0,50.0,0.003772984822792629,0.0033894014791767623,-0.0003835833436158665,0.003389401475787361,1.0,0.2,0.2,0.2,0.2,0.2,0.18,0.12,0.28,0.22,0.2,0.17999999981999998,0.11999999987999999,0.27999999972,0.21999999977999998,0.1999999998
2015-10-09,1.0,20.0,0.0,bull_normal,50.0,50.0,50.0,0.006650360306511844,0.007255231285468461,0.0006048709789566176,0.007255231278213229,0.855889609367046,0.2,0.2,0.2,0.2,0.2,0.18,0.12,0.28,0.22,0.2,0.17999999981999998,0.11999999987999999,0.27999999972,0.21999999977999998,0.1999999998
2015-10-16,1.0,20.0,0.0,bull_normal,50.0,50.0,50.0,-0.002220537756317831,-0.0012027128153856738,0.0010178249409321573,-0.0012027128141829605,0.7854788479125928,0.2,0.2,0.2,0.2,0.2,0.18000647544015944,0.12015238934016825,0.27990637702412474,0.22006059511865936,0.19987416307688816,0.18000647526015295,0.12015238922001585,0.27990637674421837,0.22006059489859875,0.19987416287701398
2015-10-23,1.0,20.0,0.0,bull_normal,50.0,50.0,50.0,-0.0011363002927184827,0.000398262416680043,0.0015345627093985258,0.0003982624162817804,0.7735573423040129,0.2,0.2,0.2,0.2,0.2,0.18,0.12,0.28,0.22,0.2,0.17999999981999998,0.11999999987999999,0.27999999972,0.21999999977999998,0.1999999998
2015-10-30,1.0,20.0,0.0,bull_normal,50.0,50.0,50.0,-0.002458950453452324,-0.004551386531465043,-0.002092436078012719,-0.004551386526913656,0.8081673989246477,0.2,0.2,0.2,0.2,0.2,0.18000940933906232,0.12178413012536773,0.2790037818499091,0.22074755618252187,0.19845512250313896,0.1800094091590529,0.1217841300035836,0.2790037815709053,0.22074755596177428,0.19845512230468382
2015-11-06,1.0,20.0,0.0,bull_normal,50.0,50.0,50.0,0.009081730593207084,0.010046099466681608,0.0009643688734745238,0.010046099456635506,0.7951133492339914,0.2,0.2,0.2,0.2,0.2,0.18021481662915376,0.12438456488980877,0.2773670689114684,0.22160712217045211,0.19642642739911706,0.1802148164489389,0.1243845647654242,0.2773670686341013,0.22160712194884497,0.19642642720269063
2015-11-13,1.0,20.0,0.0,bull_normal,50.0,50.0,50.0,-0.004469563395087397,-0.004571578150503037,-0.00010201475541563986,-0.0045715781459314585,0.8156184541889231,0.2,0.2,0.2,0.2,0.2,0.18,0.12,0.28,0.22,0.2,0.17999999981999998,0.11999999987999999,0.27999999972,0.21999999977999998,0.1999999998
2015-11-20,1.0,20.0,0.0,bull_normal,50.0,50.0,50.0,0.006082665353950658,0.006672972957482038,0.0005903076035313802,0.006672972950809065,0.7742235233286625,0.2,0.2,0.2,0.2,0.2,0.18,0.12,0.28,0.22,0.2,0.17999999981999998,0.11999999987999999,0.27999999972,0.21999999977999998,0.1999999998
2015-11-27,1.0,20.0,0.0,bull_normal,50.0,50.0,50.0,-0.006629404609074858,-0.005408900013089678,0.0012205045959851795,-0.005408900007680777,0.8190455181621087,0.2,0.2,0.2,0.2,0.2,0.18,0.12,0.28,0.22,0.2,0.17999999981999998,0.11999999987999999,0.27999999972,0.21999999977999998,0.1999999998
2015-12-04,1.0,20.0,0.0,bull_normal,50.0,50.0,50.0,0.00497347706993642,0.003559429842246716,-0.0014140472276897038,0.003559429838687286,0.8253035283315914,0.2,0.2,0.2,0.2,0.2,0.18,0.12,0.28,0.22,0.2,0.17999999981999998,0.11999999987999999,0.27999999972,0.21999999977999998,0.1999999998
2015-12-11,1.0,20.0,0.0,bull_normal,50.0,50.0,50.0,0.003608644524468404,0.002803762043518538,-0.0008048824809498657,0.0028037620407147766,0.8141684444396324,0.2,0.2,0.2,0.2,0.2,0.18,0.12,0.28,0.22,0.2,0.17999999981999998,0.11999999987999999,0.27999999972,0.21999999977999998,0.1999999998
2015-12-18,1.0,20.0,0.0,bull_normal,50.0,50.0,50.0,0.006098028049222605,0.00682690627146474,0.0007288782222421349,0.006826906264637836,0.8505352450151448,0.2,0.2,0.2,0.2,0.2,0.18001864725089092,0.1205482654391745,0.2796799523779881,0.2202093474368359,0.1995437874951106,0.1800186470708723,0.12054826531862625,0.2796799520983082,0.22020934721662658,0.19954378729556682
2015-12-25,1.0,20.0,0.0,bull_normal,50.0,50.0,50.0,-0.00018078427046632644,0.0014721525081740708,0.0016529367786403972,0.0014721525067019183,0.8310795116967997,0.2,0.2,0.2,0.2,0.2,0.1799027412321935,0.12341933776228678,0.27821531978423875,0.22155541461936273,0.1969071866019182,0.1799027410522908,0.12341933763886746,0.27821531950602346,0.22155541439780735,0.19690718640501104
2016-01-01,1.0,20.0,0.0,bull_normal,50.0,50.0,50.0,-0.009133721517247296,-0.011080144212889395,-0.0019464226956420992,-0.01108014420180925,0.8207243021926239,0.2,0.2,0.2,0.2,0.2,0.18,0.12,0.28,0.22,0.2,0.17999999981999998,0.11999999987999999,0.27999999972,0.21999999977999998,0.1999999998
2016-01-08,1.0,20.0,0.0,bull_normal,50.0,50.0,50.0,0.0026124584233950883,0.003076079977811353,0.00046362155441626463,0.003076079974735273,0.7428704424356168,0.2,0.2,0.2,0.2,0.2,0.17988804015942222,0.12310705294305478,0.2783295762616824,0.22152433929642168,0.19715099133941888,0.17988803997953418,0.12310705281994772,0.27832957598335284,0.22152433907489733,0.19715099114226786
2016-01-15,1.0,20.0,0.0,bull_normal,50.0,50.0,50.0,0.005154896876634812,0.003657740910173809,-0.0014971559664610024,0.0036577409065160675,0.7657204513056841,0.2,0.2,0.2,0.2,0.2,0.18001546513375893,0.12042132592390434,0.2797353291054542,0.22017991340469506,0.19964796643218757,0.18001546495374346,0.120421325803483,0.27973532882571883,0.22017991318451513,0.19964796623253958
2016-01-22,1.0,20.0,0.0,bull_normal,50.0,50.0,50.0,-0.003757415000564858,-0.0039052566426677157,-0.00014784164210285755,-0.0039052566387624585,0.724636050348456,0.2,0.2,0.2,0.2,0.2,0.18001060927852527,0.12026453487697125,0.27983884782544405,0.2201050654312607,0.1997809425877987,0.18001060909851466,0.1202645347567067,0.2798388475456052,0.22010506521115564,0.19978094238801772
2016-01-29,1.0,20.0,0.0,bull_normal,50.0,50.0,50.0,0.002484205112130843,0.0021951089050878283,-0.00028909620704301465,0.0021951089028927192,0.7753857150274672,0.2,0.2,0.2,0.2,0.2,0.18,0.12,0.28,0.22,0.2,0.17999999981999998,0.11999999987999999,0.27999999972,0.21999999977999998,0.1999999998
2016-02-05,1.0,20.0,0.0,bull_normal,50.0,50.0,50.0,0.002105539347453984,0.00014106266519855467,-0.0019644766822554294,0.00014106266505749224,0.7799374015190124,0.2,0.2,0.2,0.2,0.2,0.18,0.12,0.28,0.22,0.2,0.17999999981999998,0.11999999987999999,0.27999999972,0.21999999977999998,0.1999999998
2016-02-12,1.0,20.0,0.0,bull_normal,50.0,50.0,50.0,0.0038107932026000915,0.003179103042417187,-0.0006316901601829046,0.003179103039238084,0.7281317750819015,0.2,0.2,0.2,0.2,0.2,0.1800046618646905,0.12006650613669995,0.2799609392828041,0.22002011476148264,0.1999477779543229,0.18000466168468582,0.12006650601663343,0.27996093900284313,0.2200201145414625,0.1999477777543751
2016-02-19,1.0,20.0,0.0,bull_normal,50.0,50.0,50.0,0.000922835540486649,0.0020387778482903623,0.0011159423078037133,0.0020387778462515843,0.7114701786524608,0.2,0.2,0.2,0.2,0.2,0.1799954884300081,0.12199676675205935,0.2788481289737918,0.22091418949429106,0.19824542634984985,0.17999548825001255,0.12199676663006255,0.2788481286949436,0.2209141892733768,0.19824542615160437
2016-02-26,1.0,20.0,0.0,bull_normal,50.0,50.0,50.0,-0.0014696209107712345,-0.002724972224726809,-0.0012553513139555747,-0.0027249722220018366,0.6882017784860235,0.2,0.2,0.2,0.2,0.2,0.18,0.12,0.28,0.22,0.2,0.17999999981999998,0.11999999987999999,0.27999999972,0.21999999977999998,0.1999999998
2016-03-04,1.0,20.0,0.0,bull_normal,50.0,50.0,50.0,0.004879447310386945,0.005718185207940243,0.0008387378975532982,0.005718185202222057,0.7085207708242466,0.2,0.2,0.2,0.2,0.2,0.18,0.12,0.28,0.22,0.2,0.17999999981999998,0.11999999987999999,0.27999999972,0.21999999977999998,0.1999999998
2016-03-11,1.0,20.0,0.0,bull_normal,50.0,50.0,50.0,0.0008676740462868821,0.0018163292091234364,0.0009486551628365543,0.0018163292073071064,0.7271459824421748,0.2,0.2,0.2,0.2,0.2,0.18,0.12,0.28,0.22,0.2,0.17999999981999998,0.11999999987999999,0.27999999972,0.21999999977999998,0.1999999998
2016-03-18,1.0,20.0,0.0,bull_normal,50.0,50.0,50.0,0.006201089953056554,0.00538804865265249,-0.0008130413004040641,0.00538804864726444,0.6832202761211973,0.2,0.2,0.2,0.2,0.2,0.17987480299288577,0.12318541581871867,0.2782770572893616,0.2215989094591173,0.1970638144399166,0.17987480281301096,0.12318541569553325,0.2782770570110845,0.22159890923751838,0.19706381424285277
2016-03-25,1.0,20.0,0.0,bull_normal,50.0,50.0,50.0,0.0068795367939251005,0.00463810488387562,-0.0022414319100494805,0.004638104879237514,0.8610857133177092,0.2,0.2,0.2,0.2,0.2,0.18,0.12,0.28,0.22,0.2,0.17999999981999998,0.11999999987999999,0.27999999972,0.21999999977999998,0.1999999998
2016-04-01,1.0,20.0,0.0,bull_normal,50.0,50.0,50.0,0.0031654726011264493,0.002007892622253401,-0.0011575799788730483,0.002007892620245508,0.8393020113523771,0.2,0.2,0.2,0.2,0.2,0.18005836295595923,0.12151874531994956,0.2791423033932282,0.22053098640673932,0.1987496019241237,0.18005836277590084,0.12151874519843081,0.2791423031140859,0.2205309861862083,0.19874960172537406
2016-04-08,1.0,20.0,0.0,bull_normal,50.0,50.0,50.0,-0.0016147003155402293,-0.0017297932244242028,-0.00011509290888397352,-0.0017297932226944092,0.833011464830775,0.2,0.2,0.2,0.2,0.2,0.18,0.12,0.28,0.22,0.2,0.17999999981999998,0.11999999987999999,0.27999999972,0.21999999977999998,0.1999999998
2016-04-15,1.0,20.0,0.0,bull_normal,50.0,50.0,50.0,-0.0022200776824079704,-0.004249779891865394,-0.002029702209457423,-0.004249779887615613,0.780682411976678,0.2,0.2,0.2,0.2,0.2,0.18013606546991623,0.12129089316614726,0.2792657060699121,0.22025730019384995,0.19905003510017436,0.18013606528978018,0.12129089304485638,0.2792657057906464,0.2202572999735927,0.19905003490112436
2016-04-22,1.0,20.0,0.0,bull_normal,50.0,50.0,50.0,0.0027156297141613206,0.0020221716774071973,-0.0006934580367541233,0.0020221716753850254,0.8184735755198647,0.2,0.2,0.2,0.2,0.2,0.18,0.12,0.28,0.22,0.2,0.17999999981999998,0.11999999987999999,0.27999999972,0.21999999977999998,0.1999999998
2016-04-29,1.0,20.0,0.0,bull_normal,50.0,50.0,50.0,0.0015204828935014901,0.001851925958925048,0.0003314430654235579,0.0018519259570731227,0.7419843087944514,0.2,0.2,0.2,0.2,0.2,0.180212462711788,0.12319258383095297,0.278268349457688,0.2208258577914984,0.1975007462080726,0.18021246253157552,0.12319258370776037,0.27826834917941967,0.22082585757067252,0.19750074601057183
2016-05-06,1.0,20.0,0.0,bull_normal,50.0,50.0,50.0,0.00399803884894721,0.004320508152421809,0.0003224693034745993,0.0043205081481013,0.7236830692202368,0.2,0.2,0.2,0.2,0.2,0.17992162442893864,0.12378846921163077,0.2779787866448544,0.2217060738653464,0.19660504584922975,0.179921624249017,0.12378846908784229,0.2779787863668756,0.2217060736436403,0.19660504565262468
2016-05-13,1.0,20.0,0.0,bull_normal,50.0,50.0,50.0,-0.002100970478219461,-0.0034317075111865826,-0.0013307370329671215,-0.0034317075077548746,0.727644188083281,0.2,0.2,0.2,0.2,0.2,0.17999901113981334,0.12197090999352303,0.27890743522812117,0.22084297158333394,0.19827967205520855,0.17999901095981433,0.12197090987155211,0.2789074349492137,0.22084297136249095,0.19827967185692885
2016-05-20,1.0,20.0,0.0,bull_normal,50.0,50.0,50.0,0.00753491514933883,0.00752918293896321,-5.732210375620182e-06,0.007529182931434028,0.7768844171867962,0.2,0.2,0.2,0.2,0.2,0.17999305724610729,0.12207440305797741,0.2788547600567009,0.2208954645612057,0.19818231507800868,0.17999305706611426,0.12207440293590302,0.2788547597778462,0.22089546434031027,0.1981823148798264
2016-05-27,1.0,20.0,0.0,bull_normal,50.0,50.0,50.0,0.005782201747125537,0.007452792153168539,0.0016705904060430026,0.0074527921457157465,0.792826796120228,0.2,0.2,0.2,0.2,0.2,0.18,0.12,0.28,0.22,0.2,0.17999999981999998,0.11999999987999999,0.27999999972,0.21999999977999998,0.1999999998
2016-06-03,1.0,20.0,0.0,bull_normal,50.0,50.0,50.0,-0.0035401688615886787,-0.002062380253529288,0.0014777886080593909,-0.002062380251466907,0.8113033305155105,0.2,0.2,0.2,0.2,0.2,0.18,0.12,0.28,0.22,0.2,0.17999999981999998,0.11999999987999999,0.27999999972,0.21999999977999998,0.1999999998
2016-06-10,1.0,20.0,0.0,bull_normal,50.0,50.0,50.0,-0.00047972144234075334,-0.0004066579208683119,7.306352147244146e-05,-0.0004066579204616541,0.7457435136053563,0.2,0.2,0.2,0.2,0.2,0.18000547654154514,0.12012708466396518,0.27992026667488873,0.2200522732224316,0.1998948988971694,0.1800054763615396,0.12012708454383807,0.27992026639496836,0.22005227300237926,0.19989489869727445
2016-06-17,1.0,20.0,0.0,bull_normal,50.0,50.0,50.0,-0.004908602843143934,-0.006409810122096979,-0.0015012072789530456,-0.006409810115687169,0.7899228789248239,0.2,0.2,0.2,0.2,0.2,0.18,0.12,0.28,0.22,0.2,0.17999999981999998,0.11999999987999999,0.27999999972,0.21999999977999998,0.1999999998
2016-06-24,1.0,20.0,0.0,bull_normal,50.0,50.0,50.0,0.004444071535206787,0.003507202924117774,-0.0009368686110890127,0.00350720292061057,0.8287691018776061,0.2,0.2,0.2,0.2,0.2,0.18,0.12,0.28,0.22,0.2,0.17999999981999998,0.11999999987999999,0.27999999972,0.21999999977999998,0.1999999998
2016-07-01,1.0,20.0,0.0,bull_normal,50.0,50.0,50.0,0.0034536631582379345,0.004067390704859442,0.0006137275466215077,0.004067390700792052,0.7350772435826427,0.2,0.2,0.2,0.2,0.2,0.18,0.12,0.28,0.22,0.2,0.17999999981999998,0.11999999987999999,0.27999999972,0.21999999977999998,0.1999999998
2016-07-08,1.0,20.0,0.0,bull_normal,50.0,50.0,50.0,-0.0032603166809315283,-0.0041480666925044615,-0.0008877500115729332,-0.004148066688356396,0.6904243106449334,0.2,0.2,0.2,0.2,0.2,0.17996095058276051,0.12296997779832106,0.27822727475275827,0.22150338864472818,0.1973384082214319,0.17996095040279958,0.1229699776753511,0.27822727447453105,0.2215033884232248,0.19733840802409353
2016-07-15,1.0,20.0,0.0,bull_normal,50.0,50.0,50.0,0.010616653611431154,0.010248808574775796,-0.0003678450366553579,0.010248808564526986,0.8219480842126266,0.2,0.2,0.2,0.2,0.2,0.18005443036062616,0.12037387388998076,0.2797842857477833,0.22004327061474635,0.19974413938686342,0.1800544301805717,0.12037387376960688,0.279784285467999,0.22004327039470306,0.19974413918711925
2016-07-22,1.0,20.0,0.0,bull_normal,50.0,50.0,50.0,-0.007533461972044468,-0.007017864526239845,0.0005155974458046237,-0.0070178645192219774,0.7506119507909378,0.2,0.2,0.2,0.2,0.2,0.18007157286134748,0.12120570116272288,0.2793126203758631,0.2203706044989275,0.19903950110113913,0.18007157268127585,0.12120570104151714,0.2793126200965504,0.22037060427855684,0.19903950090209957
2016-07-29,1.0,20.0,0.0,bull_normal,50.0,50.0,50.0,0.0005072449485678185,0.0006294469521329661,0.0001222020035651476,0.0006294469515035194,0.6693966990897534,0.2,0.2,0.2,0.2,0.2,0.18,0.12,0.28,0.22,0.2,0.17999999981999998,0.11999999987999999,0.27999999972,0.21999999977999998,0.1999999998
2016-08-05,1.0,20.0,0.0,bull_normal,50.0,50.0,50.0,-0.0031375840319007205,-0.0016046576660371378,0.0015329263658635827,-0.0016046576644324797,0.6569039525990283,0.2,0.2,0.2,0.2,0.2,0.17964501555445211,0.12470679262762384,0.27772720907466686,0.22244012735344537,0.19548085538981183,0.1796450153748071,0.12470679250291704,0.27772720879693963,0.22244012713100522,0.19548085519433095
2016-08-12,1.0,20.0,0.0,bull_normal,50.0,50.0,50.0,-0.005535867164998716,-0.006099479607059021,-0.0005636124420603048,-0.006099479600959541,0.6129060138902268,0.2,0.2,0.2,0.2,0.2,0.175251246484708,0.12748694766859592,0.2796248621193689,0.22981750627761774,0.18781943744970944,0.17525124630945674,0.12748694754110895,0.279624861839744,0.2298175060478002,0.18781943726189
2016-08-19,1.0,20.0,0.0,bull_normal,50.0,50.0,50.0,0.0012964815522841346,0.002347851107810496,0.0010513695555263614,0.002347851105462644,0.6199780097091209,0.2,0.2,0.2,0.2,0.2,0.18019476956842007,0.12318173677186856,0.27827619771758905,0.22086006222429755,0.19748723371782487,0.1801947693882253,0.12318173664868681,0.2782761974393128,0.22086006200343747,0.19748723352033762
2016-08-26,1.0,20.0,0.0,bull_normal,50.0,50.0,50.0,0.0035002706702213096,0.0022033343849813493,-0.0012969362852399604,0.002203334382778015,0.6159528566090564,0.2,0.2,0.2,0.2,0.2,0.17983003920152077,0.12349174100837175,0.27819820007589774,0.2217279515437904,0.19675206817041943,0.1798300390216907,0.12349174088488,0.2781981997976995,0.22172795132206244,0.19675206797366734
2016-09-02,1.0,20.0,0.0,bull_normal,50.0,50.0,50.0,-0.004830020967230407,-0.003701089954028177,0.0011289310132022298,-0.0037010899503270873,0.8798677780999865,0.2,0.2,0.2,0.2,0.2,0.18,0.12,0.28,0.22,0.2,0.17999999981999998,0.11999999987999999,0.27999999972,0.21999999977999998,0.1999999998
2016-09-09,1.0,20.0,0.0,bull_normal,50.0,50.0,50.0,-0.005057931665929856,-0.006164352817152304,-0.0011064211512224476,-0.006164352810987949,0.7949699313547629,0.2,0.2,0.2,0.2,0.2,0.18,0.12,0.28,0.22,0.2,0.17999999981999998,0.11999999987999999,0.27999999972,0.21999999977999998,0.1999999998
2016-09-16,1.0,20.0,0.0,bull_normal,50.0,50.0,50.0,0.00016550605656375555,-0.00015019009953081366,-0.0003156961560945692,-0.00015019009938062352,0.6996688435358245,0.2,0.2,0.2,0.2,0.2,0.18,0.12,0.28,0.22,0.2,0.17999999981999998,0.11999999987999999,0.27999999972,0.21999999977999998,0.1999999998
2016-09-23,1.0,20.0,0.0,bull_normal,50.0,50.0,50.0,-0.008042257607676977,-0.009034958569612927,-0.0009927009619359502,-0.009034958560577967,0.6863922735039232,0.2,0.2,0.2,0.2,0.2,0.18,0.12,0.28,0.22,0.2,0.17999999981999998,0.11999999987999999,0.27999999972,0.21999999977999998,0.1999999998
2016-09-30,1.0,20.0,0.0,bull_normal,50.0,50.0,50.0,-0.0016532763478952443,-0.0004233235309048887,0.0012299528169903554,-0.0004233235304815655,0.7030574198908579,0.2,0.2,0.2,0.2,0.2,0.17841590445632186,0.12726889476214248,0.2772396764413177,0.22529879750328338,0.19177672683693472,0.1784159042779059,0.12726889463487354,0.2772396761640779,0.22529879727798452,0.19177672664515794
2016-10-07,1.0,20.0,0.0,bull_normal,50.0,50.0,50.0,-0.001796115764793815,-0.002171642200609859,-0.0003755264358160442,-0.0021716421984382174,0.7036879577801013,0.2,0.2,0.2,0.2,0.2,0.18,0.12,0.28,0.22,0.2,0.17999999981999998,0.11999999987999999,0.27999999972,0.21999999977999998,0.1999999998
2016-10-14,1.0,20.0,0.0,bull_normal,50.0,50.0,50.0,0.00975064096772755,0.009406444522647793,-0.0003441964450797575,0.009406444513241347,0.6770866019049767,0.2,0.2,0.2,0.2,0.2,0.18010513838642314,0.12156897759395657,0.27907666303165063,0.22048787003460618,0.19876135095336345,0.180105138206318,0.12156897747238758,0.2790766627525739,0.2204878698141183,0.19876135075460208
2016-10-21,1.0,20.0,0.0,bull_normal,50.0,50.0,50.0,-0.003853006206497419,-0.002392320835967363,0.001460685370530056,-0.0023923208335750418,0.729613709705809,0.2,0.2,0.2,0.2,0.2,0.18,0.12,0.28,0.22,0.2,0.17999999981999998,0.11999999987999999,0.27999999972,0.21999999977999998,0.1999999998
2016-10-28,1.0,20.0,0.0,bull_normal,50.0,50.0,50.0,0.002446523260167749,0.0017350001865881208,-0.000711523073579628,0.0017350001848531207,0.7130279562513618,0.2,0.2,0.2,0.2,0.2,0.18,0.12,0.28,0.22,0.2,0.17999999981999998,0.11999999987999999,0.27999999972,0.21999999977999998,0.1999999998
2016-11-04,1.0,20.0,0.0,bull_normal,50.0,50.0,50.0,0.00040820704309418073,-0.000497438409267048,-0.0009056454523612287,-0.0004974384087696092,0.7313135064082804,0.2,0.2,0.2,0.2,0.2,0.18002168560711135,0.12130688066464633,0.27925776159351634,0.22052781436440536,0.19888585777032056,0.18002168542708966,0.12130688054333943,0.27925776131425856,0.2205278141438775,0.19888585757143468
2016-11-11,1.0,20.0,0.0,bull_normal,50.0,50.0,50.0,0.00764240836350657,0.007435505065288612,-0.00020690329821795774,0.007435505057853107,0.6913143909133258,0.2,0.2,0.2,0.2,0.2,0.18,0.12,0.28,0.22,0.2,0.17999999981999998,0.11999999987999999,0.27999999972,0.21999999977999998,0.1999999998
2016-11-18,1.0,20.0,0.0,bull_normal,50.0,50.0,50.0,0.0013331945718616778,0.0011091769534904512,-0.00022401761837122659,0.0011091769523812742,0.7814925376494103,0.2,0.2,0.2,0.2,0.2,0.18002217315968003,0.12133947701439884,0.2792292392621743,0.22055268372802225,0.19885642683572458,0.18002217297965784,0.12133947689305936,0.27922923898294505,0.22055268350746954,0.19885642663686814
2016-11-25,1.0,20.0,0.0,bull_normal,50.0,50.0,50.0,0.006296744500941826,0.00541215807283963,-0.0008845864281021958,0.005412158067427471,0.9439893444080154,0.2,0.2,0.2,0.2,0.2,0.17964016799519125,0.12540934860696107,0.2774480209122902,0.22262343385803005,0.19487902862752732,0.17964016781555106,0.12540934848155172,0.27744802063484214,0.2226234336354066,0.19487902843264826
2016-12-02,1.0,20.0,0.0,bull_normal,50.0,50.0,50.0,0.0037007289000554086,0.0037630878882026534,6.235898814724479e-05,0.003763087884439566,0.8826289895380479,0.2,0.2,0.2,0.2,0.2,0.18,0.12,0.28,0.22,0.2,0.17999999981999998,0.11999999987999999,0.27999999972,0.21999999977999998,0.1999999998
2016-12-09,1.0,20.0,0.0,bull_normal,50.0,50.0,50.0,-0.00030800968043711056,-0.0005781478121210124,-0.0002701381316839018,-0.0005781478115428647,0.751403184369581,0.2,0.2,0.2,0.2,0.2,0.18,0.12,0.28,0.22,0.2,0.17999999981999998,0.11999999987999999,0.27999999972,0.21999999977999998,0.1999999998
2016-12-16,1.0,20.0,0.0,bull_normal,50.0,50.0,50.0,-0.0094613663826874,-0.008111975724422323,0.0013493906582650768,-0.008111975716310347,0.7370667861043199,0.2,0.2,0.2,0.2,0.2,0.17669177658677926,0.1274114582495157,0.27852062427064134,0.22777694145636368,0.18959919943669998,0.17669177641008746,0.12741145812210422,0.2785206239921207,0.22777694122858672,0.18959919924710075
2016-12-23,1.0,20.0,0.0,bull_normal,50.0,50.0,50.0,-0.0018890810831904798,-0.002544896602539682,-0.000655815519349202,-0.0025448965999947852,0.6809959357501733,0.2,0.2,0.2,0.2,0.2,0.18,0.12,0.28,0.22,0.2,0.17999999981999998,0.11999999987999999,0.27999999972,0.21999999977999998,0.1999999998
2016-12-30,1.0,20.0,0.0,bull_normal,50.0,50.0,50.0,0.00028711103693130653,0.0029016381206154124,0.002614527083684106,0.0029016381177137743,0.8626165254066388,0.2,0.2,0.2,0.2,0.2,0.18,0.12,0.28,0.22,0.2,0.17999999981999998,0.11999999987999999,0.27999999972,0.21999999977999998,0.1999999998
2017-01-06,1.0,20.0,0.0,bull_normal,50.0,50.0,50.0,0.006662035606408133,0.007578361629360766,0.0009163260229526331,0.007578361621782403,0.750356997129693,0.2,0.2,0.2,0.2,0.2,0.18,0.12,0.28,0.22,0.2,0.17999999981999998,0.11999999987999999,0.27999999972,0.21999999977999998,0.1999999998
2017-01-13,1.0,20.0,0.0,bull_normal,50.0,50.0,50.0,-0.002581661561484564,-0.0010091257096778252,0.0015725358518067388,-0.0010091257086686995,0.8092333864156136,0.2,0.2,0.2,0.2,0.2,0.18,0.12,0.28,0.22,0.2,0.17999999981999998,0.11999999987999999,0.27999999972,0.21999999977999998,0.1999999998
2017-01-20,1.0,20.0,0.0,bull_normal,50.0,50.0,50.0,-0.005853228501145766,-0.005815243171439171,3.798532970659442e-05,-0.005815243165623926,0.8416815352777886,0.2,0.2,0.2,0.2,0.2,0.18,0.12,0.28,0.22,0.2,0.17999999981999998,0.11999999987999999,0.27999999972,0.21999999977999998,0.1999999998
2017-01-27,1.0,20.0,0.0,bull_normal,50.0,50.0,50.0,-0.0002228152622940368,0.0008441626781088732,0.00106697794040291,0.0008441626772647106,0.8292776840604006,0.2,0.2,0.2,0.2,0.2,0.18,0.12,0.28,0.22,0.2,0.17999999981999998,0.11999999987999999,0.27999999972,0.21999999977999998,0.1999999998
2017-02-03,1.0,20.0,0.0,bull_normal,50.0,50.0,50.0,0.004024155947181673,0.0011073959814094398,-0.0029167599657722336,0.0011073959803020435,0.9126906620689731,0.2,0.2,0.2,0.2,0.2,0.18,0.12,0.28,0.22,0.2,0.17999999981999998,0.11999999987999999,0.27999999972,0.21999999977999998,0.1999999998
2017-02-10,1.0,20.0,0.0,bull_normal,50.0,50.0,50.0,0.006398922689899054,0.007477888882694214,0.0010789661927951598,0.007477888875216323,0.853415341754363,0.2,0.2,0.2,0.2,0.2,0.18,0.12,0.28,0.22,0.2,0.17999999981999998,0.11999999987999999,0.27999999972,0.21999999977999998,0.1999999998
2017-02-17,1.0,20.0,0.0,bull_normal,50.0,50.0,50.0,0.0027503801470792556,0.004206503220220958,0.0014561230731417025,0.004206503216014454,0.723940552220079,0.2,0.2,0.2,0.2,0.2,0.18,0.12,0.28,0.22,0.2,0.17999999981999998,0.11999999987999999,0.27999999972,0.21999999977999998,0.1999999998
2017-02-24,1.0,20.0,0.0,bull_normal,50.0,50.0,50.0,-0.0019878270829794243,0.0016640074532056086,0.0036518345361850326,0.0016640074515416024,0.7669457757059317,0.2,0.2,0.2,0.2,0.2,0.17998547245730195,0.12210698689060584,0.27872704061015086,0.22105379586414012,0.19812670417780112,0.1799854722773165,0.12210698676849888,0.27872704033142387,0.22105379564308636,0.19812670397967444
2017-03-03,1.0,20.0,0.0,bull_normal,50.0,50.0,50.0,0.004349573540970863,0.002438731790639158,-0.0019108417503317056,0.0024387317882004255,0.892956296862064,0.2,0.2,0.2,0.2,0.2,0.18,0.12,0.28,0.22,0.2,0.17999999981999998,0.11999999987999999,0.27999999972,0.21999999977999998,0.1999999998
2017-03-10,1.0,20.0,0.0,bull_normal,50.0,50.0,50.0,-0.0008004675955483854,-0.00037042222421490036,0.000430045371333485,-0.00037042222384447835,0.8024711843174859,0.2,0.2,0.2,0.2,0.2,0.18,0.12,0.28,0.22,0.2,0.17999999981999998,0.11999999987999999,0.27999999972,0.21999999977999998,0.1999999998
2017-03-17,1.0,20.0,0.0,bull_normal,50.0,50.0,50.0,0.001621653487438224,0.002781503824395513,0.0011598503369572891,0.002781503821614009,0.7802925730200876,0.2,0.2,0.2,0.2,0.2,0.18001271200414942,0.12010557349804094,0.27993855968501735,0.22001898125506356,0.19992417355772882,0.1800127118241367,0.12010557337793536,0.2799385594050788,0.22001898103504455,0.19992417335780463
2017-03-24,1.0,20.0,0.0,bull_normal,50.0,50.0,50.0,0.002247360689864883,0.003281963194788372,0.0010346025049234888,0.0032819631915064085,0.7437058849661056,0.2,0.2,0.2,0.2,0.2,0.18,0.12,0.28,0.22,0.2,0.17999999981999998,0.11999999987999999,0.27999999972,0.21999999977999998,0.1999999998
2017-03-31,1.0,20.0,0.0,bull_normal,50.0,50.0,50.0,0.004434840295656173,0.005517312757195293,0.0010824724615391204,0.005517312751677982,0.7205004761812595,0.2,0.2,0.2,0.2,0.2,0.18,0.12,0.28,0.22,0.2,0.17999999981999998,0.11999999987999999,0.27999999972,0.21999999977999998,0.1999999998
2017-04-07,1.0,20.0,0.0,bull_normal,50.0,50.0,50.0,-0.0015984126882444853,-0.0011560688571868134,0.0004423438310576719,-0.0011560688560307444,0.665411459938221,0.2,0.2,0.2,0.2,0.2,0.17997806478802886,0.12219883950339769,0.2786635435985599,0.22112467605591282,0.19803487605410072,0.17997806460805077,0.12219883938119884,0.2786635433198963,0.22112467583478812,0.19803487585606583
2017-04-14,1.0,20.0,0.0,bull_normal,50.0,50.0,50.0,-0.0065208710524545955,-0.00711451364906766,-0.0005936425966130646,-0.007114513641953145,0.6718938605768644,0.2,0.2,0.2,0.2,0.2,0.18,0.12,0.28,0.22,0.2,0.17999999981999998,0.11999999987999999,0.27999999972,0.21999999977999998,0.1999999998
2017-04-21,1.0,20.0,0.0,bull_normal,50.0,50.0,50.0,-0.0018695844682137409,-0.002894746936287771,-0.00102516246807403,-0.0028947469333930236,0.6721363350687837,0.2,0.2,0.2,0.2,0.2,0.18,0.12,0.28,0.22,0.2,0.17999999981999998,0.11999999987999999,0.27999999972,0.21999999977999998,0.1999999998
2017-04-28,1.0,20.0,0.0,bull_normal,50.0,50.0,50.0,0.005859724253627204,0.00579574223086883,-6.398202275837393e-05,0.005795742225073087,0.6832812433420057,0.2,0.2,0.2,0.2,0.2,0.18006741810716373,0.12153651622735585,0.27913245592320174,0.2205176020508269,0.19874600769145176,0.1800674179270963,0.12153651610581932,0.27913245564406924,0.22051760183030927,0.19874600749270574
2017-05-05,1.0,20.0,0.0,bull_normal,50.0,50.0,50.0,0.0012833990422453933,0.0022316434973393843,0.0009482444550939909,0.002231643495107741,0.8030366484469095,0.2,0.2,0.2,0.2,0.2,0.1800351973462075,0.12076063940817676,0.27956070470291666,0.22026338349605845,0.19938007504664065,0.18003519716617228,0.12076063928741611,0.27956070442335595,0.22026338327579506,0.19938007484726056
2017-05-12,1.0,20.0,0.0,bull_normal,50.0,50.0,50.0,0.005482599999106195,0.006771532443316968,0.0012889324442107728,0.006771532436545435,0.7760327851644123,0.2,0.2,0.2,0.2,0.2,0.18,0.12,0.28,0.22,0.2,0.17999999981999998,0.11999999987999999,0.27999999972,0.21999999977999998,0.1999999998
2017-05-19,1.0,20.0,0.0,bull_normal,50.0,50.0,50.0,0.0018621904907351922,0.0013619398622808437,-0.0005002506284543485,0.0013619398609189038,0.6823933748019756,0.2,0.2,0.2,0.2,0.2,0.18000165775219618,0.12003694831051645,0.2799774088600884,0.2200143631004326,0.19996962197676646,0.1800016575721945,0.1200369481904795,0.27997740858011094,0.22001436288041823,0.1999696217767968
2017-05-26,1.0,20.0,0.0,bull_normal,50.0,50.0,50.0,0.010277804728740137,0.010982922051903899,0.0007051173231637613,0.010982922040920976,0.7551491789471144,0.2,0.2,0.2,0.2,0.2,0.18006979493196318,0.12058356296659349,0.2796635415515833,0.2201023591933505,0.19958074135650955,0.18006979475189336,0.12058356284600992,0.2796635412719197,0.22010235897324812,0.19958074115692878
2017-06-02,1.0,20.0,0.0,bull_normal,50.0,50.0,50.0,-0.001655250092223797,-0.001158930453368464,0.0004963196388553331,-0.0011589304522095333,0.6905808489406722,0.2,0.2,0.2,0.2,0.2,0.18032397010169127,0.1240550625632389,0.27783485476090986,0.22088401356084106,0.19690209901331884,0.1803239699213673,0.12405506243918382,0.277834854483075,0.22088401333995702,0.19690209881641674
2017-06-09,1.0,20.0,0.0,bull_normal,50.0,50.0,50.0,-0.0031559057470701077,-0.0037808788450732706,-0.0006249730980031629,-0.003780878841292391,0.654976497336062,0.2,0.2,0.2,0.2,0.2,0.18,0.12,0.28,0.22,0.2,0.17999999981999998,0.11999999987999999,0.27999999972,0.21999999977999998,0.1999999998
2017-06-16,1.0,20.0,0.0,bull_normal,50.0,50.0,50.0,0.005082049027159897,0.004799034814895885,-0.00028301421226401176,0.00479903481009685,0.5934892660002292,0.2,0.2,0.2,0.2,0.2,0.18,0.12,0.28,0.22,0.2,0.17999999981999998,0.11999999987999999,0.27999999972,0.21999999977999998,0.1999999998
2017-06-23,1.0,20.0,0.0,bull_normal,50.0,50.0,50.0,-0.005170194962106956,-0.005430085425175769,-0.00025989046306881293,-0.005430085419745684,0.5565101434990564,0.2,0.2,0.2,0.2,0.2,0.17996750562371433,0.12294396241394959,0.27838358382562145,0.2213129506316515,0.19739199750506317,0.17996750544374682,0.12294396229100561,0.27838358354723786,0.22131295041033852,0.19739199730767115
2017-06-30,1.0,20.0,0.0,bull_normal,50.0,50.0,50.0,0.0043854804218901935,0.003826906570659676,-0.0005585738512305176,0.003826906566832769,0.5361587323402783,0.2,0.2,0.2,0.2,0.2,0.17308508014995744,0.12695271266093724,0.2814618319882081,0.23282091948773917,0.18567945571315808,0.1730850799768723,0.1269527125339845,0.2814618317067462,0.23282091925491818,0.18567945552747858
2017-07-07,1.0,20.0,0.0,bull_normal,50.0,50.0,50.0,-0.002185730886125497,-0.0028141670949509445,-0.0006284362088254474,-0.0028141670921367767,0.49292712776078634,0.2,0.2,0.2,0.2,0.2,0.18,0.12,0.28,0.22,0.2,0.17999999981999998,0.11999999987999999,0.27999999972,0.21999999977999998,0.1999999998
2017-07-14,1.0,20.0,0.0,bull_normal,50.0,50.0,50.0,-0.001617152840853997,-0.004157891934217095,-0.002540739093363098,-0.004157891930059203,0.6332128484435663,0.2,0.2,0.2,0.2,0.2,0.18,0.12,0.28,0.22,0.2,0.17999999981999998,0.11999999987999999,0.27999999972,0.21999999977999998,0.1999999998
2017-07-21,1.0,20.0,0.0,bull_normal,50.0,50.0,50.0,-0.0005016565590253863,-0.0011313101688783713,-0.000629653609852985,-0.0011313101677470608,0.6144579324397084,0.2,0.2,0.2,0.2,0.2,0.18,0.12,0.28,0.22,0.2,0.17999999981999998,0.11999999987999999,0.27999999972,0.21999999977999998,0.1999999998
2017-07-28,1.0,20.0,0.0,bull_normal,50.0,50.0,50.0,-0.0031004744394483304,-0.004070690151581487,-0.0009702157121331567,-0.004070690147510797,0.6936914368713689,0.2,0.2,0.2,0.2,0.2,0.18,0.12,0.28,0.22,0.2,0.17999999981999998,0.11999999987999999,0.27999999972,0.21999999977999998,0.1999999998
2017-08-04,1.0,20.0,0.0,bull_normal,50.0,50.0,50.0,-0.0026612870628033407,-0.0016513684505887005,0.0010099186122146402,-0.0016513684489373316,0.6736818201081796,0.2,0.2,0.2,0.2,0.2,0.18004352463905446,0.12087990745164454,0.2794936682340625,0.22029604678038064,0.19928685289485784,0.18004352445901092,0.12087990733076462,0.2794936679545688,0.22029604656008459,0.19928685269557098
2017-08-11,1.0,20.0,0.0,bull_normal,50.0,50.0,50.0,0.0018054373610504454,0.002462541550739684,0.0006571041896892384,0.0024625415482771424,0.7083450558459616,0.2,0.2,0.2,0.2,0.2,0.18005088812520903,0.1210500811843183,0.27939868016057207,0.22035234482578775,0.19914800570411276,0.18005088794515817,0.12105008106326824,0.27939867988117345,0.22035234460543543,0.19914800550496478
2017-08-18,1.0,20.0,0.0,bull_normal,50.0,50.0,50.0,0.0030979423754953044,0.004106828806301775,0.0010088864308064709,0.004106828802194946,0.6559292517005949,0.2,0.2,0.2,0.2,0.2,0.18,0.12,0.28,0.22,0.2,0.17999999981999998,0.11999999987999999,0.27999999972,0.21999999977999998,0.1999999998
2017-08-25,1.0,20.0,0.0,bull_normal,50.0,50.0,50.0,-0.008660018870601728,-0.010936315796831082,-0.002276296926229354,-0.010936315785894764,0.7471733991212796,0.2,0.2,0.2,0.2,0.2,0.18022136914619818,0.12163191240958754,0.2790568528757735,0.2202282281378263,0.19886163743061452,0.1802213689659768,0.12163191228795561,0.2790568525967166,0.22022822791759805,0.19886163723175287
2017-09-01,1.0,20.0,0.0,bull_normal,50.0,50.0,50.0,0.010587248021599282,0.010911095043705023,0.0003238470221057412,0.010911095032793928,0.6685521837536739,0.2,0.2,0.2,0.2,0.2,0.18,0.12,0.28,0.22,0.2,0.17999999981999998,0.11999999987999999,0.27999999972,0.21999999977999998,0.1999999998
2017-09-08,1.0,20.0,0.0,bull_normal,50.0,50.0,50.0,0.0007477817001228351,-0.0016663342840203233,-0.0024141159841431586,-0.0016663342823539891,0.7179255005128935,0.2,0.2,0.2,0.2,0.2,0.1792753986682206,0.12604030246375028,0.27736288023106065,0.22343072240428044,0.19389069623268818,0.1792753984889452,0.12604030233770996,0.27736287995369774,0.2234307221808497,0.19389069603879747
2017-09-15,1.0,20.0,0.0,bull_normal,50.0,50.0,50.0,0.0029261039733191603,0.0022524422946680585,-0.0006736616786511018,0.0022524422924156164,0.6586879800622332,0.2,0.2,0.2,0.2,0.2,0.18,0.12,0.28,0.22,0.2,0.17999999981999998,0.11999999987999999,0.27999999972,0.21999999977999998,0.1999999998
2017-09-22,1.0,20.0,0.0,bull_normal,50.0,50.0,50.0,0.0014668705745546995,0.002534858426570138,0.0010679878520154383,0.0025348584240352788,0.6156494317841703,0.2,0.2,0.2,0.2,0.2,0.1779709278060022,0.12688973204076126,0.27779233017553223,0.2257708183462636,0.19157619163144082,0.17797092762803124,0.12688973191387148,0.27779232989773983,0.22577081812049274,0.19157619143986457
2017-09-29,1.0,20.0,0.0,bull_normal,50.0,50.0,50.0,0.0061792675944703605,0.006650241845751275,0.00047097425128091435,0.006650241839101033,0.5291882093864206,0.2,0.2,0.2,0.2,0.2,0.18,0.12,0.28,0.22,0.2,0.17999999981999998,0.11999999987999999,0.27999999972,0.21999999977999998,0.1999999998
2017-10-06,1.0,20.0,0.0,bull_normal,50.0,50.0,50.0,0.005215292168764519,0.002746653107399592,-0.0024686390613649265,0.0027466531046529386,0.6605229767930249,0.2,0.2,0.2,0.2,0.2,0.18,0.12,0.28,0.22,0.2,0.17999999981999998,0.11999999987999999,0.27999999972,0.21999999977999998,0.1999999998
2017-10-13,1.0,20.0,0.0,bull_normal,50.0,50.0,50.0,-9.99834101946263e-05,-0.0022604504573331724,-0.0021604670471385462,-0.002260450455072722,0.6599386226018797,0.2,0.2,0.2,0.2,0.2,0.18,0.12,0.28,0.22,0.2,0.17999999981999998,0.11999999987999999,0.27999999972,0.21999999977999998,0.1999999998
2017-10-20,1.0,20.0,0.0,bull_normal,50.0,50.0,50.0,0.002797674413683439,0.0026739920517071633,-0.00012368236197627573,0.0026739920490331712,0.6707612075471642,0.2,0.2,0.2,0.2,0.2,0.18,0.12,0.28,0.22,0.2,0.17999999981999998,0.11999999987999999,0.27999999972,0.21999999977999998,0.1999999998
2017-10-27,1.0,20.0,0.0,bull_normal,50.0,50.0,50.0,0.004206238818626505,0.0035378641986912427,-0.0006683746199352626,0.003537864195153379,0.6429087503101443,0.2,0.2,0.2,0.2,0.2,0.18002200252489922,0.12074012336600393,0.2795655541794077,0.22029272263742433,0.19937959729226484,0.18002200234487725,0.12074012324526381,0.27956555389984217,0.22029272241713163,0.19937959709288527
2017-11-03,1.0,20.0,0.0,bull_normal,50.0,50.0,50.0,-0.0005992202538769037,0.0011652253044688544,0.001764445558345758,0.001165225303303629,0.6346553086764787,0.2,0.2,0.2,0.2,0.2,0.18,0.12,0.28,0.22,0.2,0.17999999981999998,0.11999999987999999,0.27999999972,0.21999999977999998,0.1999999998
2017-11-10,1.0,20.0,0.0,bull_normal,50.0,50.0,50.0,0.0045890660146688305,0.004481354111074306,-0.00010771190359452464,0.004481354106592951,0.6239624416562358,0.2,0.2,0.2,0.2,0.2,0.18,0.12,0.28,0.22,0.2,0.17999999981999998,0.11999999987999999,0.27999999972,0.21999999977999998,0.1999999998
2017-11-17,1.0,20.0,0.0,bull_normal,50.0,50.0,50.0,0.0008794028374260143,0.00041190755783979973,-0.0004674952795862146,0.00041190755742789224,0.6154641461029607,0.2,0.2,0.2,0.2,0.2,0.18009914120497417,0.1219532829609731,0.2788674266102906,0.22066127709981334,0.19841887212394868,0.18009914102487506,0.12195328283901984,0.27886742633142325,0.2206612768791521,0.19841887192552984
2017-11-24,1.0,20.0,0.0,bull_normal,50.0,50.0,50.0,-0.006357160540704135,-0.006546124954401628,-0.0001889644136974936,-0.006546124947855504,0.5953454413762178,0.2,0.2,0.2,0.2,0.2,0.18000503554516553,0.12336392275347398,0.27822054110208283,0.22132449681552424,0.19708600378375338,0.1800050353651605,0.12336392263011005,0.2782205408238623,0.22132449659419973,0.19708600358666736
2017-12-01,1.0,20.0,0.0,bull_normal,50.0,50.0,50.0,0.002346594243997613,0.002505441341745031,0.00015884709774741795,0.002505441339239589,0.6263086498103877,0.2,0.2,0.2,0.2,0.2,0.18,0.12,0.28,0.22,0.2,0.17999999981999998,0.11999999987999999,0.27999999972,0.21999999977999998,0.1999999998
2017-12-08,1.0,20.0,0.0,bull_normal,50.0,50.0,50.0,0.004368342229825034,0.002715304882389396,-0.001653037347435638,0.0027153048796740914,0.7675078956950422,0.2,0.2,0.2,0.2,0.2,0.17835794777561356,0.1284349450696383,0.27660031917681993,0.22592218191745175,0.19068460606047635,0.17835794759725565,0.12843494494120336,0.27660031890021963,0.2259221816915296,0.19068460586979177
2017-12-15,1.0,20.0,0.0,bull_normal,50.0,50.0,50.0,-0.0012304708909920776,-0.0020198018219939463,-0.0007893309310018687,-0.0020198018199741445,0.7224339393371241,0.2,0.2,0.2,0.2,0.2,0.1800238914626878,0.12101885324122369,0.27941578820608787,0.22040174923531547,0.19913971785468526,0.18002389128266388,0.12101885312020483,0.27941578792667204,0.2204017490149137,0.19913971765554553
2017-12-22,1.0,20.0,0.0,bull_normal,50.0,50.0,50.0,-0.00420338480838565,-0.004405653160369854,-0.00020226835198420418,-0.0044056531559642014,0.7989337991580421,0.2,0.2,0.2,0.2,0.2,0.18,0.12,0.28,0.22,0.2,0.17999999981999998,0.11999999987999999,0.27999999972,0.21999999977999998,0.1999999998
2017-12-29,1.0,20.0,0.0,bull_normal,50.0,50.0,50.0,0.0002748189144039615,0.0007321061397516282,0.0004572872253476667,0.0007321061390195221,0.7392801939696582,0.2,0.2,0.2,0.2,0.2,0.1800195589592813,0.12032247945982869,0.27981165840074457,0.22010335910602957,0.19974294407411597,0.1800195587792617,0.1203224793395062,0.2798116581209329,0.2201033588859262,0.199742943874373
2018-01-05,1.0,20.0,0.0,bull_normal,50.0,50.0,50.0,3.137259850342185e-05,0.0012996438043524092,0.0012682712058489872,0.0012996438030527652,0.7497049963729934,0.2,0.2,0.2,0.2,0.2,0.18,0.12,0.28,0.22,0.2,0.17999999981999998,0.11999999987999999,0.27999999972,0.21999999977999998,0.1999999998
2018-01-12,1.0,20.0,0.0,bull_normal,50.0,50.0,50.0,-0.002211461937457135,-0.0037112416914064725,-0.0014997797539493376,-0.0037112416876952307,0.825046246867836,0.2,0.2,0.2,0.2,0.2,0.18,0.12,0.28,0.22,0.2,0.17999999981999998,0.11999999987999999,0.27999999972,0.21999999977999998,0.1999999998
2018-01-19,1.0,20.0,0.0,bull_normal,50.0,50.0,50.0,-0.004422282144833085,-0.0033543722701551964,0.0010679098746778888,-0.0033543722668008236,0.7920210488783702,0.2,0.2,0.2,0.2,0.2,0.18,0.12,0.28,0.22,0.2,0.17999999981999998,0.11999999987999999,0.27999999972,0.21999999977999998,0.1999999998
2018-01-26,1.0,20.0,0.0,bull_normal,50.0,50.0,50.0,0.00010472532356029452,0.0009103356673576113,0.0008056103437973168,0.0009103356664472752,0.7757108202823517,0.2,0.2,0.2,0.2,0.2,0.18,0.12,0.28,0.22,0.2,0.17999999981999998,0.11999999987999999,0.27999999972,0.21999999977999998,0.1999999998
2018-02-02,1.0,20.0,0.0,bull_normal,50.0,50.0,50.0,-0.002851681257577659,-0.0029488945135340227,-9.721325595636382e-05,-0.002948894510585128,0.760007425930136,0.2,0.2,0.2,0.2,0.2,0.18,0.12,0.28,0.22,0.2,0.17999999981999998,0.11999999987999999,0.27999999972,0.21999999977999998,0.1999999998
2018-02-09,1.0,20.0,0.0,bull_normal,50.0,50.0,50.0,4.492944981118159e-05,-0.0008828468754421919,-0.0009277763252533734,-0.0008828468745593449,0.704592478330836,0.2,0.2,0.2,0.2,0.2,0.18,0.12,0.28,0.22,0.2,0.17999999981999998,0.11999999987999999,0.27999999972,0.21999999977999998,0.1999999998
2018-02-16,1.0,20.0,0.0,bull_normal,50.0,50.0,50.0,0.0017995031468691419,0.0007307427925008317,-0.00106876035436831,0.0007307427917700886,0.7552086189456073,0.2,0.2,0.2,0.2,0.2,0.18,0.12,0.28,0.22,0.2,0.17999999981999998,0.11999999987999999,0.27999999972,0.21999999977999998,0.1999999998
2018-02-23,1.0,20.0,0.0,bull_normal,50.0,50.0,50.0,0.004683800497071516,0.003964996193032322,-0.000718804304039194,0.003964996189067325,0.7380993604129611,0.2,0.2,0.2,0.2,0.2,0.18002243492791642,0.12077031838229806,0.2795548204073172,0.22029765367979856,0.19935477260266973,0.18002243474789398,0.12077031826152773,0.2795548201277624,0.2202976534595009,0.19935477240331495
2018-03-02,1.0,20.0,0.0,bull_normal,50.0,50.0,50.0,-0.0010874078956262685,-0.0029367954596290586,-0.00184938756400279,-0.0029367954566922633,0.8302711166907636,0.2,0.2,0.2,0.2,0.2,0.1791310473770253,0.1252891023798832,0.27718965409331864,0.22412667723665186,0.19426351891312107,0.17913104719789422,0.12528910225459408,0.277189653816129,0.22412667701252517,0.19426351871885755
2018-03-09,1.0,20.0,0.0,bull_normal,50.0,50.0,50.0,0.008857301324238431,0.009137264601747325,0.00027996327750889373,0.009137264592610059,0.802192172245226,0.2,0.2,0.2,0.2,0.2,0.18014368597943847,0.12185185919472154,0.2789175142529994,0.220522006398313,0.19856493417452759,0.18014368579929477,0.12185185907286966,0.2789175139740818,0.22052200617779097,0.19856493397596264
2018-03-16,1.0,20.0,0.0,bull_normal,50.0,50.0,50.0,-0.006272531242504827,-0.008479115239690369,-0.0022065839971855423,-0.008479115231211252,0.7917476000852405,0.2,0.2,0.2,0.2,0.2,0.18001167553539052,0.12029648148087585,0.27982623922697714,0.2201103221851945,0.19975528157156203,0.18001167535537882,0.12029648136057935,0.27982623894715086,0.22011032196508415,0.19975528137180673
2018-03-23,1.0,20.0,0.0,bull_normal,50.0,50.0,50.0,-0.009892352228206574,-0.00997054851505539,-7.81962868488164e-05,-0.00997054850508484,0.7484201468211564,0.2,0.2,0.2,0.2,0.2,0.18046011802003045,0.12336545208095444,0.2781510872896211,0.22035114104332312,0.19767220156607085,0.18046011783957033,0.12336545195758898,0.27815108701147,0.22035114082297197,0.19767220136839864
2018-03-30,1.0,20.0,0.0,bull_normal,50.0,50.0,50.0,0.001862659190843325,0.0036018898170784085,0.0017392306262350834,0.0036018898134765193,0.7150704330447528,0.2,0.2,0.2,0.2,0.2,0.17982828466900766,0.1235015640124262,0.2781941467601005,0.22173459213829533,0.1967414124201702,0.1798282844891794,0.12350156388892465,0.2781941464819064,0.22173459191656078,0.19674141222342884
2018-04-06,1.0,20.0,0.0,bull_normal,50.0,50.0,50.0,-0.004706715521958508,-0.004570677238291648,0.00013603828366685975,-0.004570677233720972,0.6462734619139665,0.2,0.2,0.2,0.2,0.2,0.18,0.12,0.28,0.22,0.2,0.17999999981999998,0.11999999987999999,0.27999999972,0.21999999977999998,0.1999999998
2018-04-13,1.0,20.0,0.0,bull_normal,50.0,50.0,50.0,0.005203204052693718,0.0056219535039956445,0.00041874945130192676,0.00562195349837369,0.7808227361926996,0.2,0.2,0.2,0.2,0.2,0.18,0.12,0.28,0.22,0.2,0.17999999981999998,0.11999999987999999,0.27999999972,0.21999999977999998,0.1999999998
2018-04-20,1.0,20.0,0.0,bull_normal,50.0,50.0,50.0,-0.0011584608718222939,-0.0011713320486737041,-1.2871176851410272e-05,-0.0011713320475023718,0.7819209385861957,0.2,0.2,0.2,0.2,0.2,0.180008325228247,0.12020096750475921,0.27987879535300186,0.2200777892445423,0.1998341226694497,0.18000832504823863,0.12020096738455821,0.27987879507312297,0.22007778902446445,0.19983412246961552
2018-04-27,1.0,20.0,0.0,bull_normal,50.0,50.0,50.0,-0.0028142904134875516,-0.003624138032341391,-0.0008098476188538395,-0.003624138028717253,0.7733785318570635,0.2,0.2,0.2,0.2,0.2,0.18,0.12,0.28,0.22,0.2,0.17999999981999998,0.11999999987999999,0.27999999972,0.21999999977999998,0.1999999998
2018-05-04,1.0,20.0,0.0,bull_normal,50.0,50.0,50.0,-0.002244385499608439,-0.0011282192178425268,0.0011161662817659123,-0.0011282192167143077,0.7863744911586866,0.2,0.2,0.2,0.2,0.2,0.18,0.12,0.28,0.22,0.2,0.17999999981999998,0.11999999987999999,0.27999999972,0.21999999977999998,0.1999999998
2018-05-11,1.0,20.0,0.0,bull_normal,50.0,50.0,50.0,-0.0008294580911033109,-0.0005095424683049628,0.0003199156227983481,-0.0005095424677954201,0.6951015072457873,0.2,0.2,0.2,0.2,0.2,0.17838027107521798,0.1262604833606828,0.27723537378131863,0.2256029130842061,0.19252095869857452,0.1783802708968377,0.1262604832344223,0.2772353735040832,0.22560291285860318,0.19252095850605355
2018-05-18,1.0,20.0,0.0,bull_normal,50.0,50.0,50.0,0.0019818407479064637,0.0022550468220969796,0.00027320607419051594,0.0022550468198419328,0.6345718727219498,0.2,0.2,0.2,0.2,0.2,0.18,0.12,0.28,0.22,0.2,0.17999999981999998,0.11999999987999999,0.27999999972,0.21999999977999998,0.1999999998
2018-05-25,1.0,20.0,0.0,bull_normal,50.0,50.0,50.0,0.00673975493423353,0.007378064595003054,0.0006383096607695243,0.0073780645876249905,0.6431492051008201,0.2,0.2,0.2,0.2,0.2,0.18025390510978653,0.12367312486159963,0.27801326332439985,0.22092182901065097,0.19713787769356297,0.18025390492953267,0.12367312473792652,0.2780132630463866,0.22092182878972916,0.1971378774964251
2018-06-01,1.0,20.0,0.0,bull_normal,50.0,50.0,50.0,-0.010558467685694265,-0.010180619862028232,0.00037784782366603355,-0.010180619851847612,0.6580755372866701,0.2,0.2,0.2,0.2,0.2,0.17901356759144937,0.12799333296034715,0.27666333352012323,0.22442657764017943,0.1919031882879007,0.1790135674124358,0.1279933328323538,0.2766633332434599,0.22442657741575284,0.1919031880959975
2018-06-08,1.0,20.0,0.0,bull_normal,50.0,50.0,50.0,-0.003228700549574903,-0.0020730222973619717,0.0011556782522129314,-0.0020730222952889503,0.724146638901946,0.2,0.2,0.2,0.2,0.2,0.17954783823137574,0.1246300189770513,0.27779127146367993,0.22260743801434116,0.19542343331355194,0.1795478380518279,0.12463001885242127,0.27779127118588864,0.2226074377917337,0.1954234331181285
2018-06-15,1.0,20.0,0.0,bull_normal,50.0,50.0,50.0,0.006052497136583425,0.006642469326500038,0.0005899721899166131,0.0066424693198575665,0.6745335727462269,0.2,0.2,0.2,0.2,0.2,0.1800278457181923,0.12022219009952832,0.27986553990817303,0.22004338212481603,0.19984104214929027,0.18002784553816445,0.12022218997930613,0.27986553962830746,0.22004338190477263,0.1998410419494492
2018-06-22,1.0,20.0,0.0,bull_normal,50.0,50.0,50.0,-0.003197220793376518,-0.0039473061927304525,-0.0007500853993539346,-0.003947306188783146,0.7848376409649233,0.2,0.2,0.2,0.2,0.2,0.1795579319796434,0.12489231268798377,0.2773377010763397,0.2230525149745805,0.19515953928145274,0.17955793180008545,0.12489231256309145,0.277337700799002,0.22305251475152799,0.1951595390862932
2018-06-29,1.0,20.0,0.0,bull_normal,50.0,50.0,50.0,0.0022975656696294132,0.0038637813582295005,0.0015662156886000872,0.003863781354365719,0.865399385873727,0.2,0.2,0.2,0.2,0.2,0.18,0.12,0.28,0.22,0.2,0.17999999981999998,0.11999999987999999,0.27999999972,0.21999999977999998,0.1999999998
2018-07-06,1.0,20.0,0.0,bull_normal,50.0,50.0,50.0,-0.002250123860979137,-0.003243422031162651,-0.000993298170183514,-0.003243422027919229,0.8742818041587869,0.2,0.2,0.2,0.2,0.2,0.18,0.12,0.28,0.22,0.2,0.17999999981999998,0.11999999987999999,0.27999999972,0.21999999977999998,0.1999999998
2018-07-13,1.0,20.0,0.0,bull_normal,50.0,50.0,50.0,0.003462613127382166,0.001879445349388197,-0.0015831677779939689,0.0018794453475087516,0.8735605923863204,0.2,0.2,0.2,0.2,0.2,0.18,0.12,0.28,0.22,0.2,0.17999999981999998,0.11999999987999999,0.27999999972,0.21999999977999998,0.1999999998
2018-07-20,1.0,20.0,0.0,bull_normal,50.0,50.0,50.0,-0.004851119367101726,-0.004383402595623231,0.00046771677147849477,-0.004383402591239829,0.8181094479999983,0.2,0.2,0.2,0.2,0.2,0.17951843570250586,0.12471695978576151,0.27776643477889773,0.2226855542210834,0.19531261551175153,0.1795184355229874,0.12471695966104454,0.27776643450113125,0.22268555399839784,0.1953126153164389
2018-07-27,1.0,20.0,0.0,bull_normal,50.0,50.0,50.0,0.004757166653262829,0.005423706658775688,0.0006665400055128586,0.0054237066533519805,0.7718667259537304,0.2,0.2,0.2,0.2,0.2,0.17959579237626042,0.1256259511171329,0.27738111841237856,0.22275702228576433,0.19464011580846372,0.1795957921966646,0.12562595099150695,0.27738111813499744,0.2227570220630073,0.19464011561382358
2018-08-03,1.0,20.0,0.0,bull_normal,50.0,50.0,50.0,0.002537248585679868,0.003338290919790504,0.0008010423341106359,0.003338290916452213,0.7735358513685574,0.2,0.2,0.2,0.2,0.2,0.18005482878681484,0.12228047541914641,0.27874361642904916,0.22083680301605457,0.1980842763489351,0.18005482860676,0.12228047529686592,0.2787436161503055,0.22083680279521775,0.1980842761508508
2018-08-10,1.0,20.0,0.0,bull_normal,50.0,50.0,50.0,-5.9630067567251277e-05,0.002113093060383553,0.0021727231279508046,0.00211309305827046,0.9283398844858707,0.2,0.2,0.2,0.2,0.2,0.17884064131092908,0.12971119879554516,0.27644970519173623,0.22470494600052968,0.1902935087012599,0.17884064113208842,0.12971119866583394,0.2764497049152865,0.2247049457758247,0.19029350851096638
2018-08-17,1.0,20.0,0.0,bull_normal,50.0,50.0,50.0,0.005286858668060252,0.005376187279290687,8.932861123043482e-05,0.0053761872739145,0.9115312793871453,0.2,0.2,0.2,0.2,0.2,0.18,0.12,0.28,0.22,0.2,0.17999999981999998,0.11999999987999999,0.27999999972,0.21999999977999998,0.1999999998
2018-08-24,1.0,20.0,0.0,bull_normal,50.0,50.0,50.0,-2.9614816946290874e-05,-0.001823632703014436,-0.0017940178860681453,-0.0018236327011908026,1.0,0.2,0.2,0.2,0.2,0.2,0.18,0.12,0.28,0.22,0.2,0.17999999981999998,0.11999999987999999,0.27999999972,0.21999999977999998,0.1999999998
2018-08-31,1.0,20.0,0.0,bull_normal,50.0,50.0,50.0,0.003929606435355348,0.006832862941974753,0.002903256506619405,0.0068328629351418904,1.0,0.2,0.2,0.2,0.2,0.2,0.1800034107719073,0.12007771836420436,0.27995417248308446,0.22002843114504858,0.1999362672357552,0.18000341059190392,0.12007771824412666,0.27995417220313035,0.22002843092502017,0.19993626703581896
2018-09-07,1.0,20.0,0.0,bull_normal,50.0,50.0,50.0,0.0033684116883605708,0.0040648664634922,0.000696454775131629,0.004064866459427332,1.0,0.2,0.2,0.2,0.2,0.2,0.18,0.12,0.28,0.22,0.2,0.17999999981999998,0.11999999987999999,0.27999999972,0.21999999977999998,0.1999999998
2018-09-14,1.0,20.0,0.0,bull_normal,50.0,50.0,50.0,0.0041964643599604985,0.004198437105370923,1.972745410424616e-06,0.004198437101172486,0.8852337410186916,0.2,0.2,0.2,0.2,0.2,0.18,0.12,0.28,0.22,0.2,0.17999999981999998,0.11999999987999999,0.27999999972,0.21999999977999998,0.1999999998
2018-09-21,1.0,20.0,0.0,bull_normal,50.0,50.0,50.0,-0.0017616260638605257,-0.0009640246820384486,0.0007976013818220771,-0.000964024681074424,0.8591266484617726,0.2,0.2,0.2,0.2,0.2,0.18,0.12,0.28,0.22,0.2,0.17999999981999998,0.11999999987999999,0.27999999972,0.21999999977999998,0.1999999998
2018-09-28,1.0,20.0,0.0,bull_normal,50.0,50.0,50.0,-0.007216382815025106,-0.0067510988746716915,0.0004652839403534144,-0.006751098867920592,0.8580271673979576,0.2,0.2,0.2,0.2,0.2,0.18,0.12,0.28,0.22,0.2,0.17999999981999998,0.11999999987999999,0.27999999972,0.21999999977999998,0.1999999998
2018-10-05,1.0,20.0,0.0,bull_normal,50.0,50.0,50.0,-0.0021178629275468,-0.002474458838473465,-0.00035659591092666474,-0.002474458835999005,0.7745709684562989,0.2,0.2,0.2,0.2,0.2,0.18,0.12,0.28,0.22,0.2,0.17999999981999998,0.11999999987999999,0.27999999972,0.21999999977999998,0.1999999998
2018-10-12,1.0,20.0,0.0,bull_normal,50.0,50.0,50.0,0.0025048119318366356,0.005816619388681813,0.003311807456845177,0.005816619382865192,0.8172755532371285,0.2,0.2,0.2,0.2,0.2,0.18,0.12,0.28,0.22,0.2,0.17999999981999998,0.11999999987999999,0.27999999972,0.21999999977999998,0.1999999998
2018-10-19,1.0,20.0,0.0,bull_normal,50.0,50.0,50.0,0.0026274891802183426,0.004150307203554679,0.0015228180233363363,0.004150307199404371,0.80241486529071,0.2,0.2,0.2,0.2,0.2,0.1730661275171266,0.12698547303695143,0.2815343594211474,0.23277383451605752,0.18564020550871718,0.17306612734406046,0.12698547290996595,0.281534359139613,0.23277383428328366,0.18564020532307696
2018-10-26,1.0,20.0,0.0,bull_normal,50.0,50.0,50.0,-0.005806248172249735,-0.00591805224255463,-0.00011180407030489479,-0.0059180522366365776,0.7770396340203088,0.2,0.2,0.2,0.2,0.2,0.18,0.12,0.28,0.22,0.2,0.17999999981999998,0.11999999987999999,0.27999999972,0.21999999977999998,0.1999999998
2018-11-02,1.0,20.0,0.0,bull_normal,50.0,50.0,50.0,-0.003380453557531475,-0.004354464401834922,-0.000974010844303447,-0.004354464397480457,0.7911955218199148,0.2,0.2,0.2,0.2,0.2,0.18,0.12,0.28,0.22,0.2,0.17999999981999998,0.11999999987999999,0.27999999972,0.21999999977999998,0.1999999998
2018-11-09,1.0,20.0,0.0,bull_normal,50.0,50.0,50.0,-0.00634699117137244,-0.007523335663876315,-0.0011763444925038747,-0.0075233356563529806,0.8238189647679661,0.2,0.2,0.2,0.2,0.2,0.18009287829126117,0.1212542313772389,0.27928585138480655,0.22034183431727022,0.19902520462942308,0.1800928781111683,0.12125423125598468,0.27928585110552073,0.22034183409692842,0.1990252044303979
2018-11-16,1.0,20.0,0.0,bull_normal,50.0,50.0,50.0,0.0010705485124043632,0.001304713640463158,0.00023416512805879484,0.0013047136391584444,0.7300733257884351,0.2,0.2,0.2,0.2,0.2,0.18,0.12,0.28,0.22,0.2,0.17999999981999998,0.11999999987999999,0.27999999972,0.21999999977999998,0.1999999998
2018-11-23,1.0,20.0,0.0,bull_normal,50.0,50.0,50.0,0.0007734725598953755,0.0015309140843308424,0.0007574415244354669,0.0015309140827999281,0.6408132464202353,0.2,0.2,0.2,0.2,0.2,0.17818718592447486,0.126583293779436,0.2775082283623547,0.2256647942024264,0.19205649773130815,0.1781871857462876,0.12658329365285267,0.27750822808484643,0.22566479397676154,0.19205649753925158
2018-11-30,1.0,20.0,0.0,bull_normal,50.0,50.0,50.0,0.0008766248030231004,0.0023474413832377103,0.0014708165802146099,0.0023474413808902686,0.6481352177902563,0.2,0.2,0.2,0.2,0.2,0.17995334744422192,0.12258077608351833,0.2786054463228644,0.2211670513798499,0.19769337876954549,0.17995334726426856,0.12258077596093754,0.2786054460442589,0.22116705115868285,0.1976933785718521
2018-12-07,1.0,20.0,0.0,bull_normal,50.0,50.0,50.0,0.0019169068088840452,0.002553861607907218,0.000636954799023173,0.002553861605353356,0.56529374746764,0.2,0.2,0.2,0.2,0.2,0.1793558474122446,0.12506401562936212,0.27757058673574375,0.2232139377228752,0.19479561249977428,0.17935584723288875,0.1250640155042981,0.2775705864581731,0.22321393749966126,0.19479561230497866
2018-12-14,1.0,20.0,0.0,bull_normal,50.0,50.0,50.0,0.0013822115510568832,-0.0007914244840469051,-0.0021736360351037884,-0.0007914244832554808,0.6418909733765034,0.2,0.2,0.2,0.2,0.2,0.17971218211489173,0.12415055285467849,0.27793870553786865,0.2221594554359855,0.19603910405657565,0.17971218193517954,0.12415055273052793,0.2779387052599299,0.22215945521382602,0.19603910386053652
2018-12-21,1.0,20.0,0.0,bull_normal,50.0,50.0,50.0,0.005030873239349926,0.004751808659814269,-0.0002790645795356572,0.00475180865506246,0.6136989119452011,0.2,0.2,0.2,0.2,0.2,0.18,0.12,0.28,0.22,0.2,0.17999999981999998,0.11999999987999999,0.27999999972,0.21999999977999998,0.1999999998
2018-12-28,1.0,20.0,0.0,bull_normal,50.0,50.0,50.0,0.00029840792439167073,0.0006268423409427949,0.00032843441655112417,0.000626842340315952,0.6731702090127459,0.2,0.2,0.2,0.2,0.2,0.18,0.12,0.28,0.22,0.2,0.17999999981999998,0.11999999987999999,0.27999999972,0.21999999977999998,0.1999999998
2019-01-04,1.0,20.0,0.0,bull_normal,50.0,50.0,50.0,-0.008269584833283211,-0.007856207079967772,0.00041337775331543904,-0.007856207072111567,0.6787833205746295,0.2,0.2,0.2,0.2,0.2,0.17959277362160012,0.12448899924160381,0.2778337498750635,0.22248457440808903,0.1955999028536435,0.17959277344200736,0.12448899911711482,0.2778337495972298,0.2224845741856045,0.19559990265804364
2019-01-11,1.0,20.0,0.0,bull_normal,50.0,50.0,50.0,-0.004192683700399649,-0.0033804043201666077,0.0008122793802330412,-0.0033804043167862032,0.6466922850662982,0.2,0.2,0.2,0.2,0.2,0.18007152660511672,0.12177707727029458,0.2789340876473164,0.2206859258579917,0.19853138261928066,0.18007152642504518,0.12177707714851749,0.2789340873683823,0.22068592563730577,0.19853138242074927
2019-01-18,1.0,20.0,0.0,bull_normal,50.0,50.0,50.0,0.0014772582536503947,-0.0009133514936552478,-0.0023906097473056424,-0.000913351492741896,0.6620023497957843,0.2,0.2,0.2,0.2,0.2,0.18,0.12,0.28,0.22,0.2,0.17999999981999998,0.11999999987999999,0.27999999972,0.21999999977999998,0.1999999998
2019-01-25,1.0,20.0,0.0,bull_normal,50.0,50.0,50.0,0.007944248209264787,0.007904966649379683,-3.928155988510394e-05,0.007904966641474716,0.5731731401847835,0.2,0.2,0.2,0.2,0.2,0.18000021311995906,0.12194842980185135,0.2789189496714143,0.22083169662405927,0.19830071078271597,0.18000021293995883,0.12194842967990291,0.2789189493924953,0.22083169640322756,0.19830071058441523
2019-02-01,1.0,20.0,0.0,bull_normal,50.0,50.0,50.0,-0.0009335838553161655,0.0006619351688806738,0.0015955190241968393,0.0006619351682187387,0.5444109375154029,0.2,0.2,0.2,0.2,0.2,0.18,0.12,0.28,0.22,0.2,0.17999999981999998,0.11999999987999999,0.27999999972,0.21999999977999998,0.1999999998
2019-02-08,1.0,20.0,0.0,bull_normal,50.0,50.0,50.0,-0.002249651224211555,-0.0026650769136011324,-0.0004154256893895776,-0.002665076910936055,0.48008512656077557,0.2,0.2,0.2,0.2,0.2,0.18,0.12,0.28,0.22,0.2,0.17999999981999998,0.11999999987999999,0.27999999972,0.21999999977999998,0.1999999998
2019-02-15,1.0,20.0,0.0,bull_normal,50.0,50.0,50.0,-0.004240376240729877,-0.005078590220487944,-0.0008382139797580672,-0.0050785902154093536,0.4391819003597512,0.2,0.2,0.2,0.2,0.2,0.18001587087624196,0.1215667330630095,0.27911823621679493,0.22064687990382362,0.19865227994013,0.18001587069622607,0.12156673294144275,0.27911823593767665,0.22064687968317673,0.1986522797414777
2019-02-22,1.0,20.0,0.0,bull_normal,50.0,50.0,50.0,0.0001366721801605548,-0.0017768338158091678,-0.0019135059959697227,-0.0017768338140323337,0.5648786737898509,0.2,0.2,0.2,0.2,0.2,0.18,0.12,0.28,0.22,0.2,0.17999999981999998,0.11999999987999999,0.27999999972,0.21999999977999998,0.1999999998
2019-03-01,1.0,20.0,0.0,bull_normal,50.0,50.0,50.0,0.00866763304473892,0.008630683567974891,-3.694947676402896e-05,0.008630683559344206,0.537476972083515,0.2,0.2,0.2,0.2,0.2,0.17903327853936674,0.12569827946313478,0.2774901223651561,0.22391742236289483,0.1938608972694475,0.17903327836033345,0.1256982793374365,0.27749012208766594,0.2239174221389774,0.1938608970755866
2019-03-08,1.0,20.0,0.0,bull_normal,50.0,50.0,50.0,-0.006609108183786235,-0.005393597044024519,0.001215511139761716,-0.005393597038630921,0.5455812088816878,0.2,0.2,0.2,0.2,0.2,0.1800157944562774,0.12043267588863908,0.27974740902722045,0.22016273575428033,0.19964138487358282,0.1800157942762616,0.12043267576820639,0.279747408747473,0.22016273553411758,0.1996413846739414
2019-03-15,1.0,20.0,0.0,bull_normal,50.0,50.0,50.0,-0.00489495333735617,-0.00535664603047502,-0.0004616926931188493,-0.005356646025118373,0.5172453826173071,0.2,0.2,0.2,0.2,0.2,0.18,0.12,0.28,0.22,0.2,0.17999999981999998,0.11999999987999999,0.27999999972,0.21999999977999998,0.1999999998
2019-03-22,1.0,20.0,0.0,bull_normal,50.0,50.0,50.0,-0.0038745732275389196,-0.0023962004021075584,0.0014783728254313612,-0.002396200399711358,0.6037179540016429,0.2,0.2,0.2,0.2,0.2,0.18002342607335123,0.12114929036175826,0.27934379920081087,0.22045809566534869,0.19902538869873093,0.1800234258933278,0.12114929024060896,0.27934379892146705,0.22045809544489056,0.19902538849970552
2019-03-29,1.0,20.0,0.0,bull_normal,50.0,50.0,50.0,0.0006218413491217948,0.00034397163632566576,-0.000277869712796129,0.0003439716359816936,0.6329267628084647,0.2,0.2,0.2,0.2,0.2,0.18,0.12,0.28,0.22,0.2,0.17999999981999998,0.11999999987999999,0.27999999972,0.21999999977999998,0.1999999998
2019-04-05,1.0,20.0,0.0,bull_normal,50.0,50.0,50.0,0.002506403793634862,0.0021108193138539098,-0.0003955844797809524,0.0021108193117430904,0.6193204333986987,0.2,0.2,0.2,0.2,0.2,0.1730392561019941,0.1270319213416081,0.2816371902402951,0.23270707651827152,0.1855845557978312,0.17303925592895483,0.12703192121457615,0.2816371899586579,0.23270707628556442,0.18558455561224663
2019-04-12,1.0,20.0,0.0,bull_normal,50.0,50.0,50.0,-0.004685948771104337,-0.005511763708901689,-0.0008258149377973522,-0.005511763703389926,0.5817220209454753,0.2,0.2,0.2,0.2,0.2,0.1800233749024438,0.12092143330862491,0.27944638741583394,0.22038847127955744,0.19922033309353981,0.18002337472242044,0.1209214331877035,0.2794463871363876,0.220388471059169,0.1992203328943195
2019-04-19,1.0,20.0,0.0,bull_normal,50.0,50.0,50.0,-0.0008114326238315091,-0.001915246497458523,-0.001103813873627014,-0.0019152464955432761,0.6487754476561843,0.2,0.2,0.2,0.2,0.2,0.18002206187370529,0.12125735408574873,0.279270448397714,0.22052290512780703,0.19892723051502512,0.18002206169368318,0.12125735396449133,0.2792704481184434,0.22052290490728407,0.19892723031609783
2019-04-26,1.0,20.0,0.0,bull_normal,50.0,50.0,50.0,0.007233090276326804,0.006631955125539478,-0.0006011351507873254,0.006631955118907523,0.6677375992194616,0.2,0.2,0.2,0.2,0.2,0.18,0.12,0.28,0.22,0.2,0.17999999981999998,0.11999999987999999,0.27999999972,0.21999999977999998,0.1999999998
2019-05-03,1.0,20.0,0.0,bull_normal,50.0,50.0,50.0,0.004367502257785974,0.002997600474842203,-0.0013699017829437708,0.0029976004718446025,0.6091843048113532,0.2,0.2,0.2,0.2,0.2,0.18003966190548923,0.12164510157196719,0.27907545768239506,0.2206244690632264,0.1986153097769222,0.18003966172544955,0.12164510145032208,0.27907545740331957,0.22062446884260192,0.1986153095783069
2019-05-10,1.0,20.0,0.0,bull_normal,50.0,50.0,50.0,-0.0013325665301000872,-0.003113058209044984,-0.001780491678944897,-0.0031130582059319257,0.6508859361181561,0.2,0.2,0.2,0.2,0.2,0.17896585389879835,0.12694732331735975,0.2772047266343915,0.22413534716596142,0.19274674898348892,0.17896585371983248,0.1269473231904124,0.27720472635718674,0.22413534694182605,0.19274674879074216
2019-05-17,1.0,20.0,0.0,bull_normal,50.0,50.0,50.0,-0.004960633570740168,-0.004316394614752777,0.0006442389559873909,-0.004316394610436382,0.6566814204676863,0.2,0.2,0.2,0.2,0.2,0.18,0.12,0.28,0.22,0.2,0.17999999981999998,0.11999999987999999,0.27999999972,0.21999999977999998,0.1999999998
2019-05-24,1.0,20.0,0.0,bull_normal,50.0,50.0,50.0,-0.0010155661227422704,0.002006355097869056,0.0030219212206113264,0.002006355095862701,0.7030894557135169,0.2,0.2,0.2,0.2,0.2,0.18,0.12,0.28,0.22,0.2,0.17999999981999998,0.11999999987999999,0.27999999972,0.21999999977999998,0.1999999998
2019-05-31,1.0,20.0,0.0,bull_normal,50.0,50.0,50.0,-0.0013697198382971653,-0.0012613991074186153,0.00010832073087855003,-0.0012613991061572163,0.6390284119199433,0.2,0.2,0.2,0.2,0.2,0.18005899256970576,0.12097169847242119,0.2794425193779248,0.2202997024651243,0.19922708711482387,0.1800589923896468,0.12097169835144951,0.27944251909848233,0.22029970224482462,0.19922708691559682
2019-06-07,1.0,20.0,0.0,bull_normal,50.0,50.0,50.0,0.008833373915538352,0.008531637008512056,-0.00030173690702629645,0.008531636999980418,0.7139970091202111,0.2,0.2,0.2,0.2,0.2,0.18,0.12,0.28,0.22,0.2,0.17999999981999998,0.11999999987999999,0.27999999972,0.21999999977999998,0.1999999998
2019-06-14,1.0,20.0,0.0,bull_normal,50.0,50.0,50.0,-0.010539898414275802,-0.009836091577117413,0.000703806837158389,-0.009836091567281319,0.6241238008958313,0.2,0.2,0.2,0.2,0.2,0.1799056177319171,0.12300085014750503,0.27841038727015077,0.2214129689549845,0.1972701758954426,0.17990561755201145,0.12300085002450417,0.27841038699174037,0.2214129687335715,0.1972701756981724
2019-06-21,1.0,20.0,0.0,bull_normal,50.0,50.0,50.0,-0.0022435851937917094,-0.0022174885090282164,2.6096684763493062e-05,-0.002217488506810728,0.6269863378950165,0.2,0.2,0.2,0.2,0.2,0.18000803892884332,0.12178402771000144,0.27900392445836475,0.22075058529654015,0.1984534236062503,0.1800080387488353,0.12178402758821742,0.2790039241793609,0.2207505850757896,0.1984534234077969
2019-06-28,1.0,20.0,0.0,bull_normal,50.0,50.0,50.0,-0.0023591108737787735,-0.004425682612313871,-0.0020665717385350973,-0.004425682607888188,0.6556808035792038,0.2,0.2,0.2,0.2,0.2,0.18,0.12,0.28,0.22,0.2,0.17999999981999998,0.11999999987999999,0.27999999972,0.21999999977999998,0.1999999998
2019-07-05,1.0,20.0,0.0,bull_normal,50.0,50.0,50.0,0.0033226059883548083,0.0025534203894013504,-0.0007691855989534579,0.00255342038684793,0.5947354057267628,0.2,0.2,0.2,0.2,0.2,0.1800531148869067,0.12415189666202804,0.2778479692084863,0.22147498835006582,0.19647203089251317,0.18005311470685356,0.12415189653787613,0.27784796893063834,0.22147498812859082,0.19647203069604113
2019-07-12,1.0,20.0,0.0,bull_normal,50.0,50.0,50.0,-0.0003832931949561345,0.0002860471830615795,0.000669340378017714,0.0002860471827755325,0.560670136778211,0.2,0.2,0.2,0.2,0.2,0.180023435582017,0.12092077061416853,0.27945162976260085,0.2203824076490019,0.1992217563922117,0.18002343540199356,0.12092077049324775,0.2794516294831492,0.22038240742861948,0.19922175619298993
2019-07-19,1.0,20.0,0.0,bull_normal,50.0,50.0,50.0,-0.0029779664143450737,-0.003432743715780771,-0.0004547773014356971,-0.0034327437123480267,0.5848805291659805,0.2,0.2,0.2,0.2,0.2,0.18,0.12,0.28,0.22,0.2,0.17999999981999998,0.11999999987999999,0.27999999972,0.21999999977999998,0.1999999998
2019-07-26,1.0,20.0,0.0,bull_normal,50.0,50.0,50.0,-0.002020712663824836,-0.002607728860173304,-0.000587016196348468,-0.002607728857565575,0.6582963162522973,0.2,0.2,0.2,0.2,0.2,0.17843617799155825,0.12706337120514663,0.27746224984022866,0.22503850235414888,0.19199969860891752,0.17843617781312207,0.12706337107808324,0.2774622495627664,0.22503850212911036,0.1919996984169178
2019-08-02,1.0,20.0,0.0,bull_normal,50.0,50.0,50.0,-0.002359078561984202,-0.002266676168447973,9.240239353622889e-05,-0.0022666761661812966,0.6326151428644491,0.2,0.2,0.2,0.2,0.2,0.18,0.12,0.28,0.22,0.2,0.17999999981999998,0.11999999987999999,0.27999999972,0.21999999977999998,0.1999999998
2019-08-09,1.0,20.0,0.0,bull_normal,50.0,50.0,50.0,-0.0014979554492913242,0.0011784337739509064,0.0026763892232422306,0.001178433772772473,0.646203298696427,0.2,0.2,0.2,0.2,0.2,0.18,0.12,0.28,0.22,0.2,0.17999999981999998,0.11999999987999999,0.27999999972,0.21999999977999998,0.1999999998
2019-08-16,1.0,20.0,0.0,bull_normal,50.0,50.0,50.0,0.0014858760398651979,-0.00039527562527384854,-0.0018811516651390464,-0.00039527562487857277,0.6335453616836162,0.2,0.2,0.2,0.2,0.2,0.18,0.12,0.28,0.22,0.2,0.17999999981999998,0.11999999987999999,0.27999999972,0.21999999977999998,0.1999999998
2019-08-23,1.0,20.0,0.0,bull_normal,50.0,50.0,50.0,-0.007167457553625137,-0.00665433236795912,0.000513125185666017,-0.006654332361304788,0.5947920330738654,0.2,0.2,0.2,0.2,0.2,0.18,0.12,0.28,0.22,0.2,0.17999999981999998,0.11999999987999999,0.27999999972,0.21999999977999998,0.1999999998
2019-08-30,1.0,20.0,0.0,bull_normal,50.0,50.0,50.0,-0.0027374643821605205,-0.004210655825380993,-0.001473191443220473,-0.004210655821170338,0.7052242999195983,0.2,0.2,0.2,0.2,0.2,0.17957104954604763,0.12448119290330818,0.27771755088498895,0.22267098243194922,0.1955592242337059,0.1795710493664766,0.12448119277882701,0.27771755060727144,0.22267098220927825,0.19555922403814668
2019-09-06,1.0,20.0,0.0,bull_normal,50.0,50.0,50.0,0.0014720121927116457,0.0016762805741034467,0.00020426838139180102,0.001676280572427166,0.6502339013705725,0.2,0.2,0.2,0.2,0.2,0.18,0.12,0.28,0.22,0.2,0.17999999981999998,0.11999999987999999,0.27999999972,0.21999999977999998,0.1999999998
2019-09-13,1.0,20.0,0.0,bull_normal,50.0,50.0,50.0,0.004075184986872949,0.004793014741747655,0.0007178297548747058,0.0047930147369546405,0.6297561833880962,0.2,0.2,0.2,0.2,0.2,0.17998615098524365,0.12218152934330029,0.2788008270986687,0.22095083670366072,0.19808065586912652,0.1799861508052575,0.12218152922111877,0.27880082681986795,0.2209508364827099,0.19808065567104588
2019-09-20,1.0,20.0,0.0,bull_normal,50.0,50.0,50.0,0.0036197791585283225,0.0029202342280281036,-0.0006995449305002188,0.002920234225107869,0.6276527596713862,0.2,0.2,0.2,0.2,0.2,0.1800142258365328,0.12161945452541131,0.27909029810136254,0.22067168580261898,0.1986043357340744,0.18001422565651853,0.12161945440379185,0.27909029782227224,0.22067168558194727,0.19860433553547005
2019-09-27,1.0,20.0,0.0,bull_normal,50.0,50.0,50.0,-0.000815615825627412,-0.0018684748503734537,-0.0010528590247460418,-0.0018684748485049785,0.6304490873984215,0.2,0.2,0.2,0.2,0.2,0.18006612272629857,0.12236001953593939,0.2787020152465042,0.22084170459783445,0.19803013789342339,0.18006612254623244,0.12236001941357937,0.2787020149678021,0.22084170437699271,0.19803013769539324
2019-10-04,1.0,20.0,0.0,bull_normal,50.0,50.0,50.0,-0.004577749948632711,-0.003222074666398264,0.0013556752822344474,-0.00322207466317619,0.6709707173227382,0.2,0.2,0.2,0.2,0.2,0.18002854052739273,0.1209411700319775,0.27945905727520143,0.22035761449402683,0.1992136176714014,0.1800285403473642,0.12094116991103634,0.2794590569957424,0.22035761427366923,0.1992136174721878
2019-10-11,1.0,20.0,0.0,bull_normal,50.0,50.0,50.0,-0.002641026113550017,-0.0026730686882279354,-3.2042574677918455e-05,-0.0026730686855548666,0.6284118638094496,0.2,0.2,0.2,0.2,0.2,0.18,0.12,0.28,0.22,0.2,0.17999999981999998,0.11999999987999999,0.27999999972,0.21999999977999998,0.1999999998
2019-10-18,1.0,20.0,0.0,bull_normal,50.0,50.0,50.0,0.0033263523207237556,0.004328794286354422,0.0010024419656306668,0.004328794282025629,0.6080211496399227,0.2,0.2,0.2,0.2,0.2,0.18005035065631403,0.12062080975097213,0.27964103494183373,0.22016540559570866,0.19952239905517147,0.18005035047626367,0.12062080963035131,0.2796410346621927,0.22016540537554324,0.19952239885564904
2019-10-25,1.0,20.0,0.0,bull_normal,50.0,50.0,50.0,0.0012454871942833075,0.0012398625637575769,-5.624630525730666e-06,0.0012398625625177145,0.5928812060373779,0.2,0.2,0.2,0.2,0.2,0.18,0.12,0.28,0.22,0.2,0.17999999981999998,0.11999999987999999,0.27999999972,0.21999999977999998,0.1999999998
2019-11-01,1.0,20.0,0.0,bull_normal,50.0,50.0,50.0,0.002124219959845345,0.0027814462396072953,0.0006572262797619505,0.002781446236825849,0.6361096666463895,0.2,0.2,0.2,0.2,0.2,0.1800741903222757,0.12118217879880151,0.27932561035105086,0.2203545697760933,0.1990634507517786,0.1800741901422015,0.12118217867761932,0.27932561007172524,0.2203545695557387,0.19906345055271513
2019-11-08,1.0,20.0,0.0,bull_normal,50.0,50.0,50.0,-0.006834585532066129,-0.004753562740065157,0.002081022792000972,-0.004753562735311594,0.6983816198699687,0.2,0.2,0.2,0.2,0.2,0.17990687026067684,0.12299127234757286,0.27841470396474954,0.22140713293827546,0.19728002048872534,0.17990687008076994,0.12299127222458157,0.2784147036863348,0.22140713271686832,0.1972800202914453
2019-11-15,1.0,20.0,0.0,bull_normal,50.0,50.0,50.0,-0.0001364833861419937,-0.0007986760711816359,-0.0006621926850396422,-0.0007986760703829597,0.681134525419291,0.2,0.2,0.2,0.2,0.2,0.18003859585390372,0.12131681521266922,0.27925204484492716,0.22049315194496555,0.1988993921435343,0.1800385956738651,0.12131681509135239,0.2792520445656751,0.22049315172447237,0.1988993919446349
2019-11-22,1.0,20.0,0.0,bull_normal,50.0,50.0,50.0,-0.004765453390376829,-0.0029763411536417646,0.0017891122367350645,-0.0029763411506654232,0.7771595959745982,0.2,0.2,0.2,0.2,0.2,0.18,0.12,0.28,0.22,0.2,0.17999999981999998,0.11999999987999999,0.27999999972,0.21999999977999998,0.1999999998
2019-11-29,1.0,20.0,0.0,bull_normal,50.0,50.0,50.0,-0.0007866263624915738,0.0005837168993618126,0.0013703432618533864,0.0005837168987780956,0.7445874044206349,0.2,0.2,0.2,0.2,0.2,0.18,0.12,0.28,0.22,0.2,0.17999999981999998,0.11999999987999999,0.27999999972,0.21999999977999998,0.1999999998
2019-12-06,1.0,20.0,0.0,bull_normal,50.0,50.0,50.0,-0.0011927494218319816,-0.0002791568017358547,0.0009135926200961269,-0.00027915680145669774,0.6341716539819446,0.2,0.2,0.2,0.2,0.2,0.18,0.12,0.28,0.22,0.2,0.17999999981999998,0.11999999987999999,0.27999999972,0.21999999977999998,0.1999999998
2019-12-13,1.0,20.0,0.0,bull_normal,50.0,50.0,50.0,-0.011001586484854355,-0.010622744008722812,0.00037884247613154294,-0.010622743998100067,0.650449292940368,0.2,0.2,0.2,0.2,0.2,0.18,0.12,0.28,0.22,0.2,0.17999999981999998,0.11999999987999999,0.27999999972,0.21999999977999998,0.1999999998
2019-12-20,1.0,20.0,0.0,bull_normal,50.0,50.0,50.0,-0.005697536867878708,-0.007416261559229459,-0.0017187246913507514,-0.007416261551813196,0.6089298546707579,0.2,0.2,0.2,0.2,0.2,0.17982079455552358,0.1240535938230028,0.2778518583383264,0.22202936469577914,0.1962443885873682,0.17982079437570278,0.1240535936989492,0.27785185806047447,0.22202936447374974,0.1962443883911238
2019-12-27,1.0,20.0,0.0,bull_normal,50.0,50.0,50.0,0.0025162184329792277,0.003670570256672363,0.001154351823693135,0.003670570253001792,0.5550891002020623,0.2,0.2,0.2,0.2,0.2,0.17979909849046402,0.12358601930197041,0.2780496139823319,0.22195123356338,0.19661403466185365,0.1797990983106649,0.12358601917838438,0.2780496137042823,0.22195123334142874,0.1966140344652396
2020-01-03,1.0,20.0,0.0,bull_normal,53.0,56.8,47.25,-0.00043306574337163926,-0.003124411141598392,-0.0026913453982267527,-0.003124411138473981,0.6623039448539682,0.2,0.2,0.2,0.2,0.2,0.18196751590216195,0.13079021993479728,0.27344396276713406,0.2207130230782402,0.19308527831766648,0.18196751572019446,0.13079021980400707,0.27344396249369013,0.2207130228575272,0.19308527812458123
2020-01-10,1.0,20.0,0.0,bull_normal,54.7,60.0,37.75,0.005456510883576687,0.0059796468899719415,0.0005231360063952546,0.005979646883992293,0.6378417967975978,0.2,0.2,0.2,0.2,0.2,0.1853511219879676,0.1574047557489817,0.26094188911203015,0.22162810471760064,0.17467412843342006,0.18535112180261648,0.15740475559157693,0.2609418888510882,0.2216281044959725,0.17467412825874593
2020-01-17,1.0,20.0,0.0,bull_normal,55.35,61.779999999999994,36.949999999999996,0.0050508042138505856,0.004793183209047219,-0.00025762100480336645,0.004793183204254037,0.673272845615833,0.2,0.2,0.2,0.2,0.2,0.1884982335339472,0.15809353541179808,0.2571352041939278,0.21859989657998627,0.17767313028034068,0.18849823334544896,0.15809353525370454,0.2571352039367926,0.21859989636138635,0.17767313010266753
2020-01-24,1.0,20.0,0.0,bull_normal,55.82000000000001,61.81,36.849999999999994,-0.0021073974364349186,-0.001990520130834362,0.00011687730560055662,-0.0019905201288438414,0.6137440218289855,0.2,0.2,0.2,0.2,0.2,0.18908567309964158,0.16314880970753404,0.2562699659662273,0.21715512669452872,0.17434042453206836,0.1890856729105559,0.1631488095443852,0.2562699657099573,0.21715512647737356,0.17434042435772792
2020-01-31,1.0,20.0,0.0,bull_normal,54.419999999999995,59.65,39.635,0.00020064564644859393,0.0008933595823590382,0.0006927139359104443,0.0008933595814656785,0.5514629170417322,0.2,0.2,0.2,0.2,0.2,0.1849871385971541,0.15217857525572534,0.26283510225553547,0.22140295764888687,0.17859622624269814,0.184987138412167,0.1521785751035468,0.2628351019927004,0.22140295742748395,0.17859622606410194
2020-02-07,1.0,20.0,0.0,bull_normal,58.17999999999999,65.84,38.55,0.0001553505612427953,0.0003412955057662421,0.00018594494452344682,0.0003412955054249468,0.5126204250410255,0.2,0.2,0.2,0.2,0.2,0.1917446269579731,0.16448302956944358,0.25393326489648793,0.213417377841746,0.17642170073434932,0.1917446267662285,0.16448302940496057,0.2539332646425547,0.21341737762832866,0.17642170055792764
2020-02-14,1.0,20.0,0.0,bull_normal,55.8,56.0,35.2,0.002491038951092474,0.0029484450241530125,0.00045740607306053857,0.0029484450212045677,0.589925958987908,0.2,0.2,0.2,0.2,0.2,0.18680576317151218,0.1511136202204363,0.26174910749588004,0.2186786887217051,0.18165282039046632,0.1868057629847064,0.1511136200693227,0.2617491072341309,0.21867868850302638,0.1816528202088135
2020-02-21,1.0,20.0,0.0,bull_normal,56.95,59.55,35.449999999999996,-0.007413065319433457,-0.007921335523607867,-0.0005082702041744099,-0.007921335515686532,0.5786527981568524,0.2,0.2,0.2,0.2,0.2,0.1886286324305865,0.1559560722249298,0.2579721109713409,0.21778896511758253,0.17965421925556038,0.18862863224195786,0.15595607206897372,0.25797211071336873,0.21778896489979355,0.17965421907590615
2020-02-28,1.0,20.0,0.0,bull_normal,55.25,57.010000000000005,36.775,0.0038466778608500737,0.004921332355651469,0.0010746544948013951,0.0049213323507301355,0.6585670234639865,0.2,0.2,0.2,0.2,0.2,0.185423360483469,0.15145290551986665,0.2622708810692004,0.2212019575222605,0.17965089540520351,0.18542336029804563,0.15145290536841374,0.26227088080692945,0.22120195730105852,0.1796508952255526
2020-03-06,1.0,20.0,0.0,bull_normal,55.790000000000006,58.239999999999995,37.224999999999994,-0.0007924652300590169,-0.001809892047928452,-0.001017426817869435,-0.0018098920461185604,0.704582057511501,0.2,0.2,0.2,0.2,0.2,0.1868266549653453,0.1556797515448343,0.26016623145462947,0.21948073732610054,0.1778466247090903,0.18682665477851867,0.15567975138915457,0.26016623119446325,0.21948073710661983,0.1778466245312437
2020-03-13,1.0,20.0,0.0,bull_normal,54.9,59.8,45.2,0.0016474402719683604,0.0021555775237204326,0.0005081372517520722,0.0021555775215648543,0.6658284047469883,0.2,0.2,0.2,0.2,0.2,0.18411641883351682,0.1393165632885702,0.2686389063772445,0.21946664002879782,0.1884614714718707,0.18411641864940037,0.1393165631492536,0.2686389061086056,0.21946663980933115,0.1884614712834092
2020-03-20,1.0,20.0,0.0,bull_normal,56.2,53.1,51.25,0.0006264198054140147,-0.00011775066869774816,-0.0007441704741117628,-0.00011775066857999707,0.670655837283405,0.2,0.2,0.2,0.2,0.2,0.1810469734470031,0.12944291492068552,0.27443588990731715,0.2219855960843353,0.1930886256406589,0.18104697326595612,0.1294429147912426,0.27443588963288124,0.22198559586234967,0.19308862544757027
2020-03-27,1.0,20.0,0.0,bull_normal,57.290000000000006,54.65,50.75,-0.00011119265833662862,-0.0006479825049646888,-0.0005367898466280602,-0.0006479825043167065,0.683866178319662,0.2,0.2,0.2,0.2,0.2,0.18151684083376046,0.13372854793811673,0.2723400157234152,0.22240221214058034,0.19001238336412715,0.18151684065224366,0.1337285478043882,0.2723400154510752,0.22240221191817816,0.19001238317411479
2020-04-03,1.0,20.0,0.0,bull_normal,60.11,57.85,52.41,-0.0021179421991874515,-0.0022266530230233257,-0.00010871082383587423,-0.0022266530207966724,0.6324106373714998,0.2,0.2,0.2,0.2,0.2,0.1834200059976952,0.1379930863357712,0.269131707283553,0.22079280099342047,0.18866239938956023,0.18342000581427514,0.1379930861977781,0.26913170701442124,0.2207928007726276,0.18866239920089778
2020-04-10,1.0,20.0,0.0,bull_normal,57.5,58.0,36.0,-0.006102907008438337,-0.0057463340278431025,0.00035657298059523466,-0.005746334022096769,0.627424628745775,0.2,0.2,0.2,0.2,0.2,0.18392512675988587,0.1629725800303133,0.2607111995974525,0.22399955470689595,0.16839153890545233,0.18392512657596077,0.16297257986734076,0.2607111993367413,0.22399955448289643,0.1683915387370608
2020-04-17,1.0,20.0,0.0,bull_normal,59.0,59.0,38.5,-0.004269983447086463,-0.004088697703334937,0.0001812857437515263,-0.0040886976992462395,0.6836060592989578,0.2,0.2,0.2,0.2,0.2,0.18798555846437723,0.15781752185920078,0.2585284464360217,0.21823387234441916,0.177434600895981,0.18798555827639168,0.15781752170138327,0.25852844617749327,0.2182338721261853,0.17743460071854644
2020-04-24,1.0,20.0,0.0,bull_normal,58.5,55.5,37.75,0.00027856081660275445,0.000909527087944924,0.0006309662713421695,0.0009095270870353964,0.5887267974985537,0.2,0.2,0.2,0.2,0.2,0.1864392156609309,0.14905142475690888,0.26246285209078873,0.219144378974476,0.1829021285168956,0.18643921547449163,0.14905142460785742,0.2624628518283258,0.21914437875533155,0.1829021283339934
2020-05-01,1.0,20.0,0.0,bull_normal,59.8,58.1,41.0,-0.0030788958563849034,-0.0038700994083798283,-0.0007912035519949249,-0.0038700994045097288,0.5336492646500132,0.2,0.2,0.2,0.2,0.2,0.18748536392808723,0.1509304695582483,0.2615736905525015,0.21734791739346018,0.1826625585677028,0.18748536374060185,0.1509304694073178,0.2615736902909278,0.21734791717611224,0.18266255838504022
2020-05-08,0.5,20.0,22.480093002319336,event_stress,57.0,57.2,33.0,0.0003314439477795142,-0.0010735594790724935,-0.0014050034268520077,-0.0003710577652754319,0.5320297478805315,0.2,0.2,0.2,0.2,0.2,0.18979127836615842,0.15989041786317665,0.25625451581374287,0.2162397879939316,0.17782399996299048,0.19489563898818357,0.1799452087516431,0.22812725767874417,0.20811989378884588,0.18891199979258322
2020-05-15,0.013965857028961193,20.0,18.325870513916016,bull_normal,57.45,57.4,34.72,-0.0028234730604965283,-0.00241672606532137,0.00040674699517515836,-0.0028177924872971596,0.48726323514774283,0.2,0.2,0.2,0.2,0.2,0.1883499600387692,0.15575503963477697,0.2588553873907586,0.21745522708785672,0.17958438584783837,0.19983729700768244,0.19938208100990512,0.20082196572486147,0.20024377700567325,0.19971487825187756
2020-05-22,0.0,20.0,12.185969352722168,bull_normal,57.61,57.410000000000004,36.125,-0.0033464683827753223,-0.003655276264055844,-0.00030880788128052157,-0.003346468379428854,0.5243669476684816,0.2,0.2,0.2,0.2,0.2,0.18772794595357617,0.1535295562328367,0.26013258416786844,0.21789540131261315,0.18071451233310556,0.1999999998,0.1999999998,0.1999999998,0.1999999998,0.1999999998
2020-05-29,0.0,20.0,14.688297271728516,bull_normal,61.0,61.0,47.25,-0.0020281855317475514,-0.0035897524251969457,-0.0015615668934493942,-0.0020281855297193657,0.5033271576210182,0.2,0.2,0.2,0.2,0.2,0.1860361971470867,0.1452978650924572,0.26467096606477736,0.21832884646879566,0.185666125226883,0.1999999998,0.1999999998,0.1999999998,0.1999999998,0.1999999998
2020-06-05,0.0,20.0,16.467313766479492,bull_normal,61.470000000000006,61.67,49.48,0.00016669058836199011,-0.0019260058765618675,-0.0020926964649238575,0.00016669058819529942,0.5218514899009135,0.2,0.2,0.2,0.2,0.2,0.18627309208078455,0.14914923884376127,0.26340402007911684,0.2184189330736934,0.18275471592264395,0.1999999998,0.1999999998,0.1999999998,0.1999999998,0.1999999998
2020-06-12,0.0008246608078479739,20.0,9.892292022705078,bull_normal,61.0,59.5,44.25,0.0004384023119326199,0.0008712023016852124,0.0004327999897525925,0.0004387592246830466,0.4686926512400605,0.2,0.2,0.2,0.2,0.2,0.18695816989409117,0.14875196299190058,0.2627765720409121,0.21764450210296915,0.183868792970127,0.19998924471385982,0.19995773755244253,0.2000517691785614,0.20001455052934375,0.19998669702579247
2020-06-19,0.0,20.0,16.091083526611328,bull_normal,64.12,62.379999999999995,43.449999999999996,-0.0026101457095259258,-0.0037949843665819583,-0.0011848386570560325,-0.0026101457069157797,0.4733214017193908,0.2,0.2,0.2,0.2,0.2,0.19050973039847652,0.15955515265738646,0.25628917433059484,0.21460870492182943,0.17903723769171276,0.1999999998,0.1999999998,0.1999999998,0.1999999998,0.1999999998
2020-06-26,0.0,20.0,15.091196060180664,bull_normal,63.23,61.980000000000004,44.94,0.0042504439861097126,0.003643182066681743,-0.0006072619194279695,0.004250443981859268,0.44926882621445147,0.2,0.2,0.2,0.2,0.2,0.1890263901373829,0.15480843007033598,0.25913403077112646,0.21577046171159417,0.18126068730956044,0.1999999998,0.1999999998,0.1999999998,0.1999999998,0.1999999998
2020-07-03,0.0,20.0,26.05910873413086,event_stress,59.5,61.5,36.25,0.01075329834166771,0.009727485112188818,-0.0010258132294788912,0.01075329833091441,0.46919816368257733,0.2,0.2,0.2,0.2,0.2,0.19040031574612434,0.16958780849362068,0.2530554940195812,0.2164479298820681,0.17050845185860578,0.1999999998,0.1999999998,0.1999999998,0.1999999998,0.1999999998
2020-07-10,0.0,20.0,40.52382278442383,event_stress,59.7,63.6,36.7,0.0040173934704818975,0.0028301304268187806,-0.001187263043663117,0.004017393466464503,0.5174317207843303,0.2,0.2,0.2,0.2,0.2,0.19131883123272722,0.17494266413824644,0.25101393703842106,0.21553348440817083,0.16719108318243453,0.1999999998,0.1999999998,0.1999999998,0.1999999998,0.1999999998
2020-07-17,0.0,20.0,21.38831329345703,event_stress,58.95,62.45,37.699999999999996,-0.004871491997339028,-0.003927864046676846,0.0009436279506621816,-0.004871491992467534,0.5511482450956731,0.2,0.2,0.2,0.2,0.2,0.18930820327911724,0.16919779217358535,0.2543118459263461,0.21760601913969277,0.16957613948125866,0.1999999998,0.1999999998,0.1999999998,0.1999999998,0.1999999998
2020-07-24,0.0,20.0,23.901744842529297,event_stress,59.8,53.3,39.25,0.005658073571756514,0.006490656068087018,0.0008325824963305037,0.005658073566098441,0.5528191140902005,0.2,0.2,0.2,0.2,0.2,0.1819616305473307,0.15145142456878502,0.26363213051803314,0.22764019573292046,0.1753146186329307,0.1999999998,0.1999999998,0.1999999998,0.1999999998,0.1999999998
2020-07-31,0.0,20.0,15.238004684448242,bull_normal,58.0,63.3,34.25,0.000522190226528042,0.000137729927771194,-0.000384460298756848,0.0005221902260058522,0.5320685876251022,0.2,0.2,0.2,0.2,0.2,0.19312454215130606,0.16916256157445544,0.2512458820388566,0.2123272549905882,0.17413975924479363,0.1999999998,0.1999999998,0.1999999998,0.1999999998,0.1999999998
2020-08-07,0.0,20.0,14.925023078918457,bull_normal,59.0,57.0,44.25,-0.0014853741647511682,-0.001139890769430864,0.0003454833953203042,-0.001485374163265794,0.5531396162190332,0.2,0.2,0.2,0.2,0.2,0.18456091958042437,0.141120948220028,0.26667868256789207,0.220318114486306,0.18732133514534946,0.1999999998,0.1999999998,0.1999999998,0.1999999998,0.1999999998
2020-08-14,0.0,20.0,13.823225021362305,bull_normal,58.5,58.8,39.25,-0.005818645591243921,-0.006470653873961791,-0.0006520082827178699,-0.005818645585425274,0.5352892911751973,0.2,0.2,0.2,0.2,0.2,0.18707467896891466,0.14987206773624162,0.26073704258710956,0.21949396047757067,0.18282225023016344,0.1999999998,0.1999999998,0.1999999998,0.1999999998,0.1999999998
2020-08-21,0.0,20.0,12.165945053100586,bull_normal,57.3,58.2,41.724999999999994,-0.002283213732234899,-0.002266748004914519,1.6465727320379934e-05,-0.002283213729951685,0.4316208708847019,0.2,0.2,0.2,0.2,0.2,0.18535903628313252,0.14391020734652957,0.2646145644798767,0.22025967761047704,0.18585651427998418,0.1999999998,0.1999999998,0.1999999998,0.1999999998,0.1999999998
2020-08-28,0.0,20.0,14.585526466369629,bull_normal,58.0,59.2,34.5,0.001056797219276877,7.9304074796319e-05,-0.000977493144480558,0.0010567972182200798,0.4030053552460441,0.2,0.2,0.2,0.2,0.2,0.18961597893837204,0.15916183444010185,0.25620997301457427,0.2168536293426653,0.17815858426428652,0.1999999998,0.1999999998,0.1999999998,0.1999999998,0.1999999998
2020-09-04,0.0,20.0,15.925451278686523,bull_normal,53.5,53.5,40.75,-0.0021964158173613103,-0.0016840186232741623,0.000512397194087148,-0.002196415815164894,0.42436336125819396,0.2,0.2,0.2,0.2,0.2,0.18258178320102125,0.13560763728283654,0.27076644859767596,0.221354115907232,0.1896900150112342,0.1999999998,0.1999999998,0.1999999998,0.1999999998,0.1999999998
2020-09-11,0.0036600723862647982,20.0,10.068678855895996,bull_normal,51.7,55.0,37.75,-0.0012730171180150508,-0.00034223324045137783,0.000930783877563673,-0.0012696103803775884,0.47574213237300783,0.2,0.2,0.2,0.2,0.2,0.18331200710734416,0.1390450972029744,0.26871369137599743,0.22130042159153906,0.18762878272214498,0.19993892053809248,0.19977690044368823,0.20025149688411212,0.200077960884805,0.1999547202493021
2020-09-18,0.0,20.0,14.900884628295898,bull_normal,51.15,55.5,39.4,0.002616911545528097,0.002497652581186962,-0.00011925896434113485,0.002616911542911185,0.5039006607122334,0.2,0.2,0.2,0.2,0.2,0.1817973686942792,0.14142405308717262,0.2690471164760386,0.22390948266507543,0.1838219790774341,0.1999999998,0.1999999998,0.1999999998,0.1999999998,0.1999999998
2020-09-25,0.0,20.0,14.763071060180664,bull_normal,57.0,56.5,42.25,-0.00984698650647858,-0.008813308564425092,0.0010336779420534875,-0.009846986496631592,0.556706956638376,0.2,0.2,0.2,0.2,0.2,0.18432464814150668,0.1409649753436072,0.26702622798904097,0.22049640615730048,0.18718774236854469,0.1999999998,0.1999999998,0.1999999998,0.1999999998,0.1999999998
2020-10-02,0.0,20.0,11.913022994995117,bull_normal,57.3,56.3,43.97,-0.003423128105068492,-0.0033961968252080423,2.6931279860449922e-05,-0.003423128101645364,0.5136925359016017,0.2,0.2,0.2,0.2,0.2,0.18377983658643482,0.13874330719704178,0.2684337014339316,0.22060632459093557,0.18843683019165625,0.1999999998,0.1999999998,0.1999999998,0.1999999998,0.1999999998
2020-10-09,0.0,20.0,24.261320114135742,event_stress,56.58,55.029999999999994,45.849999999999994,0.006642974957390334,0.0055866773873554,-0.0010562975700349336,0.006642974950747358,0.6340320379025892,0.2,0.2,0.2,0.2,0.2,0.18253290022103463,0.133892934229067,0.2713782202981552,0.221127829883928,0.191068115367815,0.1999999998,0.1999999998,0.1999999998,0.1999999998,0.1999999998
2020-10-16,0.0,20.0,16.474544525146484,bull_normal,52.3,60.0,44.25,0.0011996179423844084,0.0007857742963712916,-0.0004138436460131168,0.00119961794118479,0.5475814011238639,0.2,0.2,0.2,0.2,0.2,0.18313708166787607,0.13777685618679736,0.2691059955554809,0.22152389693678573,0.1884561696530599,0.1999999998,0.1999999998,0.1999999998,0.1999999998,0.1999999998
2020-10-23,0.0,20.0,12.734755516052246,bull_normal,54.3,54.3,40.75,-0.0030620904034858103,-0.002223838017020284,0.0008382523864655261,-0.0030620904004237193,0.5358085504272271,0.2,0.2,0.2,0.2,0.2,0.18305944628790075,0.1390288730206047,0.2690304702887767,0.2215219915055533,0.1873592188971645,0.1999999998,0.1999999998,0.1999999998,0.1999999998,0.1999999998
2020-10-30,0.0,20.0,11.300322532653809,bull_normal,56.5,56.0,40.75,-0.004099074211701901,-0.0036300392809517886,0.0004690349307501125,-0.004099074207602827,0.5022996119080256,0.2,0.2,0.2,0.2,0.2,0.18456970528963035,0.14242460797274956,0.2666553691556322,0.2200446625325065,0.18630565504948146,0.1999999998,0.1999999998,0.1999999998,0.1999999998,0.1999999998
2020-11-06,0.0,20.0,15.468669891357422,bull_normal,57.05,55.45,43.25,0.00719318054916979,0.00646123752464328,-0.0007319430245265098,0.007193180541976608,0.4314916810538476,0.2,0.2,0.2,0.2,0.2,0.18387851225516164,0.1406161503622408,0.2676215190743312,0.22091525957077243,0.186968558737494,0.1999999998,0.1999999998,0.1999999998,0.1999999998,0.1999999998
2020-11-13,0.0,20.0,14.71613883972168,bull_normal,57.0,54.5,40.5,-0.005067924297959409,-0.005505019768019457,-0.00043709547006004837,-0.005067924292891483,0.408601596275816,0.2,0.2,0.2,0.2,0.2,0.18411317364329807,0.14118724928490767,0.26658959704838187,0.22144334976103527,0.18666663026237715,0.1999999998,0.1999999998,0.1999999998,0.1999999998,0.1999999998
2020-11-20,0.0,20.0,14.838322639465332,bull_normal,59.3,55.5,47.25,0.0014890360451505387,0.0009580032604583247,-0.000531032784692214,0.0014890360436615028,0.3895013447995892,0.2,0.2,0.2,0.2,0.2,0.1831752266131113,0.13578457413869352,0.27012486029437127,0.22068478444170056,0.19023055451212337,0.1999999998,0.1999999998,0.1999999998,0.1999999998,0.1999999998
2020-11-27,0.0,20.0,11.840664863586426,bull_normal,58.9,54.779999999999994,50.08,-0.0024050593064937707,-0.0024414028928446425,-3.6343586350871815e-05,-0.002405059304088711,0.37213512130429655,0.2,0.2,0.2,0.2,0.2,0.18200755503473146,0.13092332729024878,0.2730386497372079,0.22106070525723173,0.1929697626805802,0.1999999998,0.1999999998,0.1999999998,0.1999999998,0.1999999998
2020-12-04,0.0,20.0,12.943492889404297,bull_normal,57.7,58.7,39.25,-0.000628285533186892,-0.00025446617915913627,0.00037381935402775574,-0.0006282855325586068,0.35205166420444267,0.2,0.2,0.2,0.2,0.2,0.18656723732370978,0.14831516163382194,0.26160357154183544,0.22000044386934198,0.18351358563129086,0.1999999998,0.1999999998,0.1999999998,0.1999999998,0.1999999998
2020-12-11,0.12400358617305755,20.0,7.790973663330078,bull_normal,53.8,56.8,46.8,-0.007273477720693138,-0.006282885415449291,0.0009905923052438478,-0.007150640715256824,0.34558060469962615,0.2,0.2,0.2,0.2,0.2,0.18188309573910108,0.13454207040132693,0.2713581626205743,0.22251568483251097,0.18970098640648675,0.19775343870354115,0.19188298179441804,0.20884866785882278,0.20279202546158168,0.19872288518163642
2020-12-18,0.09155245274305343,20.0,9.832808494567871,bull_normal,60.0,64.5,44.25,0.006117158315098432,0.005783023754244862,-0.00033413456085357,0.006086567470419496,0.3392524182047177,0.2,0.2,0.2,0.2,0.2,0.18596348154547834,0.1633684121088608,0.25799641573688875,0.22233738215704407,0.17033430845172792,0.19871492210880048,0.19664628808404716,0.20530971390570824,0.20204504192229125,0.19728403297915278
2020-12-25,0.1135558322072029,20.0,9.054994583129883,bull_normal,58.65,64.3,46.599999999999994,0.005074600405854416,0.005484359549245249,0.00040975914339083305,0.005121130941265542,0.3598263884220963,0.2,0.2,0.2,0.2,0.2,0.18660029135692374,0.14700066092695113,0.2633833237730977,0.218147125007897,0.18486859893513022,0.19847838473522303,0.19398161575114659,0.20719754587191513,0.20206071168037917,0.19828174096133602
2021-01-01,0.0,20.0,19.242372512817383,bull_normal,60.5,64.3,50.75,0.009430650655586544,0.008533794070401737,-0.0008968565851848066,0.009430650646155891,0.42649705331366067,0.2,0.2,0.2,0.2,0.2,0.1855890220754666,0.15396812965405962,0.26227396956314364,0.2202745311633099,0.17789434754402025,0.1999999998,0.1999999998,0.1999999998,0.1999999998,0.1999999998
2021-01-08,0.0,20.0,23.21727752685547,event_stress,58.5,60.5,47.25,0.007228603952611971,0.0064896114381184635,-0.0007389925144935076,0.007228603945383368,0.4159383804988381,0.2,0.2,0.2,0.2,0.2,0.1840799193071102,0.14872942567651878,0.2650558769189915,0.22167445652462872,0.1804603215727507,0.1999999998,0.1999999998,0.1999999998,0.1999999998,0.1999999998
2021-01-15,0.0,20.0,25.394426345825195,event_stress,58.1,59.6,49.599999999999994,0.0013282724158093218,0.0015743573408894874,0.0002460849250801656,0.0013282724144810494,0.5419327575137755,0.2,0.2,0.2,0.2,0.2,0.1827469742347418,0.14226024727421618,0.2673050667121687,0.22354736296465627,0.18414034881421704,0.1999999998,0.1999999998,0.1999999998,0.1999999998,0.1999999998
2021-01-22,0.0,20.0,19.092498779296875,bull_normal,58.220000000000006,58.120000000000005,50.25,-0.005061269393529692,-0.004920530029730562,0.00014073936379912968,-0.005061269388468422,0.5288935297221742,0.2,0.2,0.2,0.2,0.2,0.18290161185016668,0.13688230955516723,0.27016669708922614,0.22103387165124558,0.18901550985419438,0.1999999998,0.1999999998,0.1999999998,0.1999999998,0.1999999998
2021-01-29,0.0,20.0,29.021522521972656,event_stress,53.5,52.5,47.25,-0.008315541471694176,-0.00776301974167198,0.0005525217300221957,-0.008315541463378633,0.49428053954440104,0.2,0.2,0.2,0.2,0.2,0.18021419633656827,0.13254139937273304,0.2737693766407421,0.2240187098863598,0.18945631776359692,0.1999999998,0.1999999998,0.1999999998,0.1999999998,0.1999999998
2021-02-05,0.0,20.0,11.8753662109375,bull_normal,56.0,52.5,49.75,0.0005943853961258085,-9.064553000345337e-05,-0.0006850309261292618,0.0005943853955314229,0.4503392798897018,0.2,0.2,0.2,0.2,0.2,0.18043623880712206,0.13214647884616232,0.27375010971857394,0.2236118849444187,0.19005528768372307,0.1999999998,0.1999999998,0.1999999998,0.1999999998,0.1999999998
2021-02-12,0.0,20.0,13.067367553710938,bull_normal,57.5,59.5,39.0,0.00649456144526117,0.0052465291072778435,-0.0012480323379833267,0.006494561438766608,0.46374525593526605,0.2,0.2,0.2,0.2,0.2,0.18723949640700185,0.1530755692554423,0.260211423197146,0.2190323434700582,0.18044116767035154,0.1999999998,0.1999999998,0.1999999998,0.1999999998,0.1999999998
2021-02-19,0.0,20.0,13.92538833618164,bull_normal,57.529999999999994,59.470000000000006,41.045,0.0024153225865924076,0.0014836532144701273,-0.0009316693721222802,0.0024153225841770844,0.5093265874312058,0.2,0.2,0.2,0.2,0.2,0.18645238000507067,0.1482923007273621,0.2632264160963146,0.21839353755497948,0.18363536561627325,0.1999999998,0.1999999998,0.1999999998,0.1999999998,0.1999999998
2021-02-26,0.0,20.0,16.314613342285156,bull_normal,55.879999999999995,56.42999999999999,43.125,-0.01160866118949813,-0.009345434104858039,0.0022632270846400914,-0.01160866117788947,0.5658382907284744,0.2,0.2,0.2,0.2,0.2,0.1758856459838033,0.14621156205273686,0.2729453477719498,0.2320544881612434,0.17290295603026665,0.1999999998,0.1999999998,0.1999999998,0.1999999998,0.1999999998
2021-03-05,0.0,20.0,9.931452751159668,bull_normal,58.0,57.3,40.75,-0.00498521502670325,-0.0042131275390377655,0.0007720874876654847,-0.004985215021718034,0.6043622063800201,0.2,0.2,0.2,0.2,0.2,0.1840865828934114,0.15216248029594467,0.26263599252125175,0.22372132363982475,0.17739362064956735,0.1999999998,0.1999999998,0.1999999998,0.1999999998,0.1999999998
2021-03-12,0.0,20.0,15.837449073791504,bull_normal,58.3,55.9,44.0,-0.006752125040637251,-0.005953324651227404,0.0007988003894098469,-0.006752125033885125,0.6108036078386377,0.2,0.2,0.2,0.2,0.2,0.18396108550273005,0.14272374140067065,0.2667028472854832,0.2213342432760359,0.1852780825350801,0.1999999998,0.1999999998,0.1999999998,0.1999999998,0.1999999998
2021-03-19,0.0,20.0,16.068668365478516,bull_normal,59.3,59.8,43.75,-0.0023195541122752266,-0.002003241939065637,0.0003163121732095895,-0.0023195541099556723,0.5906093156226933,0.2,0.2,0.2,0.2,0.2,0.17930152690200254,0.15584469043818977,0.26682273536847373,0.22916206962357072,0.16886897766776315,0.1999999998,0.1999999998,0.1999999998,0.1999999998,0.1999999998
2021-03-26,0.0,20.0,15.919195175170898,bull_normal,57.5,56.0,45.25,0.0024728507536101777,0.0024907158898626273,1.7865136252449582e-05,0.0024728507511373268,0.5581074697069631,0.2,0.2,0.2,0.2,0.2,0.183340296343486,0.14035646586069814,0.26839125864003266,0.22132625833137504,0.18658572082440802,0.1999999998,0.1999999998,0.1999999998,0.1999999998,0.1999999998
2021-04-02,0.04966442734003067,20.0,8.506269454956055,bull_normal,53.0,54.0,43.75,0.005148778988437524,0.005206711776874351,5.7932788436826366e-05,0.005151656182047794,0.46661708281517483,0.2,0.2,0.2,0.2,0.2,0.18129508302068165,0.135406134182697,0.27121920136715005,0.22385190738031888,0.18822767404915236,0.19907103081070832,0.19679198244771287,0.20353706064797678,0.2011845911198264,0.19941533397377564
2021-04-09,0.3626974537968636,20.0,3.9420175552368164,bull_normal,52.0,54.8,40.25,-0.0016590296203344982,-0.001053936074589044,0.0006050935457454542,-0.0014395637305441424,0.4749064574213239,0.2,0.2,0.2,0.2,0.2,0.18260042435478976,0.13570367220156715,0.27056569422327836,0.22152261278644533,0.18960759643391922,0.1936892180226471,0.17667988544234003,0.2255939973945971,0.20780619664889333,0.19623070149152236
2021-04-16,0.5817043319344521,20.0,3.8919382095336914,bull_normal,55.7,53.8,47.25,-0.0006714577129161358,0.0007213454720457074,0.0013928031849618433,0.0001387419331695287,0.5003940717190967,0.2,0.2,0.2,0.2,0.2,0.18164190289492668,0.13022447034001314,0.2738542191094003,0.22111359687801255,0.19316581077764733,0.1893210151985845,0.1594112719743535,0.242961318944613,0.21228187055437572,0.19602452232807316
2021-04-23,0.48419021368026743,20.0,8.050714492797852,bull_normal,53.0,51.5,41.75,0.008365303571213822,0.008173121472782152,-0.00019218209843166988,0.00827225087163642,0.44197533907351716,0.2,0.2,0.2,0.2,0.2,0.1802962394845251,0.1369666072985638,0.2717578843289667,0.2252054095966343,0.18577385929131016,0.19045963179524777,0.16947984794941956,0.23474446511174185,0.21220421244628881,0.19311184169730206
2021-04-30,0.528203919529915,20.0,6.358579635620117,bull_normal,53.5,56.0,46.75,-0.004983867433592355,-0.0049592721197572655,2.4595313835089512e-05,-0.004970876087451715,0.3841696648592459,0.2,0.2,0.2,0.2,0.2,0.18175180019693452,0.13148619382840784,0.27329065937337593,0.22124019143744758,0.19223115516383407,0.19036122914929454,0.16381073887444142,0.23871241330723664,0.21121915215760637,0.19589646551142093
2021-05-07,0.5344069197773934,20.0,6.370876312255859,bull_normal,53.05,54.55,49.25,-0.0008315439033253855,0.0002515188782620196,0.0010830627815874051,-0.00025274765803897666,0.40304268564888585,0.2,0.2,0.2,0.2,0.2,0.1812802889949395,0.12687736473928998,0.27575938657283483,0.22046541645618814,0.19561754323674763,0.18999605671266656,0.16092275756339536,0.2404863401821271,0.21093685995937622,0.1976579845824347
2021-05-14,0.2960839584469796,20.0,10.10379695892334,bull_normal,53.5,54.5,45.75,0.0009898452776788125,0.0009712231344988206,-1.8622143179991882e-05,0.000984331558826982,0.37874231891473176,0.2,0.2,0.2,0.2,0.2,0.181615639085611,0.1304147357594434,0.2737617024751309,0.22124055640561707,0.1929673662741978,0.19455668545239305,0.17939691933468,0.22183965662878544,0.20628898781390242,0.197917749770239
2021-05-21,0.21275331676006326,20.0,8.897092819213867,bull_normal,52.5,55.0,48.75,0.0023994055362430273,0.003891555843342007,0.0014921503070989797,0.0027168654604660166,0.4387618446802257,0.2,0.2,0.2,0.2,0.2,0.18088262747806635,0.1264843567895323,0.2761609673442497,0.22100568674860135,0.19546636163955025,0.19593271539228818,0.18435930288886426,0.21620349819394047,0.2044690293221188,0.19903545320278818
2021-05-28,0.0,20.0,12.698261260986328,bull_normal,57.0,55.0,45.25,0.002343742329590488,0.001221514620092819,-0.001122227709497669,0.0023437423272467455,0.43854605684012915,0.2,0.2,0.2,0.2,0.2,0.1829348685424988,0.13625004130799404,0.27034773221087677,0.22088327082372453,0.18958408711490587,0.1999999998,0.1999999998,0.1999999998,0.1999999998,0.1999999998
2021-06-04,0.2797364115715027,20.0,4.607467174530029,bull_normal,50.7,49.8,45.25,-0.0039997568857516015,-0.003963514629244931,3.6242256506670636e-05,-0.003989618602979552,0.37983333112280665,0.2,0.2,0.2,0.2,0.2,0.17923153541525072,0.12976425765877392,0.27529143005948475,0.22512889628311417,0.1905838805833763,0.19419030404902207,0.18035250529305225,0.22106175424586527,0.20702946706596134,0.19736596834609896
2021-06-11,0.26860186979174616,20.0,8.018877983093262,bull_normal,49.769999999999996,48.68,46.849999999999994,-2.415419536666444e-05,8.427197226771983e-05,0.00010842616763438427,4.9692759893154885e-06,0.3953345826908062,0.2,0.2,0.2,0.2,0.2,0.18018028120775945,0.12306081021938071,0.27800701507475967,0.2212310320740304,0.1975208614240698,0.19467638627898115,0.17933398958532965,0.22095282988500053,0.2057026947069904,0.19933409854369818
2021-06-18,0.09174938723444942,20.0,11.080519676208496,bull_normal,50.5,51.0,38.5,-0.012733266190668436,-0.01178808686719207,0.0009451793234763663,-0.01264654655426626,0.4816689293108657,0.2,0.2,0.2,0.2,0.2,0.1816296977203552,0.13216251195390108,0.2724019431549029,0.22240578950491394,0.19140005766592694,0.1983145358242164,0.19377595184647017,0.20664283371240294,0.20205571725552418,0.19921096036138622
2021-06-25,0.21647600755095486,20.0,7.416897773742676,bull_normal,51.5,50.5,45.25,0.003765253154686125,0.003327543434129524,-0.00043770972055660103,0.0036704994982432885,0.42374489133474214,0.2,0.2,0.2,0.2,0.2,0.1805406486197015,0.12651109168531266,0.27614574735475983,0.2218091372141671,0.19499337512605894,0.19578751710787431,0.1840914143446669,0.21648372716285835,0.20472115474753266,0.19891618563706776
2021-07-02,0.0,20.0,12.77878189086914,bull_normal,51.5,48.5,40.25,0.003482170213890328,0.004948000620808407,0.0014658304069180795,0.0034821702104081576,0.6156238120906993,0.2,0.2,0.2,0.2,0.2,0.1813620285134048,0.1312594019367186,0.27339380869530466,0.22207178186697532,0.19191297898759668,0.1999999998,0.1999999998,0.1999999998,0.1999999998,0.1999999998
2021-07-09,0.1950695186853409,20.0,6.864459037780762,bull_normal,51.3,48.5,40.25,0.00028389911782886765,0.001426267514506214,0.0011423683966773463,0.0005067403706233214,0.6086838204924905,0.2,0.2,0.2,0.2,0.2,0.18135114262479293,0.13097733095447434,0.27336655651798936,0.2221891138518805,0.19211585605086287,0.1963621761714246,0.18653578098437595,0.21431157865325345,0.20432841955481212,0.19846204363613384
2021-07-16,0.20931489169597628,20.0,8.422077178955078,bull_normal,52.15,48.9,42.25,0.0034245630547098723,0.0037156155417526425,0.00029105248704277024,0.0034854846710275886,0.5050062908284376,0.2,0.2,0.2,0.2,0.2,0.18104655751528423,0.12933823100033429,0.2744757331355829,0.221962950252814,0.19317652809598465,0.19603276204301298,0.18520943928957942,0.21558887979966404,0.20459717234889468,0.1985717455188487
2021-07-23,0.1748709570616484,20.0,9.367161750793457,bull_normal,51.5,49.5,38.5,-0.0011657778497295458,-0.0006084385598953241,0.0005573392898342217,-0.0010683153936398603,0.49234974776924634,0.2,0.2,0.2,0.2,0.2,0.18162715364646204,0.13270825179649212,0.27248996375784523,0.22219258422371607,0.19098204657548457,0.19678712257742306,0.18823262740106847,0.21267638912702222,0.2038808382389916,0.1984230216554946
2021-07-30,0.0,20.0,16.903968811035156,bull_normal,53.6,53.5,42.7,-0.0036814069075550176,-0.0011624590939175907,0.002518947813637427,-0.0036814069038736113,0.5628237114024818,0.2,0.2,0.2,0.2,0.2,0.1787559612138723,0.14031886654590264,0.2719289194802674,0.22785259663486654,0.18114365612509112,0.1999999998,0.1999999998,0.1999999998,0.1999999998,0.1999999998
2021-08-06,0.0,20.0,12.206250190734863,bull_normal,52.5,51.5,40.25,0.001119431744686196,0.0006985106409364957,-0.00042092110374970023,0.001119431743566764,0.5304178906527254,0.2,0.2,0.2,0.2,0.2,0.17302026630495904,0.13814482794719235,0.2775412450164209,0.2351025693790934,0.1761910913523343,0.1999999998,0.1999999998,0.1999999998,0.1999999998,0.1999999998
2021-08-13,0.0,20.0,10.34262466430664,bull_normal,53.2,52.8,39.0,-0.0016420828396168392,-0.0025432629579675422,-0.0009011801183507031,-0.0016420828379747566,0.4985485001479574,0.2,0.2,0.2,0.2,0.2,0.18275130409126933,0.1367420039286295,0.2701116423374505,0.22147563616658722,0.18891941347606336,0.1999999998,0.1999999998,0.1999999998,0.1999999998,0.1999999998
2021-08-20,0.0,20.0,15.734041213989258,bull_normal,53.8,50.5,43.75,-0.003009404706178223,-0.0008770438162884637,0.0021323608898897593,-0.003009404703168818,0.5564541311532092,0.2,0.2,0.2,0.2,0.2,0.1812139368275652,0.12930966924539206,0.2744274109366636,0.22163756113914596,0.19341142185123328,0.1999999998,0.1999999998,0.1999999998,0.1999999998,0.1999999998
2021-08-27,0.20664940476417543,20.0,5.959560394287109,bull_normal,51.5,49.0,45.0,-0.0011219823422400326,-0.002464351333397012,-0.0013423689911569792,-0.0013993820938371269,0.5101443205733737,0.2,0.2,0.2,0.2,0.2,0.18051992987065169,0.12644815012767788,0.2762407649565203,0.22176067995105858,0.19503047509409158,0.19597445490703133,0.1848005538197801,0.21575510848127522,0.20449683135465316,0.19897305043726024
2021-09-03,0.2461488410830498,20.0,6.926104545593262,bull_normal,51.0,48.5,53.75,0.0020157410270532344,0.0025503115486130014,0.000534570521559767,0.0021473249392650073,0.473277457539342,0.2,0.2,0.2,0.2,0.2,0.17996270410042467,0.12350780479768304,0.2779761061959459,0.22167438782805562,0.1968789970778907,0.19506784264081356,0.18117153461787971,0.21919372795310718,0.20533512523972533,0.1992317685484742
2021-09-10,0.0,20.0,14.124284744262695,bull_normal,49.3,58.0,45.25,0.0017438554080583418,-0.00017064047860343282,-0.0019144958866617746,0.0017438554063144867,0.5019954846525096,0.2,0.2,0.2,0.2,0.2,0.18168968748304273,0.13116021652347198,0.27355713302182544,0.22114568261670872,0.19244728035495123,0.1999999998,0.1999999998,0.1999999998,0.1999999998,0.1999999998
2021-09-17,0.0,20.0,18.120441436767578,bull_normal,51.8,57.0,45.7,-0.007807271313362366,-0.007596502309263686,0.00021076900409868014,-0.007807271305555094,0.5609301155671558,0.2,0.2,0.2,0.2,0.2,0.17535247263728523,0.13955691351227298,0.27514967469605056,0.2321679047572838,0.17777303439710754,0.1999999998,0.1999999998,0.1999999998,0.1999999998,0.1999999998
2021-09-24,0.015464310348033902,20.0,9.29004955291748,bull_normal,51.03,55.92999999999999,47.209999999999994,-0.0029562694557949756,-0.002826420575384477,0.00012984888041049853,-0.0029542614294557007,0.5105638023809199,0.2,0.2,0.2,0.2,0.2,0.18140732792168562,0.12837976124741188,0.2751227003807755,0.22058523418755055,0.1945049762625763,0.1997124769490692,0.19889244220183722,0.20116172055170892,0.20031833624974485,0.1999150230476396
2021-10-01,0.0,20.0,11.113815307617188,bull_normal,53.0,52.5,43.25,-0.0012592250598986068,-0.0006971879698261281,0.0005620370900724787,-0.0012592250586393814,0.5308731226604113,0.2,0.2,0.2,0.2,0.2,0.18157225849054243,0.13096459250819428,0.27349723892933286,0.22152882643435234,0.19243708363757805,0.1999999998,0.1999999998,0.1999999998,0.1999999998,0.1999999998
2021-10-08,0.014069584012031552,20.0,9.358205795288086,bull_normal,51.3,58.1,48.3,6.478834098426245e-05,-6.30116235181177e-05,-0.00012779996450238014,6.299024858397222e-05,0.48205419738184874,0.2,0.2,0.2,0.2,0.2,0.18132390951850966,0.12859172901514862,0.2749760524931315,0.22090245922334567,0.19420584974986446,0.19973723497621712,0.1989953151332294,0.20105488166838772,0.20029408870580684,0.1999184785163589
2021-10-15,0.0,20.0,11.84499740600586,bull_normal,50.7,57.4,52.27499999999999,-0.0035703542378761697,-0.004530482854104378,-0.0009601286162282084,-0.003570354234305815,0.5145561298608122,0.2,0.2,0.2,0.2,0.2,0.18078870590240856,0.12713984924460064,0.27587269476799314,0.22141579692272953,0.19478295316226815,0.1999999998,0.1999999998,0.1999999998,0.1999999998,0.1999999998
2021-10-22,0.0,20.0,12.195123672485352,bull_normal,52.0,55.3,54.2,-0.0024651799180911518,-0.0036408864091177417,-0.00117570649102659,-0.0024651799156259714,0.4564528622099214,0.2,0.2,0.2,0.2,0.2,0.18061167110693374,0.1277675649860167,0.27550720811424806,0.22211359753656634,0.19399995825623503,0.1999999998,0.1999999998,0.1999999998,0.1999999998,0.1999999998
2021-10-29,0.0,20.0,10.787958145141602,bull_normal,53.3,52.2,48.25,-0.0015842221863028496,-0.0007361103387482588,0.0008481118475545908,-0.0015842221847186273,0.4436548432212912,0.2,0.2,0.2,0.2,0.2,0.18065693925641949,0.12545719908010095,0.27673684356234585,0.2210824687169186,0.19606654938421514,0.1999999998,0.1999999998,0.1999999998,0.1999999998,0.1999999998
2021-11-05,0.0,20.0,13.368719100952148,bull_normal,54.0,57.5,51.75,-0.0025451534028675398,-0.001183952551622058,0.0013612008512454818,-0.0025451534003223864,0.5022602979530956,0.2,0.2,0.2,0.2,0.2,0.18149377044065573,0.13164706589258313,0.27303267110610174,0.22210139446310778,0.19172509809755164,0.1999999998,0.1999999998,0.1999999998,0.1999999998,0.1999999998
2021-11-12,0.0,20.0,9.8818941116333,bull_normal,54.0,55.2,50.0,0.005992922830997901,0.00581190978405358,-0.00018101304694432066,0.005992922825004978,0.5212275295839375,0.2,0.2,0.2,0.2,0.2,0.1809385931649192,0.12637382560309537,0.27593068779544205,0.2211663298948778,0.1955905635416656,0.1999999998,0.1999999998,0.1999999998,0.1999999998,0.1999999998
2021-11-19,0.0,20.0,11.548362731933594,bull_normal,52.8,58.3,51.75,0.0018274350731719874,0.0020414247854019115,0.00021398971222992406,0.0018274350713445523,0.4545318650011977,0.2,0.2,0.2,0.2,0.2,0.181351503750152,0.12928242338583634,0.2743021399098243,0.22146992868583787,0.19359400426834938,0.1999999998,0.1999999998,0.1999999998,0.1999999998,0.1999999998
2021-11-26,0.0,20.0,11.64718246459961,bull_normal,53.0,58.5,51.75,-0.0014342158968357823,-0.0005119299159548865,0.0009222859808808957,-0.001434215895401566,0.5368808803971596,0.2,0.2,0.2,0.2,0.2,0.18139858410038615,0.12925953351832778,0.27389638541416833,0.22183533905354524,0.19361015791357242,0.1999999998,0.1999999998,0.1999999998,0.1999999998,0.1999999998
2021-12-03,0.0,20.0,15.403181076049805,bull_normal,52.3,54.0,42.25,-0.003985129692529685,-0.005965563455029191,-0.0019804337624995056,-0.003985129688544555,0.5209627773909317,0.2,0.2,0.2,0.2,0.2,0.18198056106891647,0.13290351505369818,0.27240311634141606,0.22143307887937858,0.19127972865659068,0.1999999998,0.1999999998,0.1999999998,0.1999999998,0.1999999998
2021-12-10,0.0,20.0,20.81270980834961,event_stress,51.0,57.3,52.25,0.006750002286260878,0.006098447427120895,-0.0006515548591399826,0.006750002279510875,0.4793691353228746,0.2,0.2,0.2,0.2,0.2,0.1808684423794592,0.12831478667374177,0.27528697994654927,0.22165648526214085,0.19387330573810893,0.1999999998,0.1999999998,0.1999999998,0.1999999998,0.1999999998
2021-12-17,0.0,20.0,15.549629211425781,bull_normal,52.2,53.8,47.25,0.002095500502476491,0.003634546424454611,0.0015390459219781199,0.0020955005003809907,0.4871586816707643,0.2,0.2,0.2,0.2,0.2,0.17887880891113778,0.13398596508596863,0.27425494411096724,0.22623757493005026,0.18664270696187607,0.1999999998,0.1999999998,0.1999999998,0.1999999998,0.1999999998
2021-12-24,0.0,20.0,10.449832916259766,bull_normal,52.8,57.3,43.75,0.00010972692834033582,6.921730837460397e-05,-4.0509619965731856e-05,0.00010972692823060902,0.48098905265433956,0.2,0.2,0.2,0.2,0.2,0.18270860690182006,0.13517160780429394,0.2710944569093434,0.2207747197868134,0.1902506085977292,0.1999999998,0.1999999998,0.1999999998,0.1999999998,0.1999999998
2021-12-31,0.0,20.0,12.955085754394531,bull_normal,58.5,56.5,54.0,0.00288495570196191,0.004340524948167593,0.0014555692462056833,0.0028849556990769546,0.5711458332068149,0.2,0.2,0.2,0.2,0.2,0.18246435507691758,0.1353792318597541,0.27080612062587517,0.2216290997527683,0.18972119268468474,0.1999999998,0.1999999998,0.1999999998,0.1999999998,0.1999999998
2022-01-07,0.025197137892246244,20.0,9.08293342590332,bull_normal,52.8,46.5,45.25,-0.005662740964856608,-0.005740709034309595,-7.796806945298707e-05,-0.005664705531389102,0.49958087900634757,0.2,0.2,0.2,0.2,0.2,0.1807692615455368,0.12773905255074974,0.2754254091591298,0.22184958992230686,0.19421668682227672,0.19951544023187773,0.19817923074471763,0.20190050423326117,0.20055054692961083,0.1998542768605326
2022-01-14,0.0,20.0,14.195652961730957,bull_normal,54.5,54.6,51.2,0.00241219138142176,0.004900005631219502,0.002487814249797742,0.0024121913790095682,0.5970386785676288,0.2,0.2,0.2,0.2,0.2,0.18104598246978915,0.12758211461704405,0.2754837447990578,0.2211752810039543,0.19471287711015464,0.1999999998,0.1999999998,0.1999999998,0.1999999998,0.1999999998
2022-01-21,0.0,20.0,26.425655364990234,event_stress,60.0,54.0,44.25,0.007236528135220212,0.007923842508085515,0.0006873143728653034,0.007236528127983683,0.575726107224082,0.2,0.2,0.2,0.2,0.2,0.18398526482351804,0.1408612250517081,0.2671929666457152,0.22111135162400322,0.18684919185505544,0.1999999998,0.1999999998,0.1999999998,0.1999999998,0.1999999998
2022-01-28,0.0,20.0,39.91114807128906,event_stress,60.370000000000005,54.3,47.15,-0.008274483345396719,-0.007427508498744846,0.0008469748466518731,-0.008274483337122236,0.6809612287151826,0.2,0.2,0.2,0.2,0.2,0.18356740531793805,0.13688709966069115,0.269765831336355,0.2199555325180927,0.18982413116692312,0.1999999998,0.1999999998,0.1999999998,0.1999999998,0.1999999998
2022-02-04,0.0,20.0,39.91114807128906,event_stress,54.5,57.0,43.75,-0.008274483345396719,-0.007432585767496624,0.0008418975779000953,-0.008274483337122236,0.7651493259080632,0.2,0.2,0.2,0.2,0.2,0.18314206416257978,0.13678407235760048,0.27007128116323686,0.22060879774365044,0.18939378457293246,0.1999999998,0.1999999998,0.1999999998,0.1999999998,0.1999999998
2022-02-11,0.0,20.0,67.86438751220703,event_stress,52.0,44.5,45.25,0.007621513423052763,0.006061714433990156,-0.0015597989890626072,0.007621513415431249,0.9029660847998063,0.2,0.2,0.2,0.2,0.2,0.18058930450553623,0.12763637966227834,0.2755318536300528,0.22216503931334305,0.1940774228887897,0.1999999998,0.1999999998,0.1999999998,0.1999999998,0.1999999998
2022-02-18,0.0,20.0,45.61260986328125,event_stress,55.5,58.6,53.199999999999996,0.005516160037502188,0.005018158884735574,-0.0004980011527666141,0.005516160031986027,0.8938173265182123,0.2,0.2,0.2,0.2,0.2,0.18211232700984856,0.1333878997493475,0.2718388568590915,0.22167687371708736,0.1909840426646252,0.1999999998,0.1999999998,0.1999999998,0.1999999998,0.1999999998
2022-02-25,0.0,20.0,53.68067169189453,event_stress,56.1,54.6,61.199999999999996,-0.00028707353175020127,-0.00019368159522754463,9.339193652265664e-05,-0.0002870735314631281,0.8213434226999113,0.2,0.2,0.2,0.2,0.2,0.17942137385035198,0.13458480023919442,0.27181345867372525,0.227677903759897,0.18650246347683136,0.1999999998,0.1999999998,0.1999999998,0.1999999998,0.1999999998
2022-03-04,0.0,20.0,28.24494171142578,event_stress,56.720000000000006,53.85,63.849999999999994,-0.003934917558443116,-0.004324741395657665,-0.00038982383721454864,-0.0039349175545081985,0.7610297650001947,0.2,0.2,0.2,0.2,0.2,0.17972588745318868,0.13439292426723884,0.27172339926117556,0.2271184666019048,0.18703932241649218,0.1999999998,0.1999999998,0.1999999998,0.1999999998,0.1999999998
2022-03-11,0.0,20.0,66.02262878417969,event_stress,52.6,54.2,46.8,0.00282698807814616,0.0051499682894282535,0.0023229802112820935,0.0028269880753191714,0.8035559518404142,0.2,0.2,0.2,0.2,0.2,0.18110901660835416,0.1278544856554255,0.2751119747573499,0.22140100534280627,0.19452351763606424,0.1999999998,0.1999999998,0.1999999998,0.1999999998,0.1999999998
2022-03-18,0.0,20.0,47.755882263183594,event_stress,53.05,53.85,46.3,-0.0037147094258805353,-0.004026436326772415,-0.0003117269008918798,-0.0037147094221658254,0.7297400984889232,0.2,0.2,0.2,0.2,0.2,0.18119522505727664,0.12835766539695712,0.2746650045659625,0.22161050755436898,0.19417159742543486,0.1999999998,0.1999999998,0.1999999998,0.1999999998,0.1999999998
2022-03-25,0.0,20.0,33.04129409790039,event_stress,53.6,54.3,48.2,-0.0009533123614482244,-0.00030322388753525247,0.000650088473912972,-0.0009533123604949119,0.68028491177384,0.2,0.2,0.2,0.2,0.2,0.18082975241648744,0.13162120661212304,0.273571062526338,0.22302102928099163,0.19095694916405986,0.1999999998,0.1999999998,0.1999999998,0.1999999998,0.1999999998
2022-04-01,0.0,20.0,46.55447769165039,event_stress,55.05,55.15,50.5,-0.004828405648749439,-0.0061987396938347535,-0.0013703340450853148,-0.004828405643921033,0.7313920738848075,0.2,0.2,0.2,0.2,0.2,0.18117165024621035,0.1277601198668003,0.2751485920899717,0.2212339331903527,0.19468570460666482,0.1999999998,0.1999999998,0.1999999998,0.1999999998,0.1999999998
2022-04-08,0.0,20.0,28.94109535217285,event_stress,55.010000000000005,56.010000000000005,52.5,0.0003480455363323803,0.0014596022462104565,0.0011115567098780761,0.0003480455359843345,0.7274429328258677,0.2,0.2,0.2,0.2,0.2,0.18139599887131855,0.13013031985321305,0.27399467844597647,0.22154050764847527,0.19293849518101655,0.1999999998,0.1999999998,0.1999999998,0.1999999998,0.1999999998
2022-04-15,0.0,20.0,20.463573455810547,event_stress,58.0,53.0,47.75,0.0004879661671805463,0.000496588915118569,8.622747938022673e-06,0.00048796616669258,0.7250182978857412,0.2,0.2,0.2,0.2,0.2,0.18194413518412222,0.13171538926161597,0.27291767321212496,0.22117730415981407,0.19224549818232284,0.1999999998,0.1999999998,0.1999999998,0.1999999998,0.1999999998
2022-04-22,0.0,20.0,30.619169235229492,event_stress,50.7,51.3,44.75,-0.0068607849305076735,-0.006261247031109803,0.0005995378993978702,-0.006860784923646889,0.7618947004833297,0.2,0.2,0.2,0.2,0.2,0.1803389270170319,0.12886548968637973,0.27494663758899957,0.22315763219272142,0.1926913135148673,0.1999999998,0.1999999998,0.1999999998,0.1999999998,0.1999999998
2022-04-29,0.0,20.0,23.623430252075195,event_stress,57.5,58.5,47.75,3.195469037184925e-05,-0.0001629863649171399,-0.00019494105528898917,3.195469033989457e-05,0.6414277052352495,0.2,0.2,0.2,0.2,0.2,0.1768611944854648,0.14543744533989375,0.27178613094291,0.2313039360125478,0.17461129321918367,0.1999999998,0.1999999998,0.1999999998,0.1999999998,0.1999999998
2022-05-06,0.0,20.0,37.39347457885742,event_stress,58.25,59.35,50.05,0.0051007337910492,0.0036940949545970214,-0.0014066388364521783,0.005100733785948466,0.621580793957637,0.2,0.2,0.2,0.2,0.2,0.1774803426480022,0.14419592235978385,0.2703200493108472,0.23183382352367757,0.1761698621576893,0.1999999998,0.1999999998,0.1999999998,0.1999999998,0.1999999998
2022-05-13,0.0,20.0,51.26845932006836,event_stress,52.8,54.5,37.75,0.006179813545123473,0.005941411603611378,-0.00023840194151209578,0.00617981353894366,0.5530111623717283,0.2,0.2,0.2,0.2,0.2,0.1833775913389644,0.1418071622485129,0.267666772325939,0.2217665030168109,0.18538197106977286,0.1999999998,0.1999999998,0.1999999998,0.1999999998,0.1999999998
2022-05-20,0.0,20.0,35.361427307128906,event_stress,53.9,57.85,40.1,0.005848040795241475,0.00492741247051534,-0.0009206283247261346,0.005848040789393435,0.5113019455241512,0.2,0.2,0.2,0.2,0.2,0.18446106586833277,0.14227737696816106,0.26691272032788815,0.22003000143223655,0.18631883540338148,0.1999999998,0.1999999998,0.1999999998,0.1999999998,0.1999999998
2022-05-27,0.0,20.0,22.499916076660156,event_stress,53.77,58.470000000000006,40.75,9.927483952943677e-05,0.0009177239415858168,0.00081844910205638,9.927483943016208e-05,0.48086106810564105,0.2,0.2,0.2,0.2,0.2,0.18407905087157325,0.14564974278968676,0.26589535450143664,0.22136683220117603,0.18300901963612734,0.1999999998,0.1999999998,0.1999999998,0.1999999998,0.1999999998
2022-06-03,0.0,20.0,20.02814292907715,event_stress,54.029999999999994,58.17999999999999,42.45,-0.00036424809324001105,-0.002888937050580584,-0.002524688957340573,-0.00036424809287576357,0.5299278837420631,0.2,0.2,0.2,0.2,0.2,0.18376299280115796,0.14159058951903894,0.26772942891343743,0.22084844236020468,0.18606854640616102,0.1999999998,0.1999999998,0.1999999998,0.1999999998,0.1999999998
2022-06-10,0.0,20.0,16.96683692932129,bull_normal,53.839999999999996,58.45,43.45,0.0069679391964320185,0.005246452278523818,-0.0017214869179082003,0.006967939189464078,0.5371236255952091,0.2,0.2,0.2,0.2,0.2,0.1834683354079424,0.13793539106080768,0.2693048776753072,0.22049296445119498,0.1887984314047477,0.1999999998,0.1999999998,0.1999999998,0.1999999998,0.1999999998
2022-06-17,0.0,20.0,18.75616455078125,bull_normal,58.5,56.3,42.25,0.0016480163845907436,0.0008672016664916061,-0.0007808147180991375,0.0016480163829427272,0.5126538776722879,0.2,0.2,0.2,0.2,0.2,0.18480494005167997,0.14383882150826136,0.2651237334543574,0.2209684671166928,0.18526403786900836,0.1999999998,0.1999999998,0.1999999998,0.1999999998,0.1999999998
2022-06-24,0.0,20.0,37.32365036010742,event_stress,59.6,60.15,41.75,-0.0033526651495706626,-0.0036294560296953773,-0.0002767908801247147,-0.003352665146217996,0.5616893492165744,0.2,0.2,0.2,0.2,0.2,0.1875108907894568,0.15273373728072848,0.26042619967958136,0.21822908148633552,0.18110009076389783,0.1999999998,0.1999999998,0.1999999998,0.1999999998,0.1999999998
2022-07-01,0.0,20.0,23.735260009765625,event_stress,59.15,59.75,43.75,0.0030038852671294162,0.0022372215065779638,-0.0007666637605514524,0.0030038852641255305,0.5137052180117295,0.2,0.2,0.2,0.2,0.2,0.18621935861609834,0.14920461177086172,0.26303060134333,0.2189634708152495,0.18258195745446051,0.1999999998,0.1999999998,0.1999999998,0.1999999998,0.1999999998
2022-07-08,0.0,20.0,28.273609161376953,event_stress,57.86999999999999,58.58,45.75,-0.007589789014685288,-0.008937269348124851,-0.0013474803334395631,-0.007589789007095499,0.5090488692042584,0.2,0.2,0.2,0.2,0.2,0.18423220433270193,0.1396486575720623,0.26774254962605787,0.22016439107643812,0.1882121973927398,0.1999999998,0.1999999998,0.1999999998,0.1999999998,0.1999999998
2022-07-15,0.0,20.0,20.954059600830078,event_stress,56.029999999999994,55.839999999999996,47.75,-0.0047464331096572585,-0.0027343249813259686,0.00201210812833129,-0.004746433104910825,0.6111538020092802,0.2,0.2,0.2,0.2,0.2,0.18211747717748275,0.13199176246977515,0.2728153664616073,0.22083505994561192,0.1922403339455229,0.1999999998,0.1999999998,0.1999999998,0.1999999998,0.1999999998
2022-07-22,0.0,20.0,19.179851531982422,bull_normal,51.5,52.0,45.75,-0.0011304184919792596,-0.0010117156035820746,0.00011870288839718507,-0.001130418490848841,0.5560725703389058,0.2,0.2,0.2,0.2,0.2,0.1801558798709611,0.1307169640194964,0.2745543025527318,0.2236374909230408,0.19093536263376995,0.1999999998,0.1999999998,0.1999999998,0.1999999998,0.1999999998
2022-07-29,0.0,20.0,17.179210662841797,bull_normal,54.2,54.7,46.349999999999994,0.006573692144349119,0.008103451940107783,0.0015297597957586633,0.006573692137775427,0.5602975361208934,0.2,0.2,0.2,0.2,0.2,0.18167001188399443,0.1304978236686095,0.2736239386055677,0.22125624435522176,0.1929519814866066,0.1999999998,0.1999999998,0.1999999998,0.1999999998,0.1999999998
2022-08-05,0.0,20.0,21.693971633911133,event_stress,54.339999999999996,55.510000000000005,47.25,0.004280960068857743,0.00476727144891083,0.00048631138005308765,0.004280960064576783,0.47904589001218406,0.2,0.2,0.2,0.2,0.2,0.1817076049841372,0.13295443497288328,0.2726453017223421,0.2217737392061152,0.19091891911452227,0.1999999998,0.1999999998,0.1999999998,0.1999999998,0.1999999998
2022-08-12,0.0,20.0,10.698698043823242,bull_normal,53.0,54.5,38.75,0.0014618558297065484,0.0007768885596628402,-0.0006849672700437083,0.0014618558282446924,0.4220791478393242,0.2,0.2,0.2,0.2,0.2,0.18333257241513473,0.13963655637400937,0.26860322775793743,0.22125355411659095,0.1871740893363275,0.1999999998,0.1999999998,0.1999999998,0.1999999998,0.1999999998
2022-08-19,0.0,20.0,18.80864906311035,bull_normal,54.32000000000001,55.35,41.05,0.0012963513247666737,0.003310049592940439,0.0020136982681737657,0.001296351323470322,0.6123309773430828,0.2,0.2,0.2,0.2,0.2,0.1833982722512456,0.13838729370089226,0.26912671648289815,0.22076418797127886,0.1883235295936852,0.1999999998,0.1999999998,0.1999999998,0.1999999998,0.1999999998
2022-08-26,0.0,20.0,10.48355770111084,bull_normal,52.8,53.7,50.75,-0.0012577968514207063,-0.0018735996287266923,-0.000615802777305986,-0.001257796850162909,0.5659956495808359,0.2,0.2,0.2,0.2,0.2,0.1805739217481281,0.12497672873327605,0.2770473451629511,0.2210185995752999,0.19638340478034483,0.1999999998,0.1999999998,0.1999999998,0.1999999998,0.1999999998
2022-09-02,0.0,20.0,13.65256118774414,bull_normal,52.5,52.879999999999995,52.75,-0.003248372841426884,-0.002154243823254353,0.0010941290181725313,-0.003248372838178511,0.5879126440352109,0.2,0.2,0.2,0.2,0.2,0.1804539037905219,0.12548984848396483,0.2767250150132165,0.22155910975917256,0.19577212295312424,0.1999999998,0.1999999998,0.1999999998,0.1999999998,0.1999999998
2022-09-09,0.0,20.0,12.597677230834961,bull_normal,53.0,51.0,47.25,0.004052476301409426,0.002732746733288487,-0.0013197295681209391,0.00405247629735695,0.5343501304205497,0.2,0.2,0.2,0.2,0.2,0.1805667410338781,0.12510941960499555,0.2767441917098537,0.221357470122051,0.19622217752922166,0.1999999998,0.1999999998,0.1999999998,0.1999999998,0.1999999998
2022-09-16,0.0,20.0,20.727134704589844,event_stress,51.54,49.059999999999995,49.599999999999994,-0.007834400591669245,-0.008644579602423078,-0.000810179010753833,-0.007834400583834842,0.6252735173275307,0.2,0.2,0.2,0.2,0.2,0.18012085001502856,0.12284157976825867,0.2782774131862196,0.2211028411247707,0.1976573159057224,0.1999999998,0.1999999998,0.1999999998,0.1999999998,0.1999999998
2022-09-23,0.0,20.0,22.55105209350586,event_stress,49.470000000000006,47.910000000000004,50.5,-0.0010405254064704303,-0.00034555825260510555,0.0006949671538653247,-0.0010405254054299048,0.5899149036610244,0.2,0.2,0.2,0.2,0.2,0.18003015321809163,0.12131070348334982,0.2792373880906981,0.22053096566746946,0.19889078954039105,0.1999999998,0.1999999998,0.1999999998,0.1999999998,0.1999999998
2022-09-30,0.0,20.0,28.174972534179688,event_stress,52.3,48.3,56.699999999999996,-0.0047965877739164905,-0.0058126629872039225,-0.001016075213287432,-0.004796587769119903,0.5454406771920497,0.2,0.2,0.2,0.2,0.2,0.17978911649970833,0.12596617194829807,0.27660754171007557,0.22313148711760247,0.19450568272431557,0.1999999998,0.1999999998,0.1999999998,0.1999999998,0.1999999998
2022-10-07,0.0,20.0,28.174972534179688,event_stress,50.0,57.0,36.25,-0.0047965877739164905,-0.00574010070512029,-0.0009435129312037995,-0.004796587769119903,0.5098612960168699,0.2,0.2,0.2,0.2,0.2,0.1838863602773129,0.14155285326021314,0.2675634406603317,0.22076304252568513,0.18623430327645712,0.1999999998,0.1999999998,0.1999999998,0.1999999998,0.1999999998
2022-10-14,0.0,20.0,27.362335205078125,event_stress,53.0,58.0,50.75,0.007793037638327537,0.008835347061562599,0.0010423094232350624,0.007793037630534499,0.5438599150197562,0.2,0.2,0.2,0.2,0.2,0.1813759492710103,0.1309044696822594,0.2738453791383905,0.22159333539384102,0.1922808665144987,0.1999999998,0.1999999998,0.1999999998,0.1999999998,0.1999999998
2022-10-21,0.0,20.0,22.479154586791992,event_stress,54.25,59.32000000000001,50.05,-0.009522555836569625,-0.009472082363499673,5.04734730699518e-05,-0.009522555827047068,0.45149369892120234,0.2,0.2,0.2,0.2,0.2,0.18200781546449818,0.13137857806778566,0.27331968724898575,0.2206371234198048,0.19265679579892545,0.1999999998,0.1999999998,0.1999999998,0.1999999998,0.1999999998
2022-10-28,0.0,20.0,24.540958404541016,event_stress,52.120000000000005,56.36,52.209999999999994,-0.004992646078382249,-0.002403809125307792,0.002588836953074457,-0.004992646073389603,0.5027534814360194,0.2,0.2,0.2,0.2,0.2,0.18091149038535168,0.12797303586524056,0.2752942565369426,0.22162184683503047,0.19419937037743465,0.1999999998,0.1999999998,0.1999999998,0.1999999998,0.1999999998
2022-11-04,0.0,20.0,46.599090576171875,event_stress,52.71,56.96999999999999,51.98,0.01089579531536098,0.0071704886827722095,-0.0037253066325887707,0.010895795304465184,0.6110881363999205,0.2,0.2,0.2,0.2,0.2,0.1735850701383358,0.13502234419868384,0.2780613122741855,0.23386433668517262,0.17946693670362227,0.1999999998,0.1999999998,0.1999999998,0.1999999998,0.1999999998
2022-11-11,0.0,20.0,13.196148872375488,bull_normal,53.5,56.5,46.7,0.00382464200703311,0.0032052457172413638,-0.0006193962897917461,0.0038246420032084674,0.7156196842864687,0.2,0.2,0.2,0.2,0.2,0.1813057704524579,0.1361871683208279,0.27104270185779405,0.22386357994974027,0.18760077941917985,0.1999999998,0.1999999998,0.1999999998,0.1999999998,0.1999999998
2022-11-18,0.0,20.0,16.460689544677734,bull_normal,51.3,53.2,38.3,-0.005547109025888378,-0.007309045267369091,-0.0017619362414807134,-0.005547109020341268,0.6751339183576068,0.2,0.2,0.2,0.2,0.2,0.18245115960291153,0.13586891817272923,0.2707215054128649,0.22165233734849224,0.18930607946300212,0.1999999998,0.1999999998,0.1999999998,0.1999999998,0.1999999998
2022-11-25,0.0,20.0,14.299627304077148,bull_normal,54.0,59.5,38.3,0.004015850800072001,0.004653960452222979,0.0006381096521509777,0.00401585079605615,0.6250842145215928,0.2,0.2,0.2,0.2,0.2,0.18592773461465575,0.1474846099438508,0.2639220282917292,0.2189766305382347,0.18368899661152943,0.1999999998,0.1999999998,0.1999999998,0.1999999998,0.1999999998
2022-12-02,0.0,20.0,20.11107635498047,event_stress,55.5,57.7,36.8,0.0012958400678411185,-0.00019485177737467026,-0.0014906918452157888,0.0012958400665452788,0.6157652590131969,0.2,0.2,0.2,0.2,0.2,0.18645527853486812,0.14957637062737436,0.2625930127351218,0.21884381412612255,0.18253152397651307,0.1999999998,0.1999999998,0.1999999998,0.1999999998,0.1999999998
2022-12-09,0.0,20.0,21.746170043945312,event_stress,56.0,57.95,38.099999999999994,0.0040226343692528884,0.002244502008967929,-0.0017781323602849594,0.004022634365230254,0.6038321417268727,0.2,0.2,0.2,0.2,0.2,0.18626121659176179,0.15054706321619468,0.26242783599198877,0.21927557496296682,0.18148830923708803,0.1999999998,0.1999999998,0.1999999998,0.1999999998,0.1999999998
2022-12-16,0.0,20.0,14.41066837310791,bull_normal,60.0,63.2,41.2,-0.0032925631710908703,-0.003058905359645672,0.00023365781144519832,-0.003292563167798307,0.5127476992537175,0.2,0.2,0.2,0.2,0.2,0.189636611333748,0.15731171925679882,0.25728475786300653,0.21595980780386198,0.17980710374258463,0.1999999998,0.1999999998,0.1999999998,0.1999999998,0.1999999998
2022-12-23,0.0,20.0,11.272066116333008,bull_normal,55.5,57.2,46.7,-0.0023286496876723326,-0.001088185081848627,0.0012404646058237056,-0.0023286496853436823,0.48757067865430337,0.2,0.2,0.2,0.2,0.2,0.18263995685543621,0.13421185429870827,0.27153894016775226,0.2206255466538822,0.19098370202422096,0.1999999998,0.1999999998,0.1999999998,0.1999999998,0.1999999998
2022-12-30,0.0,20.0,11.986933708190918,bull_normal,57.5,60.5,47.25,0.007861894552803558,0.008066755599068718,0.00020486104626516073,0.00786189454494166,0.43111487057833375,0.2,0.2,0.2,0.2,0.2,0.18390501744442697,0.14650415478304196,0.26597213240741796,0.22149726659642963,0.18212142876868337,0.1999999998,0.1999999998,0.1999999998,0.1999999998,0.1999999998
2023-01-06,0.0,20.0,11.259847640991211,bull_normal,59.0,63.3,33.7,0.003696834821066616,0.0036393077742686675,-5.752704679794869e-05,0.003696834817369781,0.46071234660091326,0.2,0.2,0.2,0.2,0.2,0.19285782250216552,0.1789069309427263,0.24856043580870568,0.21395821120070221,0.16571659954570034,0.1999999998,0.1999999998,0.1999999998,0.1999999998,0.1999999998
2023-01-13,0.0,20.0,11.066617965698242,bull_normal,53.9,57.5,40.55,0.005929093009427568,0.004781367588062532,-0.0011477254213650362,0.005929093003498476,0.42421715162896245,0.2,0.2,0.2,0.2,0.2,0.18416267618292076,0.14116481795414468,0.2675576743198121,0.22021349005215224,0.18690134149097018,0.1999999998,0.1999999998,0.1999999998,0.1999999998,0.1999999998
2023-01-20,0.0,20.0,21.41967010498047,event_stress,55.25,58.85,43.45,0.0035860757528851516,0.003169691440625421,-0.00041638431225973077,0.0035860757492990752,0.42036466066074174,0.2,0.2,0.2,0.2,0.2,0.18418432495283274,0.1404297722904056,0.2679298237954954,0.21989071481494113,0.18756536414632521,0.1999999998,0.1999999998,0.1999999998,0.1999999998,0.1999999998
2023-01-27,0.0,20.0,21.41967010498047,event_stress,52.0,64.0,37.75,0.0035860757528851516,0.0033348362849404383,-0.00025123946794471325,0.0035860757492990752,0.4172826678861652,0.2,0.2,0.2,0.2,0.2,0.18736386870785898,0.15208369871765584,0.26148052220658274,0.2174891730983883,0.18158273726951404,0.1999999998,0.1999999998,0.1999999998,0.1999999998,0.1999999998
2023-02-03,0.0,20.0,20.132614135742188,event_stress,52.55,64.45,38.5,-0.0016447419084462747,-0.0013710760013324066,0.00027366590711386815,-0.0016447419068015326,0.39277170055353466,0.2,0.2,0.2,0.2,0.2,0.18763594242697879,0.15201390015214755,0.2607586230309516,0.217709654613992,0.1818818797759301,0.1999999998,0.1999999998,0.1999999998,0.1999999998,0.1999999998
2023-02-10,0.0,20.0,12.88224983215332,bull_normal,54.9,62.6,35.3,-0.004826118930350904,-0.004781893276526703,4.422565382420068e-05,-0.004826118925524785,0.3758962815644336,0.2,0.2,0.2,0.2,0.2,0.1890568239558932,0.1589953902518385,0.2563782393188677,0.21798898630125568,0.177580560172145,0.1999999998,0.1999999998,0.1999999998,0.1999999998,0.1999999998
2023-02-17,0.0,20.0,13.485366821289062,bull_normal,52.0,57.0,40.75,-0.0037099712421358533,-0.003225916266293194,0.0004840549758426591,-0.0037099712384258817,0.3389653051251797,0.2,0.2,0.2,0.2,0.2,0.18277114460867866,0.13967086892490688,0.2680414645801552,0.22319570583411769,0.1863208160521415,0.1999999998,0.1999999998,0.1999999998,0.1999999998,0.1999999998
2023-02-24,0.0,20.0,15.950748443603516,bull_normal,52.8,58.5,43.65,0.0013232303328023327,0.0007948465621348281,-0.0005283837706675045,0.0013232303314791023,0.29867048136573104,0.2,0.2,0.2,0.2,0.2,0.18244263047188305,0.14188088815302155,0.2686751885914765,0.22274806525093807,0.18425322753268072,0.1999999998,0.1999999998,0.1999999998,0.1999999998,0.1999999998
2023-03-03,0.0,20.0,12.56244945526123,bull_normal,52.8,62.0,37.25,0.0008532883792071495,0.0007040289426847348,-0.00014925943652241468,0.0008532883783538608,0.306808410037371,0.2,0.2,0.2,0.2,0.2,0.17831534382964795,0.15757185320543507,0.2677038339317255,0.23005426815782157,0.1663547008753699,0.1999999998,0.1999999998,0.1999999998,0.1999999998,0.1999999998
2023-03-10,0.0,20.0,11.294656753540039,bull_normal,53.25,61.4,39.55,-0.0032033256642727713,-0.001668988760404331,0.0015343369038684402,-0.003203325661069445,0.3918024821076287,0.2,0.2,0.2,0.2,0.2,0.1852011499506725,0.15231103932795095,0.2628574000780128,0.2208533228161368,0.17877708782722693,0.1999999998,0.1999999998,0.1999999998,0.1999999998,0.1999999998
2023-03-17,0.0,20.0,13.704490661621094,bull_normal,53.92,62.02,41.2,0.003084549668902699,0.003854680066930113,0.0007701303980274139,0.0030845496658181482,0.5246903089060454,0.2,0.2,0.2,0.2,0.2,0.18562793693597043,0.145324499276076,0.26442172548015985,0.21955651007932853,0.1850693282284653,0.1999999998,0.1999999998,0.1999999998,0.1999999998,0.1999999998
2023-03-24,0.0,20.0,25.898265838623047,event_stress,54.5,57.0,47.25,0.0006321881042378186,8.23366164234356e-05,-0.0005498514878143829,0.0006321881036056303,0.5445416784822035,0.2,0.2,0.2,0.2,0.2,0.1820137960341958,0.1313766767131744,0.2725449596000103,0.2215200718992786,0.19254449575334093,0.1999999998,0.1999999998,0.1999999998,0.1999999998,0.1999999998
2023-03-31,0.0,20.0,18.596681594848633,bull_normal,55.870000000000005,58.4,49.25,0.001300754285494837,0.0012324068010054548,-6.834748448938228e-05,0.0013007542841940826,0.4508900421663838,0.2,0.2,0.2,0.2,0.2,0.18224238118253322,0.13181934523272884,0.27230421905061775,0.2211743991160941,0.19245965541802607,0.1999999998,0.1999999998,0.1999999998,0.1999999998,0.1999999998
2023-04-07,0.0,20.0,26.276390075683594,event_stress,53.1,58.3,32.3,0.0068559068852047,0.006701603277783074,-0.00015430360742162575,0.006855906878348792,0.4260891254977731,0.2,0.2,0.2,0.2,0.2,0.1870190358869863,0.15149430615491807,0.25958774773339116,0.2206039912608326,0.1812949189638719,0.1999999998,0.1999999998,0.1999999998,0.1999999998,0.1999999998
2023-04-14,0.0,20.0,21.052520751953125,event_stress,53.9,56.45,35.2,-0.0010135179900964393,-0.00041620985624969497,0.0005973081338467444,-0.001013517989082921,0.40714283285995606,0.2,0.2,0.2,0.2,0.2,0.18552665542218405,0.14656927020870011,0.2633700751217988,0.22074030177392454,0.18379369747339258,0.1999999998,0.1999999998,0.1999999998,0.1999999998,0.1999999998
2023-04-21,0.0,20.0,16.506359100341797,bull_normal,57.3,59.0,40.75,-0.008170413383538511,-0.007632166508077704,0.0005382468754608072,-0.008170413375368097,0.45308037214881763,0.2,0.2,0.2,0.2,0.2,0.186055329892729,0.14654410435261894,0.26321743898606115,0.21969858121560817,0.18448454555298274,0.1999999998,0.1999999998,0.1999999998,0.1999999998,0.1999999998
2023-04-28,0.0,20.0,12.456376075744629,bull_normal,58.5,57.0,52.25,0.003393891041489446,0.003958910989973724,0.000565019948484278,0.0033938910380955545,0.4287341116769314,0.2,0.2,0.2,0.2,0.2,0.18250614646768387,0.13414297881321577,0.27086768699125624,0.22172673793089742,0.19075644979694667,0.1999999998,0.1999999998,0.1999999998,0.1999999998,0.1999999998
2023-05-05,0.0,20.0,11.968705177307129,bull_normal,59.1,57.5,51.75,0.011136943789360667,0.012283365348349968,0.001146421558989301,0.011136943778223723,0.4306370192419615,0.2,0.2,0.2,0.2,0.2,0.18278612973957967,0.13454117432835333,0.27026298614701527,0.2216927610494058,0.19071694873564607,0.1999999998,0.1999999998,0.1999999998,0.1999999998,0.1999999998
2023-05-12,0.22769428491592408,20.0,6.253450870513916,bull_normal,55.8,53.0,40.75,-0.004035474764585451,-0.003129171332818523,0.000906303431766928,-0.003829114648943316,0.46576520805948396,0.2,0.2,0.2,0.2,0.2,0.18295104611176702,0.1390492792633453,0.2682614108089942,0.22265834809099352,0.1870799157249,0.19611805043973612,0.18612186904063532,0.2155427329059633,0.20515917616079563,0.1970581704528694
2023-05-19,0.13568388447165491,20.0,10.01243782043457,bull_normal,56.15,54.1,39.949999999999996,-0.003592625212402523,-0.0037606075159647657,-0.00016798230356224273,-0.003615417700256927,0.4272288683662127,0.2,0.2,0.2,0.2,0.2,0.18397248393570836,0.1406768069876956,0.26766923025542816,0.22062950639271617,0.18705197242845173,0.19782532416413975,0.19195079854087801,0.2091816238110817,0.20279909135929747,0.19824316112460308
2023-05-26,0.12388097345829012,20.0,9.253732681274414,bull_normal,55.71,53.31,41.55,-0.004215586849600542,-0.0030368138169435902,0.001178773032656952,-0.004069559294759058,0.4527018318566368,0.2,0.2,0.2,0.2,0.2,0.18300899642653531,0.13772790797339032,0.2695418629805048,0.2213265827682973,0.18839464985127227,0.19789513773939074,0.19228567242817365,0.208614913473513,0.20264195763123347,0.19856231772768893
2023-06-02,0.31062107086181645,20.0,6.827239990234375,bull_normal,54.6,61.5,38.2,0.0017427906422791046,0.0020598027596783705,0.00031701211739926585,0.0018412612838205752,0.4517499745845176,0.2,0.2,0.2,0.2,0.2,0.18725368752810753,0.15157537437354074,0.2615523536616021,0.21777031315390802,0.1818482712828416,0.1960407265744007,0.18495829074686837,0.21911945778931263,0.2055198334958969,0.19436169039352136
2023-06-09,0.4672765731811524,20.0,6.339134693145752,bull_normal,55.489999999999995,62.17999999999999,39.5,0.0027324087422172854,0.003195388890655533,0.00046298014843824736,0.0029487485164816627,0.4511280605665832,0.2,0.2,0.2,0.2,0.2,0.18721210524217496,0.15058902586626358,0.261144466279942,0.21855041830129526,0.1825039843103241,0.19402451616533778,0.17691140915233367,0.22857137644371045,0.20866817568623802,0.19182452155238008
2023-06-16,0.19238148331642158,20.0,11.832171440124512,bull_normal,53.5,59.0,37.75,0.006647402743862364,0.004279307098085674,-0.0023680956457766906,0.00619182498470086,0.5076358425118215,0.2,0.2,0.2,0.2,0.2,0.18529116522632347,0.15039370394183116,0.2632814291553753,0.22056628579242307,0.18046741588404716,0.19717029235121367,0.19045666699203925,0.21217417499511995,0.20395657236309922,0.19624229229852794
2023-06-23,0.0,20.0,15.946859359741211,bull_normal,54.05,59.7,37.75,0.0031129585674533567,0.0006650534988016036,-0.002447905068651753,0.003112958564340398,0.7391204217565932,0.2,0.2,0.2,0.2,0.2,0.17759619747371166,0.15537841476824968,0.2690683856074882,0.2306113190644609,0.16734568308608966,0.1999999998,0.1999999998,0.1999999998,0.1999999998,0.1999999998
2023-06-30,0.09980711042881012,20.0,8.697489738464355,bull_normal,54.410000000000004,59.81,39.75,-0.0018645385197560464,-0.0015617449760117093,0.0003027935437443371,-0.001834317569264107,0.6484713348288998,0.2,0.2,0.2,0.2,0.2,0.18557752760784124,0.1457843655347284,0.26453437822036474,0.21944404905496506,0.1846596795821006,0.1985605345067388,0.19458889398936774,0.20644098960705357,0.20194065414927145,0.19846892674756847
2023-07-07,0.0,20.0,20.677927017211914,event_stress,61.3,60.0,51.3,0.004759128760184674,0.005004645188242937,0.00024551642805826276,0.0047591287554255455,0.6714406275710081,0.2,0.2,0.2,0.2,0.2,0.18478451543319807,0.14330597431072642,0.2663072355515973,0.21976087826732776,0.18584139643715047,0.1999999998,0.1999999998,0.1999999998,0.1999999998,0.1999999998
2023-07-14,0.0,20.0,14.18533992767334,bull_normal,60.739999999999995,59.25,52.074999999999996,0.004942996047219226,0.003834807963883,-0.001108188083336226,0.00494299604227623,0.6118082063127553,0.2,0.2,0.2,0.2,0.2,0.1838473340144649,0.14502982445265758,0.2662077464002084,0.22167493315391204,0.1832401619787571,0.1999999998,0.1999999998,0.1999999998,0.1999999998,0.1999999998
2023-07-21,0.0,20.0,26.029634475708008,event_stress,60.96,59.77,52.9,0.0030332074078051876,0.004076440770115207,0.001043233362310019,0.00303320740477198,0.5682927410342014,0.2,0.2,0.2,0.2,0.2,0.18379842704586188,0.14622049882188343,0.26524195330996986,0.2226497757055293,0.18208934511675542,0.1999999998,0.1999999998,0.1999999998,0.1999999998,0.1999999998
2023-07-28,0.0,20.0,13.903834342956543,bull_normal,59.7,61.6,48.2,0.0057312259711806675,0.0030516244599500726,-0.002679601511230595,0.005731225965449441,0.6474575987958615,0.2,0.2,0.2,0.2,0.2,0.18538938388818516,0.14371107794372368,0.26592993531438736,0.21871029039795659,0.18625931245574723,0.1999999998,0.1999999998,0.1999999998,0.1999999998,0.1999999998
2023-08-04,0.027170364558696744,20.0,9.890667915344238,bull_normal,54.5,62.0,35.3,0.0005521467731199305,0.0003170570673208197,-0.0002350897057991108,0.0005457592995636122,0.5511799219641343,0.2,0.2,0.2,0.2,0.2,0.1882969279628231,0.16185118885003788,0.2572923366140044,0.21807672750049267,0.17448281907264182,0.19968202306661118,0.19896348269461114,0.20155665347066537,0.20049115107572543,0.19930668869238674
2023-08-11,0.0,20.0,11.27982234954834,bull_normal,62.5,65.2,52.25,-0.005741895121486951,-0.004873069692670409,0.0008688254288165423,-0.005741895115745056,0.5354165380284269,0.2,0.2,0.2,0.2,0.2,0.18776163833967371,0.15483425377685117,0.2600452991693108,0.21763809152900307,0.1797207171851612,0.1999999998,0.1999999998,0.1999999998,0.1999999998,0.1999999998
2023-08-18,0.0,20.0,15.11018180847168,bull_normal,61.3,63.8,55.75,0.00035481333046462186,0.001619672999409023,0.001264859668944401,0.000354813330109809,0.571848313285517,0.2,0.2,0.2,0.2,0.2,0.1862803193786176,0.14940041076562852,0.2626049014908298,0.21927284427294233,0.18244152409198167,0.1999999998,0.1999999998,0.1999999998,0.1999999998,0.1999999998
2023-08-25,0.0,20.0,9.499320983886719,bull_normal,58.7,59.6,49.25,-0.002732829239407702,-0.0024481152668959717,0.00028471397251173024,-0.0027328292366748724,0.5279901656784735,0.2,0.2,0.2,0.2,0.2,0.18398974595262732,0.13794832483033054,0.2692714542584404,0.2193219394482668,0.18946853551033482,0.1999999998,0.1999999998,0.1999999998,0.1999999998,0.1999999998
2023-09-01,0.0,20.0,12.980344772338867,bull_normal,59.4,61.1,48.75,0.0032952738817810107,0.0021499998915936484,-0.0011452739901873623,0.0032952738784857365,0.5058555097106628,0.2,0.2,0.2,0.2,0.2,0.18398515898059267,0.14987284413358348,0.26485426950961366,0.2218814035960976,0.17940632378011254,0.1999999998,0.1999999998,0.1999999998,0.1999999998,0.1999999998
2023-09-08,0.0,20.0,14.608733177185059,bull_normal,54.5,56.5,52.25,-0.005527941467880762,-0.0059472734834064185,-0.00041933201552565684,-0.00552794146235282,0.5367436564021575,0.2,0.2,0.2,0.2,0.2,0.18154185757996658,0.13023955961800177,0.27396096233709766,0.22121842646193304,0.1930391940030009,0.1999999998,0.1999999998,0.1999999998,0.1999999998,0.1999999998
2023-09-15,0.0332911878824234,20.0,8.589619636535645,bull_normal,55.45,58.08,51.27499999999999,-0.0010257945577699845,-0.0005456208487376856,0.0004801737090322989,-0.0010098090035965811,0.4838621167253606,0.2,0.2,0.2,0.2,0.2,0.18200972021715434,0.1317876294419923,0.27300109458127314,0.22091345157017864,0.19228810418940162,0.19940108201629084,0.19772912895811875,0.2024302929528974,0.20069623344479656,0.19974326162789643
2023-09-22,0.12675871849060058,20.0,7.492888450622559,bull_normal,56.5,59.9,52.25,-0.002873442863815972,-0.0037217375525062696,-0.0008482946886902978,-0.002980971608475765,0.4674474147049514,0.2,0.2,0.2,0.2,0.2,0.18285009121758358,0.13560448486892177,0.270758903337767,0.22074246603844155,0.19004405453728615,0.19782609934268408,0.19183730683360511,0.2089693076999263,0.20262928821073836,0.19873799691304606
2023-09-29,0.0,20.0,29.78413200378418,event_stress,68.5,68.8,47.0,-0.0049752622059924265,-0.005542391839193995,-0.0005671296332015689,-0.004975262201017164,0.46933870312312054,0.2,0.2,0.2,0.2,0.2,0.19506924582523089,0.17089546842142692,0.2485552472819698,0.210566648042284,0.1749133904290884,0.1999999998,0.1999999998,0.1999999998,0.1999999998,0.1999999998
2023-10-06,0.0,20.0,29.78413200378418,event_stress,68.44,67.78,48.074999999999996,-0.0049752622059924265,-0.005602336231128953,-0.0006270740251365266,-0.004975262201017164,0.4694218807673768,0.2,0.2,0.2,0.2,0.2,0.19357714592247924,0.16654958606564738,0.2511090051507135,0.21199937069726182,0.17676489216389807,0.1999999998,0.1999999998,0.1999999998,0.1999999998,0.1999999998
2023-10-13,0.0,20.0,25.333967208862305,event_stress,62.0,62.5,53.75,-0.006820445544926853,-0.007009573296182482,-0.00018912775125562876,-0.006820445538106407,0.42228913210733066,0.2,0.2,0.2,0.2,0.2,0.18592629693593601,0.14636741614378937,0.26343978317304984,0.2197779583757802,0.18448854537144457,0.1999999998,0.1999999998,0.1999999998,0.1999999998,0.1999999998
2023-10-20,0.0,20.0,39.02693176269531,event_stress,63.6,59.15,52.949999999999996,-0.0028427837027975595,-0.001482720975607976,0.0013600627271895835,-0.0028427836999547758,0.7187758707902722,0.2,0.2,0.2,0.2,0.2,0.18509029722927814,0.14302993975571462,0.26492979753436774,0.22070612293239988,0.1862438425482395,0.1999999998,0.1999999998,0.1999999998,0.1999999998,0.1999999998
2023-10-27,0.0,20.0,20.376544952392578,event_stress,63.910000000000004,58.760000000000005,53.5,0.004377357323923979,0.004417156443657098,3.979911973311934e-05,0.004377357319546621,0.6328796149540312,0.2,0.2,0.2,0.2,0.2,0.18528694306383994,0.14453012766694612,0.2650166657809649,0.21982812049850273,0.18533814298974624,0.1999999998,0.1999999998,0.1999999998,0.1999999998,0.1999999998
2023-11-03,0.0,20.0,15.29140853881836,bull_normal,68.3,65.5,42.7,0.004655068826742407,0.004775032958477886,0.00011996413173547861,0.004655068822087338,0.5694460347572965,0.2,0.2,0.2,0.2,0.2,0.19676085956875106,0.17970802840818134,0.2450013967928906,0.20886958390113947,0.16966013132903746,0.1999999998,0.1999999998,0.1999999998,0.1999999998,0.1999999998
2023-11-10,0.0,20.0,13.94404125213623,bull_normal,53.5,54.0,45.25,-0.003420512280698256,-0.0037377286933407377,-0.00031721641264248175,-0.0034205122772777434,0.49672239210289076,0.2,0.2,0.2,0.2,0.2,0.18157690905617005,0.13037357105823025,0.2736729458688079,0.22144174374776676,0.19293483026902508,0.1999999998,0.1999999998,0.1999999998,0.1999999998,0.1999999998
2023-11-17,0.0,20.0,13.346832275390625,bull_normal,66.6,63.3,42.25,2.5452217588464484e-07,0.00047358991593874337,0.0004733353937628587,2.5452217563023257e-07,0.47048215689487494,0.2,0.2,0.2,0.2,0.2,0.19313563209844398,0.16674727086924612,0.250990912021724,0.21311551542226176,0.17601066958832415,0.1999999998,0.1999999998,0.1999999998,0.1999999998,0.1999999998
2023-11-24,0.0,20.0,24.723976135253906,event_stress,67.32000000000001,62.65,41.75,-0.009094980269055206,-0.009677526084033944,-0.0005825458149787376,-0.009094980259960226,0.4360467490456837,0.2,0.2,0.2,0.2,0.2,0.19389479858033243,0.16942403758938077,0.25030182977454973,0.2115804481450586,0.17479888591067844,0.1999999998,0.1999999998,0.1999999998,0.1999999998,0.1999999998
2023-12-01,0.0,20.0,13.764066696166992,bull_normal,67.56,62.760000000000005,40.849999999999994,-0.0025848287526156664,-0.0017404569811944283,0.0008443717714212381,-0.0025848287500308364,0.525412435081191,0.2,0.2,0.2,0.2,0.2,0.19448185176293845,0.17092949753803394,0.24873075553784205,0.2117159198699678,0.17414197529121778,0.1999999998,0.1999999998,0.1999999998,0.1999999998,0.1999999998
2023-12-08,0.0,20.0,16.414527893066406,bull_normal,61.4,60.0,51.75,-0.004611371678070047,-0.003991223370312523,0.0006201483077575235,-0.0046113716734586755,0.5237548692849843,0.2,0.2,0.2,0.2,0.2,0.1844855858556014,0.1402577801906339,0.26663218922841536,0.220731735661721,0.18789270906362826,0.1999999998,0.1999999998,0.1999999998,0.1999999998,0.1999999998
2023-12-15,0.0,20.0,10.380339622497559,bull_normal,61.5,62.3,45.3,-0.0013205993927386812,-0.00019603481501692454,0.0011245645777217567,-0.0013205993914180815,0.5659618803672232,0.2,0.2,0.2,0.2,0.2,0.18791377573566365,0.15155845679565177,0.26113590665727665,0.2167278719366719,0.18266398887473603,0.1999999998,0.1999999998,0.1999999998,0.1999999998,0.1999999998
2023-12-22,0.0,20.0,12.588353157043457,bull_normal,62.5,61.7,46.8,0.00022606185142761957,0.0008012416036514602,0.0005751797522238406,0.00022606185120155754,0.5214737105935204,0.2,0.2,0.2,0.2,0.2,0.1875093107394823,0.14985397632998038,0.2620832722812231,0.2169341691968898,0.18361927145242438,0.1999999998,0.1999999998,0.1999999998,0.1999999998,0.1999999998
2023-12-29,0.0,20.0,14.713910102844238,bull_normal,63.95,64.15,45.949999999999996,0.010320328015096589,0.01078096674518803,0.0004606387300914415,0.010320328004776261,0.5336822544068824,0.2,0.2,0.2,0.2,0.2,0.19023283631413915,0.16017067407715138,0.25644495759378944,0.21493714646478052,0.17821438555013944,0.1999999998,0.1999999998,0.1999999998,0.1999999998,0.1999999998
2024-01-05,0.0,20.0,14.005855560302734,bull_normal,65.31,65.51,44.8,-0.008248687414423675,-0.007053057761671734,0.0011956296527519412,-0.008248687406174987,0.5749332393259838,0.2,0.2,0.2,0.2,0.2,0.1924619211245717,0.1648288614561961,0.25323923974562434,0.21248575097891817,0.1769842266946898,0.1999999998,0.1999999998,0.1999999998,0.1999999998,0.1999999998
2024-01-12,0.0,20.0,26.170467376708984,event_stress,64.8,60.0,54.25,-0.007853247335545129,-0.007580314190401356,0.00027293314514377325,-0.007853247327691881,0.48672316184426057,0.2,0.2,0.2,0.2,0.2,0.18452434046945163,0.1548878734424053,0.2619621893444261,0.2229021014946918,0.17572349524902514,0.1999999998,0.1999999998,0.1999999998,0.1999999998,0.1999999998
2024-01-19,0.0,20.0,28.353065490722656,event_stress,65.5,61.2,53.39999999999999,-0.003063605183964894,-0.002689110735740279,0.00037449444822461537,-0.003063605180901288,0.4587648487356631,0.2,0.2,0.2,0.2,0.2,0.1864212557772002,0.15603006635149966,0.2596977900034143,0.22088585808408068,0.1769650297838052,0.1999999998,0.1999999998,0.1999999998,0.1999999998,0.1999999998
2024-01-26,0.0,20.0,13.315013885498047,bull_normal,60.5,63.0,52.5,0.0033897027710922956,0.0029606013308780604,-0.00042910144021423516,0.003389702767702591,0.4537723952370694,0.2,0.2,0.2,0.2,0.2,0.17838189670267565,0.15376675112684637,0.2686883698753588,0.22957860114815237,0.1695843811469667,0.1999999998,0.1999999998,0.1999999998,0.1999999998,0.1999999998
2024-02-02,0.0,20.0,20.48769187927246,event_stress,54.0,59.3,50.25,-0.005527188372232139,-0.0031146901063114157,0.0024124982659207233,-0.005527188366704952,0.5154053726277579,0.2,0.2,0.2,0.2,0.2,0.18134210788743116,0.13721223748881772,0.27136260808288226,0.22318909291707023,0.1868939536237986,0.1999999998,0.1999999998,0.1999999998,0.1999999998,0.1999999998
2024-02-09,0.0,20.0,21.401723861694336,event_stress,66.5,68.1,44.25,0.009257074426421137,0.008914133725524815,-0.0003429407008963218,0.00925707441716406,0.6234728407156649,0.2,0.2,0.2,0.2,0.2,0.1933897798310689,0.18628691603922895,0.2466788692921734,0.2133183280465171,0.16032610679101164,0.1999999998,0.1999999998,0.1999999998,0.1999999998,0.1999999998
2024-02-16,0.0,20.0,21.401723861694336,event_stress,53.0,55.0,40.75,0.009257074426421137,0.007188655228631586,-0.0020684191977895505,0.00925707441716406,0.7099268151859904,0.2,0.2,0.2,0.2,0.2,0.17803037065285182,0.1438039771361395,0.2715274513552363,0.22924787242438524,0.17739032843138716,0.1999999998,0.1999999998,0.1999999998,0.1999999998,0.1999999998
2024-02-23,0.0,20.0,21.375995635986328,event_stress,65.3,61.3,47.5,0.00737454600703632,0.006774239777935432,-0.0006003062291008885,0.0073745459996617715,0.6946446883807786,0.2,0.2,0.2,0.2,0.2,0.1885377254312495,0.15455644657809184,0.25949145103583476,0.21654217477041204,0.18087220218441194,0.1999999998,0.1999999998,0.1999999998,0.1999999998,0.1999999998
2024-03-01,0.0,20.0,18.94527816772461,bull_normal,65.8,61.029999999999994,49.449999999999996,0.006030655842812343,0.005040301332575725,-0.0009903545102366174,0.006030655836781687,0.6213382232518363,0.2,0.2,0.2,0.2,0.2,0.1823884578138688,0.16061446670543178,0.2624776060183045,0.22601936157084754,0.16850010789154748,0.1999999998,0.1999999998,0.1999999998,0.1999999998,0.1999999998
2024-03-08,0.0,20.0,33.764320373535156,event_stress,63.7,64.8,37.75,0.011803496514154431,0.011901788361151211,9.829184699678035e-05,0.011803496502350932,0.72179217323409,0.2,0.2,0.2,0.2,0.2,0.1954630970604359,0.17390198788647884,0.2467807404559987,0.21106220438514595,0.17279197021194065,0.1999999998,0.1999999998,0.1999999998,0.1999999998,0.1999999998
2024-03-15,0.0,20.0,13.955896377563477,bull_normal,63.410000000000004,63.2,38.35,-0.00011116488546949342,-0.0011695358181392549,-0.0010583709326697614,-0.00011116488535832879,0.6441202981449287,0.2,0.2,0.2,0.2,0.2,0.19358603985079184,0.16937350953942998,0.2502890117721434,0.21232082408378605,0.1744306147538488,0.1999999998,0.1999999998,0.1999999998,0.1999999998,0.1999999998
2024-03-22,0.0,20.0,14.067305564880371,bull_normal,58.7,60.2,50.75,0.001981029278938564,0.002616680423334277,0.0006356511443957129,0.001981029276957535,0.5632549606005224,0.2,0.2,0.2,0.2,0.2,0.18368876945435883,0.1375682067108287,0.26948289760235505,0.2198556366229341,0.1894044896095234,0.1999999998,0.1999999998,0.1999999998,0.1999999998,0.1999999998
2024-03-29,0.0,20.0,24.272106170654297,event_stress,60.7,58.8,49.25,0.002367552918786254,0.0029774530008202286,0.0006099000820339747,0.002367552916418701,0.6872290967079681,0.2,0.2,0.2,0.2,0.2,0.18429248027658038,0.13918197080523953,0.2684237260603883,0.21933699470430354,0.18876482815348813,0.1999999998,0.1999999998,0.1999999998,0.1999999998,0.1999999998
2024-04-05,0.0,20.0,24.50827407836914,event_stress,57.5,62.0,40.75,0.010816375705289722,0.0113810247784142,0.0005646490731244774,0.010816375694473345,0.7935835178096652,0.2,0.2,0.2,0.2,0.2,0.18767154614200005,0.15629592814202925,0.2593849048341305,0.21829668661392013,0.17835093426792004,0.1999999998,0.1999999998,0.1999999998,0.1999999998,0.1999999998
2024-04-12,0.0,20.0,31.890609741210938,event_stress,59.2,61.8,37.75,0.005309846617577805,0.0073258972905844676,0.0020160506730066627,0.005309846612267958,0.9367491457892746,0.2,0.2,0.2,0.2,0.2,0.18963483025038502,0.16185330340549323,0.25420932357326465,0.2185465466503143,0.1757559961205429,0.1999999998,0.1999999998,0.1999999998,0.1999999998,0.1999999998
2024-04-19,0.0,20.0,22.235801696777344,event_stress,61.4,62.27,40.05,0.003307712309780281,0.002655764229687339,-0.0006519480800929417,0.0033077123064725687,0.830524558971778,0.2,0.2,0.2,0.2,0.2,0.1906234142448166,0.16040911694821042,0.2553722404391762,0.21522300588702822,0.1783722224807685,0.1999999998,0.1999999998,0.1999999998,0.1999999998,0.1999999998
2024-04-26,0.0,20.0,23.998302459716797,event_stress,62.0,63.0,47.25,-0.003282624647215621,-0.004974845113837287,-0.0016922204666216661,-0.003282624643932996,0.7819790430649668,0.2,0.2,0.2,0.2,0.2,0.1876062422582238,0.1499031234762743,0.26183405167648743,0.21698759667887094,0.1836689859101436,0.1999999998,0.1999999998,0.1999999998,0.1999999998,0.1999999998
2024-05-03,0.0,20.0,29.945255279541016,event_stress,63.92,64.95,46.449999999999996,0.001054366220658517,-0.0014922095884812802,-0.0025465758091397974,0.0010543662196041506,0.7828377304849076,0.2,0.2,0.2,0.2,0.2,0.19030526087512048,0.1581446239114903,0.2572131866175496,0.21431593448382943,0.18002099411201017,0.1999999998,0.1999999998,0.1999999998,0.1999999998,0.1999999998
2024-05-10,0.0,20.0,18.767335891723633,bull_normal,61.5,59.8,43.55,0.008868726765885446,0.008545412375724822,-0.0003233143901606242,0.008868726757016719,0.6743157854228455,0.2,0.2,0.2,0.2,0.2,0.18764750899577817,0.15106307590469376,0.26138862852210626,0.21715822940841614,0.18274255716900561,0.1999999998,0.1999999998,0.1999999998,0.1999999998,0.1999999998
2024-05-17,0.0,20.0,12.013651847839355,bull_normal,59.6,63.3,45.2,0.0026605948534412726,0.00223345733060627,-0.00042713752283500247,0.0026605948507806777,0.5792960071230848,0.2,0.2,0.2,0.2,0.2,0.1874399527585977,0.15051649301796663,0.26152921809426055,0.21759342979670968,0.18292090633246533,0.1999999998,0.1999999998,0.1999999998,0.1999999998,0.1999999998
2024-05-24,0.0,20.0,17.400657653808594,bull_normal,61.5,61.0,47.25,-0.006098995477872624,-0.005312033385703527,0.0007869620921690966,-0.006098995471773628,0.5920563843504427,0.2,0.2,0.2,0.2,0.2,0.1863217939989515,0.14553392745694727,0.26373456996750105,0.21870049129468,0.1857092172819203,0.1999999998,0.1999999998,0.1999999998,0.1999999998,0.1999999998
2024-05-31,0.0,20.0,12.38498306274414,bull_normal,57.5,57.7,45.5,-0.002965102428981434,-0.0025682719410145237,0.0003968304879669103,-0.0029651024260163314,0.5241622206864263,0.2,0.2,0.2,0.2,0.2,0.18409840792814117,0.13893176241376518,0.26816492468625786,0.22013941536620055,0.1886654896056352,0.1999999998,0.1999999998,0.1999999998,0.1999999998,0.1999999998
2024-06-07,0.02243429124355316,20.0,10.078767776489258,bull_normal,57.3,66.4,44.25,0.0015070293575291502,0.0019298699629045986,0.0004228406053754484,0.0015165154853032277,0.4601988029356288,0.2,0.2,0.2,0.2,0.2,0.1882230259401587,0.1524146515088714,0.260357108915913,0.21672918513041856,0.18227602850463828,0.19973579173423794,0.19893245623409156,0.20135406875868436,0.2003753072111078,0.1996023750618782
2024-06-14,0.0,20.0,14.461387634277344,bull_normal,63.2,56.3,51.25,-0.00741583214607286,-0.007344567716182978,7.126442988988207e-05,-0.007415832138657028,0.43348837019038167,0.2,0.2,0.2,0.2,0.2,0.183931636529347,0.13846532758909713,0.2682851492024565,0.22048655363991457,0.1888313330391849,0.1999999998,0.1999999998,0.1999999998,0.1999999998,0.1999999998
2024-06-21,0.0,20.0,21.130619049072266,event_stress,57.3,61.8,50.75,-0.0023158349473376186,-0.0014506327034182187,0.0008652022439193999,-0.002315834945021783,0.4796572897319056,0.2,0.2,0.2,0.2,0.2,0.18357300858928513,0.13683354400480166,0.2692667287037742,0.22053154573129546,0.1897951729708434,0.1999999998,0.1999999998,0.1999999998,0.1999999998,0.1999999998
2024-06-28,0.0,20.0,26.27972412109375,event_stress,59.5,60.0,37.25,-0.0003544988904464519,0.00042747231471481354,0.0007819712051612654,-0.0003544988900919529,0.5488551496763249,0.2,0.2,0.2,0.2,0.2,0.18982098153220192,0.15819892128118435,0.25603745362091646,0.21678559722514545,0.17915704634055177,0.1999999998,0.1999999998,0.1999999998,0.1999999998,0.1999999998
2024-07-05,0.0,20.0,18.597579956054688,bull_normal,64.8,66.0,36.25,-0.0025670709789620983,-0.0025846104540508683,-1.7539475088769983e-05,-0.002567070976395027,0.546454273350345,0.2,0.2,0.2,0.2,0.2,0.1988722659842694,0.1837498019787144,0.241814741788644,0.20680096018434774,0.16876223006402447,0.1999999998,0.1999999998,0.1999999998,0.1999999998,0.1999999998
2024-07-12,0.0,20.0,17.13673973083496,bull_normal,63.7,60.6,45.75,0.0007631973801968768,0.0009129541489136548,0.00014975676871677808,0.0007631973794336791,0.543923594444518,0.2,0.2,0.2,0.2,0.2,0.18436136324451896,0.16321014650357465,0.2605154397660842,0.22316524964179796,0.16874780084402424,0.1999999998,0.1999999998,0.1999999998,0.1999999998,0.1999999998
2024-07-19,0.0,20.0,15.274833679199219,bull_normal,65.22,61.02,48.05,0.003641436825731113,0.0028929022687154858,-0.0007485345570156271,0.003641436822089676,0.5344186674391214,0.2,0.2,0.2,0.2,0.2,0.1878197415164935,0.1504722993948691,0.26138109945808,0.21689519881050737,0.18343166082005,0.1999999998,0.1999999998,0.1999999998,0.1999999998,0.1999999998
2024-07-26,0.0,20.0,15.283838272094727,bull_normal,59.6,59.2,39.5,-0.005242134635920493,-0.003589502401008875,0.0016526322349116182,-0.005242134630678358,0.6698545887902351,0.2,0.2,0.2,0.2,0.2,0.187879699745696,0.1576759891466759,0.2584015803336187,0.21865610143064876,0.1773866293433606,0.1999999998,0.1999999998,0.1999999998,0.1999999998,0.1999999998
2024-08-02,0.0,20.0,12.911852836608887,bull_normal,60.8,59.7,42.4,0.0029359275583937883,0.004549641272553483,0.001613713714159695,0.0029359275554578603,0.6845490486825835,0.2,0.2,0.2,0.2,0.2,0.1876042959996912,0.15392284056668842,0.2600259452293753,0.2182205037968796,0.18022641440736537,0.1999999998,0.1999999998,0.1999999998,0.1999999998,0.1999999998
2024-08-09,0.0,20.0,19.932580947875977,bull_normal,59.7,59.3,47.25,-0.010832850501108828,-0.011477450005723602,-0.0006445995046147745,-0.01083285049027598,0.595856356025976,0.2,0.2,0.2,0.2,0.2,0.1846715328512123,0.14087694390126212,0.2671255781615984,0.21959742836195245,0.18772851672397475,0.1999999998,0.1999999998,0.1999999998,0.1999999998,0.1999999998
2024-08-16,0.0,20.0,19.529560089111328,bull_normal,62.2,60.8,44.25,-0.0034595367008833423,-0.004219981510019781,-0.0007604448091364387,-0.0034595366974238054,0.563298705302906,0.2,0.2,0.2,0.2,0.2,0.18811168511066337,0.1523389183944174,0.2606103484518714,0.21671017307254462,0.1822288749705032,0.1999999998,0.1999999998,0.1999999998,0.1999999998,0.1999999998
2024-08-23,0.0,20.0,13.71949577331543,bull_normal,62.7,60.95,45.55,0.0022541396027719648,0.002930635887794507,0.0006764962850225424,0.002254139600517825,0.5317295021234171,0.2,0.2,0.2,0.2,0.2,0.18773442895248377,0.1509405331496583,0.2613989449538344,0.21697142601626745,0.18295466692775608,0.1999999998,0.1999999998,0.1999999998,0.1999999998,0.1999999998
2024-08-30,0.0,20.0,20.047189712524414,event_stress,59.3,59.5,45.25,0.0012136095999162693,0.00024456701395548646,-0.0009690425859607828,0.0012136095987026593,0.5777793360922113,0.2,0.2,0.2,0.2,0.2,0.18548234427815097,0.14413913149559796,0.26555734410023074,0.21883424582687733,0.18598693429914304,0.1999999998,0.1999999998,0.1999999998,0.1999999998,0.1999999998
2024-09-06,0.0,20.0,19.221166610717773,bull_normal,60.55,60.45,44.449999999999996,0.001141001410737201,0.0030750163400585944,0.0019340149293213935,0.0011410014095961987,0.6866371773463789,0.2,0.2,0.2,0.2,0.2,0.18688712895128612,0.148688628715363,0.2628341935450196,0.2177558792916661,0.18383416949666523,0.1999999998,0.1999999998,0.1999999998,0.1999999998,0.1999999998
2024-09-13,0.0,20.0,15.765263557434082,bull_normal,59.2,59.7,52.25,-0.002034958726688388,-0.0004137751952638846,0.0016211835314245036,-0.0020349587246534287,0.6753452055807735,0.2,0.2,0.2,0.2,0.2,0.18391251382374962,0.13906960161526413,0.26861662260338787,0.22001746495806357,0.1883837969995349,0.1999999998,0.1999999998,0.1999999998,0.1999999998,0.1999999998
2024-09-20,0.0,20.0,17.032398223876953,bull_normal,64.0,62.0,42.25,0.001579599187343958,0.0012510899065556029,-0.0003285092807883551,0.0015795991857643586,0.6307326093162163,0.2,0.2,0.2,0.2,0.2,0.19090353462817827,0.1609858513273057,0.25544832787156047,0.2143626601439428,0.1782996260290127,0.1999999998,0.1999999998,0.1999999998,0.1999999998,0.1999999998
2024-09-27,0.0,20.0,242.85665893554688,event_stress,66.5,64.5,43.75,0.03257099345194888,0.028478678223078212,-0.004092315228870668,0.032570993419377886,1.0,0.2,0.2,0.2,0.2,0.2,0.18870393011937606,0.18170232636990083,0.2523049086227389,0.21864024269503102,0.1586485921929531,0.1999999998,0.1999999998,0.1999999998,0.1999999998,0.1999999998
2024-10-04,0.0,20.0,579.437255859375,event_stress,63.0,63.5,48.5,0.042521526456215084,0.032835053335964016,-0.009686473120251067,0.04252152641369355,1.0,0.2,0.2,0.2,0.2,0.2,0.1843810284843725,0.1621065097627801,0.26103365925926547,0.22275724967250993,0.16972155282107199,0.1999999998,0.1999999998,0.1999999998,0.1999999998,0.1999999998
2024-10-11,0.0,20.0,126.14768981933594,event_stress,62.8,64.0,38.0,-3.0977707646698515e-06,0.00046601491663639515,0.000469112687401065,-3.0977707615725718e-06,0.8416289775287652,0.2,0.2,0.2,0.2,0.2,0.1873245595372873,0.18175640434015314,0.25344870663262414,0.22049806843025996,0.1569722610596755,0.1999999998,0.1999999998,0.1999999998,0.1999999998,0.1999999998
2024-10-18,0.0,20.0,68.40298461914062,event_stress,66.0,59.0,42.5,0.004528012262540754,0.004470614708632118,-5.739755390863667e-05,0.004528012258012742,0.7466595386125,0.2,0.2,0.2,0.2,0.2,0.1900764039721085,0.1639721525159665,0.2546111400694876,0.21660428204413473,0.1747360213983027,0.1999999998,0.1999999998,0.1999999998,0.1999999998,0.1999999998
2024-10-25,0.0,20.0,42.712074279785156,event_stress,67.6,64.7,48.75,-0.0030511114179900753,-0.003883709743755074,-0.0008325983257649987,-0.003051111414938964,0.6249979455838014,0.2,0.2,0.2,0.2,0.2,0.19096372899933803,0.159513537146061,0.25617051740628216,0.2137040571196499,0.1796481593286688,0.1999999998,0.1999999998,0.1999999998,0.1999999998,0.1999999998
2024-11-01,0.0,20.0,23.982830047607422,event_stress,67.34,64.62,48.849999999999994,0.0008795775007573004,0.0015987512640917632,0.0007191737633344628,0.0008795774998777229,0.550645361003663,0.2,0.2,0.2,0.2,0.2,0.19074284078082118,0.15882608135308846,0.25659562038271133,0.2138711930569989,0.17996426442638014,0.1999999998,0.1999999998,0.1999999998,0.1999999998,0.1999999998
2024-11-08,0.0,20.0,10.305638313293457,bull_normal,62.5,61.2,42.25,0.005224674884875582,0.004173017583319826,-0.0010516573015557562,0.005224674879650906,0.4912891294499885,0.2,0.2,0.2,0.2,0.2,0.1891665764257403,0.1581919870845267,0.2563573856604263,0.21793167892737572,0.17835237190193093,0.1999999998,0.1999999998,0.1999999998,0.1999999998,0.1999999998
2024-11-15,0.0,20.0,26.35165023803711,event_stress,61.95,60.9,42.849999999999994,-0.008051846970299894,-0.007539771925421537,0.000512075044878357,-0.008051846962248047,0.480791979438951,0.2,0.2,0.2,0.2,0.2,0.1850601198642191,0.16422010843547974,0.25925466925519214,0.2227895858748757,0.16867551657023327,0.1999999998,0.1999999998,0.1999999998,0.1999999998,0.1999999998
2024-11-22,0.0,20.0,25.66501235961914,event_stress,59.0,58.0,36.25,0.0014586862574399158,0.0024090702699577906,0.0009503840125178748,0.0014586862559812302,0.5462390836959974,0.2,0.2,0.2,0.2,0.2,0.1884322110726637,0.154799244876561,0.25794419570288807,0.2185244669405943,0.180299881407293,0.1999999998,0.1999999998,0.1999999998,0.1999999998,0.1999999998
2024-11-29,0.0,20.0,17.266902923583984,bull_normal,65.3,60.0,47.0,0.0004944576091978133,0.00017159115630398513,-0.0003228664528938282,0.0004944576087033556,0.4709683281321286,0.2,0.2,0.2,0.2,0.2,0.18768291118566735,0.14968637385774036,0.26077439537071073,0.21808275255820694,0.18377356702767444,0.1999999998,0.1999999998,0.1999999998,0.1999999998,0.1999999998
2024-12-06,0.0,20.0,17.27111053466797,bull_normal,67.05,63.6,46.5,-0.002051385347112449,-0.0014068900757881803,0.000644495271324269,-0.0020513853450610637,0.43753691032914005,0.2,0.2,0.2,0.2,0.2,0.19134826697334778,0.16088853430528194,0.2550756237102677,0.21378536884447252,0.17890220616663008,0.1999999998,0.1999999998,0.1999999998,0.1999999998,0.1999999998
2024-12-13,0.0,20.0,23.88559341430664,event_stress,66.0,68.1,44.0,0.0065705414387296456,0.008363101604728192,0.0017925601659985468,0.006570541432159104,0.5124235927262606,0.2,0.2,0.2,0.2,0.2,0.195273772498834,0.1727070447036379,0.24866165185352207,0.20958089813039815,0.17377663281360795,0.1999999998,0.1999999998,0.1999999998,0.1999999998,0.1999999998
2024-12-20,0.0,20.0,19.114971160888672,bull_normal,66.8,66.2,47.25,-0.0016018524237659264,-0.0013619645056879685,0.00023988791807795788,-0.0016018524221640738,0.45881025897403377,0.2,0.2,0.2,0.2,0.2,0.19233396038306083,0.16375558688959507,0.2537716560369944,0.212396514044962,0.17774228264538786,0.1999999998,0.1999999998,0.1999999998,0.1999999998,0.1999999998
2024-12-27,0.0,20.0,14.810264587402344,bull_normal,60.5,61.4,52.75,0.0006115098095512612,-0.00035188711464393703,-0.0009633969241951983,0.0006115098089397513,0.4072990764733313,0.2,0.2,0.2,0.2,0.2,0.18494104461295788,0.1429938765707142,0.2662633985311153,0.21951633204772128,0.18628534823749135,0.1999999998,0.1999999998,0.1999999998,0.1999999998,0.1999999998
2025-01-03,0.0,20.0,20.17166519165039,event_stress,71.2,69.4,52.75,0.00011976931394653355,0.0014029277478631338,0.0012831584339166003,0.00011976931382676401,0.4453082554325329,0.2,0.2,0.2,0.2,0.2,0.1961963592702143,0.17531113731075373,0.2468838739336139,0.2089428268024471,0.17266580268297094,0.1999999998,0.1999999998,0.1999999998,0.1999999998,0.1999999998
2025-01-10,0.0,20.0,17.136428833007812,bull_normal,70.6,69.22,52.849999999999994,-0.005887716800733313,-0.00686221533086864,-0.000974498530135327,-0.005887716794845597,0.4144875786565149,0.2,0.2,0.2,0.2,0.2,0.19573408224346944,0.174058402082054,0.24766735526130662,0.20937550470451027,0.17316465570865971,0.1999999998,0.1999999998,0.1999999998,0.1999999998,0.1999999998
2025-01-17,0.0,20.0,18.00389862060547,bull_normal,61.5,57.5,48.2,0.004307522258390968,0.003342946794458466,-0.0009645754639325019,0.0043075222540834455,0.41979236866080666,0.2,0.2,0.2,0.2,0.2,0.1844137310292733,0.13995041136510827,0.2678946471392417,0.21950339517429363,0.188237815292083,0.1999999998,0.1999999998,0.1999999998,0.1999999998,0.1999999998
2025-01-24,0.0,20.0,16.795421600341797,bull_normal,63.540000000000006,64.32000000000001,47.25,0.0009401637658781249,0.00015824056507992047,-0.0007819232007982044,0.0009401637649379611,0.38665805921007773,0.2,0.2,0.2,0.2,0.2,0.18937073849179636,0.15653278751987457,0.2584217460720453,0.21542705120994124,0.18024767670634248,0.1999999998,0.1999999998,0.1999999998,0.1999999998,0.1999999998
2025-01-31,0.0,20.0,11.09433364868164,bull_normal,68.5,68.0,50.0,0.001304844688259733,0.001618810626591944,0.000313965938332211,0.0013048446869548883,0.32920035642912476,0.2,0.2,0.2,0.2,0.2,0.19287545751382495,0.16460907457733173,0.25322613514296954,0.21159091445810627,0.17769841830776748,0.1999999998,0.1999999998,0.1999999998,0.1999999998,0.1999999998
2025-02-07,0.0,20.0,13.195215225219727,bull_normal,69.5,65.8,47.0,0.00880987956356523,0.008867133047517075,5.725348395184404e-05,0.00880987955475535,0.30934390553048186,0.2,0.2,0.2,0.2,0.2,0.19386686139112025,0.16823862239219514,0.24951371632050115,0.2128116710620454,0.17556912883413806,0.1999999998,0.1999999998,0.1999999998,0.1999999998,0.1999999998
2025-02-14,0.0,20.0,14.026698112487793,bull_normal,65.0,63.0,42.5,-0.002265427207689908,-0.003356642044495479,-0.001091214836805571,-0.002265427205424481,0.32782087341739274,0.2,0.2,0.2,0.2,0.2,0.19221258527611393,0.16448939881238656,0.2533821947542501,0.21297042292928103,0.17694539822796831,0.1999999998,0.1999999998,0.1999999998,0.1999999998,0.1999999998
2025-02-21,0.0,20.0,18.47249984741211,bull_normal,68.3,64.3,42.95,-0.002730405881244418,-0.003964216597282457,-0.0012338107160380384,-0.0027304058785140124,0.32853208880322343,0.2,0.2,0.2,0.2,0.2,0.19455813530962443,0.1704571015831932,0.24870158163657147,0.21167459384000425,0.1746085876306066,0.1999999998,0.1999999998,0.1999999998,0.1999999998,0.1999999998
2025-02-28,0.0,20.0,21.692710876464844,event_stress,70.6,66.6,42.449999999999996,-0.007480638853888672,-0.007783201335594004,-0.000302562481705332,-0.007480638846408032,0.2983496904660125,0.2,0.2,0.2,0.2,0.2,0.19871727409025333,0.1821116544489581,0.24244836299331202,0.20677855791327576,0.16994415055420076,0.1999999998,0.1999999998,0.1999999998,0.1999999998,0.1999999998
2025-03-07,0.0,20.0,12.181278228759766,bull_normal,71.4,65.7,55.75,-0.001113480367701339,-0.001359506916843335,-0.0002460265491419961,-0.0011134803665878584,0.26304099923245366,0.2,0.2,0.2,0.2,0.2,0.19414438571230708,0.17141860033138334,0.24910959524307646,0.21195364625763607,0.173373772455597,0.1999999998,0.1999999998,0.1999999998,0.1999999998,0.1999999998
2025-03-14,0.0,20.0,18.04887580871582,bull_normal,69.9,66.2,47.75,0.0021088639691362386,0.0017792513036101437,-0.0003296126655260949,0.0021088639670273743,0.24456103635519555,0.2,0.2,0.2,0.2,0.2,0.19422029730277857,0.1687896961044865,0.2506378371043776,0.21057452748707964,0.17577764200127782,0.1999999998,0.1999999998,0.1999999998,0.1999999998,0.1999999998
2025-03-21,0.0,20.0,17.730093002319336,bull_normal,68.0,59.5,52.75,-0.004579415959213101,-0.004436964653821999,0.0001424513053911022,-0.0045794159546336845,0.2463229724862404,0.2,0.2,0.2,0.2,0.2,0.18778462454858721,0.15159866905482436,0.26071726722084726,0.21750255936825738,0.18239687980748384,0.1999999998,0.1999999998,0.1999999998,0.1999999998,0.1999999998
2025-03-28,0.0,20.0,14.578508377075195,bull_normal,70.1,63.5,40.75,0.0011396571558678333,0.001637724500519303,0.0004980673446514697,0.0011396571547281759,0.24353901752993662,0.2,0.2,0.2,0.2,0.2,0.19731725594976895,0.17894220364245006,0.244569461857616,0.20824598184403476,0.17092509670613015,0.1999999998,0.1999999998,0.1999999998,0.1999999998,0.1999999998
2025-04-04,0.0,20.0,21.403427124023438,event_stress,65.0,57.0,38.75,0.005217138359245075,0.006187577788092259,0.0009704394288471835,0.005217138354027936,0.2663737215965005,0.2,0.2,0.2,0.2,0.2,0.19286574627821276,0.16574463978619777,0.25274649609218086,0.2119243751862281,0.17671874265718046,0.1999999998,0.1999999998,0.1999999998,0.1999999998,0.1999999998
2025-04-11,0.0,20.0,20.59331512451172,event_stress,70.6,74.1,42.7,0.0022323106899963326,0.00228030021847956,4.798952848322725e-05,0.0022323106877640215,0.2704120035671898,0.2,0.2,0.2,0.2,0.2,0.20570242784979512,0.20117670611736105,0.2308156315794907,0.19997321719665678,0.1623320172566964,0.1999999998,0.1999999998,0.1999999998,0.1999999998,0.1999999998
2025-04-18,0.0,20.0,21.958120346069336,event_stress,71.64000000000001,72.42,42.8,0.0009868508197293866,0.0010024334382021138,1.558261847272712e-05,0.000986850818742536,0.30978938567354486,0.2,0.2,0.2,0.2,0.2,0.2042825756638283,0.19674937199001433,0.23411019263595065,0.20039907494329118,0.16445878476691553,0.1999999998,0.1999999998,0.1999999998,0.1999999998,0.1999999998
2025-04-25,0.0,20.0,30.134929656982422,event_stress,61.2,55.6,51.2,-0.002522708329664245,-0.0032712111356713886,-0.0007485028060071437,-0.0025227083271415363,0.2762795901014221,0.2,0.2,0.2,0.2,0.2,0.18303336820939525,0.13491025779034443,0.27004249991973067,0.22129628590158495,0.1907175881789448,0.1999999998,0.1999999998,0.1999999998,0.1999999998,0.1999999998
2025-05-02,0.0,20.0,24.607986450195312,event_stress,62.64000000000001,57.27,53.199999999999996,-0.003444384249709785,-0.0029985818196271467,0.00044580243008263826,-0.0034443842462654004,0.2654470170706557,0.2,0.2,0.2,0.2,0.2,0.18434300140891505,0.14066269763557693,0.2668642661324316,0.22070626231954435,0.18742377250353207,0.1999999998,0.1999999998,0.1999999998,0.1999999998,0.1999999998
2025-05-09,0.0,20.0,20.83251953125,event_stress,68.0,65.2,42.5,0.001769098404494414,0.0017849786139405922,1.5880209446178083e-05,0.0017690984027253155,0.22862989059353792,0.2,0.2,0.2,0.2,0.2,0.19571286689898365,0.17421913337909592,0.24754266195808555,0.20953435321401287,0.17299098454982198,0.1999999998,0.1999999998,0.1999999998,0.1999999998,0.1999999998
2025-05-16,0.0,20.0,30.42140007019043,event_stress,67.52000000000001,65.12,45.05,-0.0073024671022899924,-0.00845115012727353,-0.0011486830249835371,-0.007302467094987525,0.23972758685394385,0.2,0.2,0.2,0.2,0.2,0.1932852051066781,0.16651859610313843,0.2513006313787483,0.21246007202724773,0.17643549538418749,0.1999999998,0.1999999998,0.1999999998,0.1999999998,0.1999999998
2025-05-23,0.0,20.0,17.393173217773438,bull_normal,66.0,65.5,42.5,0.004034399049307421,0.004239720475977233,0.00020532142666981196,0.004034399045273022,0.25302514979991975,0.2,0.2,0.2,0.2,0.2,0.1938839070020409,0.16856952770294162,0.24960076268300166,0.21260040537988312,0.17534539723213274,0.1999999998,0.1999999998,0.1999999998,0.1999999998,0.1999999998
2025-05-30,0.0,20.0,12.620182037353516,bull_normal,66.02000000000001,66.79,41.9,-0.0031210401446029644,-0.0034225331994786304,-0.000301493054875666,-0.0031210401414819237,0.23634998227390466,0.2,0.2,0.2,0.2,0.2,0.19528811257826453,0.17252900131737106,0.24731556040320088,0.21114342581206108,0.17372389988910242,0.1999999998,0.1999999998,0.1999999998,0.1999999998,0.1999999998
2025-06-06,0.0,20.0,11.836191177368164,bull_normal,61.2,66.4,39.25,0.005393771008104616,0.00561462599369859,0.00022085498559397398,0.005393771002710844,0.2128441314733365,0.2,0.2,0.2,0.2,0.2,0.1936797036190544,0.1690996196591633,0.2502762658972127,0.21217761121979853,0.17476679960477104,0.1999999998,0.1999999998,0.1999999998,0.1999999998,0.1999999998
2025-06-13,0.01924280524253845,20.0,8.935701370239258,bull_normal,62.3,60.0,52.25,0.001039966960128211,0.0010031344896464939,-3.683247048171705e-05,0.0010392581990328713,0.1953390163004809,0.2,0.2,0.2,0.2,0.2,0.18552656482212546,0.14363033528388797,0.26520346081132684,0.21925065571949687,0.18638898336316298,0.19972149030596015,0.19891528932136535,0.20125469729627712,0.20037043641843097,0.19973808565796627
2025-06-20,0.0,20.0,9.917930603027344,bull_normal,64.32000000000001,59.95,54.099999999999994,-0.0027579135371613257,-0.002677566924458496,8.034661270282968e-05,-0.002757913534403412,0.1969912283860161,0.2,0.2,0.2,0.2,0.2,0.18588612000488386,0.14659509399274226,0.2633473138078288,0.21992903013901502,0.18424244205553003,0.1999999998,0.1999999998,0.1999999998,0.1999999998,0.1999999998
2025-06-27,0.024553042650222776,20.0,8.465886116027832,bull_normal,62.94,58.8,54.699999999999996,-0.0032493915437633923,-0.0036741112036206285,-0.0004247196598572362,-0.003259819700426435,0.20713836962738919,0.2,0.2,0.2,0.2,0.2,0.18341266707640963,0.14960202806675646,0.2645119027291203,0.22366087385413852,0.17881252827357513,0.19959273030768088,0.1987625762468757,0.2015839632975711,0.20058094624430123,0.19947978290357088
2025-07-04,0.0,20.0,11.096841812133789,bull_normal,59.7,60.8,39.25,0.002488160066995281,0.0022692510568667985,-0.00021890901012848246,0.0024881600645071207,0.17363266257614945,0.2,0.2,0.2,0.2,0.2,0.1890020689961699,0.1560108806011021,0.25789785169892504,0.21699870967682391,0.180090489026979,0.1999999998,0.1999999998,0.1999999998,0.1999999998,0.1999999998
2025-07-11,0.0,20.0,11.441459655761719,bull_normal,65.8,60.7,56.0,-0.0014077171029945078,-0.002299993779435112,-0.0008922766764406043,-0.0014077171015867908,0.1663793450827123,0.2,0.2,0.2,0.2,0.2,0.18705275468560523,0.15172637356508326,0.26073913222559625,0.21914389568827566,0.18133784383543966,0.1999999998,0.1999999998,0.1999999998,0.1999999998,0.1999999998
2025-07-18,0.0,20.0,10.065231323242188,bull_normal,67.32000000000001,62.15,55.75,0.0024979574052335285,0.002077530894487763,-0.00042042651074576535,0.0024979574027355705,0.1811554426632356,0.2,0.2,0.2,0.2,0.2,0.18889954963910155,0.1569056814208222,0.25776940940510085,0.21719237768360966,0.1792329818513658,0.1999999998,0.1999999998,0.1999999998,0.1999999998,0.1999999998
2025-07-25,0.025193598866462705,20.0,9.69139289855957,bull_normal,60.3,59.3,42.25,-0.0030252956519481195,-0.004094792386576873,-0.0010694967346287533,-0.003052240120617107,0.1830263950128999,0.2,0.2,0.2,0.2,0.2,0.187229041200004,0.1502973727824188,0.261880198591382,0.2177226131623595,0.18287077426383563,0.1996782533871745,0.19874781174852307,0.2015589846995293,0.20044649620643146,0.1995684529583415
2025-08-01,0.1545021027326584,20.0,7.673639297485352,bull_normal,62.120000000000005,58.75,45.15,-0.002815348114494927,-0.0023475726078338857,0.0004677755066610414,-0.0027430758123658857,0.18400697058422172,0.2,0.2,0.2,0.2,0.2,0.1865856483800026,0.14751459034552122,0.2634084771416719,0.2180414989932858,0.18444978513951837,0.19792745426998767,0.19189089365370715,0.20979674283966726,0.20278744932812434,0.1975974589085135
2025-08-08,0.2687656193971634,20.0,6.28231954574585,bull_normal,65.8,61.2,57.25,0.00413699306695676,0.004175273219667235,3.828015271047525e-05,0.0041472814517633265,0.16389527503583132,0.2,0.2,0.2,0.2,0.2,0.1871239188721568,0.15246762708043932,0.25968570803092184,0.22003875684338675,0.18068398917309536,0.1965393518837277,0.18722493216363234,0.21604146607204747,0.20538572868957625,0.1948085201910161
2025-08-15,0.4012051403522492,20.0,6.668877601623535,bull_normal,69.2,61.1,42.25,0.0003171834279711641,-0.0004990938542774641,-0.0008162772822486282,-1.0311213609438031e-05,0.1677875742088969,0.2,0.2,0.2,0.2,0.2,0.1936070326894181,0.16795223271770884,0.25012902951105237,0.2127626956422642,0.17554900943955654,0.19743510845545553,0.18714227084238988,0.22011202410059177,0.20512045889130717,0.19019013671025564
2025-08-22,0.45088230073452,20.0,7.149256229400635,bull_normal,69.24000000000001,59.95,41.75,-0.0005773963463674039,-0.0013480815699211852,-0.0007706852235537813,-0.0009248846721805458,0.19815624054271186,0.2,0.2,0.2,0.2,0.2,0.19337165745335366,0.1678958648617438,0.25092085589617763,0.2124034663264627,0.17540815546226235,0.19701139746550014,0.18552481350024624,0.22295931243888018,0.20559250322876607,0.1889119723666072
2025-08-29,0.3536263823509217,20.0,8.64034652709961,bull_normal,64.5,61.1,45.5,0.003679668085143343,0.003486020346857805,-0.0001936477382855381,0.0036111891323918,0.16905296114619814,0.2,0.2,0.2,0.2,0.2,0.18884459873606171,0.15421347185248763,0.25937010901847973,0.21604593388669416,0.18152588650627685,0.19605515561130538,0.18380867550697785,0.22099483665098993,0.2056742653461194,0.19346706588460721
2025-09-05,0.45175763368606575,20.0,6.255481719970703,bull_normal,58.0,57.0,43.75,0.0014621121095695628,0.0021808598550066114,0.0007187477454370485,0.0017868118884785873,0.21337853270970164,0.2,0.2,0.2,0.2,0.2,0.18446135309735,0.14315171447631492,0.2661601914293295,0.220712184820783,0.18551455617622262,0.19298029745159526,0.17431835287839187,0.22988837129444267,0.20935688739374853,0.19345608998182182
2025-09-12,0.39046627692878255,20.0,8.000490188598633,bull_normal,61.6,56.6,42.949999999999996,0.0026175017181971016,0.0024875091411472243,-0.00012999257704987728,0.002566743998041314,0.19840643320239987,0.2,0.2,0.2,0.2,0.2,0.18596761157935884,0.15212985088080228,0.2619615013468233,0.22015469073333807,0.1797863454596775,0.19452082534245285,0.18130832091609292,0.22419387651961797,0.20786972684542782,0.19210724937640844
2025-09-19,0.6077403586357832,20.0,4.776209831237793,bull_normal,58.8,55.5,34.25,-0.0033374990439579166,-0.0031722130916006946,0.000165285952357222,-0.0032370480967578333,0.18099350523316135,0.2,0.2,0.2,0.2,0.2,0.18823421802196272,0.1554810664382355,0.2587484451726793,0.2179057353707188,0.17963053499640363,0.19284945924818772,0.1729440471781466,0.23570380090283496,0.21088203782495601,0.18762065384587465
2025-09-26,0.10774035863578324,20.0,40.372825622558594,event_stress,62.5,56.4,45.5,-0.007250262080502361,-0.009470277392346939,-0.0022200153118445776,-0.007489447318887978,0.26471147702272424,0.2,0.2,0.2,0.2,0.2,0.18566205745539419,0.14442398652332283,0.26518576965040214,0.21878698267881844,0.1859412036920625,0.19845522472968968,0.19401222018246347,0.20702313799306074,0.20202411604947604,0.1984853000453101
2025-10-03,0.0,20.0,23.657787322998047,event_stress,61.67,55.10999999999999,47.345,0.003562719513251997,0.003466470679059897,-9.624883419210011e-05,0.0035627195096892775,0.23414147164036034,0.2,0.2,0.2,0.2,0.2,0.18395656533669147,0.13856362224848873,0.26867962038871795,0.21995131691133232,0.18884887511476953,0.1999999998,0.1999999998,0.1999999998,0.1999999998,0.1999999998
2025-10-10,0.0,20.0,32.646697998046875,event_stress,67.2,67.1,45.2,0.004334164728550701,0.005095323541380866,0.0007611588128301648,0.004334164724216536,0.28980594616645855,0.2,0.2,0.2,0.2,0.2,0.19460162596981845,0.17054015046475973,0.24980899624488073,0.2102747701176862,0.17477445720285498,0.1999999998,0.1999999998,0.1999999998,0.1999999998,0.1999999998
2025-10-17,0.0,20.0,46.85993957519531,event_stress,68.9,67.6,42.3,0.0052083210802841865,0.00597211158873877,0.0007637905084545834,0.005208321075075865,0.4545706599818505,0.2,0.2,0.2,0.2,0.2,0.19801158680741504,0.1799189129356547,0.24319884753714502,0.2080147993657066,0.17085585335407869,0.1999999998,0.1999999998,0.1999999998,0.1999999998,0.1999999998
2025-10-24,0.0,20.0,34.37996292114258,event_stress,70.2,74.8,40.55,4.433203071490438e-05,-0.00033471124916327146,-0.00037904327987817583,4.4332030670571404e-05,0.4390496212569108,0.2,0.2,0.2,0.2,0.2,0.2060088606045912,0.20086324487302093,0.22988616896313563,0.20040667508046356,0.16283505047878868,0.1999999998,0.1999999998,0.1999999998,0.1999999998,0.1999999998
2025-10-31,0.0,20.0,12.87620735168457,bull_normal,66.1,64.3,45.05,-0.0004797211884437688,0.0002240723609193166,0.0007037935493630854,-0.00047972118796404733,0.4328805076110418,0.2,0.2,0.2,0.2,0.2,0.1918691991025327,0.1627823460996801,0.25390572165792075,0.21352628682495634,0.17791644631491016,0.1999999998,0.1999999998,0.1999999998,0.1999999998,0.1999999998
2025-11-07,0.0,20.0,13.03089714050293,bull_normal,61.0,57.5,42.75,0.00016860748190659742,-0.00028216622601481275,-0.0004507737079214102,0.0001686074817379899,0.36701463535477546,0.2,0.2,0.2,0.2,0.2,0.18651613392007868,0.14793871358459196,0.26319114678350886,0.21836274071724182,0.18399126499457866,0.1999999998,0.1999999998,0.1999999998,0.1999999998,0.1999999998
2025-11-14,0.0,20.0,9.51344108581543,bull_normal,68.0,58.5,47.75,1.8877571724937333e-05,0.00046252706642660105,0.0004436494947016637,1.8877571706060076e-05,0.35149655518538875,0.2,0.2,0.2,0.2,0.2,0.18780024828108338,0.14992677172400148,0.26036501266021855,0.21823316928866612,0.1836747980460304,0.1999999998,0.1999999998,0.1999999998,0.1999999998,0.1999999998
2025-11-21,0.07972414493560791,20.0,7.855384826660156,bull_normal,63.1,56.8,49.7,-0.011483630652473983,-0.010283977486346603,0.0011996531661273794,-0.011387989318197194,0.34867614760015386,0.2,0.2,0.2,0.2,0.2,0.18395601426775485,0.13757667092288295,0.26814914739717255,0.220778411154071,0.18953975625811867,0.19872090675741674,0.19502335327026943,0.20543313229889718,0.20165654086072227,0.19916606581269442
2025-11-28,0.0,20.0,12.405293464660645,bull_normal,56.5,53.5,59.25,0.005656167425842437,0.00496115238011953,-0.0006950150457229066,0.00565616742018627,0.316907938765011,0.2,0.2,0.2,0.2,0.2,0.18035410538978366,0.13229260440325807,0.27208358790989445,0.22569882178883233,0.18957088050823157,0.1999999998,0.1999999998,0.1999999998,0.1999999998,0.1999999998
2025-12-05,0.06323802918195724,20.0,9.878982543945312,bull_normal,54.5,56.0,29.5,-0.0020485768202593763,-0.001986083173807069,6.249364645230732e-05,-0.002044624843176713,0.2975547097104581,0.2,0.2,0.2,0.2,0.2,0.1874277283453134,0.15905632045185578,0.25712621961144116,0.22088135579234963,0.17550837579904,0.1992049541190125,0.19741080220050697,0.20361254933923068,0.20132049558563495,0.19845119775561496
2025-12-12,0.2717232570052147,20.0,6.7934980392456055,bull_normal,54.19,53.69,34.84,-0.0018893871229660915,-0.0011818837292015996,0.0007075033937644919,-0.0016971419947730188,0.26639051128033575,0.2,0.2,0.2,0.2,0.2,0.18664312475663605,0.15079542707231722,0.26247968841609126,0.2182782099402014,0.18180354981475397,0.1963706261590902,0.18662997299790945,0.21697718421611412,0.20496661453221,0.1950556010946762
2025-12-19,0.3238140925765038,20.0,6.885918617248535,bull_normal,59.3,53.1,51.2,-0.0004957099325687705,-3.843564658769391e-05,0.0004572742859810766,-0.0003476380742476013,0.2381176392650862,0.2,0.2,0.2,0.2,0.2,0.17823920315110747,0.1388789914648303,0.2722067104298367,0.2290366885825929,0.18163840637163262,0.19295354712168064,0.1802081559036151,0.22338155019239037,0.20940248875539635,0.19405425702691742
2025-12-26,0.0,20.0,20.51524543762207,event_stress,60.2,50.5,54.45,0.004062545834960922,0.002574221460415293,-0.0014883243745456294,0.004062545830898376,0.22893861902773838,0.2,0.2,0.2,0.2,0.2,0.18101397876887115,0.13276434370548773,0.272183311993981,0.22395466490418653,0.1900837006274736,0.1999999998,0.1999999998,0.1999999998,0.1999999998,0.1999999998
2026-01-02,0.0,20.0,21.75489044189453,event_stress,60.0,60.5,40.75,-0.008940421318414634,-0.010274583419181946,-0.0013341621007673127,-0.00894042130947421,0.2239951125934855,0.2,0.2,0.2,0.2,0.2,0.18814391800888797,0.152930863317511,0.2593778842631293,0.21793438262975748,0.18161295178071424,0.1999999998,0.1999999998,0.1999999998,0.1999999998,0.1999999998
2026-01-09,0.0,20.0,20.839658737182617,event_stress,61.34000000000001,61.720000000000006,42.75,0.007326819171402259,0.006324499634563847,-0.001002319536838412,0.007326819164075439,0.2101238315967498,0.2,0.2,0.2,0.2,0.2,0.18883821159053954,0.1549418443060487,0.25915113688650354,0.21615758569074817,0.18091122152616015,0.1999999998,0.1999999998,0.1999999998,0.1999999998,0.1999999998
2026-01-16,0.0,20.0,19.875621795654297,bull_normal,61.739999999999995,62.73,43.65,-0.0003638300658973202,0.0007287708301809662,0.0010926008960782864,-0.0003638300655334902,0.2270370548315849,0.2,0.2,0.2,0.2,0.2,0.18868065741330814,0.1633612645732822,0.25659908896801814,0.2176661726312565,0.17369281641413514,0.1999999998,0.1999999998,0.1999999998,0.1999999998,0.1999999998
2026-01-23,0.0,20.0,21.636674880981445,event_stress,61.34000000000001,60.85,45.949999999999996,0.0007496827830314651,0.0019840334182785213,0.0012343506352470563,0.0007496827822817834,0.32418744216782885,0.2,0.2,0.2,0.2,0.2,0.18672466959192316,0.15042478005262247,0.2616563492975453,0.2191217180272471,0.1820724830306621,0.1999999998,0.1999999998,0.1999999998,0.1999999998,0.1999999998
2026-01-30,0.0,20.0,37.23126220703125,event_stress,58.8,52.0,37.75,0.0024267620802736504,0.0027873752293782845,0.0003606131491046341,0.0024267620778468885,0.29382462322573527,0.2,0.2,0.2,0.2,0.2,0.1847237219070513,0.143172733419958,0.2645583080453662,0.22195378674457436,0.18559144988305015,0.1999999998,0.1999999998,0.1999999998,0.1999999998,0.1999999998
2026-02-06,0.0,20.0,44.177467346191406,event_stress,64.2,66.8,53.55,-0.007115920409923692,-0.006745295104170195,0.0003706253057534966,-0.007115920402807772,0.30522247185991486,0.2,0.2,0.2,0.2,0.2,0.1888954075567883,0.15455063631771457,0.25733658873417986,0.21820873084142653,0.18100863654989063,0.1999999998,0.1999999998,0.1999999998,0.1999999998,0.1999999998
2026-02-13,0.0,20.0,34.520530700683594,event_stress,65.6,65.7,55.55,0.00309164092635008,0.0034600339057991934,0.00036839297944911333,0.0030916409232584386,0.26870892191274504,0.2,0.2,0.2,0.2,0.2,0.18908453870977043,0.1564415249804191,0.25613936257817943,0.2187499171857477,0.17958465654588346,0.1999999998,0.1999999998,0.1999999998,0.1999999998,0.1999999998
2026-02-20,0.0,20.0,34.520530700683594,event_stress,66.22,64.47999999999999,55.05,0.00309164092635008,0.0034565479398891296,0.0003649070135390495,0.0030916409232584386,0.23949808195500913,0.2,0.2,0.2,0.2,0.2,0.18938289914852008,0.15801900919881512,0.25721471715447264,0.21647615859574576,0.1789072159024465,0.1999999998,0.1999999998,0.1999999998,0.1999999998,0.1999999998
2026-02-27,0.0,20.0,23.65283966064453,event_stress,64.46000000000001,61.77,57.05,0.0008679812081819752,0.0007864375062340044,-8.154370194797078e-05,0.0008679812073139942,0.23740985457145097,0.2,0.2,0.2,0.2,0.2,0.18690857142343026,0.15214600695671773,0.26079093641183504,0.21932754243046446,0.18082694277755246,0.1999999998,0.1999999998,0.1999999998,0.1999999998,0.1999999998
2026-03-06,0.0,20.0,29.734546661376953,event_stress,66.2,62.3,56.25,0.003430541032490648,0.003409108138370249,-2.1432894120398862e-05,0.003430541029060106,0.3661972003493369,0.2,0.2,0.2,0.2,0.2,0.1876653148912084,0.15578162352114186,0.2580339675601817,0.21998468322823872,0.17853441079922933,0.1999999998,0.1999999998,0.1999999998,0.1999999998,0.1999999998
2026-03-13,0.0,20.0,52.00897216796875,event_stress,59.3,64.1,54.2,0.007380966668572925,0.0060570593650213,-0.0013239073035516257,0.007380966661191958,0.5323370707795253,0.2,0.2,0.2,0.2,0.2,0.18446906139634883,0.15102573317186896,0.2632933633655769,0.22231962487955387,0.17889221718665146,0.1999999998,0.1999999998,0.1999999998,0.1999999998,0.1999999998
2026-03-20,0.0,20.0,52.18888473510742,event_stress,60.220000000000006,63.1,56.86,-0.015599633131796499,-0.014765152489602343,0.0008344806421941558,-0.015599633116196865,0.5322070152283902,0.2,0.2,0.2,0.2,0.2,0.18519139286684705,0.14819143796412748,0.26296374709341774,0.22163795274922443,0.18201546932638332,0.1999999998,0.1999999998,0.1999999998,0.1999999998,0.1999999998
2026-03-27,0.0,20.0,47.55607986450195,event_stress,62.1,64.8,54.9,-0.012999445641194133,-0.013138779443688995,-0.0001393338024948624,-0.012999445628194686,0.45206078744534317,0.2,0.2,0.2,0.2,0.2,0.18730915877505985,0.1517372280502188,0.2610906964218823,0.2181412901866674,0.18172162656617163,0.1999999998,0.1999999998,0.1999999998,0.1999999998,0.1999999998
2026-04-03,0.0,20.0,31.25466537475586,event_stress,62.5,64.0,55.15,-0.003934035567366705,-0.0029237661401235733,0.0010102694272431313,-0.0039340355634326675,0.42825931522285754,0.2,0.2,0.2,0.2,0.2,0.18706206514543589,0.15097427032537092,0.2612025472275938,0.21874774798189242,0.18201336931970694,0.1999999998,0.1999999998,0.1999999998,0.1999999998,0.1999999998
2026-04-10,0.0,20.0,34.60612487792969,event_stress,64.1,65.52000000000001,54.949999999999996,0.007239418070024938,0.006464796809280414,-0.0007746212607445246,0.007239418062785518,0.39804524931440843,0.2,0.2,0.2,0.2,0.2,0.1851267887457904,0.16281377569353428,0.2583341522656284,0.22400248124640154,0.16972280204864543,0.1999999998,0.1999999998,0.1999999998,0.1999999998,0.1999999998
2026-04-17,0.0,20.0,40.85631561279297,event_stress,58.1,67.0,47.75,0.014272106317358584,0.012275872980769272,-0.001996233336589312,0.01427210630308648,0.40457740367451256,0.2,0.2,0.2,0.2,0.2,0.18145780521225272,0.1592822709312934,0.26373673041607226,0.22700293520367773,0.1685202582367039,0.1999999998,0.1999999998,0.1999999998,0.1999999998,0.1999999998
2026-04-24,0.0,20.0,40.85631561279297,event_stress,55.19,63.65999999999999,50.12,0.014272106317358584,0.011877686002679267,-0.002394420314679317,0.01427210630308648,0.4098031271625959,0.2,0.2,0.2,0.2,0.2,0.17761080136051957,0.1462592975607834,0.2708479820288138,0.23047770049393715,0.1748042185559461,0.1999999998,0.1999999998,0.1999999998,0.1999999998,0.1999999998
2026-05-01,0.0,20.0,40.85631561279297,event_stress,55.19,63.65999999999999,50.12,0.014272106317358584,0.011877686002679267,-0.002394420314679317,0.01427210630308648,0.4139837059530626,0.2,0.2,0.2,0.2,0.2,0.17761080136051957,0.1462592975607834,0.2708479820288138,0.23047770049393715,0.1748042185559461,0.1999999998,0.1999999998,0.1999999998,0.1999999998,0.1999999998
