date,code,weight
2015-01-02,000300.SH,0.18356421619950405
2015-01-02,000852.SH,0.13579448937846317
2015-01-02,CBA02701.CS,0.2648929427786306
2015-01-02,AU9999.SGE,0.2170960894798798
2015-01-02,NH0100.NHF,0.1986522611635225
2015-01-09,000300.SH,0.17999999981999998
2015-01-09,000852.SH,0.11999999987999999
2015-01-09,CBA02701.CS,0.27999999972
2015-01-09,AU9999.SGE,0.21999999977999998
2015-01-09,NH0100.NHF,0.1999999998
2015-01-16,000300.SH,0.17999999981999998
2015-01-16,000852.SH,0.11999999987999999
2015-01-16,CBA02701.CS,0.27999999972
2015-01-16,AU9999.SGE,0.21999999977999998
2015-01-16,NH0100.NHF,0.1999999998
2015-01-23,000300.SH,0.18001176925798892
2015-01-23,000852.SH,0.12169004157526635
2015-01-23,CBA02701.CS,0.27905309433619685
2015-01-23,AU9999.SGE,0.2207052514334102
2015-01-23,NH0100.NHF,0.19853984239713776
2015-01-30,000300.SH,0.1799839682191093
2015-01-30,000852.SH,0.12214955182525697
2015-01-30,CBA02701.CS,0.27873276762000954
2015-01-30,AU9999.SGE,0.22104150541201184
2015-01-30,NH0100.NHF,0.19809220592361232
2015-02-06,000300.SH,0.18030484092799967
2015-02-06,000852.SH,0.12269356615130314
2015-02-06,CBA02701.CS,0.2785090583637964
2015-02-06,AU9999.SGE,0.22044073324522695
2015-02-06,NH0100.NHF,0.19805180031167374
2015-02-13,000300.SH,0.17981268426076785
2015-02-13,000852.SH,0.12356165545920504
2015-02-13,CBA02701.CS,0.2781313286264264
2015-02-13,AU9999.SGE,0.22183047358851368
2015-02-13,NH0100.NHF,0.196663857065087
2015-02-20,000300.SH,0.1801417932789701
2015-02-20,000852.SH,0.12196784053262122
2015-02-20,CBA02701.CS,0.27889924972837904
2015-02-20,AU9999.SGE,0.2205226006248655
2015-02-20,NH0100.NHF,0.19846851483516384
2015-02-27,000300.SH,0.1799480003599789
2015-02-27,000852.SH,0.12618888383763788
2015-02-27,CBA02701.CS,0.27702772423778155
2015-02-27,AU9999.SGE,0.22222970159845806
2015-02-27,NH0100.NHF,0.19460568896614344
2015-03-06,000300.SH,0.17999999981999998
2015-03-06,000852.SH,0.11999999987999999
2015-03-06,CBA02701.CS,0.27999999972
2015-03-06,AU9999.SGE,0.21999999977999998
2015-03-06,NH0100.NHF,0.1999999998
2015-03-13,000300.SH,0.18001975793531202
2015-03-13,000852.SH,0.12060158705554033
2015-03-13,CBA02701.CS,0.27964878991572273
2015-03-13,AU9999.SGE,0.22023137535075302
2015-03-13,NH0100.NHF,0.19949848874267173
2015-03-20,000300.SH,0.17999999981999998
2015-03-20,000852.SH,0.11999999987999999
2015-03-20,CBA02701.CS,0.27999999972
2015-03-20,AU9999.SGE,0.21999999977999998
2015-03-20,NH0100.NHF,0.1999999998
2015-03-27,000300.SH,0.17999999981999998
2015-03-27,000852.SH,0.11999999987999999
2015-03-27,CBA02701.CS,0.27999999972
2015-03-27,AU9999.SGE,0.21999999977999998
2015-03-27,NH0100.NHF,0.1999999998
2015-04-03,000300.SH,0.17999999981999998
2015-04-03,000852.SH,0.11999999987999999
2015-04-03,CBA02701.CS,0.27999999972
2015-04-03,AU9999.SGE,0.21999999977999998
2015-04-03,NH0100.NHF,0.1999999998
2015-04-10,000300.SH,0.17999999981999998
2015-04-10,000852.SH,0.11999999987999999
2015-04-10,CBA02701.CS,0.27999999972
2015-04-10,AU9999.SGE,0.21999999977999998
2015-04-10,NH0100.NHF,0.1999999998
2015-04-17,000300.SH,0.17999999981999998
2015-04-17,000852.SH,0.11999999987999999
2015-04-17,CBA02701.CS,0.27999999972
2015-04-17,AU9999.SGE,0.21999999977999998
2015-04-17,NH0100.NHF,0.1999999998
2015-04-24,000300.SH,0.17999999981999998
2015-04-24,000852.SH,0.11999999987999999
2015-04-24,CBA02701.CS,0.27999999972
2015-04-24,AU9999.SGE,0.21999999977999998
2015-04-24,NH0100.NHF,0.1999999998
2015-05-01,000300.SH,0.18036461218422958
2015-05-01,000852.SH,0.12385579490848184
2015-05-01,CBA02701.CS,0.27778225215866104
2015-05-01,AU9999.SGE,0.22089361286937134
2015-05-01,NH0100.NHF,0.197103726879256
2015-05-08,000300.SH,0.17999999981999998
2015-05-08,000852.SH,0.11999999987999999
2015-05-08,CBA02701.CS,0.27999999972
2015-05-08,AU9999.SGE,0.21999999977999998
2015-05-08,NH0100.NHF,0.1999999998
2015-05-15,000300.SH,0.17948281150256368
2015-05-15,000852.SH,0.1248892059732953
2015-05-15,CBA02701.CS,0.2777106726766127
2015-05-15,AU9999.SGE,0.22279552472955688
2015-05-15,NH0100.NHF,0.1951217841179714
2015-05-22,000300.SH,0.18007771254012644
2015-05-22,000852.SH,0.1221777759454789
2015-05-22,CBA02701.CS,0.2787941612946312
2015-05-22,AU9999.SGE,0.22074741553601646
2015-05-22,NH0100.NHF,0.19820293368374678
2015-05-29,000300.SH,0.17999999981999998
2015-05-29,000852.SH,0.11999999987999999
2015-05-29,CBA02701.CS,0.27999999972
2015-05-29,AU9999.SGE,0.21999999977999998
2015-05-29,NH0100.NHF,0.1999999998
2015-06-05,000300.SH,0.17929793799187876
2015-06-05,000852.SH,0.1251760410493658
2015-06-05,CBA02701.CS,0.27752207498447995
2015-06-05,AU9999.SGE,0.22338004170992054
2015-06-05,NH0100.NHF,0.1946239032643548
2015-06-12,000300.SH,0.17999999981999998
2015-06-12,000852.SH,0.11999999987999999
2015-06-12,CBA02701.CS,0.27999999972
2015-06-12,AU9999.SGE,0.21999999977999998
2015-06-12,NH0100.NHF,0.1999999998
2015-06-19,000300.SH,0.17999999981999998
2015-06-19,000852.SH,0.11999999987999999
2015-06-19,CBA02701.CS,0.27999999972
2015-06-19,AU9999.SGE,0.21999999977999998
2015-06-19,NH0100.NHF,0.1999999998
2015-06-26,000300.SH,0.17999999981999998
2015-06-26,000852.SH,0.11999999987999999
2015-06-26,CBA02701.CS,0.27999999972
2015-06-26,AU9999.SGE,0.21999999977999998
2015-06-26,NH0100.NHF,0.1999999998
2015-07-03,000300.SH,0.17999999981999998
2015-07-03,000852.SH,0.11999999987999999
2015-07-03,CBA02701.CS,0.27999999972
2015-07-03,AU9999.SGE,0.21999999977999998
2015-07-03,NH0100.NHF,0.1999999998
2015-07-10,000300.SH,0.17999999981999998
2015-07-10,000852.SH,0.11999999987999999
2015-07-10,CBA02701.CS,0.27999999972
2015-07-10,AU9999.SGE,0.21999999977999998
2015-07-10,NH0100.NHF,0.1999999998
2015-07-17,000300.SH,0.17999999981999998
2015-07-17,000852.SH,0.11999999987999999
2015-07-17,CBA02701.CS,0.27999999972
2015-07-17,AU9999.SGE,0.21999999977999998
2015-07-17,NH0100.NHF,0.1999999998
2015-07-24,000300.SH,0.17999999981999998
2015-07-24,000852.SH,0.11999999987999999
2015-07-24,CBA02701.CS,0.27999999972
2015-07-24,AU9999.SGE,0.21999999977999998
2015-07-24,NH0100.NHF,0.1999999998
2015-07-31,000300.SH,0.17994502787927497
2015-07-31,000852.SH,0.1235327189637833
2015-07-31,CBA02701.CS,0.2779939640589555
2015-07-31,AU9999.SGE,0.22168928743169278
2015-07-31,NH0100.NHF,0.19683900066629342
2015-08-07,000300.SH,0.17987317272503783
2015-08-07,000852.SH,0.12353514436380345
2015-08-07,CBA02701.CS,0.27810669550488254
2015-08-07,AU9999.SGE,0.22172465702846889
2015-08-07,NH0100.NHF,0.19676032937780716
2015-08-14,000300.SH,0.18002000598241186
2015-08-14,000852.SH,0.12061390244959748
2015-08-14,CBA02701.CS,0.27964352331859627
2015-08-14,AU9999.SGE,0.22023424885518814
2015-08-14,NH0100.NHF,0.19948831839420608
2015-08-21,000300.SH,0.17999999981999998
2015-08-21,000852.SH,0.11999999987999999
2015-08-21,CBA02701.CS,0.27999999972
2015-08-21,AU9999.SGE,0.21999999977999998
2015-08-21,NH0100.NHF,0.1999999998
2015-08-28,000300.SH,0.17999999981999998
2015-08-28,000852.SH,0.11999999987999999
2015-08-28,CBA02701.CS,0.27999999972
2015-08-28,AU9999.SGE,0.21999999977999998
2015-08-28,NH0100.NHF,0.1999999998
2015-09-04,000300.SH,0.17999999981999998
2015-09-04,000852.SH,0.11999999987999999
2015-09-04,CBA02701.CS,0.27999999972
2015-09-04,AU9999.SGE,0.21999999977999998
2015-09-04,NH0100.NHF,0.1999999998
2015-09-11,000300.SH,0.17999999981999998
2015-09-11,000852.SH,0.11999999987999999
2015-09-11,CBA02701.CS,0.27999999972
2015-09-11,AU9999.SGE,0.21999999977999998
2015-09-11,NH0100.NHF,0.1999999998
2015-09-18,000300.SH,0.17999999981999998
2015-09-18,000852.SH,0.11999999987999999
2015-09-18,CBA02701.CS,0.27999999972
2015-09-18,AU9999.SGE,0.21999999977999998
2015-09-18,NH0100.NHF,0.1999999998
2015-09-25,000300.SH,0.1798892038115169
2015-09-25,000852.SH,0.12376691045415768
2015-09-25,CBA02701.CS,0.2779865767967407
2015-09-25,AU9999.SGE,0.22177673588249402
2015-09-25,NH0100.NHF,0.19658057205509066
2015-10-02,000300.SH,0.17999999981999998
2015-10-02,000852.SH,0.11999999987999999
2015-10-02,CBA02701.CS,0.27999999972
2015-10-02,AU9999.SGE,0.21999999977999998
2015-10-02,NH0100.NHF,0.1999999998
2015-10-09,000300.SH,0.17999999981999998
2015-10-09,000852.SH,0.11999999987999999
2015-10-09,CBA02701.CS,0.27999999972
2015-10-09,AU9999.SGE,0.21999999977999998
2015-10-09,NH0100.NHF,0.1999999998
2015-10-16,000300.SH,0.18000647526015295
2015-10-16,000852.SH,0.12015238922001585
2015-10-16,CBA02701.CS,0.27990637674421837
2015-10-16,AU9999.SGE,0.22006059489859875
2015-10-16,NH0100.NHF,0.19987416287701398
2015-10-23,000300.SH,0.17999999981999998
2015-10-23,000852.SH,0.11999999987999999
2015-10-23,CBA02701.CS,0.27999999972
2015-10-23,AU9999.SGE,0.21999999977999998
2015-10-23,NH0100.NHF,0.1999999998
2015-10-30,000300.SH,0.1800094091590529
2015-10-30,000852.SH,0.1217841300035836
2015-10-30,CBA02701.CS,0.2790037815709053
2015-10-30,AU9999.SGE,0.22074755596177428
2015-10-30,NH0100.NHF,0.19845512230468382
2015-11-06,000300.SH,0.1802148164489389
2015-11-06,000852.SH,0.1243845647654242
2015-11-06,CBA02701.CS,0.2773670686341013
2015-11-06,AU9999.SGE,0.22160712194884497
2015-11-06,NH0100.NHF,0.19642642720269063
2015-11-13,000300.SH,0.17999999981999998
2015-11-13,000852.SH,0.11999999987999999
2015-11-13,CBA02701.CS,0.27999999972
2015-11-13,AU9999.SGE,0.21999999977999998
2015-11-13,NH0100.NHF,0.1999999998
2015-11-20,000300.SH,0.17999999981999998
2015-11-20,000852.SH,0.11999999987999999
2015-11-20,CBA02701.CS,0.27999999972
2015-11-20,AU9999.SGE,0.21999999977999998
2015-11-20,NH0100.NHF,0.1999999998
2015-11-27,000300.SH,0.17999999981999998
2015-11-27,000852.SH,0.11999999987999999
2015-11-27,CBA02701.CS,0.27999999972
2015-11-27,AU9999.SGE,0.21999999977999998
2015-11-27,NH0100.NHF,0.1999999998
2015-12-04,000300.SH,0.17999999981999998
2015-12-04,000852.SH,0.11999999987999999
2015-12-04,CBA02701.CS,0.27999999972
2015-12-04,AU9999.SGE,0.21999999977999998
2015-12-04,NH0100.NHF,0.1999999998
2015-12-11,000300.SH,0.17999999981999998
2015-12-11,000852.SH,0.11999999987999999
2015-12-11,CBA02701.CS,0.27999999972
2015-12-11,AU9999.SGE,0.21999999977999998
2015-12-11,NH0100.NHF,0.1999999998
2015-12-18,000300.SH,0.1800186470708723
2015-12-18,000852.SH,0.12054826531862625
2015-12-18,CBA02701.CS,0.2796799520983082
2015-12-18,AU9999.SGE,0.22020934721662658
2015-12-18,NH0100.NHF,0.19954378729556682
2015-12-25,000300.SH,0.1799027410522908
2015-12-25,000852.SH,0.12341933763886746
2015-12-25,CBA02701.CS,0.27821531950602346
2015-12-25,AU9999.SGE,0.22155541439780735
2015-12-25,NH0100.NHF,0.19690718640501104
2016-01-01,000300.SH,0.17999999981999998
2016-01-01,000852.SH,0.11999999987999999
2016-01-01,CBA02701.CS,0.27999999972
2016-01-01,AU9999.SGE,0.21999999977999998
2016-01-01,NH0100.NHF,0.1999999998
2016-01-08,000300.SH,0.17988803997953418
2016-01-08,000852.SH,0.12310705281994772
2016-01-08,CBA02701.CS,0.27832957598335284
2016-01-08,AU9999.SGE,0.22152433907489733
2016-01-08,NH0100.NHF,0.19715099114226786
2016-01-15,000300.SH,0.18001546495374346
2016-01-15,000852.SH,0.120421325803483
2016-01-15,CBA02701.CS,0.27973532882571883
2016-01-15,AU9999.SGE,0.22017991318451513
2016-01-15,NH0100.NHF,0.19964796623253958
2016-01-22,000300.SH,0.18001060909851466
2016-01-22,000852.SH,0.1202645347567067
2016-01-22,CBA02701.CS,0.2798388475456052
2016-01-22,AU9999.SGE,0.22010506521115564
2016-01-22,NH0100.NHF,0.19978094238801772
2016-01-29,000300.SH,0.17999999981999998
2016-01-29,000852.SH,0.11999999987999999
2016-01-29,CBA02701.CS,0.27999999972
2016-01-29,AU9999.SGE,0.21999999977999998
2016-01-29,NH0100.NHF,0.1999999998
2016-02-05,000300.SH,0.17999999981999998
2016-02-05,000852.SH,0.11999999987999999
2016-02-05,CBA02701.CS,0.27999999972
2016-02-05,AU9999.SGE,0.21999999977999998
2016-02-05,NH0100.NHF,0.1999999998
2016-02-12,000300.SH,0.18000466168468582
2016-02-12,000852.SH,0.12006650601663343
2016-02-12,CBA02701.CS,0.27996093900284313
2016-02-12,AU9999.SGE,0.2200201145414625
2016-02-12,NH0100.NHF,0.1999477777543751
2016-02-19,000300.SH,0.17999548825001255
2016-02-19,000852.SH,0.12199676663006255
2016-02-19,CBA02701.CS,0.2788481286949436
2016-02-19,AU9999.SGE,0.2209141892733768
2016-02-19,NH0100.NHF,0.19824542615160437
2016-02-26,000300.SH,0.17999999981999998
2016-02-26,000852.SH,0.11999999987999999
2016-02-26,CBA02701.CS,0.27999999972
2016-02-26,AU9999.SGE,0.21999999977999998
2016-02-26,NH0100.NHF,0.1999999998
2016-03-04,000300.SH,0.17999999981999998
2016-03-04,000852.SH,0.11999999987999999
2016-03-04,CBA02701.CS,0.27999999972
2016-03-04,AU9999.SGE,0.21999999977999998
2016-03-04,NH0100.NHF,0.1999999998
2016-03-11,000300.SH,0.17999999981999998
2016-03-11,000852.SH,0.11999999987999999
2016-03-11,CBA02701.CS,0.27999999972
2016-03-11,AU9999.SGE,0.21999999977999998
2016-03-11,NH0100.NHF,0.1999999998
2016-03-18,000300.SH,0.17987480281301096
2016-03-18,000852.SH,0.12318541569553325
2016-03-18,CBA02701.CS,0.2782770570110845
2016-03-18,AU9999.SGE,0.22159890923751838
2016-03-18,NH0100.NHF,0.19706381424285277
2016-03-25,000300.SH,0.17999999981999998
2016-03-25,000852.SH,0.11999999987999999
2016-03-25,CBA02701.CS,0.27999999972
2016-03-25,AU9999.SGE,0.21999999977999998
2016-03-25,NH0100.NHF,0.1999999998
2016-04-01,000300.SH,0.18005836277590084
2016-04-01,000852.SH,0.12151874519843081
2016-04-01,CBA02701.CS,0.2791423031140859
2016-04-01,AU9999.SGE,0.2205309861862083
2016-04-01,NH0100.NHF,0.19874960172537406
2016-04-08,000300.SH,0.17999999981999998
2016-04-08,000852.SH,0.11999999987999999
2016-04-08,CBA02701.CS,0.27999999972
2016-04-08,AU9999.SGE,0.21999999977999998
2016-04-08,NH0100.NHF,0.1999999998
2016-04-15,000300.SH,0.18013606528978018
2016-04-15,000852.SH,0.12129089304485638
2016-04-15,CBA02701.CS,0.2792657057906464
2016-04-15,AU9999.SGE,0.2202572999735927
2016-04-15,NH0100.NHF,0.19905003490112436
2016-04-22,000300.SH,0.17999999981999998
2016-04-22,000852.SH,0.11999999987999999
2016-04-22,CBA02701.CS,0.27999999972
2016-04-22,AU9999.SGE,0.21999999977999998
2016-04-22,NH0100.NHF,0.1999999998
2016-04-29,000300.SH,0.18021246253157552
2016-04-29,000852.SH,0.12319258370776037
2016-04-29,CBA02701.CS,0.27826834917941967
2016-04-29,AU9999.SGE,0.22082585757067252
2016-04-29,NH0100.NHF,0.19750074601057183
2016-05-06,000300.SH,0.179921624249017
2016-05-06,000852.SH,0.12378846908784229
2016-05-06,CBA02701.CS,0.2779787863668756
2016-05-06,AU9999.SGE,0.2217060736436403
2016-05-06,NH0100.NHF,0.19660504565262468
2016-05-13,000300.SH,0.17999901095981433
2016-05-13,000852.SH,0.12197090987155211
2016-05-13,CBA02701.CS,0.2789074349492137
2016-05-13,AU9999.SGE,0.22084297136249095
2016-05-13,NH0100.NHF,0.19827967185692885
2016-05-20,000300.SH,0.17999305706611426
2016-05-20,000852.SH,0.12207440293590302
2016-05-20,CBA02701.CS,0.2788547597778462
2016-05-20,AU9999.SGE,0.22089546434031027
2016-05-20,NH0100.NHF,0.1981823148798264
2016-05-27,000300.SH,0.17999999981999998
2016-05-27,000852.SH,0.11999999987999999
2016-05-27,CBA02701.CS,0.27999999972
2016-05-27,AU9999.SGE,0.21999999977999998
2016-05-27,NH0100.NHF,0.1999999998
2016-06-03,000300.SH,0.17999999981999998
2016-06-03,000852.SH,0.11999999987999999
2016-06-03,CBA02701.CS,0.27999999972
2016-06-03,AU9999.SGE,0.21999999977999998
2016-06-03,NH0100.NHF,0.1999999998
2016-06-10,000300.SH,0.1800054763615396
2016-06-10,000852.SH,0.12012708454383807
2016-06-10,CBA02701.CS,0.27992026639496836
2016-06-10,AU9999.SGE,0.22005227300237926
2016-06-10,NH0100.NHF,0.19989489869727445
2016-06-17,000300.SH,0.17999999981999998
2016-06-17,000852.SH,0.11999999987999999
2016-06-17,CBA02701.CS,0.27999999972
2016-06-17,AU9999.SGE,0.21999999977999998
2016-06-17,NH0100.NHF,0.1999999998
2016-06-24,000300.SH,0.17999999981999998
2016-06-24,000852.SH,0.11999999987999999
2016-06-24,CBA02701.CS,0.27999999972
2016-06-24,AU9999.SGE,0.21999999977999998
2016-06-24,NH0100.NHF,0.1999999998
2016-07-01,000300.SH,0.17999999981999998
2016-07-01,000852.SH,0.11999999987999999
2016-07-01,CBA02701.CS,0.27999999972
2016-07-01,AU9999.SGE,0.21999999977999998
2016-07-01,NH0100.NHF,0.1999999998
2016-07-08,000300.SH,0.17996095040279958
2016-07-08,000852.SH,0.1229699776753511
2016-07-08,CBA02701.CS,0.27822727447453105
2016-07-08,AU9999.SGE,0.2215033884232248
2016-07-08,NH0100.NHF,0.19733840802409353
2016-07-15,000300.SH,0.1800544301805717
2016-07-15,000852.SH,0.12037387376960688
2016-07-15,CBA02701.CS,0.279784285467999
2016-07-15,AU9999.SGE,0.22004327039470306
2016-07-15,NH0100.NHF,0.19974413918711925
2016-07-22,000300.SH,0.18007157268127585
2016-07-22,000852.SH,0.12120570104151714
2016-07-22,CBA02701.CS,0.2793126200965504
2016-07-22,AU9999.SGE,0.22037060427855684
2016-07-22,NH0100.NHF,0.19903950090209957
2016-07-29,000300.SH,0.17999999981999998
2016-07-29,000852.SH,0.11999999987999999
2016-07-29,CBA02701.CS,0.27999999972
2016-07-29,AU9999.SGE,0.21999999977999998
2016-07-29,NH0100.NHF,0.1999999998
2016-08-05,000300.SH,0.1796450153748071
2016-08-05,000852.SH,0.12470679250291704
2016-08-05,CBA02701.CS,0.27772720879693963
2016-08-05,AU9999.SGE,0.22244012713100522
2016-08-05,NH0100.NHF,0.19548085519433095
2016-08-12,000300.SH,0.17525124630945674
2016-08-12,000852.SH,0.12748694754110895
2016-08-12,CBA02701.CS,0.279624861839744
2016-08-12,AU9999.SGE,0.2298175060478002
2016-08-12,NH0100.NHF,0.18781943726189
2016-08-19,000300.SH,0.1801947693882253
2016-08-19,000852.SH,0.12318173664868681
2016-08-19,CBA02701.CS,0.2782761974393128
2016-08-19,AU9999.SGE,0.22086006200343747
2016-08-19,NH0100.NHF,0.19748723352033762
2016-08-26,000300.SH,0.1798300390216907
2016-08-26,000852.SH,0.12349174088488
2016-08-26,CBA02701.CS,0.2781981997976995
2016-08-26,AU9999.SGE,0.22172795132206244
2016-08-26,NH0100.NHF,0.19675206797366734
2016-09-02,000300.SH,0.17999999981999998
2016-09-02,000852.SH,0.11999999987999999
2016-09-02,CBA02701.CS,0.27999999972
2016-09-02,AU9999.SGE,0.21999999977999998
2016-09-02,NH0100.NHF,0.1999999998
2016-09-09,000300.SH,0.17999999981999998
2016-09-09,000852.SH,0.11999999987999999
2016-09-09,CBA02701.CS,0.27999999972
2016-09-09,AU9999.SGE,0.21999999977999998
2016-09-09,NH0100.NHF,0.1999999998
2016-09-16,000300.SH,0.17999999981999998
2016-09-16,000852.SH,0.11999999987999999
2016-09-16,CBA02701.CS,0.27999999972
2016-09-16,AU9999.SGE,0.21999999977999998
2016-09-16,NH0100.NHF,0.1999999998
2016-09-23,000300.SH,0.17999999981999998
2016-09-23,000852.SH,0.11999999987999999
2016-09-23,CBA02701.CS,0.27999999972
2016-09-23,AU9999.SGE,0.21999999977999998
2016-09-23,NH0100.NHF,0.1999999998
2016-09-30,000300.SH,0.1784159042779059
2016-09-30,000852.SH,0.12726889463487354
2016-09-30,CBA02701.CS,0.2772396761640779
2016-09-30,AU9999.SGE,0.22529879727798452
2016-09-30,NH0100.NHF,0.19177672664515794
2016-10-07,000300.SH,0.17999999981999998
2016-10-07,000852.SH,0.11999999987999999
2016-10-07,CBA02701.CS,0.27999999972
2016-10-07,AU9999.SGE,0.21999999977999998
2016-10-07,NH0100.NHF,0.1999999998
2016-10-14,000300.SH,0.180105138206318
2016-10-14,000852.SH,0.12156897747238758
2016-10-14,CBA02701.CS,0.2790766627525739
2016-10-14,AU9999.SGE,0.2204878698141183
2016-10-14,NH0100.NHF,0.19876135075460208
2016-10-21,000300.SH,0.17999999981999998
2016-10-21,000852.SH,0.11999999987999999
2016-10-21,CBA02701.CS,0.27999999972
2016-10-21,AU9999.SGE,0.21999999977999998
2016-10-21,NH0100.NHF,0.1999999998
2016-10-28,000300.SH,0.17999999981999998
2016-10-28,000852.SH,0.11999999987999999
2016-10-28,CBA02701.CS,0.27999999972
2016-10-28,AU9999.SGE,0.21999999977999998
2016-10-28,NH0100.NHF,0.1999999998
2016-11-04,000300.SH,0.18002168542708966
2016-11-04,000852.SH,0.12130688054333943
2016-11-04,CBA02701.CS,0.27925776131425856
2016-11-04,AU9999.SGE,0.2205278141438775
2016-11-04,NH0100.NHF,0.19888585757143468
2016-11-11,000300.SH,0.17999999981999998
2016-11-11,000852.SH,0.11999999987999999
2016-11-11,CBA02701.CS,0.27999999972
2016-11-11,AU9999.SGE,0.21999999977999998
2016-11-11,NH0100.NHF,0.1999999998
2016-11-18,000300.SH,0.18002217297965784
2016-11-18,000852.SH,0.12133947689305936
2016-11-18,CBA02701.CS,0.27922923898294505
2016-11-18,AU9999.SGE,0.22055268350746954
2016-11-18,NH0100.NHF,0.19885642663686814
2016-11-25,000300.SH,0.17964016781555106
2016-11-25,000852.SH,0.12540934848155172
2016-11-25,CBA02701.CS,0.27744802063484214
2016-11-25,AU9999.SGE,0.2226234336354066
2016-11-25,NH0100.NHF,0.19487902843264826
2016-12-02,000300.SH,0.17999999981999998
2016-12-02,000852.SH,0.11999999987999999
2016-12-02,CBA02701.CS,0.27999999972
2016-12-02,AU9999.SGE,0.21999999977999998
2016-12-02,NH0100.NHF,0.1999999998
2016-12-09,000300.SH,0.17999999981999998
2016-12-09,000852.SH,0.11999999987999999
2016-12-09,CBA02701.CS,0.27999999972
2016-12-09,AU9999.SGE,0.21999999977999998
2016-12-09,NH0100.NHF,0.1999999998
2016-12-16,000300.SH,0.17669177641008746
2016-12-16,000852.SH,0.12741145812210422
2016-12-16,CBA02701.CS,0.2785206239921207
2016-12-16,AU9999.SGE,0.22777694122858672
2016-12-16,NH0100.NHF,0.18959919924710075
2016-12-23,000300.SH,0.17999999981999998
2016-12-23,000852.SH,0.11999999987999999
2016-12-23,CBA02701.CS,0.27999999972
2016-12-23,AU9999.SGE,0.21999999977999998
2016-12-23,NH0100.NHF,0.1999999998
2016-12-30,000300.SH,0.17999999981999998
2016-12-30,000852.SH,0.11999999987999999
2016-12-30,CBA02701.CS,0.27999999972
2016-12-30,AU9999.SGE,0.21999999977999998
2016-12-30,NH0100.NHF,0.1999999998
2017-01-06,000300.SH,0.17999999981999998
2017-01-06,000852.SH,0.11999999987999999
2017-01-06,CBA02701.CS,0.27999999972
2017-01-06,AU9999.SGE,0.21999999977999998
2017-01-06,NH0100.NHF,0.1999999998
2017-01-13,000300.SH,0.17999999981999998
2017-01-13,000852.SH,0.11999999987999999
2017-01-13,CBA02701.CS,0.27999999972
2017-01-13,AU9999.SGE,0.21999999977999998
2017-01-13,NH0100.NHF,0.1999999998
2017-01-20,000300.SH,0.17999999981999998
2017-01-20,000852.SH,0.11999999987999999
2017-01-20,CBA02701.CS,0.27999999972
2017-01-20,AU9999.SGE,0.21999999977999998
2017-01-20,NH0100.NHF,0.1999999998
2017-01-27,000300.SH,0.17999999981999998
2017-01-27,000852.SH,0.11999999987999999
2017-01-27,CBA02701.CS,0.27999999972
2017-01-27,AU9999.SGE,0.21999999977999998
2017-01-27,NH0100.NHF,0.1999999998
2017-02-03,000300.SH,0.17999999981999998
2017-02-03,000852.SH,0.11999999987999999
2017-02-03,CBA02701.CS,0.27999999972
2017-02-03,AU9999.SGE,0.21999999977999998
2017-02-03,NH0100.NHF,0.1999999998
2017-02-10,000300.SH,0.17999999981999998
2017-02-10,000852.SH,0.11999999987999999
2017-02-10,CBA02701.CS,0.27999999972
2017-02-10,AU9999.SGE,0.21999999977999998
2017-02-10,NH0100.NHF,0.1999999998
2017-02-17,000300.SH,0.17999999981999998
2017-02-17,000852.SH,0.11999999987999999
2017-02-17,CBA02701.CS,0.27999999972
2017-02-17,AU9999.SGE,0.21999999977999998
2017-02-17,NH0100.NHF,0.1999999998
2017-02-24,000300.SH,0.1799854722773165
2017-02-24,000852.SH,0.12210698676849888
2017-02-24,CBA02701.CS,0.27872704033142387
2017-02-24,AU9999.SGE,0.22105379564308636
2017-02-24,NH0100.NHF,0.19812670397967444
2017-03-03,000300.SH,0.17999999981999998
2017-03-03,000852.SH,0.11999999987999999
2017-03-03,CBA02701.CS,0.27999999972
2017-03-03,AU9999.SGE,0.21999999977999998
2017-03-03,NH0100.NHF,0.1999999998
2017-03-10,000300.SH,0.17999999981999998
2017-03-10,000852.SH,0.11999999987999999
2017-03-10,CBA02701.CS,0.27999999972
2017-03-10,AU9999.SGE,0.21999999977999998
2017-03-10,NH0100.NHF,0.1999999998
2017-03-17,000300.SH,0.1800127118241367
2017-03-17,000852.SH,0.12010557337793536
2017-03-17,CBA02701.CS,0.2799385594050788
2017-03-17,AU9999.SGE,0.22001898103504455
2017-03-17,NH0100.NHF,0.19992417335780463
2017-03-24,000300.SH,0.17999999981999998
2017-03-24,000852.SH,0.11999999987999999
2017-03-24,CBA02701.CS,0.27999999972
2017-03-24,AU9999.SGE,0.21999999977999998
2017-03-24,NH0100.NHF,0.1999999998
2017-03-31,000300.SH,0.17999999981999998
2017-03-31,000852.SH,0.11999999987999999
2017-03-31,CBA02701.CS,0.27999999972
2017-03-31,AU9999.SGE,0.21999999977999998
2017-03-31,NH0100.NHF,0.1999999998
2017-04-07,000300.SH,0.17997806460805077
2017-04-07,000852.SH,0.12219883938119884
2017-04-07,CBA02701.CS,0.2786635433198963
2017-04-07,AU9999.SGE,0.22112467583478812
2017-04-07,NH0100.NHF,0.19803487585606583
2017-04-14,000300.SH,0.17999999981999998
2017-04-14,000852.SH,0.11999999987999999
2017-04-14,CBA02701.CS,0.27999999972
2017-04-14,AU9999.SGE,0.21999999977999998
2017-04-14,NH0100.NHF,0.1999999998
2017-04-21,000300.SH,0.17999999981999998
2017-04-21,000852.SH,0.11999999987999999
2017-04-21,CBA02701.CS,0.27999999972
2017-04-21,AU9999.SGE,0.21999999977999998
2017-04-21,NH0100.NHF,0.1999999998
2017-04-28,000300.SH,0.1800674179270963
2017-04-28,000852.SH,0.12153651610581932
2017-04-28,CBA02701.CS,0.27913245564406924
2017-04-28,AU9999.SGE,0.22051760183030927
2017-04-28,NH0100.NHF,0.19874600749270574
2017-05-05,000300.SH,0.18003519716617228
2017-05-05,000852.SH,0.12076063928741611
2017-05-05,CBA02701.CS,0.27956070442335595
2017-05-05,AU9999.SGE,0.22026338327579506
2017-05-05,NH0100.NHF,0.19938007484726056
2017-05-12,000300.SH,0.17999999981999998
2017-05-12,000852.SH,0.11999999987999999
2017-05-12,CBA02701.CS,0.27999999972
2017-05-12,AU9999.SGE,0.21999999977999998
2017-05-12,NH0100.NHF,0.1999999998
2017-05-19,000300.SH,0.1800016575721945
2017-05-19,000852.SH,0.1200369481904795
2017-05-19,CBA02701.CS,0.27997740858011094
2017-05-19,AU9999.SGE,0.22001436288041823
2017-05-19,NH0100.NHF,0.1999696217767968
2017-05-26,000300.SH,0.18006979475189336
2017-05-26,000852.SH,0.12058356284600992
2017-05-26,CBA02701.CS,0.2796635412719197
2017-05-26,AU9999.SGE,0.22010235897324812
2017-05-26,NH0100.NHF,0.19958074115692878
2017-06-02,000300.SH,0.1803239699213673
2017-06-02,000852.SH,0.12405506243918382
2017-06-02,CBA02701.CS,0.277834854483075
2017-06-02,AU9999.SGE,0.22088401333995702
2017-06-02,NH0100.NHF,0.19690209881641674
2017-06-09,000300.SH,0.17999999981999998
2017-06-09,000852.SH,0.11999999987999999
2017-06-09,CBA02701.CS,0.27999999972
2017-06-09,AU9999.SGE,0.21999999977999998
2017-06-09,NH0100.NHF,0.1999999998
2017-06-16,000300.SH,0.17999999981999998
2017-06-16,000852.SH,0.11999999987999999
2017-06-16,CBA02701.CS,0.27999999972
2017-06-16,AU9999.SGE,0.21999999977999998
2017-06-16,NH0100.NHF,0.1999999998
2017-06-23,000300.SH,0.17996750544374682
2017-06-23,000852.SH,0.12294396229100561
2017-06-23,CBA02701.CS,0.27838358354723786
2017-06-23,AU9999.SGE,0.22131295041033852
2017-06-23,NH0100.NHF,0.19739199730767115
2017-06-30,000300.SH,0.1730850799768723
2017-06-30,000852.SH,0.1269527125339845
2017-06-30,CBA02701.CS,0.2814618317067462
2017-06-30,AU9999.SGE,0.23282091925491818
2017-06-30,NH0100.NHF,0.18567945552747858
2017-07-07,000300.SH,0.17999999981999998
2017-07-07,000852.SH,0.11999999987999999
2017-07-07,CBA02701.CS,0.27999999972
2017-07-07,AU9999.SGE,0.21999999977999998
2017-07-07,NH0100.NHF,0.1999999998
2017-07-14,000300.SH,0.17999999981999998
2017-07-14,000852.SH,0.11999999987999999
2017-07-14,CBA02701.CS,0.27999999972
2017-07-14,AU9999.SGE,0.21999999977999998
2017-07-14,NH0100.NHF,0.1999999998
2017-07-21,000300.SH,0.17999999981999998
2017-07-21,000852.SH,0.11999999987999999
2017-07-21,CBA02701.CS,0.27999999972
2017-07-21,AU9999.SGE,0.21999999977999998
2017-07-21,NH0100.NHF,0.1999999998
2017-07-28,000300.SH,0.17999999981999998
2017-07-28,000852.SH,0.11999999987999999
2017-07-28,CBA02701.CS,0.27999999972
2017-07-28,AU9999.SGE,0.21999999977999998
2017-07-28,NH0100.NHF,0.1999999998
2017-08-04,000300.SH,0.18004352445901092
2017-08-04,000852.SH,0.12087990733076462
2017-08-04,CBA02701.CS,0.2794936679545688
2017-08-04,AU9999.SGE,0.22029604656008459
2017-08-04,NH0100.NHF,0.19928685269557098
2017-08-11,000300.SH,0.18005088794515817
2017-08-11,000852.SH,0.12105008106326824
2017-08-11,CBA02701.CS,0.27939867988117345
2017-08-11,AU9999.SGE,0.22035234460543543
2017-08-11,NH0100.NHF,0.19914800550496478
2017-08-18,000300.SH,0.17999999981999998
2017-08-18,000852.SH,0.11999999987999999
2017-08-18,CBA02701.CS,0.27999999972
2017-08-18,AU9999.SGE,0.21999999977999998
2017-08-18,NH0100.NHF,0.1999999998
2017-08-25,000300.SH,0.1802213689659768
2017-08-25,000852.SH,0.12163191228795561
2017-08-25,CBA02701.CS,0.2790568525967166
2017-08-25,AU9999.SGE,0.22022822791759805
2017-08-25,NH0100.NHF,0.19886163723175287
2017-09-01,000300.SH,0.17999999981999998
2017-09-01,000852.SH,0.11999999987999999
2017-09-01,CBA02701.CS,0.27999999972
2017-09-01,AU9999.SGE,0.21999999977999998
2017-09-01,NH0100.NHF,0.1999999998
2017-09-08,000300.SH,0.1792753984889452
2017-09-08,000852.SH,0.12604030233770996
2017-09-08,CBA02701.CS,0.27736287995369774
2017-09-08,AU9999.SGE,0.2234307221808497
2017-09-08,NH0100.NHF,0.19389069603879747
2017-09-15,000300.SH,0.17999999981999998
2017-09-15,000852.SH,0.11999999987999999
2017-09-15,CBA02701.CS,0.27999999972
2017-09-15,AU9999.SGE,0.21999999977999998
2017-09-15,NH0100.NHF,0.1999999998
2017-09-22,000300.SH,0.17797092762803124
2017-09-22,000852.SH,0.12688973191387148
2017-09-22,CBA02701.CS,0.27779232989773983
2017-09-22,AU9999.SGE,0.22577081812049274
2017-09-22,NH0100.NHF,0.19157619143986457
2017-09-29,000300.SH,0.17999999981999998
2017-09-29,000852.SH,0.11999999987999999
2017-09-29,CBA02701.CS,0.27999999972
2017-09-29,AU9999.SGE,0.21999999977999998
2017-09-29,NH0100.NHF,0.1999999998
2017-10-06,000300.SH,0.17999999981999998
2017-10-06,000852.SH,0.11999999987999999
2017-10-06,CBA02701.CS,0.27999999972
2017-10-06,AU9999.SGE,0.21999999977999998
2017-10-06,NH0100.NHF,0.1999999998
2017-10-13,000300.SH,0.17999999981999998
2017-10-13,000852.SH,0.11999999987999999
2017-10-13,CBA02701.CS,0.27999999972
2017-10-13,AU9999.SGE,0.21999999977999998
2017-10-13,NH0100.NHF,0.1999999998
2017-10-20,000300.SH,0.17999999981999998
2017-10-20,000852.SH,0.11999999987999999
2017-10-20,CBA02701.CS,0.27999999972
2017-10-20,AU9999.SGE,0.21999999977999998
2017-10-20,NH0100.NHF,0.1999999998
2017-10-27,000300.SH,0.18002200234487725
2017-10-27,000852.SH,0.12074012324526381
2017-10-27,CBA02701.CS,0.27956555389984217
2017-10-27,AU9999.SGE,0.22029272241713163
2017-10-27,NH0100.NHF,0.19937959709288527
2017-11-03,000300.SH,0.17999999981999998
2017-11-03,000852.SH,0.11999999987999999
2017-11-03,CBA02701.CS,0.27999999972
2017-11-03,AU9999.SGE,0.21999999977999998
2017-11-03,NH0100.NHF,0.1999999998
2017-11-10,000300.SH,0.17999999981999998
2017-11-10,000852.SH,0.11999999987999999
2017-11-10,CBA02701.CS,0.27999999972
2017-11-10,AU9999.SGE,0.21999999977999998
2017-11-10,NH0100.NHF,0.1999999998
2017-11-17,000300.SH,0.18009914102487506
2017-11-17,000852.SH,0.12195328283901984
2017-11-17,CBA02701.CS,0.27886742633142325
2017-11-17,AU9999.SGE,0.2206612768791521
2017-11-17,NH0100.NHF,0.19841887192552984
2017-11-24,000300.SH,0.1800050353651605
2017-11-24,000852.SH,0.12336392263011005
2017-11-24,CBA02701.CS,0.2782205408238623
2017-11-24,AU9999.SGE,0.22132449659419973
2017-11-24,NH0100.NHF,0.19708600358666736
2017-12-01,000300.SH,0.17999999981999998
2017-12-01,000852.SH,0.11999999987999999
2017-12-01,CBA02701.CS,0.27999999972
2017-12-01,AU9999.SGE,0.21999999977999998
2017-12-01,NH0100.NHF,0.1999999998
2017-12-08,000300.SH,0.17835794759725565
2017-12-08,000852.SH,0.12843494494120336
2017-12-08,CBA02701.CS,0.27660031890021963
2017-12-08,AU9999.SGE,0.2259221816915296
2017-12-08,NH0100.NHF,0.19068460586979177
2017-12-15,000300.SH,0.18002389128266388
2017-12-15,000852.SH,0.12101885312020483
2017-12-15,CBA02701.CS,0.27941578792667204
2017-12-15,AU9999.SGE,0.2204017490149137
2017-12-15,NH0100.NHF,0.19913971765554553
2017-12-22,000300.SH,0.17999999981999998
2017-12-22,000852.SH,0.11999999987999999
2017-12-22,CBA02701.CS,0.27999999972
2017-12-22,AU9999.SGE,0.21999999977999998
2017-12-22,NH0100.NHF,0.1999999998
2017-12-29,000300.SH,0.1800195587792617
2017-12-29,000852.SH,0.1203224793395062
2017-12-29,CBA02701.CS,0.2798116581209329
2017-12-29,AU9999.SGE,0.2201033588859262
2017-12-29,NH0100.NHF,0.199742943874373
2018-01-05,000300.SH,0.17999999981999998
2018-01-05,000852.SH,0.11999999987999999
2018-01-05,CBA02701.CS,0.27999999972
2018-01-05,AU9999.SGE,0.21999999977999998
2018-01-05,NH0100.NHF,0.1999999998
2018-01-12,000300.SH,0.17999999981999998
2018-01-12,000852.SH,0.11999999987999999
2018-01-12,CBA02701.CS,0.27999999972
2018-01-12,AU9999.SGE,0.21999999977999998
2018-01-12,NH0100.NHF,0.1999999998
2018-01-19,000300.SH,0.17999999981999998
2018-01-19,000852.SH,0.11999999987999999
2018-01-19,CBA02701.CS,0.27999999972
2018-01-19,AU9999.SGE,0.21999999977999998
2018-01-19,NH0100.NHF,0.1999999998
2018-01-26,000300.SH,0.17999999981999998
2018-01-26,000852.SH,0.11999999987999999
2018-01-26,CBA02701.CS,0.27999999972
2018-01-26,AU9999.SGE,0.21999999977999998
2018-01-26,NH0100.NHF,0.1999999998
2018-02-02,000300.SH,0.17999999981999998
2018-02-02,000852.SH,0.11999999987999999
2018-02-02,CBA02701.CS,0.27999999972
2018-02-02,AU9999.SGE,0.21999999977999998
2018-02-02,NH0100.NHF,0.1999999998
2018-02-09,000300.SH,0.17999999981999998
2018-02-09,000852.SH,0.11999999987999999
2018-02-09,CBA02701.CS,0.27999999972
2018-02-09,AU9999.SGE,0.21999999977999998
2018-02-09,NH0100.NHF,0.1999999998
2018-02-16,000300.SH,0.17999999981999998
2018-02-16,000852.SH,0.11999999987999999
2018-02-16,CBA02701.CS,0.27999999972
2018-02-16,AU9999.SGE,0.21999999977999998
2018-02-16,NH0100.NHF,0.1999999998
2018-02-23,000300.SH,0.18002243474789398
2018-02-23,000852.SH,0.12077031826152773
2018-02-23,CBA02701.CS,0.2795548201277624
2018-02-23,AU9999.SGE,0.2202976534595009
2018-02-23,NH0100.NHF,0.19935477240331495
2018-03-02,000300.SH,0.17913104719789422
2018-03-02,000852.SH,0.12528910225459408
2018-03-02,CBA02701.CS,0.277189653816129
2018-03-02,AU9999.SGE,0.22412667701252517
2018-03-02,NH0100.NHF,0.19426351871885755
2018-03-09,000300.SH,0.18014368579929477
2018-03-09,000852.SH,0.12185185907286966
2018-03-09,CBA02701.CS,0.2789175139740818
2018-03-09,AU9999.SGE,0.22052200617779097
2018-03-09,NH0100.NHF,0.19856493397596264
2018-03-16,000300.SH,0.18001167535537882
2018-03-16,000852.SH,0.12029648136057935
2018-03-16,CBA02701.CS,0.27982623894715086
2018-03-16,AU9999.SGE,0.22011032196508415
2018-03-16,NH0100.NHF,0.19975528137180673
2018-03-23,000300.SH,0.18046011783957033
2018-03-23,000852.SH,0.12336545195758898
2018-03-23,CBA02701.CS,0.27815108701147
2018-03-23,AU9999.SGE,0.22035114082297197
2018-03-23,NH0100.NHF,0.19767220136839864
2018-03-30,000300.SH,0.1798282844891794
2018-03-30,000852.SH,0.12350156388892465
2018-03-30,CBA02701.CS,0.2781941464819064
2018-03-30,AU9999.SGE,0.22173459191656078
2018-03-30,NH0100.NHF,0.19674141222342884
2018-04-06,000300.SH,0.17999999981999998
2018-04-06,000852.SH,0.11999999987999999
2018-04-06,CBA02701.CS,0.27999999972
2018-04-06,AU9999.SGE,0.21999999977999998
2018-04-06,NH0100.NHF,0.1999999998
2018-04-13,000300.SH,0.17999999981999998
2018-04-13,000852.SH,0.11999999987999999
2018-04-13,CBA02701.CS,0.27999999972
2018-04-13,AU9999.SGE,0.21999999977999998
2018-04-13,NH0100.NHF,0.1999999998
2018-04-20,000300.SH,0.18000832504823863
2018-04-20,000852.SH,0.12020096738455821
2018-04-20,CBA02701.CS,0.27987879507312297
2018-04-20,AU9999.SGE,0.22007778902446445
2018-04-20,NH0100.NHF,0.19983412246961552
2018-04-27,000300.SH,0.17999999981999998
2018-04-27,000852.SH,0.11999999987999999
2018-04-27,CBA02701.CS,0.27999999972
2018-04-27,AU9999.SGE,0.21999999977999998
2018-04-27,NH0100.NHF,0.1999999998
2018-05-04,000300.SH,0.17999999981999998
2018-05-04,000852.SH,0.11999999987999999
2018-05-04,CBA02701.CS,0.27999999972
2018-05-04,AU9999.SGE,0.21999999977999998
2018-05-04,NH0100.NHF,0.1999999998
2018-05-11,000300.SH,0.1783802708968377
2018-05-11,000852.SH,0.1262604832344223
2018-05-11,CBA02701.CS,0.2772353735040832
2018-05-11,AU9999.SGE,0.22560291285860318
2018-05-11,NH0100.NHF,0.19252095850605355
2018-05-18,000300.SH,0.17999999981999998
2018-05-18,000852.SH,0.11999999987999999
2018-05-18,CBA02701.CS,0.27999999972
2018-05-18,AU9999.SGE,0.21999999977999998
2018-05-18,NH0100.NHF,0.1999999998
2018-05-25,000300.SH,0.18025390492953267
2018-05-25,000852.SH,0.12367312473792652
2018-05-25,CBA02701.CS,0.2780132630463866
2018-05-25,AU9999.SGE,0.22092182878972916
2018-05-25,NH0100.NHF,0.1971378774964251
2018-06-01,000300.SH,0.1790135674124358
2018-06-01,000852.SH,0.1279933328323538
2018-06-01,CBA02701.CS,0.2766633332434599
2018-06-01,AU9999.SGE,0.22442657741575284
2018-06-01,NH0100.NHF,0.1919031880959975
2018-06-08,000300.SH,0.1795478380518279
2018-06-08,000852.SH,0.12463001885242127
2018-06-08,CBA02701.CS,0.27779127118588864
2018-06-08,AU9999.SGE,0.2226074377917337
2018-06-08,NH0100.NHF,0.1954234331181285
2018-06-15,000300.SH,0.18002784553816445
2018-06-15,000852.SH,0.12022218997930613
2018-06-15,CBA02701.CS,0.27986553962830746
2018-06-15,AU9999.SGE,0.22004338190477263
2018-06-15,NH0100.NHF,0.1998410419494492
2018-06-22,000300.SH,0.17955793180008545
2018-06-22,000852.SH,0.12489231256309145
2018-06-22,CBA02701.CS,0.277337700799002
2018-06-22,AU9999.SGE,0.22305251475152799
2018-06-22,NH0100.NHF,0.1951595390862932
2018-06-29,000300.SH,0.17999999981999998
2018-06-29,000852.SH,0.11999999987999999
2018-06-29,CBA02701.CS,0.27999999972
2018-06-29,AU9999.SGE,0.21999999977999998
2018-06-29,NH0100.NHF,0.1999999998
2018-07-06,000300.SH,0.17999999981999998
2018-07-06,000852.SH,0.11999999987999999
2018-07-06,CBA02701.CS,0.27999999972
2018-07-06,AU9999.SGE,0.21999999977999998
2018-07-06,NH0100.NHF,0.1999999998
2018-07-13,000300.SH,0.17999999981999998
2018-07-13,000852.SH,0.11999999987999999
2018-07-13,CBA02701.CS,0.27999999972
2018-07-13,AU9999.SGE,0.21999999977999998
2018-07-13,NH0100.NHF,0.1999999998
2018-07-20,000300.SH,0.1795184355229874
2018-07-20,000852.SH,0.12471695966104454
2018-07-20,CBA02701.CS,0.27776643450113125
2018-07-20,AU9999.SGE,0.22268555399839784
2018-07-20,NH0100.NHF,0.1953126153164389
2018-07-27,000300.SH,0.1795957921966646
2018-07-27,000852.SH,0.12562595099150695
2018-07-27,CBA02701.CS,0.27738111813499744
2018-07-27,AU9999.SGE,0.2227570220630073
2018-07-27,NH0100.NHF,0.19464011561382358
2018-08-03,000300.SH,0.18005482860676
2018-08-03,000852.SH,0.12228047529686592
2018-08-03,CBA02701.CS,0.2787436161503055
2018-08-03,AU9999.SGE,0.22083680279521775
2018-08-03,NH0100.NHF,0.1980842761508508
2018-08-10,000300.SH,0.17884064113208842
2018-08-10,000852.SH,0.12971119866583394
2018-08-10,CBA02701.CS,0.2764497049152865
2018-08-10,AU9999.SGE,0.2247049457758247
2018-08-10,NH0100.NHF,0.19029350851096638
2018-08-17,000300.SH,0.17999999981999998
2018-08-17,000852.SH,0.11999999987999999
2018-08-17,CBA02701.CS,0.27999999972
2018-08-17,AU9999.SGE,0.21999999977999998
2018-08-17,NH0100.NHF,0.1999999998
2018-08-24,000300.SH,0.17999999981999998
2018-08-24,000852.SH,0.11999999987999999
2018-08-24,CBA02701.CS,0.27999999972
2018-08-24,AU9999.SGE,0.21999999977999998
2018-08-24,NH0100.NHF,0.1999999998
2018-08-31,000300.SH,0.18000341059190392
2018-08-31,000852.SH,0.12007771824412666
2018-08-31,CBA02701.CS,0.27995417220313035
2018-08-31,AU9999.SGE,0.22002843092502017
2018-08-31,NH0100.NHF,0.19993626703581896
2018-09-07,000300.SH,0.17999999981999998
2018-09-07,000852.SH,0.11999999987999999
2018-09-07,CBA02701.CS,0.27999999972
2018-09-07,AU9999.SGE,0.21999999977999998
2018-09-07,NH0100.NHF,0.1999999998
2018-09-14,000300.SH,0.17999999981999998
2018-09-14,000852.SH,0.11999999987999999
2018-09-14,CBA02701.CS,0.27999999972
2018-09-14,AU9999.SGE,0.21999999977999998
2018-09-14,NH0100.NHF,0.1999999998
2018-09-21,000300.SH,0.17999999981999998
2018-09-21,000852.SH,0.11999999987999999
2018-09-21,CBA02701.CS,0.27999999972
2018-09-21,AU9999.SGE,0.21999999977999998
2018-09-21,NH0100.NHF,0.1999999998
2018-09-28,000300.SH,0.17999999981999998
2018-09-28,000852.SH,0.11999999987999999
2018-09-28,CBA02701.CS,0.27999999972
2018-09-28,AU9999.SGE,0.21999999977999998
2018-09-28,NH0100.NHF,0.1999999998
2018-10-05,000300.SH,0.17999999981999998
2018-10-05,000852.SH,0.11999999987999999
2018-10-05,CBA02701.CS,0.27999999972
2018-10-05,AU9999.SGE,0.21999999977999998
2018-10-05,NH0100.NHF,0.1999999998
2018-10-12,000300.SH,0.17999999981999998
2018-10-12,000852.SH,0.11999999987999999
2018-10-12,CBA02701.CS,0.27999999972
2018-10-12,AU9999.SGE,0.21999999977999998
2018-10-12,NH0100.NHF,0.1999999998
2018-10-19,000300.SH,0.17306612734406046
2018-10-19,000852.SH,0.12698547290996595
2018-10-19,CBA02701.CS,0.281534359139613
2018-10-19,AU9999.SGE,0.23277383428328366
2018-10-19,NH0100.NHF,0.18564020532307696
2018-10-26,000300.SH,0.17999999981999998
2018-10-26,000852.SH,0.11999999987999999
2018-10-26,CBA02701.CS,0.27999999972
2018-10-26,AU9999.SGE,0.21999999977999998
2018-10-26,NH0100.NHF,0.1999999998
2018-11-02,000300.SH,0.17999999981999998
2018-11-02,000852.SH,0.11999999987999999
2018-11-02,CBA02701.CS,0.27999999972
2018-11-02,AU9999.SGE,0.21999999977999998
2018-11-02,NH0100.NHF,0.1999999998
2018-11-09,000300.SH,0.1800928781111683
2018-11-09,000852.SH,0.12125423125598468
2018-11-09,CBA02701.CS,0.27928585110552073
2018-11-09,AU9999.SGE,0.22034183409692842
2018-11-09,NH0100.NHF,0.1990252044303979
2018-11-16,000300.SH,0.17999999981999998
2018-11-16,000852.SH,0.11999999987999999
2018-11-16,CBA02701.CS,0.27999999972
2018-11-16,AU9999.SGE,0.21999999977999998
2018-11-16,NH0100.NHF,0.1999999998
2018-11-23,000300.SH,0.1781871857462876
2018-11-23,000852.SH,0.12658329365285267
2018-11-23,CBA02701.CS,0.27750822808484643
2018-11-23,AU9999.SGE,0.22566479397676154
2018-11-23,NH0100.NHF,0.19205649753925158
2018-11-30,000300.SH,0.17995334726426856
2018-11-30,000852.SH,0.12258077596093754
2018-11-30,CBA02701.CS,0.2786054460442589
2018-11-30,AU9999.SGE,0.22116705115868285
2018-11-30,NH0100.NHF,0.1976933785718521
2018-12-07,000300.SH,0.17935584723288875
2018-12-07,000852.SH,0.1250640155042981
2018-12-07,CBA02701.CS,0.2775705864581731
2018-12-07,AU9999.SGE,0.22321393749966126
2018-12-07,NH0100.NHF,0.19479561230497866
2018-12-14,000300.SH,0.17971218193517954
2018-12-14,000852.SH,0.12415055273052793
2018-12-14,CBA02701.CS,0.2779387052599299
2018-12-14,AU9999.SGE,0.22215945521382602
2018-12-14,NH0100.NHF,0.19603910386053652
2018-12-21,000300.SH,0.17999999981999998
2018-12-21,000852.SH,0.11999999987999999
2018-12-21,CBA02701.CS,0.27999999972
2018-12-21,AU9999.SGE,0.21999999977999998
2018-12-21,NH0100.NHF,0.1999999998
2018-12-28,000300.SH,0.17999999981999998
2018-12-28,000852.SH,0.11999999987999999
2018-12-28,CBA02701.CS,0.27999999972
2018-12-28,AU9999.SGE,0.21999999977999998
2018-12-28,NH0100.NHF,0.1999999998
2019-01-04,000300.SH,0.17959277344200736
2019-01-04,000852.SH,0.12448899911711482
2019-01-04,CBA02701.CS,0.2778337495972298
2019-01-04,AU9999.SGE,0.2224845741856045
2019-01-04,NH0100.NHF,0.19559990265804364
2019-01-11,000300.SH,0.18007152642504518
2019-01-11,000852.SH,0.12177707714851749
2019-01-11,CBA02701.CS,0.2789340873683823
2019-01-11,AU9999.SGE,0.22068592563730577
2019-01-11,NH0100.NHF,0.19853138242074927
2019-01-18,000300.SH,0.17999999981999998
2019-01-18,000852.SH,0.11999999987999999
2019-01-18,CBA02701.CS,0.27999999972
2019-01-18,AU9999.SGE,0.21999999977999998
2019-01-18,NH0100.NHF,0.1999999998
2019-01-25,000300.SH,0.18000021293995883
2019-01-25,000852.SH,0.12194842967990291
2019-01-25,CBA02701.CS,0.2789189493924953
2019-01-25,AU9999.SGE,0.22083169640322756
2019-01-25,NH0100.NHF,0.19830071058441523
2019-02-01,000300.SH,0.17999999981999998
2019-02-01,000852.SH,0.11999999987999999
2019-02-01,CBA02701.CS,0.27999999972
2019-02-01,AU9999.SGE,0.21999999977999998
2019-02-01,NH0100.NHF,0.1999999998
2019-02-08,000300.SH,0.17999999981999998
2019-02-08,000852.SH,0.11999999987999999
2019-02-08,CBA02701.CS,0.27999999972
2019-02-08,AU9999.SGE,0.21999999977999998
2019-02-08,NH0100.NHF,0.1999999998
2019-02-15,000300.SH,0.18001587069622607
2019-02-15,000852.SH,0.12156673294144275
2019-02-15,CBA02701.CS,0.27911823593767665
2019-02-15,AU9999.SGE,0.22064687968317673
2019-02-15,NH0100.NHF,0.1986522797414777
2019-02-22,000300.SH,0.17999999981999998
2019-02-22,000852.SH,0.11999999987999999
2019-02-22,CBA02701.CS,0.27999999972
2019-02-22,AU9999.SGE,0.21999999977999998
2019-02-22,NH0100.NHF,0.1999999998
2019-03-01,000300.SH,0.17903327836033345
2019-03-01,000852.SH,0.1256982793374365
2019-03-01,CBA02701.CS,0.27749012208766594
2019-03-01,AU9999.SGE,0.2239174221389774
2019-03-01,NH0100.NHF,0.1938608970755866
2019-03-08,000300.SH,0.1800157942762616
2019-03-08,000852.SH,0.12043267576820639
2019-03-08,CBA02701.CS,0.279747408747473
2019-03-08,AU9999.SGE,0.22016273553411758
2019-03-08,NH0100.NHF,0.1996413846739414
2019-03-15,000300.SH,0.17999999981999998
2019-03-15,000852.SH,0.11999999987999999
2019-03-15,CBA02701.CS,0.27999999972
2019-03-15,AU9999.SGE,0.21999999977999998
2019-03-15,NH0100.NHF,0.1999999998
2019-03-22,000300.SH,0.1800234258933278
2019-03-22,000852.SH,0.12114929024060896
2019-03-22,CBA02701.CS,0.27934379892146705
2019-03-22,AU9999.SGE,0.22045809544489056
2019-03-22,NH0100.NHF,0.19902538849970552
2019-03-29,000300.SH,0.17999999981999998
2019-03-29,000852.SH,0.11999999987999999
2019-03-29,CBA02701.CS,0.27999999972
2019-03-29,AU9999.SGE,0.21999999977999998
2019-03-29,NH0100.NHF,0.1999999998
2019-04-05,000300.SH,0.17303925592895483
2019-04-05,000852.SH,0.12703192121457615
2019-04-05,CBA02701.CS,0.2816371899586579
2019-04-05,AU9999.SGE,0.23270707628556442
2019-04-05,NH0100.NHF,0.18558455561224663
2019-04-12,000300.SH,0.18002337472242044
2019-04-12,000852.SH,0.1209214331877035
2019-04-12,CBA02701.CS,0.2794463871363876
2019-04-12,AU9999.SGE,0.220388471059169
2019-04-12,NH0100.NHF,0.1992203328943195
2019-04-19,000300.SH,0.18002206169368318
2019-04-19,000852.SH,0.12125735396449133
2019-04-19,CBA02701.CS,0.2792704481184434
2019-04-19,AU9999.SGE,0.22052290490728407
2019-04-19,NH0100.NHF,0.19892723031609783
2019-04-26,000300.SH,0.17999999981999998
2019-04-26,000852.SH,0.11999999987999999
2019-04-26,CBA02701.CS,0.27999999972
2019-04-26,AU9999.SGE,0.21999999977999998
2019-04-26,NH0100.NHF,0.1999999998
2019-05-03,000300.SH,0.18003966172544955
2019-05-03,000852.SH,0.12164510145032208
2019-05-03,CBA02701.CS,0.27907545740331957
2019-05-03,AU9999.SGE,0.22062446884260192
2019-05-03,NH0100.NHF,0.1986153095783069
2019-05-10,000300.SH,0.17896585371983248
2019-05-10,000852.SH,0.1269473231904124
2019-05-10,CBA02701.CS,0.27720472635718674
2019-05-10,AU9999.SGE,0.22413534694182605
2019-05-10,NH0100.NHF,0.19274674879074216
2019-05-17,000300.SH,0.17999999981999998
2019-05-17,000852.SH,0.11999999987999999
2019-05-17,CBA02701.CS,0.27999999972
2019-05-17,AU9999.SGE,0.21999999977999998
2019-05-17,NH0100.NHF,0.1999999998
2019-05-24,000300.SH,0.17999999981999998
2019-05-24,000852.SH,0.11999999987999999
2019-05-24,CBA02701.CS,0.27999999972
2019-05-24,AU9999.SGE,0.21999999977999998
2019-05-24,NH0100.NHF,0.1999999998
2019-05-31,000300.SH,0.1800589923896468
2019-05-31,000852.SH,0.12097169835144951
2019-05-31,CBA02701.CS,0.27944251909848233
2019-05-31,AU9999.SGE,0.22029970224482462
2019-05-31,NH0100.NHF,0.19922708691559682
2019-06-07,000300.SH,0.17999999981999998
2019-06-07,000852.SH,0.11999999987999999
2019-06-07,CBA02701.CS,0.27999999972
2019-06-07,AU9999.SGE,0.21999999977999998
2019-06-07,NH0100.NHF,0.1999999998
2019-06-14,000300.SH,0.17990561755201145
2019-06-14,000852.SH,0.12300085002450417
2019-06-14,CBA02701.CS,0.27841038699174037
2019-06-14,AU9999.SGE,0.2214129687335715
2019-06-14,NH0100.NHF,0.1972701756981724
2019-06-21,000300.SH,0.1800080387488353
2019-06-21,000852.SH,0.12178402758821742
2019-06-21,CBA02701.CS,0.2790039241793609
2019-06-21,AU9999.SGE,0.2207505850757896
2019-06-21,NH0100.NHF,0.1984534234077969
2019-06-28,000300.SH,0.17999999981999998
2019-06-28,000852.SH,0.11999999987999999
2019-06-28,CBA02701.CS,0.27999999972
2019-06-28,AU9999.SGE,0.21999999977999998
2019-06-28,NH0100.NHF,0.1999999998
2019-07-05,000300.SH,0.18005311470685356
2019-07-05,000852.SH,0.12415189653787613
2019-07-05,CBA02701.CS,0.27784796893063834
2019-07-05,AU9999.SGE,0.22147498812859082
2019-07-05,NH0100.NHF,0.19647203069604113
2019-07-12,000300.SH,0.18002343540199356
2019-07-12,000852.SH,0.12092077049324775
2019-07-12,CBA02701.CS,0.2794516294831492
2019-07-12,AU9999.SGE,0.22038240742861948
2019-07-12,NH0100.NHF,0.19922175619298993
2019-07-19,000300.SH,0.17999999981999998
2019-07-19,000852.SH,0.11999999987999999
2019-07-19,CBA02701.CS,0.27999999972
2019-07-19,AU9999.SGE,0.21999999977999998
2019-07-19,NH0100.NHF,0.1999999998
2019-07-26,000300.SH,0.17843617781312207
2019-07-26,000852.SH,0.12706337107808324
2019-07-26,CBA02701.CS,0.2774622495627664
2019-07-26,AU9999.SGE,0.22503850212911036
2019-07-26,NH0100.NHF,0.1919996984169178
2019-08-02,000300.SH,0.17999999981999998
2019-08-02,000852.SH,0.11999999987999999
2019-08-02,CBA02701.CS,0.27999999972
2019-08-02,AU9999.SGE,0.21999999977999998
2019-08-02,NH0100.NHF,0.1999999998
2019-08-09,000300.SH,0.17999999981999998
2019-08-09,000852.SH,0.11999999987999999
2019-08-09,CBA02701.CS,0.27999999972
2019-08-09,AU9999.SGE,0.21999999977999998
2019-08-09,NH0100.NHF,0.1999999998
2019-08-16,000300.SH,0.17999999981999998
2019-08-16,000852.SH,0.11999999987999999
2019-08-16,CBA02701.CS,0.27999999972
2019-08-16,AU9999.SGE,0.21999999977999998
2019-08-16,NH0100.NHF,0.1999999998
2019-08-23,000300.SH,0.17999999981999998
2019-08-23,000852.SH,0.11999999987999999
2019-08-23,CBA02701.CS,0.27999999972
2019-08-23,AU9999.SGE,0.21999999977999998
2019-08-23,NH0100.NHF,0.1999999998
2019-08-30,000300.SH,0.1795710493664766
2019-08-30,000852.SH,0.12448119277882701
2019-08-30,CBA02701.CS,0.27771755060727144
2019-08-30,AU9999.SGE,0.22267098220927825
2019-08-30,NH0100.NHF,0.19555922403814668
2019-09-06,000300.SH,0.17999999981999998
2019-09-06,000852.SH,0.11999999987999999
2019-09-06,CBA02701.CS,0.27999999972
2019-09-06,AU9999.SGE,0.21999999977999998
2019-09-06,NH0100.NHF,0.1999999998
2019-09-13,000300.SH,0.1799861508052575
2019-09-13,000852.SH,0.12218152922111877
2019-09-13,CBA02701.CS,0.27880082681986795
2019-09-13,AU9999.SGE,0.2209508364827099
2019-09-13,NH0100.NHF,0.19808065567104588
2019-09-20,000300.SH,0.18001422565651853
2019-09-20,000852.SH,0.12161945440379185
2019-09-20,CBA02701.CS,0.27909029782227224
2019-09-20,AU9999.SGE,0.22067168558194727
2019-09-20,NH0100.NHF,0.19860433553547005
2019-09-27,000300.SH,0.18006612254623244
2019-09-27,000852.SH,0.12236001941357937
2019-09-27,CBA02701.CS,0.2787020149678021
2019-09-27,AU9999.SGE,0.22084170437699271
2019-09-27,NH0100.NHF,0.19803013769539324
2019-10-04,000300.SH,0.1800285403473642
2019-10-04,000852.SH,0.12094116991103634
2019-10-04,CBA02701.CS,0.2794590569957424
2019-10-04,AU9999.SGE,0.22035761427366923
2019-10-04,NH0100.NHF,0.1992136174721878
2019-10-11,000300.SH,0.17999999981999998
2019-10-11,000852.SH,0.11999999987999999
2019-10-11,CBA02701.CS,0.27999999972
2019-10-11,AU9999.SGE,0.21999999977999998
2019-10-11,NH0100.NHF,0.1999999998
2019-10-18,000300.SH,0.18005035047626367
2019-10-18,000852.SH,0.12062080963035131
2019-10-18,CBA02701.CS,0.2796410346621927
2019-10-18,AU9999.SGE,0.22016540537554324
2019-10-18,NH0100.NHF,0.19952239885564904
2019-10-25,000300.SH,0.17999999981999998
2019-10-25,000852.SH,0.11999999987999999
2019-10-25,CBA02701.CS,0.27999999972
2019-10-25,AU9999.SGE,0.21999999977999998
2019-10-25,NH0100.NHF,0.1999999998
2019-11-01,000300.SH,0.1800741901422015
2019-11-01,000852.SH,0.12118217867761932
2019-11-01,CBA02701.CS,0.27932561007172524
2019-11-01,AU9999.SGE,0.2203545695557387
2019-11-01,NH0100.NHF,0.19906345055271513
2019-11-08,000300.SH,0.17990687008076994
2019-11-08,000852.SH,0.12299127222458157
2019-11-08,CBA02701.CS,0.2784147036863348
2019-11-08,AU9999.SGE,0.22140713271686832
2019-11-08,NH0100.NHF,0.1972800202914453
2019-11-15,000300.SH,0.1800385956738651
2019-11-15,000852.SH,0.12131681509135239
2019-11-15,CBA02701.CS,0.2792520445656751
2019-11-15,AU9999.SGE,0.22049315172447237
2019-11-15,NH0100.NHF,0.1988993919446349
2019-11-22,000300.SH,0.17999999981999998
2019-11-22,000852.SH,0.11999999987999999
2019-11-22,CBA02701.CS,0.27999999972
2019-11-22,AU9999.SGE,0.21999999977999998
2019-11-22,NH0100.NHF,0.1999999998
2019-11-29,000300.SH,0.17999999981999998
2019-11-29,000852.SH,0.11999999987999999
2019-11-29,CBA02701.CS,0.27999999972
2019-11-29,AU9999.SGE,0.21999999977999998
2019-11-29,NH0100.NHF,0.1999999998
2019-12-06,000300.SH,0.17999999981999998
2019-12-06,000852.SH,0.11999999987999999
2019-12-06,CBA02701.CS,0.27999999972
2019-12-06,AU9999.SGE,0.21999999977999998
2019-12-06,NH0100.NHF,0.1999999998
2019-12-13,000300.SH,0.17999999981999998
2019-12-13,000852.SH,0.11999999987999999
2019-12-13,CBA02701.CS,0.27999999972
2019-12-13,AU9999.SGE,0.21999999977999998
2019-12-13,NH0100.NHF,0.1999999998
2019-12-20,000300.SH,0.17982079437570278
2019-12-20,000852.SH,0.1240535936989492
2019-12-20,CBA02701.CS,0.27785185806047447
2019-12-20,AU9999.SGE,0.22202936447374974
2019-12-20,NH0100.NHF,0.1962443883911238
2019-12-27,000300.SH,0.1797990983106649
2019-12-27,000852.SH,0.12358601917838438
2019-12-27,CBA02701.CS,0.2780496137042823
2019-12-27,AU9999.SGE,0.22195123334142874
2019-12-27,NH0100.NHF,0.1966140344652396
2020-01-03,000300.SH,0.18196751572019446
2020-01-03,000852.SH,0.13079021980400707
2020-01-03,CBA02701.CS,0.27344396249369013
2020-01-03,AU9999.SGE,0.2207130228575272
2020-01-03,NH0100.NHF,0.19308527812458123
2020-01-10,000300.SH,0.18535112180261648
2020-01-10,000852.SH,0.15740475559157693
2020-01-10,CBA02701.CS,0.2609418888510882
2020-01-10,AU9999.SGE,0.2216281044959725
2020-01-10,NH0100.NHF,0.17467412825874593
2020-01-17,000300.SH,0.18849823334544896
2020-01-17,000852.SH,0.15809353525370454
2020-01-17,CBA02701.CS,0.2571352039367926
2020-01-17,AU9999.SGE,0.21859989636138635
2020-01-17,NH0100.NHF,0.17767313010266753
2020-01-24,000300.SH,0.1890856729105559
2020-01-24,000852.SH,0.1631488095443852
2020-01-24,CBA02701.CS,0.2562699657099573
2020-01-24,AU9999.SGE,0.21715512647737356
2020-01-24,NH0100.NHF,0.17434042435772792
2020-01-31,000300.SH,0.184987138412167
2020-01-31,000852.SH,0.1521785751035468
2020-01-31,CBA02701.CS,0.2628351019927004
2020-01-31,AU9999.SGE,0.22140295742748395
2020-01-31,NH0100.NHF,0.17859622606410194
2020-02-07,000300.SH,0.1917446267662285
2020-02-07,000852.SH,0.16448302940496057
2020-02-07,CBA02701.CS,0.2539332646425547
2020-02-07,AU9999.SGE,0.21341737762832866
2020-02-07,NH0100.NHF,0.17642170055792764
2020-02-14,000300.SH,0.1868057629847064
2020-02-14,000852.SH,0.1511136200693227
2020-02-14,CBA02701.CS,0.2617491072341309
2020-02-14,AU9999.SGE,0.21867868850302638
2020-02-14,NH0100.NHF,0.1816528202088135
2020-02-21,000300.SH,0.18862863224195786
2020-02-21,000852.SH,0.15595607206897372
2020-02-21,CBA02701.CS,0.25797211071336873
2020-02-21,AU9999.SGE,0.21778896489979355
2020-02-21,NH0100.NHF,0.17965421907590615
2020-02-28,000300.SH,0.18542336029804563
2020-02-28,000852.SH,0.15145290536841374
2020-02-28,CBA02701.CS,0.26227088080692945
2020-02-28,AU9999.SGE,0.22120195730105852
2020-02-28,NH0100.NHF,0.1796508952255526
2020-03-06,000300.SH,0.18682665477851867
2020-03-06,000852.SH,0.15567975138915457
2020-03-06,CBA02701.CS,0.26016623119446325
2020-03-06,AU9999.SGE,0.21948073710661983
2020-03-06,NH0100.NHF,0.1778466245312437
2020-03-13,000300.SH,0.18411641864940037
2020-03-13,000852.SH,0.1393165631492536
2020-03-13,CBA02701.CS,0.2686389061086056
2020-03-13,AU9999.SGE,0.21946663980933115
2020-03-13,NH0100.NHF,0.1884614712834092
2020-03-20,000300.SH,0.18104697326595612
2020-03-20,000852.SH,0.1294429147912426
2020-03-20,CBA02701.CS,0.27443588963288124
2020-03-20,AU9999.SGE,0.22198559586234967
2020-03-20,NH0100.NHF,0.19308862544757027
2020-03-27,000300.SH,0.18151684065224366
2020-03-27,000852.SH,0.1337285478043882
2020-03-27,CBA02701.CS,0.2723400154510752
2020-03-27,AU9999.SGE,0.22240221191817816
2020-03-27,NH0100.NHF,0.19001238317411479
2020-04-03,000300.SH,0.18342000581427514
2020-04-03,000852.SH,0.1379930861977781
2020-04-03,CBA02701.CS,0.26913170701442124
2020-04-03,AU9999.SGE,0.2207928007726276
2020-04-03,NH0100.NHF,0.18866239920089778
2020-04-10,000300.SH,0.18392512657596077
2020-04-10,000852.SH,0.16297257986734076
2020-04-10,CBA02701.CS,0.2607111993367413
2020-04-10,AU9999.SGE,0.22399955448289643
2020-04-10,NH0100.NHF,0.1683915387370608
2020-04-17,000300.SH,0.18798555827639168
2020-04-17,000852.SH,0.15781752170138327
2020-04-17,CBA02701.CS,0.25852844617749327
2020-04-17,AU9999.SGE,0.2182338721261853
2020-04-17,NH0100.NHF,0.17743460071854644
2020-04-24,000300.SH,0.18643921547449163
2020-04-24,000852.SH,0.14905142460785742
2020-04-24,CBA02701.CS,0.2624628518283258
2020-04-24,AU9999.SGE,0.21914437875533155
2020-04-24,NH0100.NHF,0.1829021283339934
2020-05-01,000300.SH,0.18748536374060185
2020-05-01,000852.SH,0.1509304694073178
2020-05-01,CBA02701.CS,0.2615736902909278
2020-05-01,AU9999.SGE,0.21734791717611224
2020-05-01,NH0100.NHF,0.18266255838504022
2020-05-08,000300.SH,0.19489563898818357
2020-05-08,000852.SH,0.1799452087516431
2020-05-08,CBA02701.CS,0.22812725767874417
2020-05-08,AU9999.SGE,0.20811989378884588
2020-05-08,NH0100.NHF,0.18891199979258322
2020-05-15,000300.SH,0.19983729700768244
2020-05-15,000852.SH,0.19938208100990512
2020-05-15,CBA02701.CS,0.20082196572486147
2020-05-15,AU9999.SGE,0.20024377700567325
2020-05-15,NH0100.NHF,0.19971487825187756
2020-05-22,000300.SH,0.1999999998
2020-05-22,000852.SH,0.1999999998
2020-05-22,CBA02701.CS,0.1999999998
2020-05-22,AU9999.SGE,0.1999999998
2020-05-22,NH0100.NHF,0.1999999998
2020-05-29,000300.SH,0.1999999998
2020-05-29,000852.SH,0.1999999998
2020-05-29,CBA02701.CS,0.1999999998
2020-05-29,AU9999.SGE,0.1999999998
2020-05-29,NH0100.NHF,0.1999999998
2020-06-05,000300.SH,0.1999999998
2020-06-05,000852.SH,0.1999999998
2020-06-05,CBA02701.CS,0.1999999998
2020-06-05,AU9999.SGE,0.1999999998
2020-06-05,NH0100.NHF,0.1999999998
2020-06-12,000300.SH,0.19998924471385982
2020-06-12,000852.SH,0.19995773755244253
2020-06-12,CBA02701.CS,0.2000517691785614
2020-06-12,AU9999.SGE,0.20001455052934375
2020-06-12,NH0100.NHF,0.19998669702579247
2020-06-19,000300.SH,0.1999999998
2020-06-19,000852.SH,0.1999999998
2020-06-19,CBA02701.CS,0.1999999998
2020-06-19,AU9999.SGE,0.1999999998
2020-06-19,NH0100.NHF,0.1999999998
2020-06-26,000300.SH,0.1999999998
2020-06-26,000852.SH,0.1999999998
2020-06-26,CBA02701.CS,0.1999999998
2020-06-26,AU9999.SGE,0.1999999998
2020-06-26,NH0100.NHF,0.1999999998
2020-07-03,000300.SH,0.1999999998
2020-07-03,000852.SH,0.1999999998
2020-07-03,CBA02701.CS,0.1999999998
2020-07-03,AU9999.SGE,0.1999999998
2020-07-03,NH0100.NHF,0.1999999998
2020-07-10,000300.SH,0.1999999998
2020-07-10,000852.SH,0.1999999998
2020-07-10,CBA02701.CS,0.1999999998
2020-07-10,AU9999.SGE,0.1999999998
2020-07-10,NH0100.NHF,0.1999999998
2020-07-17,000300.SH,0.1999999998
2020-07-17,000852.SH,0.1999999998
2020-07-17,CBA02701.CS,0.1999999998
2020-07-17,AU9999.SGE,0.1999999998
2020-07-17,NH0100.NHF,0.1999999998
2020-07-24,000300.SH,0.1999999998
2020-07-24,000852.SH,0.1999999998
2020-07-24,CBA02701.CS,0.1999999998
2020-07-24,AU9999.SGE,0.1999999998
2020-07-24,NH0100.NHF,0.1999999998
2020-07-31,000300.SH,0.1999999998
2020-07-31,000852.SH,0.1999999998
2020-07-31,CBA02701.CS,0.1999999998
2020-07-31,AU9999.SGE,0.1999999998
2020-07-31,NH0100.NHF,0.1999999998
2020-08-07,000300.SH,0.1999999998
2020-08-07,000852.SH,0.1999999998
2020-08-07,CBA02701.CS,0.1999999998
2020-08-07,AU9999.SGE,0.1999999998
2020-08-07,NH0100.NHF,0.1999999998
2020-08-14,000300.SH,0.1999999998
2020-08-14,000852.SH,0.1999999998
2020-08-14,CBA02701.CS,0.1999999998
2020-08-14,AU9999.SGE,0.1999999998
2020-08-14,NH0100.NHF,0.1999999998
2020-08-21,000300.SH,0.1999999998
2020-08-21,000852.SH,0.1999999998
2020-08-21,CBA02701.CS,0.1999999998
2020-08-21,AU9999.SGE,0.1999999998
2020-08-21,NH0100.NHF,0.1999999998
2020-08-28,000300.SH,0.1999999998
2020-08-28,000852.SH,0.1999999998
2020-08-28,CBA02701.CS,0.1999999998
2020-08-28,AU9999.SGE,0.1999999998
2020-08-28,NH0100.NHF,0.1999999998
2020-09-04,000300.SH,0.1999999998
2020-09-04,000852.SH,0.1999999998
2020-09-04,CBA02701.CS,0.1999999998
2020-09-04,AU9999.SGE,0.1999999998
2020-09-04,NH0100.NHF,0.1999999998
2020-09-11,000300.SH,0.19993892053809248
2020-09-11,000852.SH,0.19977690044368823
2020-09-11,CBA02701.CS,0.20025149688411212
2020-09-11,AU9999.SGE,0.200077960884805
2020-09-11,NH0100.NHF,0.1999547202493021
2020-09-18,000300.SH,0.1999999998
2020-09-18,000852.SH,0.1999999998
2020-09-18,CBA02701.CS,0.1999999998
2020-09-18,AU9999.SGE,0.1999999998
2020-09-18,NH0100.NHF,0.1999999998
2020-09-25,000300.SH,0.1999999998
2020-09-25,000852.SH,0.1999999998
2020-09-25,CBA02701.CS,0.1999999998
2020-09-25,AU9999.SGE,0.1999999998
2020-09-25,NH0100.NHF,0.1999999998
2020-10-02,000300.SH,0.1999999998
2020-10-02,000852.SH,0.1999999998
2020-10-02,CBA02701.CS,0.1999999998
2020-10-02,AU9999.SGE,0.1999999998
2020-10-02,NH0100.NHF,0.1999999998
2020-10-09,000300.SH,0.1999999998
2020-10-09,000852.SH,0.1999999998
2020-10-09,CBA02701.CS,0.1999999998
2020-10-09,AU9999.SGE,0.1999999998
2020-10-09,NH0100.NHF,0.1999999998
2020-10-16,000300.SH,0.1999999998
2020-10-16,000852.SH,0.1999999998
2020-10-16,CBA02701.CS,0.1999999998
2020-10-16,AU9999.SGE,0.1999999998
2020-10-16,NH0100.NHF,0.1999999998
2020-10-23,000300.SH,0.1999999998
2020-10-23,000852.SH,0.1999999998
2020-10-23,CBA02701.CS,0.1999999998
2020-10-23,AU9999.SGE,0.1999999998
2020-10-23,NH0100.NHF,0.1999999998
2020-10-30,000300.SH,0.1999999998
2020-10-30,000852.SH,0.1999999998
2020-10-30,CBA02701.CS,0.1999999998
2020-10-30,AU9999.SGE,0.1999999998
2020-10-30,NH0100.NHF,0.1999999998
2020-11-06,000300.SH,0.1999999998
2020-11-06,000852.SH,0.1999999998
2020-11-06,CBA02701.CS,0.1999999998
2020-11-06,AU9999.SGE,0.1999999998
2020-11-06,NH0100.NHF,0.1999999998
2020-11-13,000300.SH,0.1999999998
2020-11-13,000852.SH,0.1999999998
2020-11-13,CBA02701.CS,0.1999999998
2020-11-13,AU9999.SGE,0.1999999998
2020-11-13,NH0100.NHF,0.1999999998
2020-11-20,000300.SH,0.1999999998
2020-11-20,000852.SH,0.1999999998
2020-11-20,CBA02701.CS,0.1999999998
2020-11-20,AU9999.SGE,0.1999999998
2020-11-20,NH0100.NHF,0.1999999998
2020-11-27,000300.SH,0.1999999998
2020-11-27,000852.SH,0.1999999998
2020-11-27,CBA02701.CS,0.1999999998
2020-11-27,AU9999.SGE,0.1999999998
2020-11-27,NH0100.NHF,0.1999999998
2020-12-04,000300.SH,0.1999999998
2020-12-04,000852.SH,0.1999999998
2020-12-04,CBA02701.CS,0.1999999998
2020-12-04,AU9999.SGE,0.1999999998
2020-12-04,NH0100.NHF,0.1999999998
2020-12-11,000300.SH,0.19775343870354115
2020-12-11,000852.SH,0.19188298179441804
2020-12-11,CBA02701.CS,0.20884866785882278
2020-12-11,AU9999.SGE,0.20279202546158168
2020-12-11,NH0100.NHF,0.19872288518163642
2020-12-18,000300.SH,0.19871492210880048
2020-12-18,000852.SH,0.19664628808404716
2020-12-18,CBA02701.CS,0.20530971390570824
2020-12-18,AU9999.SGE,0.20204504192229125
2020-12-18,NH0100.NHF,0.19728403297915278
2020-12-25,000300.SH,0.19847838473522303
2020-12-25,000852.SH,0.19398161575114659
2020-12-25,CBA02701.CS,0.20719754587191513
2020-12-25,AU9999.SGE,0.20206071168037917
2020-12-25,NH0100.NHF,0.19828174096133602
2021-01-01,000300.SH,0.1999999998
2021-01-01,000852.SH,0.1999999998
2021-01-01,CBA02701.CS,0.1999999998
2021-01-01,AU9999.SGE,0.1999999998
2021-01-01,NH0100.NHF,0.1999999998
2021-01-08,000300.SH,0.1999999998
2021-01-08,000852.SH,0.1999999998
2021-01-08,CBA02701.CS,0.1999999998
2021-01-08,AU9999.SGE,0.1999999998
2021-01-08,NH0100.NHF,0.1999999998
2021-01-15,000300.SH,0.1999999998
2021-01-15,000852.SH,0.1999999998
2021-01-15,CBA02701.CS,0.1999999998
2021-01-15,AU9999.SGE,0.1999999998
2021-01-15,NH0100.NHF,0.1999999998
2021-01-22,000300.SH,0.1999999998
2021-01-22,000852.SH,0.1999999998
2021-01-22,CBA02701.CS,0.1999999998
2021-01-22,AU9999.SGE,0.1999999998
2021-01-22,NH0100.NHF,0.1999999998
2021-01-29,000300.SH,0.1999999998
2021-01-29,000852.SH,0.1999999998
2021-01-29,CBA02701.CS,0.1999999998
2021-01-29,AU9999.SGE,0.1999999998
2021-01-29,NH0100.NHF,0.1999999998
2021-02-05,000300.SH,0.1999999998
2021-02-05,000852.SH,0.1999999998
2021-02-05,CBA02701.CS,0.1999999998
2021-02-05,AU9999.SGE,0.1999999998
2021-02-05,NH0100.NHF,0.1999999998
2021-02-12,000300.SH,0.1999999998
2021-02-12,000852.SH,0.1999999998
2021-02-12,CBA02701.CS,0.1999999998
2021-02-12,AU9999.SGE,0.1999999998
2021-02-12,NH0100.NHF,0.1999999998
2021-02-19,000300.SH,0.1999999998
2021-02-19,000852.SH,0.1999999998
2021-02-19,CBA02701.CS,0.1999999998
2021-02-19,AU9999.SGE,0.1999999998
2021-02-19,NH0100.NHF,0.1999999998
2021-02-26,000300.SH,0.1999999998
2021-02-26,000852.SH,0.1999999998
2021-02-26,CBA02701.CS,0.1999999998
2021-02-26,AU9999.SGE,0.1999999998
2021-02-26,NH0100.NHF,0.1999999998
2021-03-05,000300.SH,0.1999999998
2021-03-05,000852.SH,0.1999999998
2021-03-05,CBA02701.CS,0.1999999998
2021-03-05,AU9999.SGE,0.1999999998
2021-03-05,NH0100.NHF,0.1999999998
2021-03-12,000300.SH,0.1999999998
2021-03-12,000852.SH,0.1999999998
2021-03-12,CBA02701.CS,0.1999999998
2021-03-12,AU9999.SGE,0.1999999998
2021-03-12,NH0100.NHF,0.1999999998
2021-03-19,000300.SH,0.1999999998
2021-03-19,000852.SH,0.1999999998
2021-03-19,CBA02701.CS,0.1999999998
2021-03-19,AU9999.SGE,0.1999999998
2021-03-19,NH0100.NHF,0.1999999998
2021-03-26,000300.SH,0.1999999998
2021-03-26,000852.SH,0.1999999998
2021-03-26,CBA02701.CS,0.1999999998
2021-03-26,AU9999.SGE,0.1999999998
2021-03-26,NH0100.NHF,0.1999999998
2021-04-02,000300.SH,0.19907103081070832
2021-04-02,000852.SH,0.19679198244771287
2021-04-02,CBA02701.CS,0.20353706064797678
2021-04-02,AU9999.SGE,0.2011845911198264
2021-04-02,NH0100.NHF,0.19941533397377564
2021-04-09,000300.SH,0.1936892180226471
2021-04-09,000852.SH,0.17667988544234003
2021-04-09,CBA02701.CS,0.2255939973945971
2021-04-09,AU9999.SGE,0.20780619664889333
2021-04-09,NH0100.NHF,0.19623070149152236
2021-04-16,000300.SH,0.1893210151985845
2021-04-16,000852.SH,0.1594112719743535
2021-04-16,CBA02701.CS,0.242961318944613
2021-04-16,AU9999.SGE,0.21228187055437572
2021-04-16,NH0100.NHF,0.19602452232807316
2021-04-23,000300.SH,0.19045963179524777
2021-04-23,000852.SH,0.16947984794941956
2021-04-23,CBA02701.CS,0.23474446511174185
2021-04-23,AU9999.SGE,0.21220421244628881
2021-04-23,NH0100.NHF,0.19311184169730206
2021-04-30,000300.SH,0.19036122914929454
2021-04-30,000852.SH,0.16381073887444142
2021-04-30,CBA02701.CS,0.23871241330723664
2021-04-30,AU9999.SGE,0.21121915215760637
2021-04-30,NH0100.NHF,0.19589646551142093
2021-05-07,000300.SH,0.18999605671266656
2021-05-07,000852.SH,0.16092275756339536
2021-05-07,CBA02701.CS,0.2404863401821271
2021-05-07,AU9999.SGE,0.21093685995937622
2021-05-07,NH0100.NHF,0.1976579845824347
2021-05-14,000300.SH,0.19455668545239305
2021-05-14,000852.SH,0.17939691933468
2021-05-14,CBA02701.CS,0.22183965662878544
2021-05-14,AU9999.SGE,0.20628898781390242
2021-05-14,NH0100.NHF,0.197917749770239
2021-05-21,000300.SH,0.19593271539228818
2021-05-21,000852.SH,0.18435930288886426
2021-05-21,CBA02701.CS,0.21620349819394047
2021-05-21,AU9999.SGE,0.2044690293221188
2021-05-21,NH0100.NHF,0.19903545320278818
2021-05-28,000300.SH,0.1999999998
2021-05-28,000852.SH,0.1999999998
2021-05-28,CBA02701.CS,0.1999999998
2021-05-28,AU9999.SGE,0.1999999998
2021-05-28,NH0100.NHF,0.1999999998
2021-06-04,000300.SH,0.19419030404902207
2021-06-04,000852.SH,0.18035250529305225
2021-06-04,CBA02701.CS,0.22106175424586527
2021-06-04,AU9999.SGE,0.20702946706596134
2021-06-04,NH0100.NHF,0.19736596834609896
2021-06-11,000300.SH,0.19467638627898115
2021-06-11,000852.SH,0.17933398958532965
2021-06-11,CBA02701.CS,0.22095282988500053
2021-06-11,AU9999.SGE,0.2057026947069904
2021-06-11,NH0100.NHF,0.19933409854369818
2021-06-18,000300.SH,0.1983145358242164
2021-06-18,000852.SH,0.19377595184647017
2021-06-18,CBA02701.CS,0.20664283371240294
2021-06-18,AU9999.SGE,0.20205571725552418
2021-06-18,NH0100.NHF,0.19921096036138622
2021-06-25,000300.SH,0.19578751710787431
2021-06-25,000852.SH,0.1840914143446669
2021-06-25,CBA02701.CS,0.21648372716285835
2021-06-25,AU9999.SGE,0.20472115474753266
2021-06-25,NH0100.NHF,0.19891618563706776
2021-07-02,000300.SH,0.1999999998
2021-07-02,000852.SH,0.1999999998
2021-07-02,CBA02701.CS,0.1999999998
2021-07-02,AU9999.SGE,0.1999999998
2021-07-02,NH0100.NHF,0.1999999998
2021-07-09,000300.SH,0.1963621761714246
2021-07-09,000852.SH,0.18653578098437595
2021-07-09,CBA02701.CS,0.21431157865325345
2021-07-09,AU9999.SGE,0.20432841955481212
2021-07-09,NH0100.NHF,0.19846204363613384
2021-07-16,000300.SH,0.19603276204301298
2021-07-16,000852.SH,0.18520943928957942
2021-07-16,CBA02701.CS,0.21558887979966404
2021-07-16,AU9999.SGE,0.20459717234889468
2021-07-16,NH0100.NHF,0.1985717455188487
2021-07-23,000300.SH,0.19678712257742306
2021-07-23,000852.SH,0.18823262740106847
2021-07-23,CBA02701.CS,0.21267638912702222
2021-07-23,AU9999.SGE,0.2038808382389916
2021-07-23,NH0100.NHF,0.1984230216554946
2021-07-30,000300.SH,0.1999999998
2021-07-30,000852.SH,0.1999999998
2021-07-30,CBA02701.CS,0.1999999998
2021-07-30,AU9999.SGE,0.1999999998
2021-07-30,NH0100.NHF,0.1999999998
2021-08-06,000300.SH,0.1999999998
2021-08-06,000852.SH,0.1999999998
2021-08-06,CBA02701.CS,0.1999999998
2021-08-06,AU9999.SGE,0.1999999998
2021-08-06,NH0100.NHF,0.1999999998
2021-08-13,000300.SH,0.1999999998
2021-08-13,000852.SH,0.1999999998
2021-08-13,CBA02701.CS,0.1999999998
2021-08-13,AU9999.SGE,0.1999999998
2021-08-13,NH0100.NHF,0.1999999998
2021-08-20,000300.SH,0.1999999998
2021-08-20,000852.SH,0.1999999998
2021-08-20,CBA02701.CS,0.1999999998
2021-08-20,AU9999.SGE,0.1999999998
2021-08-20,NH0100.NHF,0.1999999998
2021-08-27,000300.SH,0.19597445490703133
2021-08-27,000852.SH,0.1848005538197801
2021-08-27,CBA02701.CS,0.21575510848127522
2021-08-27,AU9999.SGE,0.20449683135465316
2021-08-27,NH0100.NHF,0.19897305043726024
2021-09-03,000300.SH,0.19506784264081356
2021-09-03,000852.SH,0.18117153461787971
2021-09-03,CBA02701.CS,0.21919372795310718
2021-09-03,AU9999.SGE,0.20533512523972533
2021-09-03,NH0100.NHF,0.1992317685484742
2021-09-10,000300.SH,0.1999999998
2021-09-10,000852.SH,0.1999999998
2021-09-10,CBA02701.CS,0.1999999998
2021-09-10,AU9999.SGE,0.1999999998
2021-09-10,NH0100.NHF,0.1999999998
2021-09-17,000300.SH,0.1999999998
2021-09-17,000852.SH,0.1999999998
2021-09-17,CBA02701.CS,0.1999999998
2021-09-17,AU9999.SGE,0.1999999998
2021-09-17,NH0100.NHF,0.1999999998
2021-09-24,000300.SH,0.1997124769490692
2021-09-24,000852.SH,0.19889244220183722
2021-09-24,CBA02701.CS,0.20116172055170892
2021-09-24,AU9999.SGE,0.20031833624974485
2021-09-24,NH0100.NHF,0.1999150230476396
2021-10-01,000300.SH,0.1999999998
2021-10-01,000852.SH,0.1999999998
2021-10-01,CBA02701.CS,0.1999999998
2021-10-01,AU9999.SGE,0.1999999998
2021-10-01,NH0100.NHF,0.1999999998
2021-10-08,000300.SH,0.19973723497621712
2021-10-08,000852.SH,0.1989953151332294
2021-10-08,CBA02701.CS,0.20105488166838772
2021-10-08,AU9999.SGE,0.20029408870580684
2021-10-08,NH0100.NHF,0.1999184785163589
2021-10-15,000300.SH,0.1999999998
2021-10-15,000852.SH,0.1999999998
2021-10-15,CBA02701.CS,0.1999999998
2021-10-15,AU9999.SGE,0.1999999998
2021-10-15,NH0100.NHF,0.1999999998
2021-10-22,000300.SH,0.1999999998
2021-10-22,000852.SH,0.1999999998
2021-10-22,CBA02701.CS,0.1999999998
2021-10-22,AU9999.SGE,0.1999999998
2021-10-22,NH0100.NHF,0.1999999998
2021-10-29,000300.SH,0.1999999998
2021-10-29,000852.SH,0.1999999998
2021-10-29,CBA02701.CS,0.1999999998
2021-10-29,AU9999.SGE,0.1999999998
2021-10-29,NH0100.NHF,0.1999999998
2021-11-05,000300.SH,0.1999999998
2021-11-05,000852.SH,0.1999999998
2021-11-05,CBA02701.CS,0.1999999998
2021-11-05,AU9999.SGE,0.1999999998
2021-11-05,NH0100.NHF,0.1999999998
2021-11-12,000300.SH,0.1999999998
2021-11-12,000852.SH,0.1999999998
2021-11-12,CBA02701.CS,0.1999999998
2021-11-12,AU9999.SGE,0.1999999998
2021-11-12,NH0100.NHF,0.1999999998
2021-11-19,000300.SH,0.1999999998
2021-11-19,000852.SH,0.1999999998
2021-11-19,CBA02701.CS,0.1999999998
2021-11-19,AU9999.SGE,0.1999999998
2021-11-19,NH0100.NHF,0.1999999998
2021-11-26,000300.SH,0.1999999998
2021-11-26,000852.SH,0.1999999998
2021-11-26,CBA02701.CS,0.1999999998
2021-11-26,AU9999.SGE,0.1999999998
2021-11-26,NH0100.NHF,0.1999999998
2021-12-03,000300.SH,0.1999999998
2021-12-03,000852.SH,0.1999999998
2021-12-03,CBA02701.CS,0.1999999998
2021-12-03,AU9999.SGE,0.1999999998
2021-12-03,NH0100.NHF,0.1999999998
2021-12-10,000300.SH,0.1999999998
2021-12-10,000852.SH,0.1999999998
2021-12-10,CBA02701.CS,0.1999999998
2021-12-10,AU9999.SGE,0.1999999998
2021-12-10,NH0100.NHF,0.1999999998
2021-12-17,000300.SH,0.1999999998
2021-12-17,000852.SH,0.1999999998
2021-12-17,CBA02701.CS,0.1999999998
2021-12-17,AU9999.SGE,0.1999999998
2021-12-17,NH0100.NHF,0.1999999998
2021-12-24,000300.SH,0.1999999998
2021-12-24,000852.SH,0.1999999998
2021-12-24,CBA02701.CS,0.1999999998
2021-12-24,AU9999.SGE,0.1999999998
2021-12-24,NH0100.NHF,0.1999999998
2021-12-31,000300.SH,0.1999999998
2021-12-31,000852.SH,0.1999999998
2021-12-31,CBA02701.CS,0.1999999998
2021-12-31,AU9999.SGE,0.1999999998
2021-12-31,NH0100.NHF,0.1999999998
2022-01-07,000300.SH,0.19951544023187773
2022-01-07,000852.SH,0.19817923074471763
2022-01-07,CBA02701.CS,0.20190050423326117
2022-01-07,AU9999.SGE,0.20055054692961083
2022-01-07,NH0100.NHF,0.1998542768605326
2022-01-14,000300.SH,0.1999999998
2022-01-14,000852.SH,0.1999999998
2022-01-14,CBA02701.CS,0.1999999998
2022-01-14,AU9999.SGE,0.1999999998
2022-01-14,NH0100.NHF,0.1999999998
2022-01-21,000300.SH,0.1999999998
2022-01-21,000852.SH,0.1999999998
2022-01-21,CBA02701.CS,0.1999999998
2022-01-21,AU9999.SGE,0.1999999998
2022-01-21,NH0100.NHF,0.1999999998
2022-01-28,000300.SH,0.1999999998
2022-01-28,000852.SH,0.1999999998
2022-01-28,CBA02701.CS,0.1999999998
2022-01-28,AU9999.SGE,0.1999999998
2022-01-28,NH0100.NHF,0.1999999998
2022-02-04,000300.SH,0.1999999998
2022-02-04,000852.SH,0.1999999998
2022-02-04,CBA02701.CS,0.1999999998
2022-02-04,AU9999.SGE,0.1999999998
2022-02-04,NH0100.NHF,0.1999999998
2022-02-11,000300.SH,0.1999999998
2022-02-11,000852.SH,0.1999999998
2022-02-11,CBA02701.CS,0.1999999998
2022-02-11,AU9999.SGE,0.1999999998
2022-02-11,NH0100.NHF,0.1999999998
2022-02-18,000300.SH,0.1999999998
2022-02-18,000852.SH,0.1999999998
2022-02-18,CBA02701.CS,0.1999999998
2022-02-18,AU9999.SGE,0.1999999998
2022-02-18,NH0100.NHF,0.1999999998
2022-02-25,000300.SH,0.1999999998
2022-02-25,000852.SH,0.1999999998
2022-02-25,CBA02701.CS,0.1999999998
2022-02-25,AU9999.SGE,0.1999999998
2022-02-25,NH0100.NHF,0.1999999998
2022-03-04,000300.SH,0.1999999998
2022-03-04,000852.SH,0.1999999998
2022-03-04,CBA02701.CS,0.1999999998
2022-03-04,AU9999.SGE,0.1999999998
2022-03-04,NH0100.NHF,0.1999999998
2022-03-11,000300.SH,0.1999999998
2022-03-11,000852.SH,0.1999999998
2022-03-11,CBA02701.CS,0.1999999998
2022-03-11,AU9999.SGE,0.1999999998
2022-03-11,NH0100.NHF,0.1999999998
2022-03-18,000300.SH,0.1999999998
2022-03-18,000852.SH,0.1999999998
2022-03-18,CBA02701.CS,0.1999999998
2022-03-18,AU9999.SGE,0.1999999998
2022-03-18,NH0100.NHF,0.1999999998
2022-03-25,000300.SH,0.1999999998
2022-03-25,000852.SH,0.1999999998
2022-03-25,CBA02701.CS,0.1999999998
2022-03-25,AU9999.SGE,0.1999999998
2022-03-25,NH0100.NHF,0.1999999998
2022-04-01,000300.SH,0.1999999998
2022-04-01,000852.SH,0.1999999998
2022-04-01,CBA02701.CS,0.1999999998
2022-04-01,AU9999.SGE,0.1999999998
2022-04-01,NH0100.NHF,0.1999999998
2022-04-08,000300.SH,0.1999999998
2022-04-08,000852.SH,0.1999999998
2022-04-08,CBA02701.CS,0.1999999998
2022-04-08,AU9999.SGE,0.1999999998
2022-04-08,NH0100.NHF,0.1999999998
2022-04-15,000300.SH,0.1999999998
2022-04-15,000852.SH,0.1999999998
2022-04-15,CBA02701.CS,0.1999999998
2022-04-15,AU9999.SGE,0.1999999998
2022-04-15,NH0100.NHF,0.1999999998
2022-04-22,000300.SH,0.1999999998
2022-04-22,000852.SH,0.1999999998
2022-04-22,CBA02701.CS,0.1999999998
2022-04-22,AU9999.SGE,0.1999999998
2022-04-22,NH0100.NHF,0.1999999998
2022-04-29,000300.SH,0.1999999998
2022-04-29,000852.SH,0.1999999998
2022-04-29,CBA02701.CS,0.1999999998
2022-04-29,AU9999.SGE,0.1999999998
2022-04-29,NH0100.NHF,0.1999999998
2022-05-06,000300.SH,0.1999999998
2022-05-06,000852.SH,0.1999999998
2022-05-06,CBA02701.CS,0.1999999998
2022-05-06,AU9999.SGE,0.1999999998
2022-05-06,NH0100.NHF,0.1999999998
2022-05-13,000300.SH,0.1999999998
2022-05-13,000852.SH,0.1999999998
2022-05-13,CBA02701.CS,0.1999999998
2022-05-13,AU9999.SGE,0.1999999998
2022-05-13,NH0100.NHF,0.1999999998
2022-05-20,000300.SH,0.1999999998
2022-05-20,000852.SH,0.1999999998
2022-05-20,CBA02701.CS,0.1999999998
2022-05-20,AU9999.SGE,0.1999999998
2022-05-20,NH0100.NHF,0.1999999998
2022-05-27,000300.SH,0.1999999998
2022-05-27,000852.SH,0.1999999998
2022-05-27,CBA02701.CS,0.1999999998
2022-05-27,AU9999.SGE,0.1999999998
2022-05-27,NH0100.NHF,0.1999999998
2022-06-03,000300.SH,0.1999999998
2022-06-03,000852.SH,0.1999999998
2022-06-03,CBA02701.CS,0.1999999998
2022-06-03,AU9999.SGE,0.1999999998
2022-06-03,NH0100.NHF,0.1999999998
2022-06-10,000300.SH,0.1999999998
2022-06-10,000852.SH,0.1999999998
2022-06-10,CBA02701.CS,0.1999999998
2022-06-10,AU9999.SGE,0.1999999998
2022-06-10,NH0100.NHF,0.1999999998
2022-06-17,000300.SH,0.1999999998
2022-06-17,000852.SH,0.1999999998
2022-06-17,CBA02701.CS,0.1999999998
2022-06-17,AU9999.SGE,0.1999999998
2022-06-17,NH0100.NHF,0.1999999998
2022-06-24,000300.SH,0.1999999998
2022-06-24,000852.SH,0.1999999998
2022-06-24,CBA02701.CS,0.1999999998
2022-06-24,AU9999.SGE,0.1999999998
2022-06-24,NH0100.NHF,0.1999999998
2022-07-01,000300.SH,0.1999999998
2022-07-01,000852.SH,0.1999999998
2022-07-01,CBA02701.CS,0.1999999998
2022-07-01,AU9999.SGE,0.1999999998
2022-07-01,NH0100.NHF,0.1999999998
2022-07-08,000300.SH,0.1999999998
2022-07-08,000852.SH,0.1999999998
2022-07-08,CBA02701.CS,0.1999999998
2022-07-08,AU9999.SGE,0.1999999998
2022-07-08,NH0100.NHF,0.1999999998
2022-07-15,000300.SH,0.1999999998
2022-07-15,000852.SH,0.1999999998
2022-07-15,CBA02701.CS,0.1999999998
2022-07-15,AU9999.SGE,0.1999999998
2022-07-15,NH0100.NHF,0.1999999998
2022-07-22,000300.SH,0.1999999998
2022-07-22,000852.SH,0.1999999998
2022-07-22,CBA02701.CS,0.1999999998
2022-07-22,AU9999.SGE,0.1999999998
2022-07-22,NH0100.NHF,0.1999999998
2022-07-29,000300.SH,0.1999999998
2022-07-29,000852.SH,0.1999999998
2022-07-29,CBA02701.CS,0.1999999998
2022-07-29,AU9999.SGE,0.1999999998
2022-07-29,NH0100.NHF,0.1999999998
2022-08-05,000300.SH,0.1999999998
2022-08-05,000852.SH,0.1999999998
2022-08-05,CBA02701.CS,0.1999999998
2022-08-05,AU9999.SGE,0.1999999998
2022-08-05,NH0100.NHF,0.1999999998
2022-08-12,000300.SH,0.1999999998
2022-08-12,000852.SH,0.1999999998
2022-08-12,CBA02701.CS,0.1999999998
2022-08-12,AU9999.SGE,0.1999999998
2022-08-12,NH0100.NHF,0.1999999998
2022-08-19,000300.SH,0.1999999998
2022-08-19,000852.SH,0.1999999998
2022-08-19,CBA02701.CS,0.1999999998
2022-08-19,AU9999.SGE,0.1999999998
2022-08-19,NH0100.NHF,0.1999999998
2022-08-26,000300.SH,0.1999999998
2022-08-26,000852.SH,0.1999999998
2022-08-26,CBA02701.CS,0.1999999998
2022-08-26,AU9999.SGE,0.1999999998
2022-08-26,NH0100.NHF,0.1999999998
2022-09-02,000300.SH,0.1999999998
2022-09-02,000852.SH,0.1999999998
2022-09-02,CBA02701.CS,0.1999999998
2022-09-02,AU9999.SGE,0.1999999998
2022-09-02,NH0100.NHF,0.1999999998
2022-09-09,000300.SH,0.1999999998
2022-09-09,000852.SH,0.1999999998
2022-09-09,CBA02701.CS,0.1999999998
2022-09-09,AU9999.SGE,0.1999999998
2022-09-09,NH0100.NHF,0.1999999998
2022-09-16,000300.SH,0.1999999998
2022-09-16,000852.SH,0.1999999998
2022-09-16,CBA02701.CS,0.1999999998
2022-09-16,AU9999.SGE,0.1999999998
2022-09-16,NH0100.NHF,0.1999999998
2022-09-23,000300.SH,0.1999999998
2022-09-23,000852.SH,0.1999999998
2022-09-23,CBA02701.CS,0.1999999998
2022-09-23,AU9999.SGE,0.1999999998
2022-09-23,NH0100.NHF,0.1999999998
2022-09-30,000300.SH,0.1999999998
2022-09-30,000852.SH,0.1999999998
2022-09-30,CBA02701.CS,0.1999999998
2022-09-30,AU9999.SGE,0.1999999998
2022-09-30,NH0100.NHF,0.1999999998
2022-10-07,000300.SH,0.1999999998
2022-10-07,000852.SH,0.1999999998
2022-10-07,CBA02701.CS,0.1999999998
2022-10-07,AU9999.SGE,0.1999999998
2022-10-07,NH0100.NHF,0.1999999998
2022-10-14,000300.SH,0.1999999998
2022-10-14,000852.SH,0.1999999998
2022-10-14,CBA02701.CS,0.1999999998
2022-10-14,AU9999.SGE,0.1999999998
2022-10-14,NH0100.NHF,0.1999999998
2022-10-21,000300.SH,0.1999999998
2022-10-21,000852.SH,0.1999999998
2022-10-21,CBA02701.CS,0.1999999998
2022-10-21,AU9999.SGE,0.1999999998
2022-10-21,NH0100.NHF,0.1999999998
2022-10-28,000300.SH,0.1999999998
2022-10-28,000852.SH,0.1999999998
2022-10-28,CBA02701.CS,0.1999999998
2022-10-28,AU9999.SGE,0.1999999998
2022-10-28,NH0100.NHF,0.1999999998
2022-11-04,000300.SH,0.1999999998
2022-11-04,000852.SH,0.1999999998
2022-11-04,CBA02701.CS,0.1999999998
2022-11-04,AU9999.SGE,0.1999999998
2022-11-04,NH0100.NHF,0.1999999998
2022-11-11,000300.SH,0.1999999998
2022-11-11,000852.SH,0.1999999998
2022-11-11,CBA02701.CS,0.1999999998
2022-11-11,AU9999.SGE,0.1999999998
2022-11-11,NH0100.NHF,0.1999999998
2022-11-18,000300.SH,0.1999999998
2022-11-18,000852.SH,0.1999999998
2022-11-18,CBA02701.CS,0.1999999998
2022-11-18,AU9999.SGE,0.1999999998
2022-11-18,NH0100.NHF,0.1999999998
2022-11-25,000300.SH,0.1999999998
2022-11-25,000852.SH,0.1999999998
2022-11-25,CBA02701.CS,0.1999999998
2022-11-25,AU9999.SGE,0.1999999998
2022-11-25,NH0100.NHF,0.1999999998
2022-12-02,000300.SH,0.1999999998
2022-12-02,000852.SH,0.1999999998
2022-12-02,CBA02701.CS,0.1999999998
2022-12-02,AU9999.SGE,0.1999999998
2022-12-02,NH0100.NHF,0.1999999998
2022-12-09,000300.SH,0.1999999998
2022-12-09,000852.SH,0.1999999998
2022-12-09,CBA02701.CS,0.1999999998
2022-12-09,AU9999.SGE,0.1999999998
2022-12-09,NH0100.NHF,0.1999999998
2022-12-16,000300.SH,0.1999999998
2022-12-16,000852.SH,0.1999999998
2022-12-16,CBA02701.CS,0.1999999998
2022-12-16,AU9999.SGE,0.1999999998
2022-12-16,NH0100.NHF,0.1999999998
2022-12-23,000300.SH,0.1999999998
2022-12-23,000852.SH,0.1999999998
2022-12-23,CBA02701.CS,0.1999999998
2022-12-23,AU9999.SGE,0.1999999998
2022-12-23,NH0100.NHF,0.1999999998
2022-12-30,000300.SH,0.1999999998
2022-12-30,000852.SH,0.1999999998
2022-12-30,CBA02701.CS,0.1999999998
2022-12-30,AU9999.SGE,0.1999999998
2022-12-30,NH0100.NHF,0.1999999998
2023-01-06,000300.SH,0.1999999998
2023-01-06,000852.SH,0.1999999998
2023-01-06,CBA02701.CS,0.1999999998
2023-01-06,AU9999.SGE,0.1999999998
2023-01-06,NH0100.NHF,0.1999999998
2023-01-13,000300.SH,0.1999999998
2023-01-13,000852.SH,0.1999999998
2023-01-13,CBA02701.CS,0.1999999998
2023-01-13,AU9999.SGE,0.1999999998
2023-01-13,NH0100.NHF,0.1999999998
2023-01-20,000300.SH,0.1999999998
2023-01-20,000852.SH,0.1999999998
2023-01-20,CBA02701.CS,0.1999999998
2023-01-20,AU9999.SGE,0.1999999998
2023-01-20,NH0100.NHF,0.1999999998
2023-01-27,000300.SH,0.1999999998
2023-01-27,000852.SH,0.1999999998
2023-01-27,CBA02701.CS,0.1999999998
2023-01-27,AU9999.SGE,0.1999999998
2023-01-27,NH0100.NHF,0.1999999998
2023-02-03,000300.SH,0.1999999998
2023-02-03,000852.SH,0.1999999998
2023-02-03,CBA02701.CS,0.1999999998
2023-02-03,AU9999.SGE,0.1999999998
2023-02-03,NH0100.NHF,0.1999999998
2023-02-10,000300.SH,0.1999999998
2023-02-10,000852.SH,0.1999999998
2023-02-10,CBA02701.CS,0.1999999998
2023-02-10,AU9999.SGE,0.1999999998
2023-02-10,NH0100.NHF,0.1999999998
2023-02-17,000300.SH,0.1999999998
2023-02-17,000852.SH,0.1999999998
2023-02-17,CBA02701.CS,0.1999999998
2023-02-17,AU9999.SGE,0.1999999998
2023-02-17,NH0100.NHF,0.1999999998
2023-02-24,000300.SH,0.1999999998
2023-02-24,000852.SH,0.1999999998
2023-02-24,CBA02701.CS,0.1999999998
2023-02-24,AU9999.SGE,0.1999999998
2023-02-24,NH0100.NHF,0.1999999998
2023-03-03,000300.SH,0.1999999998
2023-03-03,000852.SH,0.1999999998
2023-03-03,CBA02701.CS,0.1999999998
2023-03-03,AU9999.SGE,0.1999999998
2023-03-03,NH0100.NHF,0.1999999998
2023-03-10,000300.SH,0.1999999998
2023-03-10,000852.SH,0.1999999998
2023-03-10,CBA02701.CS,0.1999999998
2023-03-10,AU9999.SGE,0.1999999998
2023-03-10,NH0100.NHF,0.1999999998
2023-03-17,000300.SH,0.1999999998
2023-03-17,000852.SH,0.1999999998
2023-03-17,CBA02701.CS,0.1999999998
2023-03-17,AU9999.SGE,0.1999999998
2023-03-17,NH0100.NHF,0.1999999998
2023-03-24,000300.SH,0.1999999998
2023-03-24,000852.SH,0.1999999998
2023-03-24,CBA02701.CS,0.1999999998
2023-03-24,AU9999.SGE,0.1999999998
2023-03-24,NH0100.NHF,0.1999999998
2023-03-31,000300.SH,0.1999999998
2023-03-31,000852.SH,0.1999999998
2023-03-31,CBA02701.CS,0.1999999998
2023-03-31,AU9999.SGE,0.1999999998
2023-03-31,NH0100.NHF,0.1999999998
2023-04-07,000300.SH,0.1999999998
2023-04-07,000852.SH,0.1999999998
2023-04-07,CBA02701.CS,0.1999999998
2023-04-07,AU9999.SGE,0.1999999998
2023-04-07,NH0100.NHF,0.1999999998
2023-04-14,000300.SH,0.1999999998
2023-04-14,000852.SH,0.1999999998
2023-04-14,CBA02701.CS,0.1999999998
2023-04-14,AU9999.SGE,0.1999999998
2023-04-14,NH0100.NHF,0.1999999998
2023-04-21,000300.SH,0.1999999998
2023-04-21,000852.SH,0.1999999998
2023-04-21,CBA02701.CS,0.1999999998
2023-04-21,AU9999.SGE,0.1999999998
2023-04-21,NH0100.NHF,0.1999999998
2023-04-28,000300.SH,0.1999999998
2023-04-28,000852.SH,0.1999999998
2023-04-28,CBA02701.CS,0.1999999998
2023-04-28,AU9999.SGE,0.1999999998
2023-04-28,NH0100.NHF,0.1999999998
2023-05-05,000300.SH,0.1999999998
2023-05-05,000852.SH,0.1999999998
2023-05-05,CBA02701.CS,0.1999999998
2023-05-05,AU9999.SGE,0.1999999998
2023-05-05,NH0100.NHF,0.1999999998
2023-05-12,000300.SH,0.19611805043973612
2023-05-12,000852.SH,0.18612186904063532
2023-05-12,CBA02701.CS,0.2155427329059633
2023-05-12,AU9999.SGE,0.20515917616079563
2023-05-12,NH0100.NHF,0.1970581704528694
2023-05-19,000300.SH,0.19782532416413975
2023-05-19,000852.SH,0.19195079854087801
2023-05-19,CBA02701.CS,0.2091816238110817
2023-05-19,AU9999.SGE,0.20279909135929747
2023-05-19,NH0100.NHF,0.19824316112460308
2023-05-26,000300.SH,0.19789513773939074
2023-05-26,000852.SH,0.19228567242817365
2023-05-26,CBA02701.CS,0.208614913473513
2023-05-26,AU9999.SGE,0.20264195763123347
2023-05-26,NH0100.NHF,0.19856231772768893
2023-06-02,000300.SH,0.1960407265744007
2023-06-02,000852.SH,0.18495829074686837
2023-06-02,CBA02701.CS,0.21911945778931263
2023-06-02,AU9999.SGE,0.2055198334958969
2023-06-02,NH0100.NHF,0.19436169039352136
2023-06-09,000300.SH,0.19402451616533778
2023-06-09,000852.SH,0.17691140915233367
2023-06-09,CBA02701.CS,0.22857137644371045
2023-06-09,AU9999.SGE,0.20866817568623802
2023-06-09,NH0100.NHF,0.19182452155238008
2023-06-16,000300.SH,0.19717029235121367
2023-06-16,000852.SH,0.19045666699203925
2023-06-16,CBA02701.CS,0.21217417499511995
2023-06-16,AU9999.SGE,0.20395657236309922
2023-06-16,NH0100.NHF,0.19624229229852794
2023-06-23,000300.SH,0.1999999998
2023-06-23,000852.SH,0.1999999998
2023-06-23,CBA02701.CS,0.1999999998
2023-06-23,AU9999.SGE,0.1999999998
2023-06-23,NH0100.NHF,0.1999999998
2023-06-30,000300.SH,0.1985605345067388
2023-06-30,000852.SH,0.19458889398936774
2023-06-30,CBA02701.CS,0.20644098960705357
2023-06-30,AU9999.SGE,0.20194065414927145
2023-06-30,NH0100.NHF,0.19846892674756847
2023-07-07,000300.SH,0.1999999998
2023-07-07,000852.SH,0.1999999998
2023-07-07,CBA02701.CS,0.1999999998
2023-07-07,AU9999.SGE,0.1999999998
2023-07-07,NH0100.NHF,0.1999999998
2023-07-14,000300.SH,0.1999999998
2023-07-14,000852.SH,0.1999999998
2023-07-14,CBA02701.CS,0.1999999998
2023-07-14,AU9999.SGE,0.1999999998
2023-07-14,NH0100.NHF,0.1999999998
2023-07-21,000300.SH,0.1999999998
2023-07-21,000852.SH,0.1999999998
2023-07-21,CBA02701.CS,0.1999999998
2023-07-21,AU9999.SGE,0.1999999998
2023-07-21,NH0100.NHF,0.1999999998
2023-07-28,000300.SH,0.1999999998
2023-07-28,000852.SH,0.1999999998
2023-07-28,CBA02701.CS,0.1999999998
2023-07-28,AU9999.SGE,0.1999999998
2023-07-28,NH0100.NHF,0.1999999998
2023-08-04,000300.SH,0.19968202306661118
2023-08-04,000852.SH,0.19896348269461114
2023-08-04,CBA02701.CS,0.20155665347066537
2023-08-04,AU9999.SGE,0.20049115107572543
2023-08-04,NH0100.NHF,0.19930668869238674
2023-08-11,000300.SH,0.1999999998
2023-08-11,000852.SH,0.1999999998
2023-08-11,CBA02701.CS,0.1999999998
2023-08-11,AU9999.SGE,0.1999999998
2023-08-11,NH0100.NHF,0.1999999998
2023-08-18,000300.SH,0.1999999998
2023-08-18,000852.SH,0.1999999998
2023-08-18,CBA02701.CS,0.1999999998
2023-08-18,AU9999.SGE,0.1999999998
2023-08-18,NH0100.NHF,0.1999999998
2023-08-25,000300.SH,0.1999999998
2023-08-25,000852.SH,0.1999999998
2023-08-25,CBA02701.CS,0.1999999998
2023-08-25,AU9999.SGE,0.1999999998
2023-08-25,NH0100.NHF,0.1999999998
2023-09-01,000300.SH,0.1999999998
2023-09-01,000852.SH,0.1999999998
2023-09-01,CBA02701.CS,0.1999999998
2023-09-01,AU9999.SGE,0.1999999998
2023-09-01,NH0100.NHF,0.1999999998
2023-09-08,000300.SH,0.1999999998
2023-09-08,000852.SH,0.1999999998
2023-09-08,CBA02701.CS,0.1999999998
2023-09-08,AU9999.SGE,0.1999999998
2023-09-08,NH0100.NHF,0.1999999998
2023-09-15,000300.SH,0.19940108201629084
2023-09-15,000852.SH,0.19772912895811875
2023-09-15,CBA02701.CS,0.2024302929528974
2023-09-15,AU9999.SGE,0.20069623344479656
2023-09-15,NH0100.NHF,0.19974326162789643
2023-09-22,000300.SH,0.19782609934268408
2023-09-22,000852.SH,0.19183730683360511
2023-09-22,CBA02701.CS,0.2089693076999263
2023-09-22,AU9999.SGE,0.20262928821073836
2023-09-22,NH0100.NHF,0.19873799691304606
2023-09-29,000300.SH,0.1999999998
2023-09-29,000852.SH,0.1999999998
2023-09-29,CBA02701.CS,0.1999999998
2023-09-29,AU9999.SGE,0.1999999998
2023-09-29,NH0100.NHF,0.1999999998
2023-10-06,000300.SH,0.1999999998
2023-10-06,000852.SH,0.1999999998
2023-10-06,CBA02701.CS,0.1999999998
2023-10-06,AU9999.SGE,0.1999999998
2023-10-06,NH0100.NHF,0.1999999998
2023-10-13,000300.SH,0.1999999998
2023-10-13,000852.SH,0.1999999998
2023-10-13,CBA02701.CS,0.1999999998
2023-10-13,AU9999.SGE,0.1999999998
2023-10-13,NH0100.NHF,0.1999999998
2023-10-20,000300.SH,0.1999999998
2023-10-20,000852.SH,0.1999999998
2023-10-20,CBA02701.CS,0.1999999998
2023-10-20,AU9999.SGE,0.1999999998
2023-10-20,NH0100.NHF,0.1999999998
2023-10-27,000300.SH,0.1999999998
2023-10-27,000852.SH,0.1999999998
2023-10-27,CBA02701.CS,0.1999999998
2023-10-27,AU9999.SGE,0.1999999998
2023-10-27,NH0100.NHF,0.1999999998
2023-11-03,000300.SH,0.1999999998
2023-11-03,000852.SH,0.1999999998
2023-11-03,CBA02701.CS,0.1999999998
2023-11-03,AU9999.SGE,0.1999999998
2023-11-03,NH0100.NHF,0.1999999998
2023-11-10,000300.SH,0.1999999998
2023-11-10,000852.SH,0.1999999998
2023-11-10,CBA02701.CS,0.1999999998
2023-11-10,AU9999.SGE,0.1999999998
2023-11-10,NH0100.NHF,0.1999999998
2023-11-17,000300.SH,0.1999999998
2023-11-17,000852.SH,0.1999999998
2023-11-17,CBA02701.CS,0.1999999998
2023-11-17,AU9999.SGE,0.1999999998
2023-11-17,NH0100.NHF,0.1999999998
2023-11-24,000300.SH,0.1999999998
2023-11-24,000852.SH,0.1999999998
2023-11-24,CBA02701.CS,0.1999999998
2023-11-24,AU9999.SGE,0.1999999998
2023-11-24,NH0100.NHF,0.1999999998
2023-12-01,000300.SH,0.1999999998
2023-12-01,000852.SH,0.1999999998
2023-12-01,CBA02701.CS,0.1999999998
2023-12-01,AU9999.SGE,0.1999999998
2023-12-01,NH0100.NHF,0.1999999998
2023-12-08,000300.SH,0.1999999998
2023-12-08,000852.SH,0.1999999998
2023-12-08,CBA02701.CS,0.1999999998
2023-12-08,AU9999.SGE,0.1999999998
2023-12-08,NH0100.NHF,0.1999999998
2023-12-15,000300.SH,0.1999999998
2023-12-15,000852.SH,0.1999999998
2023-12-15,CBA02701.CS,0.1999999998
2023-12-15,AU9999.SGE,0.1999999998
2023-12-15,NH0100.NHF,0.1999999998
2023-12-22,000300.SH,0.1999999998
2023-12-22,000852.SH,0.1999999998
2023-12-22,CBA02701.CS,0.1999999998
2023-12-22,AU9999.SGE,0.1999999998
2023-12-22,NH0100.NHF,0.1999999998
2023-12-29,000300.SH,0.1999999998
2023-12-29,000852.SH,0.1999999998
2023-12-29,CBA02701.CS,0.1999999998
2023-12-29,AU9999.SGE,0.1999999998
2023-12-29,NH0100.NHF,0.1999999998
2024-01-05,000300.SH,0.1999999998
2024-01-05,000852.SH,0.1999999998
2024-01-05,CBA02701.CS,0.1999999998
2024-01-05,AU9999.SGE,0.1999999998
2024-01-05,NH0100.NHF,0.1999999998
2024-01-12,000300.SH,0.1999999998
2024-01-12,000852.SH,0.1999999998
2024-01-12,CBA02701.CS,0.1999999998
2024-01-12,AU9999.SGE,0.1999999998
2024-01-12,NH0100.NHF,0.1999999998
2024-01-19,000300.SH,0.1999999998
2024-01-19,000852.SH,0.1999999998
2024-01-19,CBA02701.CS,0.1999999998
2024-01-19,AU9999.SGE,0.1999999998
2024-01-19,NH0100.NHF,0.1999999998
2024-01-26,000300.SH,0.1999999998
2024-01-26,000852.SH,0.1999999998
2024-01-26,CBA02701.CS,0.1999999998
2024-01-26,AU9999.SGE,0.1999999998
2024-01-26,NH0100.NHF,0.1999999998
2024-02-02,000300.SH,0.1999999998
2024-02-02,000852.SH,0.1999999998
2024-02-02,CBA02701.CS,0.1999999998
2024-02-02,AU9999.SGE,0.1999999998
2024-02-02,NH0100.NHF,0.1999999998
2024-02-09,000300.SH,0.1999999998
2024-02-09,000852.SH,0.1999999998
2024-02-09,CBA02701.CS,0.1999999998
2024-02-09,AU9999.SGE,0.1999999998
2024-02-09,NH0100.NHF,0.1999999998
2024-02-16,000300.SH,0.1999999998
2024-02-16,000852.SH,0.1999999998
2024-02-16,CBA02701.CS,0.1999999998
2024-02-16,AU9999.SGE,0.1999999998
2024-02-16,NH0100.NHF,0.1999999998
2024-02-23,000300.SH,0.1999999998
2024-02-23,000852.SH,0.1999999998
2024-02-23,CBA02701.CS,0.1999999998
2024-02-23,AU9999.SGE,0.1999999998
2024-02-23,NH0100.NHF,0.1999999998
2024-03-01,000300.SH,0.1999999998
2024-03-01,000852.SH,0.1999999998
2024-03-01,CBA02701.CS,0.1999999998
2024-03-01,AU9999.SGE,0.1999999998
2024-03-01,NH0100.NHF,0.1999999998
2024-03-08,000300.SH,0.1999999998
2024-03-08,000852.SH,0.1999999998
2024-03-08,CBA02701.CS,0.1999999998
2024-03-08,AU9999.SGE,0.1999999998
2024-03-08,NH0100.NHF,0.1999999998
2024-03-15,000300.SH,0.1999999998
2024-03-15,000852.SH,0.1999999998
2024-03-15,CBA02701.CS,0.1999999998
2024-03-15,AU9999.SGE,0.1999999998
2024-03-15,NH0100.NHF,0.1999999998
2024-03-22,000300.SH,0.1999999998
2024-03-22,000852.SH,0.1999999998
2024-03-22,CBA02701.CS,0.1999999998
2024-03-22,AU9999.SGE,0.1999999998
2024-03-22,NH0100.NHF,0.1999999998
2024-03-29,000300.SH,0.1999999998
2024-03-29,000852.SH,0.1999999998
2024-03-29,CBA02701.CS,0.1999999998
2024-03-29,AU9999.SGE,0.1999999998
2024-03-29,NH0100.NHF,0.1999999998
2024-04-05,000300.SH,0.1999999998
2024-04-05,000852.SH,0.1999999998
2024-04-05,CBA02701.CS,0.1999999998
2024-04-05,AU9999.SGE,0.1999999998
2024-04-05,NH0100.NHF,0.1999999998
2024-04-12,000300.SH,0.1999999998
2024-04-12,000852.SH,0.1999999998
2024-04-12,CBA02701.CS,0.1999999998
2024-04-12,AU9999.SGE,0.1999999998
2024-04-12,NH0100.NHF,0.1999999998
2024-04-19,000300.SH,0.1999999998
2024-04-19,000852.SH,0.1999999998
2024-04-19,CBA02701.CS,0.1999999998
2024-04-19,AU9999.SGE,0.1999999998
2024-04-19,NH0100.NHF,0.1999999998
2024-04-26,000300.SH,0.1999999998
2024-04-26,000852.SH,0.1999999998
2024-04-26,CBA02701.CS,0.1999999998
2024-04-26,AU9999.SGE,0.1999999998
2024-04-26,NH0100.NHF,0.1999999998
2024-05-03,000300.SH,0.1999999998
2024-05-03,000852.SH,0.1999999998
2024-05-03,CBA02701.CS,0.1999999998
2024-05-03,AU9999.SGE,0.1999999998
2024-05-03,NH0100.NHF,0.1999999998
2024-05-10,000300.SH,0.1999999998
2024-05-10,000852.SH,0.1999999998
2024-05-10,CBA02701.CS,0.1999999998
2024-05-10,AU9999.SGE,0.1999999998
2024-05-10,NH0100.NHF,0.1999999998
2024-05-17,000300.SH,0.1999999998
2024-05-17,000852.SH,0.1999999998
2024-05-17,CBA02701.CS,0.1999999998
2024-05-17,AU9999.SGE,0.1999999998
2024-05-17,NH0100.NHF,0.1999999998
2024-05-24,000300.SH,0.1999999998
2024-05-24,000852.SH,0.1999999998
2024-05-24,CBA02701.CS,0.1999999998
2024-05-24,AU9999.SGE,0.1999999998
2024-05-24,NH0100.NHF,0.1999999998
2024-05-31,000300.SH,0.1999999998
2024-05-31,000852.SH,0.1999999998
2024-05-31,CBA02701.CS,0.1999999998
2024-05-31,AU9999.SGE,0.1999999998
2024-05-31,NH0100.NHF,0.1999999998
2024-06-07,000300.SH,0.19973579173423794
2024-06-07,000852.SH,0.19893245623409156
2024-06-07,CBA02701.CS,0.20135406875868436
2024-06-07,AU9999.SGE,0.2003753072111078
2024-06-07,NH0100.NHF,0.1996023750618782
2024-06-14,000300.SH,0.1999999998
2024-06-14,000852.SH,0.1999999998
2024-06-14,CBA02701.CS,0.1999999998
2024-06-14,AU9999.SGE,0.1999999998
2024-06-14,NH0100.NHF,0.1999999998
2024-06-21,000300.SH,0.1999999998
2024-06-21,000852.SH,0.1999999998
2024-06-21,CBA02701.CS,0.1999999998
2024-06-21,AU9999.SGE,0.1999999998
2024-06-21,NH0100.NHF,0.1999999998
2024-06-28,000300.SH,0.1999999998
2024-06-28,000852.SH,0.1999999998
2024-06-28,CBA02701.CS,0.1999999998
2024-06-28,AU9999.SGE,0.1999999998
2024-06-28,NH0100.NHF,0.1999999998
2024-07-05,000300.SH,0.1999999998
2024-07-05,000852.SH,0.1999999998
2024-07-05,CBA02701.CS,0.1999999998
2024-07-05,AU9999.SGE,0.1999999998
2024-07-05,NH0100.NHF,0.1999999998
2024-07-12,000300.SH,0.1999999998
2024-07-12,000852.SH,0.1999999998
2024-07-12,CBA02701.CS,0.1999999998
2024-07-12,AU9999.SGE,0.1999999998
2024-07-12,NH0100.NHF,0.1999999998
2024-07-19,000300.SH,0.1999999998
2024-07-19,000852.SH,0.1999999998
2024-07-19,CBA02701.CS,0.1999999998
2024-07-19,AU9999.SGE,0.1999999998
2024-07-19,NH0100.NHF,0.1999999998
2024-07-26,000300.SH,0.1999999998
2024-07-26,000852.SH,0.1999999998
2024-07-26,CBA02701.CS,0.1999999998
2024-07-26,AU9999.SGE,0.1999999998
2024-07-26,NH0100.NHF,0.1999999998
2024-08-02,000300.SH,0.1999999998
2024-08-02,000852.SH,0.1999999998
2024-08-02,CBA02701.CS,0.1999999998
2024-08-02,AU9999.SGE,0.1999999998
2024-08-02,NH0100.NHF,0.1999999998
2024-08-09,000300.SH,0.1999999998
2024-08-09,000852.SH,0.1999999998
2024-08-09,CBA02701.CS,0.1999999998
2024-08-09,AU9999.SGE,0.1999999998
2024-08-09,NH0100.NHF,0.1999999998
2024-08-16,000300.SH,0.1999999998
2024-08-16,000852.SH,0.1999999998
2024-08-16,CBA02701.CS,0.1999999998
2024-08-16,AU9999.SGE,0.1999999998
2024-08-16,NH0100.NHF,0.1999999998
2024-08-23,000300.SH,0.1999999998
2024-08-23,000852.SH,0.1999999998
2024-08-23,CBA02701.CS,0.1999999998
2024-08-23,AU9999.SGE,0.1999999998
2024-08-23,NH0100.NHF,0.1999999998
2024-08-30,000300.SH,0.1999999998
2024-08-30,000852.SH,0.1999999998
2024-08-30,CBA02701.CS,0.1999999998
2024-08-30,AU9999.SGE,0.1999999998
2024-08-30,NH0100.NHF,0.1999999998
2024-09-06,000300.SH,0.1999999998
2024-09-06,000852.SH,0.1999999998
2024-09-06,CBA02701.CS,0.1999999998
2024-09-06,AU9999.SGE,0.1999999998
2024-09-06,NH0100.NHF,0.1999999998
2024-09-13,000300.SH,0.1999999998
2024-09-13,000852.SH,0.1999999998
2024-09-13,CBA02701.CS,0.1999999998
2024-09-13,AU9999.SGE,0.1999999998
2024-09-13,NH0100.NHF,0.1999999998
2024-09-20,000300.SH,0.1999999998
2024-09-20,000852.SH,0.1999999998
2024-09-20,CBA02701.CS,0.1999999998
2024-09-20,AU9999.SGE,0.1999999998
2024-09-20,NH0100.NHF,0.1999999998
2024-09-27,000300.SH,0.1999999998
2024-09-27,000852.SH,0.1999999998
2024-09-27,CBA02701.CS,0.1999999998
2024-09-27,AU9999.SGE,0.1999999998
2024-09-27,NH0100.NHF,0.1999999998
2024-10-04,000300.SH,0.1999999998
2024-10-04,000852.SH,0.1999999998
2024-10-04,CBA02701.CS,0.1999999998
2024-10-04,AU9999.SGE,0.1999999998
2024-10-04,NH0100.NHF,0.1999999998
2024-10-11,000300.SH,0.1999999998
2024-10-11,000852.SH,0.1999999998
2024-10-11,CBA02701.CS,0.1999999998
2024-10-11,AU9999.SGE,0.1999999998
2024-10-11,NH0100.NHF,0.1999999998
2024-10-18,000300.SH,0.1999999998
2024-10-18,000852.SH,0.1999999998
2024-10-18,CBA02701.CS,0.1999999998
2024-10-18,AU9999.SGE,0.1999999998
2024-10-18,NH0100.NHF,0.1999999998
2024-10-25,000300.SH,0.1999999998
2024-10-25,000852.SH,0.1999999998
2024-10-25,CBA02701.CS,0.1999999998
2024-10-25,AU9999.SGE,0.1999999998
2024-10-25,NH0100.NHF,0.1999999998
2024-11-01,000300.SH,0.1999999998
2024-11-01,000852.SH,0.1999999998
2024-11-01,CBA02701.CS,0.1999999998
2024-11-01,AU9999.SGE,0.1999999998
2024-11-01,NH0100.NHF,0.1999999998
2024-11-08,000300.SH,0.1999999998
2024-11-08,000852.SH,0.1999999998
2024-11-08,CBA02701.CS,0.1999999998
2024-11-08,AU9999.SGE,0.1999999998
2024-11-08,NH0100.NHF,0.1999999998
2024-11-15,000300.SH,0.1999999998
2024-11-15,000852.SH,0.1999999998
2024-11-15,CBA02701.CS,0.1999999998
2024-11-15,AU9999.SGE,0.1999999998
2024-11-15,NH0100.NHF,0.1999999998
2024-11-22,000300.SH,0.1999999998
2024-11-22,000852.SH,0.1999999998
2024-11-22,CBA02701.CS,0.1999999998
2024-11-22,AU9999.SGE,0.1999999998
2024-11-22,NH0100.NHF,0.1999999998
2024-11-29,000300.SH,0.1999999998
2024-11-29,000852.SH,0.1999999998
2024-11-29,CBA02701.CS,0.1999999998
2024-11-29,AU9999.SGE,0.1999999998
2024-11-29,NH0100.NHF,0.1999999998
2024-12-06,000300.SH,0.1999999998
2024-12-06,000852.SH,0.1999999998
2024-12-06,CBA02701.CS,0.1999999998
2024-12-06,AU9999.SGE,0.1999999998
2024-12-06,NH0100.NHF,0.1999999998
2024-12-13,000300.SH,0.1999999998
2024-12-13,000852.SH,0.1999999998
2024-12-13,CBA02701.CS,0.1999999998
2024-12-13,AU9999.SGE,0.1999999998
2024-12-13,NH0100.NHF,0.1999999998
2024-12-20,000300.SH,0.1999999998
2024-12-20,000852.SH,0.1999999998
2024-12-20,CBA02701.CS,0.1999999998
2024-12-20,AU9999.SGE,0.1999999998
2024-12-20,NH0100.NHF,0.1999999998
2024-12-27,000300.SH,0.1999999998
2024-12-27,000852.SH,0.1999999998
2024-12-27,CBA02701.CS,0.1999999998
2024-12-27,AU9999.SGE,0.1999999998
2024-12-27,NH0100.NHF,0.1999999998
2025-01-03,000300.SH,0.1999999998
2025-01-03,000852.SH,0.1999999998
2025-01-03,CBA02701.CS,0.1999999998
2025-01-03,AU9999.SGE,0.1999999998
2025-01-03,NH0100.NHF,0.1999999998
2025-01-10,000300.SH,0.1999999998
2025-01-10,000852.SH,0.1999999998
2025-01-10,CBA02701.CS,0.1999999998
2025-01-10,AU9999.SGE,0.1999999998
2025-01-10,NH0100.NHF,0.1999999998
2025-01-17,000300.SH,0.1999999998
2025-01-17,000852.SH,0.1999999998
2025-01-17,CBA02701.CS,0.1999999998
2025-01-17,AU9999.SGE,0.1999999998
2025-01-17,NH0100.NHF,0.1999999998
2025-01-24,000300.SH,0.1999999998
2025-01-24,000852.SH,0.1999999998
2025-01-24,CBA02701.CS,0.1999999998
2025-01-24,AU9999.SGE,0.1999999998
2025-01-24,NH0100.NHF,0.1999999998
2025-01-31,000300.SH,0.1999999998
2025-01-31,000852.SH,0.1999999998
2025-01-31,CBA02701.CS,0.1999999998
2025-01-31,AU9999.SGE,0.1999999998
2025-01-31,NH0100.NHF,0.1999999998
2025-02-07,000300.SH,0.1999999998
2025-02-07,000852.SH,0.1999999998
2025-02-07,CBA02701.CS,0.1999999998
2025-02-07,AU9999.SGE,0.1999999998
2025-02-07,NH0100.NHF,0.1999999998
2025-02-14,000300.SH,0.1999999998
2025-02-14,000852.SH,0.1999999998
2025-02-14,CBA02701.CS,0.1999999998
2025-02-14,AU9999.SGE,0.1999999998
2025-02-14,NH0100.NHF,0.1999999998
2025-02-21,000300.SH,0.1999999998
2025-02-21,000852.SH,0.1999999998
2025-02-21,CBA02701.CS,0.1999999998
2025-02-21,AU9999.SGE,0.1999999998
2025-02-21,NH0100.NHF,0.1999999998
2025-02-28,000300.SH,0.1999999998
2025-02-28,000852.SH,0.1999999998
2025-02-28,CBA02701.CS,0.1999999998
2025-02-28,AU9999.SGE,0.1999999998
2025-02-28,NH0100.NHF,0.1999999998
2025-03-07,000300.SH,0.1999999998
2025-03-07,000852.SH,0.1999999998
2025-03-07,CBA02701.CS,0.1999999998
2025-03-07,AU9999.SGE,0.1999999998
2025-03-07,NH0100.NHF,0.1999999998
2025-03-14,000300.SH,0.1999999998
2025-03-14,000852.SH,0.1999999998
2025-03-14,CBA02701.CS,0.1999999998
2025-03-14,AU9999.SGE,0.1999999998
2025-03-14,NH0100.NHF,0.1999999998
2025-03-21,000300.SH,0.1999999998
2025-03-21,000852.SH,0.1999999998
2025-03-21,CBA02701.CS,0.1999999998
2025-03-21,AU9999.SGE,0.1999999998
2025-03-21,NH0100.NHF,0.1999999998
2025-03-28,000300.SH,0.1999999998
2025-03-28,000852.SH,0.1999999998
2025-03-28,CBA02701.CS,0.1999999998
2025-03-28,AU9999.SGE,0.1999999998
2025-03-28,NH0100.NHF,0.1999999998
2025-04-04,000300.SH,0.1999999998
2025-04-04,000852.SH,0.1999999998
2025-04-04,CBA02701.CS,0.1999999998
2025-04-04,AU9999.SGE,0.1999999998
2025-04-04,NH0100.NHF,0.1999999998
2025-04-11,000300.SH,0.1999999998
2025-04-11,000852.SH,0.1999999998
2025-04-11,CBA02701.CS,0.1999999998
2025-04-11,AU9999.SGE,0.1999999998
2025-04-11,NH0100.NHF,0.1999999998
2025-04-18,000300.SH,0.1999999998
2025-04-18,000852.SH,0.1999999998
2025-04-18,CBA02701.CS,0.1999999998
2025-04-18,AU9999.SGE,0.1999999998
2025-04-18,NH0100.NHF,0.1999999998
2025-04-25,000300.SH,0.1999999998
2025-04-25,000852.SH,0.1999999998
2025-04-25,CBA02701.CS,0.1999999998
2025-04-25,AU9999.SGE,0.1999999998
2025-04-25,NH0100.NHF,0.1999999998
2025-05-02,000300.SH,0.1999999998
2025-05-02,000852.SH,0.1999999998
2025-05-02,CBA02701.CS,0.1999999998
2025-05-02,AU9999.SGE,0.1999999998
2025-05-02,NH0100.NHF,0.1999999998
2025-05-09,000300.SH,0.1999999998
2025-05-09,000852.SH,0.1999999998
2025-05-09,CBA02701.CS,0.1999999998
2025-05-09,AU9999.SGE,0.1999999998
2025-05-09,NH0100.NHF,0.1999999998
2025-05-16,000300.SH,0.1999999998
2025-05-16,000852.SH,0.1999999998
2025-05-16,CBA02701.CS,0.1999999998
2025-05-16,AU9999.SGE,0.1999999998
2025-05-16,NH0100.NHF,0.1999999998
2025-05-23,000300.SH,0.1999999998
2025-05-23,000852.SH,0.1999999998
2025-05-23,CBA02701.CS,0.1999999998
2025-05-23,AU9999.SGE,0.1999999998
2025-05-23,NH0100.NHF,0.1999999998
2025-05-30,000300.SH,0.1999999998
2025-05-30,000852.SH,0.1999999998
2025-05-30,CBA02701.CS,0.1999999998
2025-05-30,AU9999.SGE,0.1999999998
2025-05-30,NH0100.NHF,0.1999999998
2025-06-06,000300.SH,0.1999999998
2025-06-06,000852.SH,0.1999999998
2025-06-06,CBA02701.CS,0.1999999998
2025-06-06,AU9999.SGE,0.1999999998
2025-06-06,NH0100.NHF,0.1999999998
2025-06-13,000300.SH,0.19972149030596015
2025-06-13,000852.SH,0.19891528932136535
2025-06-13,CBA02701.CS,0.20125469729627712
2025-06-13,AU9999.SGE,0.20037043641843097
2025-06-13,NH0100.NHF,0.19973808565796627
2025-06-20,000300.SH,0.1999999998
2025-06-20,000852.SH,0.1999999998
2025-06-20,CBA02701.CS,0.1999999998
2025-06-20,AU9999.SGE,0.1999999998
2025-06-20,NH0100.NHF,0.1999999998
2025-06-27,000300.SH,0.19959273030768088
2025-06-27,000852.SH,0.1987625762468757
2025-06-27,CBA02701.CS,0.2015839632975711
2025-06-27,AU9999.SGE,0.20058094624430123
2025-06-27,NH0100.NHF,0.19947978290357088
2025-07-04,000300.SH,0.1999999998
2025-07-04,000852.SH,0.1999999998
2025-07-04,CBA02701.CS,0.1999999998
2025-07-04,AU9999.SGE,0.1999999998
2025-07-04,NH0100.NHF,0.1999999998
2025-07-11,000300.SH,0.1999999998
2025-07-11,000852.SH,0.1999999998
2025-07-11,CBA02701.CS,0.1999999998
2025-07-11,AU9999.SGE,0.1999999998
2025-07-11,NH0100.NHF,0.1999999998
2025-07-18,000300.SH,0.1999999998
2025-07-18,000852.SH,0.1999999998
2025-07-18,CBA02701.CS,0.1999999998
2025-07-18,AU9999.SGE,0.1999999998
2025-07-18,NH0100.NHF,0.1999999998
2025-07-25,000300.SH,0.1996782533871745
2025-07-25,000852.SH,0.19874781174852307
2025-07-25,CBA02701.CS,0.2015589846995293
2025-07-25,AU9999.SGE,0.20044649620643146
2025-07-25,NH0100.NHF,0.1995684529583415
2025-08-01,000300.SH,0.19792745426998767
2025-08-01,000852.SH,0.19189089365370715
2025-08-01,CBA02701.CS,0.20979674283966726
2025-08-01,AU9999.SGE,0.20278744932812434
2025-08-01,NH0100.NHF,0.1975974589085135
2025-08-08,000300.SH,0.1965393518837277
2025-08-08,000852.SH,0.18722493216363234
2025-08-08,CBA02701.CS,0.21604146607204747
2025-08-08,AU9999.SGE,0.20538572868957625
2025-08-08,NH0100.NHF,0.1948085201910161
2025-08-15,000300.SH,0.19743510845545553
2025-08-15,000852.SH,0.18714227084238988
2025-08-15,CBA02701.CS,0.22011202410059177
2025-08-15,AU9999.SGE,0.20512045889130717
2025-08-15,NH0100.NHF,0.19019013671025564
2025-08-22,000300.SH,0.19701139746550014
2025-08-22,000852.SH,0.18552481350024624
2025-08-22,CBA02701.CS,0.22295931243888018
2025-08-22,AU9999.SGE,0.20559250322876607
2025-08-22,NH0100.NHF,0.1889119723666072
2025-08-29,000300.SH,0.19605515561130538
2025-08-29,000852.SH,0.18380867550697785
2025-08-29,CBA02701.CS,0.22099483665098993
2025-08-29,AU9999.SGE,0.2056742653461194
2025-08-29,NH0100.NHF,0.19346706588460721
2025-09-05,000300.SH,0.19298029745159526
2025-09-05,000852.SH,0.17431835287839187
2025-09-05,CBA02701.CS,0.22988837129444267
2025-09-05,AU9999.SGE,0.20935688739374853
2025-09-05,NH0100.NHF,0.19345608998182182
2025-09-12,000300.SH,0.19452082534245285
2025-09-12,000852.SH,0.18130832091609292
2025-09-12,CBA02701.CS,0.22419387651961797
2025-09-12,AU9999.SGE,0.20786972684542782
2025-09-12,NH0100.NHF,0.19210724937640844
2025-09-19,000300.SH,0.19284945924818772
2025-09-19,000852.SH,0.1729440471781466
2025-09-19,CBA02701.CS,0.23570380090283496
2025-09-19,AU9999.SGE,0.21088203782495601
2025-09-19,NH0100.NHF,0.18762065384587465
2025-09-26,000300.SH,0.19845522472968968
2025-09-26,000852.SH,0.19401222018246347
2025-09-26,CBA02701.CS,0.20702313799306074
2025-09-26,AU9999.SGE,0.20202411604947604
2025-09-26,NH0100.NHF,0.1984853000453101
2025-10-03,000300.SH,0.1999999998
2025-10-03,000852.SH,0.1999999998
2025-10-03,CBA02701.CS,0.1999999998
2025-10-03,AU9999.SGE,0.1999999998
2025-10-03,NH0100.NHF,0.1999999998
2025-10-10,000300.SH,0.1999999998
2025-10-10,000852.SH,0.1999999998
2025-10-10,CBA02701.CS,0.1999999998
2025-10-10,AU9999.SGE,0.1999999998
2025-10-10,NH0100.NHF,0.1999999998
2025-10-17,000300.SH,0.1999999998
2025-10-17,000852.SH,0.1999999998
2025-10-17,CBA02701.CS,0.1999999998
2025-10-17,AU9999.SGE,0.1999999998
2025-10-17,NH0100.NHF,0.1999999998
2025-10-24,000300.SH,0.1999999998
2025-10-24,000852.SH,0.1999999998
2025-10-24,CBA02701.CS,0.1999999998
2025-10-24,AU9999.SGE,0.1999999998
2025-10-24,NH0100.NHF,0.1999999998
2025-10-31,000300.SH,0.1999999998
2025-10-31,000852.SH,0.1999999998
2025-10-31,CBA02701.CS,0.1999999998
2025-10-31,AU9999.SGE,0.1999999998
2025-10-31,NH0100.NHF,0.1999999998
2025-11-07,000300.SH,0.1999999998
2025-11-07,000852.SH,0.1999999998
2025-11-07,CBA02701.CS,0.1999999998
2025-11-07,AU9999.SGE,0.1999999998
2025-11-07,NH0100.NHF,0.1999999998
2025-11-14,000300.SH,0.1999999998
2025-11-14,000852.SH,0.1999999998
2025-11-14,CBA02701.CS,0.1999999998
2025-11-14,AU9999.SGE,0.1999999998
2025-11-14,NH0100.NHF,0.1999999998
2025-11-21,000300.SH,0.19872090675741674
2025-11-21,000852.SH,0.19502335327026943
2025-11-21,CBA02701.CS,0.20543313229889718
2025-11-21,AU9999.SGE,0.20165654086072227
2025-11-21,NH0100.NHF,0.19916606581269442
2025-11-28,000300.SH,0.1999999998
2025-11-28,000852.SH,0.1999999998
2025-11-28,CBA02701.CS,0.1999999998
2025-11-28,AU9999.SGE,0.1999999998
2025-11-28,NH0100.NHF,0.1999999998
2025-12-05,000300.SH,0.1992049541190125
2025-12-05,000852.SH,0.19741080220050697
2025-12-05,CBA02701.CS,0.20361254933923068
2025-12-05,AU9999.SGE,0.20132049558563495
2025-12-05,NH0100.NHF,0.19845119775561496
2025-12-12,000300.SH,0.1963706261590902
2025-12-12,000852.SH,0.18662997299790945
2025-12-12,CBA02701.CS,0.21697718421611412
2025-12-12,AU9999.SGE,0.20496661453221
2025-12-12,NH0100.NHF,0.1950556010946762
2025-12-19,000300.SH,0.19295354712168064
2025-12-19,000852.SH,0.1802081559036151
2025-12-19,CBA02701.CS,0.22338155019239037
2025-12-19,AU9999.SGE,0.20940248875539635
2025-12-19,NH0100.NHF,0.19405425702691742
2025-12-26,000300.SH,0.1999999998
2025-12-26,000852.SH,0.1999999998
2025-12-26,CBA02701.CS,0.1999999998
2025-12-26,AU9999.SGE,0.1999999998
2025-12-26,NH0100.NHF,0.1999999998
2026-01-02,000300.SH,0.1999999998
2026-01-02,000852.SH,0.1999999998
2026-01-02,CBA02701.CS,0.1999999998
2026-01-02,AU9999.SGE,0.1999999998
2026-01-02,NH0100.NHF,0.1999999998
2026-01-09,000300.SH,0.1999999998
2026-01-09,000852.SH,0.1999999998
2026-01-09,CBA02701.CS,0.1999999998
2026-01-09,AU9999.SGE,0.1999999998
2026-01-09,NH0100.NHF,0.1999999998
2026-01-16,000300.SH,0.1999999998
2026-01-16,000852.SH,0.1999999998
2026-01-16,CBA02701.CS,0.1999999998
2026-01-16,AU9999.SGE,0.1999999998
2026-01-16,NH0100.NHF,0.1999999998
2026-01-23,000300.SH,0.1999999998
2026-01-23,000852.SH,0.1999999998
2026-01-23,CBA02701.CS,0.1999999998
2026-01-23,AU9999.SGE,0.1999999998
2026-01-23,NH0100.NHF,0.1999999998
2026-01-30,000300.SH,0.1999999998
2026-01-30,000852.SH,0.1999999998
2026-01-30,CBA02701.CS,0.1999999998
2026-01-30,AU9999.SGE,0.1999999998
2026-01-30,NH0100.NHF,0.1999999998
2026-02-06,000300.SH,0.1999999998
2026-02-06,000852.SH,0.1999999998
2026-02-06,CBA02701.CS,0.1999999998
2026-02-06,AU9999.SGE,0.1999999998
2026-02-06,NH0100.NHF,0.1999999998
2026-02-13,000300.SH,0.1999999998
2026-02-13,000852.SH,0.1999999998
2026-02-13,CBA02701.CS,0.1999999998
2026-02-13,AU9999.SGE,0.1999999998
2026-02-13,NH0100.NHF,0.1999999998
2026-02-20,000300.SH,0.1999999998
2026-02-20,000852.SH,0.1999999998
2026-02-20,CBA02701.CS,0.1999999998
2026-02-20,AU9999.SGE,0.1999999998
2026-02-20,NH0100.NHF,0.1999999998
2026-02-27,000300.SH,0.1999999998
2026-02-27,000852.SH,0.1999999998
2026-02-27,CBA02701.CS,0.1999999998
2026-02-27,AU9999.SGE,0.1999999998
2026-02-27,NH0100.NHF,0.1999999998
2026-03-06,000300.SH,0.1999999998
2026-03-06,000852.SH,0.1999999998
2026-03-06,CBA02701.CS,0.1999999998
2026-03-06,AU9999.SGE,0.1999999998
2026-03-06,NH0100.NHF,0.1999999998
2026-03-13,000300.SH,0.1999999998
2026-03-13,000852.SH,0.1999999998
2026-03-13,CBA02701.CS,0.1999999998
2026-03-13,AU9999.SGE,0.1999999998
2026-03-13,NH0100.NHF,0.1999999998
2026-03-20,000300.SH,0.1999999998
2026-03-20,000852.SH,0.1999999998
2026-03-20,CBA02701.CS,0.1999999998
2026-03-20,AU9999.SGE,0.1999999998
2026-03-20,NH0100.NHF,0.1999999998
2026-03-27,000300.SH,0.1999999998
2026-03-27,000852.SH,0.1999999998
2026-03-27,CBA02701.CS,0.1999999998
2026-03-27,AU9999.SGE,0.1999999998
2026-03-27,NH0100.NHF,0.1999999998
2026-04-03,000300.SH,0.1999999998
2026-04-03,000852.SH,0.1999999998
2026-04-03,CBA02701.CS,0.1999999998
2026-04-03,AU9999.SGE,0.1999999998
2026-04-03,NH0100.NHF,0.1999999998
2026-04-10,000300.SH,0.1999999998
2026-04-10,000852.SH,0.1999999998
2026-04-10,CBA02701.CS,0.1999999998
2026-04-10,AU9999.SGE,0.1999999998
2026-04-10,NH0100.NHF,0.1999999998
2026-04-17,000300.SH,0.1999999998
2026-04-17,000852.SH,0.1999999998
2026-04-17,CBA02701.CS,0.1999999998
2026-04-17,AU9999.SGE,0.1999999998
2026-04-17,NH0100.NHF,0.1999999998
2026-04-24,000300.SH,0.1999999998
2026-04-24,000852.SH,0.1999999998
2026-04-24,CBA02701.CS,0.1999999998
2026-04-24,AU9999.SGE,0.1999999998
2026-04-24,NH0100.NHF,0.1999999998
2026-05-01,000300.SH,0.1999999998
2026-05-01,000852.SH,0.1999999998
2026-05-01,CBA02701.CS,0.1999999998
2026-05-01,AU9999.SGE,0.1999999998
2026-05-01,NH0100.NHF,0.1999999998
