date,alpha,tau,ae_error,regime_label,llm_macro,llm_sentiment,llm_risk,r_normal,r_event,edge_event_minus_normal,week_return_fused,regret_ema_norm,w_normal_broad,w_normal_satellite,w_normal_fi,w_normal_safe,w_normal_cash,w_event_broad,w_event_satellite,w_event_fi,w_event_safe,w_event_cash,w_fused_broad,w_fused_satellite,w_fused_fi,w_fused_safe,w_fused_cash
2015-01-02,0.0,20.0,0.0,bull_normal,50.0,50.0,50.0,-0.0052332731684151266,-0.005898294401745998,-0.0006650212333308711,-0.0052332731631818535,1.0,0.2,0.2,0.2,0.2,0.2,0.18,0.12,0.28,0.22,0.2,0.1999999998,0.1999999998,0.1999999998,0.1999999998,0.1999999998
2015-01-09,0.0,20.0,0.0,bull_normal,50.0,50.0,50.0,0.0012205643314483162,0.0020601246812569558,0.0008395603498086396,0.0012205643302277515,1.0,0.2,0.2,0.2,0.2,0.2,0.18,0.12,0.28,0.22,0.2,0.1999999998,0.1999999998,0.1999999998,0.1999999998,0.1999999998
2015-01-16,0.0,20.0,0.0,bull_normal,50.0,50.0,50.0,-0.0032018524387946497,-0.004289414393324531,-0.0010875619545298813,-0.0032018524355927973,1.0,0.2,0.2,0.2,0.2,0.2,0.18,0.12,0.28,0.22,0.2,0.1999999998,0.1999999998,0.1999999998,0.1999999998,0.1999999998
2015-01-23,0.0,20.0,0.0,bull_normal,50.0,50.0,50.0,-0.0009418725376746047,0.0013533205474610993,0.002295193085135704,-0.0009418725367327311,1.0,0.2,0.2,0.2,0.2,0.2,0.18,0.12,0.28,0.22,0.2,0.1999999998,0.1999999998,0.1999999998,0.1999999998,0.1999999998
2015-01-30,0.0,20.0,0.0,bull_normal,50.0,50.0,50.0,-0.0011621821698859943,-0.00016486399087854367,0.0009973181790074506,-0.001162182168723812,1.0,0.2,0.2,0.2,0.2,0.2,0.18,0.12,0.28,0.22,0.2,0.1999999998,0.1999999998,0.1999999998,0.1999999998,0.1999999998
2015-02-06,0.0,20.0,0.0,bull_normal,50.0,50.0,50.0,-0.0021023589886286363,-0.0007729326700325355,0.0013294263185961008,-0.002102358986526277,0.9744823420051058,0.2,0.2,0.2,0.2,0.2,0.18,0.12,0.28,0.22,0.2,0.1999999998,0.1999999998,0.1999999998,0.1999999998,0.1999999998
2015-02-13,0.0,20.0,0.0,bull_normal,50.0,50.0,50.0,0.004147009058243109,0.005582761492968403,0.0014357524347252942,0.004147009054096099,1.0,0.2,0.2,0.2,0.2,0.2,0.1800882628776153,0.12369717738843507,0.27799284723561274,0.2213236983536327,0.1968980141447042,0.1999999998,0.1999999998,0.1999999998,0.1999999998,0.1999999998
2015-02-20,0.0,20.0,0.0,bull_normal,50.0,50.0,50.0,0.0010883569532319983,0.0026927475117493336,0.0016043905585173353,0.0010883569521436417,0.9740369641039038,0.2,0.2,0.2,0.2,0.2,0.18,0.12,0.28,0.22,0.2,0.1999999998,0.1999999998,0.1999999998,0.1999999998,0.1999999998
2015-02-27,0.0,20.0,0.0,bull_normal,50.0,50.0,50.0,0.0022946290172638547,0.0017568220948653665,-0.0005378069223984882,0.002294629014969226,0.9257083134563067,0.2,0.2,0.2,0.2,0.2,0.18,0.12,0.28,0.22,0.2,0.1999999998,0.1999999998,0.1999999998,0.1999999998,0.1999999998
2015-03-06,0.0,20.0,0.0,bull_normal,50.0,50.0,50.0,-0.0034046518376157865,-0.003645396278610135,-0.00024074444099434844,-0.0034046518342111345,0.818509978955046,0.2,0.2,0.2,0.2,0.2,0.18,0.12,0.28,0.22,0.2,0.1999999998,0.1999999998,0.1999999998,0.1999999998,0.1999999998
2015-03-13,0.0,20.0,0.0,bull_normal,50.0,50.0,50.0,-0.0013319709225117248,-0.00081218061363811,0.0005197903088736148,-0.001331970921179754,0.8138687957188621,0.2,0.2,0.2,0.2,0.2,0.17731941021632092,0.12713435796299863,0.27799499279252593,0.22699185311850376,0.1905593859096508,0.1999999998,0.1999999998,0.1999999998,0.1999999998,0.1999999998
2015-03-20,0.0,20.0,0.0,bull_normal,50.0,50.0,50.0,0.004840381791040106,0.005479603855953078,0.0006392220649129718,0.004840381786199725,0.9001102458495787,0.2,0.2,0.2,0.2,0.2,0.18,0.12,0.28,0.22,0.2,0.1999999998,0.1999999998,0.1999999998,0.1999999998,0.1999999998
2015-03-27,0.0,20.0,0.0,bull_normal,50.0,50.0,50.0,0.001669559281882178,0.0009739283970223994,-0.0006956308848597785,0.0016695592802126189,0.896309575018042,0.2,0.2,0.2,0.2,0.2,0.18,0.12,0.28,0.22,0.2,0.1999999998,0.1999999998,0.1999999998,0.1999999998,0.1999999998
2015-04-03,0.0,20.0,0.0,bull_normal,50.0,50.0,50.0,0.008408024135052122,0.007464870651890031,-0.0009431534831620915,0.008408024126644098,0.8557209605603627,0.2,0.2,0.2,0.2,0.2,0.18,0.12,0.28,0.22,0.2,0.1999999998,0.1999999998,0.1999999998,0.1999999998,0.1999999998
2015-04-10,0.0,20.0,0.0,bull_normal,50.0,50.0,50.0,-0.002964448628256709,-0.0029237147206388195,4.073390761788953e-05,-0.00296444862529226,0.7719760963527302,0.2,0.2,0.2,0.2,0.2,0.1800611869154923,0.12077769317490243,0.27954082209573294,0.2202225657805137,0.19939773203335864,0.1999999998,0.1999999998,0.1999999998,0.1999999998,0.1999999998
2015-04-17,0.0,20.0,0.0,bull_normal,50.0,50.0,50.0,-0.002818771021772827,-0.003446731214103761,-0.0006279601923309341,-0.0028187710189540556,1.0,0.2,0.2,0.2,0.2,0.2,0.18005118656542204,0.12089058648793383,0.2794710056910984,0.22030223845363964,0.19928498280190615,0.1999999998,0.1999999998,0.1999999998,0.1999999998,0.1999999998
2015-04-24,0.0,20.0,0.0,bull_normal,50.0,50.0,50.0,-0.0015160668380668613,-0.0010122557676842552,0.000503811070382606,-0.0015160668365507943,0.9355115725156017,0.2,0.2,0.2,0.2,0.2,0.18,0.12,0.28,0.22,0.2,0.1999999998,0.1999999998,0.1999999998,0.1999999998,0.1999999998
2015-05-01,0.0,20.0,0.0,bull_normal,50.0,50.0,50.0,0.0027192744534881995,0.0029439341258155117,0.0002246596723273122,0.002719274450768925,0.9393446114955293,0.2,0.2,0.2,0.2,0.2,0.18,0.12,0.28,0.22,0.2,0.1999999998,0.1999999998,0.1999999998,0.1999999998,0.1999999998
2015-05-08,0.0,20.0,0.0,bull_normal,50.0,50.0,50.0,-0.0067744504364375575,-0.007956521821088506,-0.001182071384650948,-0.006774450429663107,0.8791703279979417,0.2,0.2,0.2,0.2,0.2,0.18,0.12,0.28,0.22,0.2,0.1999999998,0.1999999998,0.1999999998,0.1999999998,0.1999999998
2015-05-15,0.0,20.0,0.0,bull_normal,50.0,50.0,50.0,0.0009907354602432684,-0.0010746798149487637,-0.002065415275192032,0.0009907354592525322,0.8547734114392924,0.2,0.2,0.2,0.2,0.2,0.18016907098650214,0.12304480713887056,0.27827477517217175,0.22095061228774493,0.1975607344147106,0.1999999998,0.1999999998,0.1999999998,0.1999999998,0.1999999998
2015-05-22,0.0,20.0,0.0,bull_normal,50.0,50.0,50.0,-0.0034793485530129676,-0.003519015091589649,-3.966653857668135e-05,-0.003479348549533619,0.8433984594785436,0.2,0.2,0.2,0.2,0.2,0.18,0.12,0.28,0.22,0.2,0.1999999998,0.1999999998,0.1999999998,0.1999999998,0.1999999998
2015-05-29,0.0,20.0,0.0,bull_normal,50.0,50.0,50.0,0.006970283471503075,0.007490191275566917,0.0005199078040638416,0.0069702834645327914,0.8291273347027585,0.2,0.2,0.2,0.2,0.2,0.18,0.12,0.28,0.22,0.2,0.1999999998,0.1999999998,0.1999999998,0.1999999998,0.1999999998
2015-06-05,0.0,20.0,0.0,bull_normal,50.0,50.0,50.0,0.001330994353056271,0.0017860302379677589,0.00045503588491148795,0.0013309943517252768,0.8517564380496538,0.2,0.2,0.2,0.2,0.2,0.18,0.12,0.28,0.22,0.2,0.1999999998,0.1999999998,0.1999999998,0.1999999998,0.1999999998
2015-06-12,0.0,20.0,0.0,bull_normal,50.0,50.0,50.0,-0.001970045894952296,-0.0015685784743312166,0.0004014674206210794,-0.0019700458929822495,0.7643001154195384,0.2,0.2,0.2,0.2,0.2,0.1796938274530418,0.12487602678178639,0.2776418042958417,0.22238959774002132,0.1953987437293089,0.1999999998,0.1999999998,0.1999999998,0.1999999998,0.1999999998
2015-06-19,0.0,20.0,0.0,bull_normal,50.0,50.0,50.0,0.004981185989983292,0.00563840321430327,0.0006572172243199774,0.004981185985002104,0.8716104492058735,0.2,0.2,0.2,0.2,0.2,0.18,0.12,0.28,0.22,0.2,0.1999999998,0.1999999998,0.1999999998,0.1999999998,0.1999999998
2015-06-26,0.0,20.0,0.0,bull_normal,50.0,50.0,50.0,0.0054517367141760425,0.005513082893960841,6.134617978479848e-05,0.005451736708724305,0.8050225454249549,0.2,0.2,0.2,0.2,0.2,0.18,0.12,0.28,0.22,0.2,0.1999999998,0.1999999998,0.1999999998,0.1999999998,0.1999999998
2015-07-03,0.0,20.0,0.0,bull_normal,50.0,50.0,50.0,0.00401590293564972,0.0038264774431575298,-0.00018942549249219027,0.004015902931633817,0.7774706724528148,0.2,0.2,0.2,0.2,0.2,0.18,0.12,0.28,0.22,0.2,0.1999999998,0.1999999998,0.1999999998,0.1999999998,0.1999999998
2015-07-10,0.0,20.0,0.0,bull_normal,50.0,50.0,50.0,-0.009119863512068449,-0.00853677421745233,0.0005830892946161199,-0.009119863502948584,0.8333585654360108,0.2,0.2,0.2,0.2,0.2,0.18,0.12,0.28,0.22,0.2,0.1999999998,0.1999999998,0.1999999998,0.1999999998,0.1999999998
2015-07-17,0.0,20.0,0.0,bull_normal,50.0,50.0,50.0,-0.007448876367610394,-0.008931024674467606,-0.0014821483068572124,-0.007448876360161516,0.8579238353038554,0.2,0.2,0.2,0.2,0.2,0.18001252494262093,0.12032251894404603,0.2798111192810717,0.22012025616194228,0.19973358067031907,0.1999999998,0.1999999998,0.1999999998,0.1999999998,0.1999999998
2015-07-24,0.0,20.0,0.0,bull_normal,50.0,50.0,50.0,-0.0049418586426668255,-0.0039821592859955665,0.000959699356671259,-0.004941858637724966,0.8458717301409171,0.2,0.2,0.2,0.2,0.2,0.18,0.12,0.28,0.22,0.2,0.1999999998,0.1999999998,0.1999999998,0.1999999998,0.1999999998
2015-07-31,0.0,20.0,0.0,bull_normal,50.0,50.0,50.0,-0.0015002312605067174,0.0007459458651892975,0.002246177125696015,-0.0015002312590064854,0.9913663428348028,0.2,0.2,0.2,0.2,0.2,0.17893604874271518,0.12591305691373708,0.2775662654131389,0.2240082373693067,0.19357639156110212,0.1999999998,0.1999999998,0.1999999998,0.1999999998,0.1999999998
2015-08-07,0.0,20.0,0.0,bull_normal,50.0,50.0,50.0,-0.003907284762260308,-0.006205500176903185,-0.0022982154146428766,-0.003907284758353023,1.0,0.2,0.2,0.2,0.2,0.2,0.1800083198188865,0.12177739125211759,0.27900738251518564,0.22074735987475586,0.19845954653905434,0.1999999998,0.1999999998,0.1999999998,0.1999999998,0.1999999998
2015-08-14,0.0,20.0,0.0,bull_normal,50.0,50.0,50.0,-0.0034654621437009,-0.004563693811146244,-0.0010982316674453436,-0.0034654621402354377,1.0,0.2,0.2,0.2,0.2,0.2,0.180271930967957,0.12472200193280424,0.2773967344885818,0.22136809667113538,0.19624123593952167,0.1999999998,0.1999999998,0.1999999998,0.1999999998,0.1999999998
2015-08-21,0.0,20.0,0.0,bull_normal,50.0,50.0,50.0,0.002881455780165022,0.003524011764460281,0.000642555984295259,0.0028814557772835663,0.969332672315181,0.2,0.2,0.2,0.2,0.2,0.18,0.12,0.28,0.22,0.2,0.1999999998,0.1999999998,0.1999999998,0.1999999998,0.1999999998
2015-08-28,0.0,20.0,0.0,bull_normal,50.0,50.0,50.0,-0.003524533506951477,-0.003398414507628398,0.0001261189993230793,-0.0035245335034269436,0.9388811103731302,0.2,0.2,0.2,0.2,0.2,0.177007418283155,0.12716037980995795,0.2780750809144925,0.22761577115648315,0.1901413498359114,0.1999999998,0.1999999998,0.1999999998,0.1999999998,0.1999999998
2015-09-04,0.0,20.0,0.0,bull_normal,50.0,50.0,50.0,0.00038908320731903545,0.00028639130754316437,-0.00010269189977587108,0.0003890832069299522,0.870517479568677,0.2,0.2,0.2,0.2,0.2,0.1800384028043553,0.12105184131691606,0.2793823237636173,0.22039979149927366,0.1991276406158376,0.1999999998,0.1999999998,0.1999999998,0.1999999998,0.1999999998
2015-09-11,0.0,20.0,0.0,bull_normal,50.0,50.0,50.0,-0.0018665665539838205,-0.003053237643829799,-0.0011866710898459783,-0.0018665665521172535,0.8415723661356219,0.2,0.2,0.2,0.2,0.2,0.18,0.12,0.28,0.22,0.2,0.1999999998,0.1999999998,0.1999999998,0.1999999998,0.1999999998
2015-09-18,0.0,20.0,0.0,bull_normal,50.0,50.0,50.0,-0.001009604730448834,-0.0008609846891955301,0.00014862004125330375,-0.001009604729439229,0.8318576497310795,0.2,0.2,0.2,0.2,0.2,0.18,0.12,0.28,0.22,0.2,0.1999999998,0.1999999998,0.1999999998,0.1999999998,0.1999999998
2015-09-25,0.0,20.0,0.0,bull_normal,50.0,50.0,50.0,0.003049085490829837,0.0019221453209643082,-0.0011269401698655286,0.0030490854877807507,0.8062146792971593,0.2,0.2,0.2,0.2,0.2,0.18002266600905728,0.12123289982372946,0.2792980220321848,0.22049485716757838,0.1989515549674501,0.1999999998,0.1999999998,0.1999999998,0.1999999998,0.1999999998
2015-10-02,0.0,20.0,0.0,bull_normal,50.0,50.0,50.0,-0.002215325195852888,-0.00255534204344019,-0.00034001684758730227,-0.0022153251936375623,0.7478176521175491,0.2,0.2,0.2,0.2,0.2,0.18004696215761087,0.12079290484618846,0.27953323599800806,0.22026100120994813,0.1993658957882445,0.1999999998,0.1999999998,0.1999999998,0.1999999998,0.1999999998
2015-10-09,0.0,20.0,0.0,bull_normal,50.0,50.0,50.0,0.007531409307043743,0.008034186245668616,0.0005027769386248731,0.0075314092995123335,0.7482342105373834,0.2,0.2,0.2,0.2,0.2,0.18,0.12,0.28,0.22,0.2,0.1999999998,0.1999999998,0.1999999998,0.1999999998,0.1999999998
2015-10-16,0.0,20.0,0.0,bull_normal,50.0,50.0,50.0,-0.0015469390754293017,-0.0015412297907794615,5.709284649840166e-06,-0.001546939073882362,0.6822627095264995,0.2,0.2,0.2,0.2,0.2,0.18001595681300317,0.12043865674591173,0.2797439620050611,0.220165063272644,0.19963636116338007,0.1999999998,0.1999999998,0.1999999998,0.1999999998,0.1999999998
2015-10-23,0.0,20.0,0.0,bull_normal,50.0,50.0,50.0,0.005996873898255668,0.005651819869108143,-0.00034505402914752556,0.005996873892258794,0.6888892469666796,0.2,0.2,0.2,0.2,0.2,0.18,0.12,0.28,0.22,0.2,0.1999999998,0.1999999998,0.1999999998,0.1999999998,0.1999999998
2015-10-30,0.0,20.0,0.0,bull_normal,50.0,50.0,50.0,-0.005621990474195711,-0.005807645689814985,-0.00018565521561927402,-0.005621990468573719,0.7751443470365883,0.2,0.2,0.2,0.2,0.2,0.18,0.12,0.28,0.22,0.2,0.1999999998,0.1999999998,0.1999999998,0.1999999998,0.1999999998
2015-11-06,0.0,20.0,0.0,bull_normal,50.0,50.0,50.0,0.000708203512254613,-0.0005028780269385713,-0.0012110815391931842,0.0007082035115464095,0.691358685766928,0.2,0.2,0.2,0.2,0.2,0.1796585568794884,0.12421559134601359,0.2778520703130266,0.22236984883191596,0.19590393262955547,0.1999999998,0.1999999998,0.1999999998,0.1999999998,0.1999999998
2015-11-13,0.0,20.0,0.0,bull_normal,50.0,50.0,50.0,0.004405796657668624,0.0018601842494893053,-0.0025456124081793185,0.004405796653262827,0.7200653748965633,0.2,0.2,0.2,0.2,0.2,0.18,0.12,0.28,0.22,0.2,0.1999999998,0.1999999998,0.1999999998,0.1999999998,0.1999999998
2015-11-20,0.0,20.0,0.0,bull_normal,50.0,50.0,50.0,0.0017680121137489564,0.003676782785297406,0.0019087706715484496,0.001768012111980944,0.7298539151715473,0.2,0.2,0.2,0.2,0.2,0.18,0.12,0.28,0.22,0.2,0.1999999998,0.1999999998,0.1999999998,0.1999999998,0.1999999998
2015-11-27,0.0,20.0,0.0,bull_normal,50.0,50.0,50.0,0.0032877106045642508,0.0037922857694837092,0.0005045751649194585,0.0032877106012765395,0.7717596727189991,0.2,0.2,0.2,0.2,0.2,0.1800479221078978,0.12111029220940107,0.2793652749653643,0.2203849248668827,0.19909158585045417,0.1999999998,0.1999999998,0.1999999998,0.1999999998,0.1999999998
2015-12-04,0.0,20.0,0.0,bull_normal,50.0,50.0,50.0,0.0020382353524791273,0.0029547224428137435,0.0009164870903346162,0.0020382353504408914,0.7239768696433511,0.2,0.2,0.2,0.2,0.2,0.18,0.12,0.28,0.22,0.2,0.1999999998,0.1999999998,0.1999999998,0.1999999998,0.1999999998
2015-12-11,0.0,20.0,0.0,bull_normal,50.0,50.0,50.0,0.0009933583168116795,0.002215859871374819,0.0012225015545631393,0.0009933583158183213,0.7304426489429413,0.2,0.2,0.2,0.2,0.2,0.18,0.12,0.28,0.22,0.2,0.1999999998,0.1999999998,0.1999999998,0.1999999998,0.1999999998
2015-12-18,0.0,20.0,0.0,bull_normal,50.0,50.0,50.0,0.005082851477620973,0.006012275238457029,0.000929423760836056,0.005082851472538122,0.6738635434170165,0.2,0.2,0.2,0.2,0.2,0.18004119275846125,0.12204279885471646,0.27886685436404407,0.22077684109813858,0.19827231292463954,0.1999999998,0.1999999998,0.1999999998,0.1999999998,0.1999999998
2015-12-25,0.0,20.0,0.0,bull_normal,50.0,50.0,50.0,0.004535444069565972,0.0033329878375815366,-0.0012024562319844358,0.004535444065030529,0.7473907357697014,0.2,0.2,0.2,0.2,0.2,0.18,0.12,0.28,0.22,0.2,0.1999999998,0.1999999998,0.1999999998,0.1999999998,0.1999999998
2016-01-01,0.0,20.0,0.0,bull_normal,50.0,50.0,50.0,0.00362826433999567,0.0032159179308067533,-0.00041234640918891676,0.0036282643363674057,0.681653922465985,0.2,0.2,0.2,0.2,0.2,0.18,0.12,0.28,0.22,0.2,0.1999999998,0.1999999998,0.1999999998,0.1999999998,0.1999999998
2016-01-08,0.0,20.0,0.0,bull_normal,50.0,50.0,50.0,-0.0042352354917258766,-0.0032241323280560626,0.001011103163669814,-0.004235235487490642,0.7507426990323813,0.2,0.2,0.2,0.2,0.2,0.17995006676498676,0.12261421452311326,0.2785895067070061,0.22118590363131138,0.19766030837358256,0.1999999998,0.1999999998,0.1999999998,0.1999999998,0.1999999998
2016-01-15,0.0,20.0,0.0,bull_normal,50.0,50.0,50.0,-0.002263090112862258,-0.0016186837905662614,0.0006444063222959965,-0.0022630901105991676,0.6587371285785144,0.2,0.2,0.2,0.2,0.2,0.18,0.12,0.28,0.22,0.2,0.1999999998,0.1999999998,0.1999999998,0.1999999998,0.1999999998
2016-01-22,0.0,20.0,0.0,bull_normal,50.0,50.0,50.0,-0.007620639066213769,-0.00727486084187866,0.00034577822433510923,-0.007620639058593129,0.6756490384942175,0.2,0.2,0.2,0.2,0.2,0.18002097338061826,0.1206679138337798,0.27961279160690033,0.22025596382173743,0.1994423573569642,0.1999999998,0.1999999998,0.1999999998,0.1999999998,0.1999999998
2016-01-29,0.0,20.0,0.0,bull_normal,50.0,50.0,50.0,-0.002356079727507636,-0.0016827457077513471,0.0006733340197562887,-0.002356079725151556,0.7003925356458496,0.2,0.2,0.2,0.2,0.2,0.18005275692337566,0.12096292325050696,0.27944731264812567,0.2203104756128005,0.19922653156519113,0.1999999998,0.1999999998,0.1999999998,0.1999999998,0.1999999998
2016-02-05,0.0,20.0,0.0,bull_normal,50.0,50.0,50.0,-0.002470957635666345,-0.0029584099573464096,-0.00048745232168006473,-0.0024709576331953865,0.7062736333657357,0.2,0.2,0.2,0.2,0.2,0.18,0.12,0.28,0.22,0.2,0.1999999998,0.1999999998,0.1999999998,0.1999999998,0.1999999998
2016-02-12,0.0,20.0,0.0,bull_normal,50.0,50.0,50.0,-0.006710472577491769,-0.006879012503359807,-0.00016853992586803816,-0.006710472570781296,0.635931081721778,0.2,0.2,0.2,0.2,0.2,0.18001449170010303,0.12161127231322086,0.27909462561229187,0.22066782128177914,0.19861178909260513,0.1999999998,0.1999999998,0.1999999998,0.1999999998,0.1999999998
2016-02-19,0.0,20.0,0.0,bull_normal,50.0,50.0,50.0,0.0005733568758864746,-1.9183759161733384e-05,-0.0005925406350482079,0.0005733568753131177,0.683388196819557,0.2,0.2,0.2,0.2,0.2,0.18,0.12,0.28,0.22,0.2,0.1999999998,0.1999999998,0.1999999998,0.1999999998,0.1999999998
2016-02-26,0.0,20.0,0.0,bull_normal,50.0,50.0,50.0,-0.0031280664062173858,-0.0034151294218634507,-0.0002870630156460649,-0.0031280664030893185,0.7045713127382185,0.2,0.2,0.2,0.2,0.2,0.18,0.12,0.28,0.22,0.2,0.1999999998,0.1999999998,0.1999999998,0.1999999998,0.1999999998
2016-03-04,0.0,20.0,0.0,bull_normal,50.0,50.0,50.0,0.002741474256305016,0.0037916227598883863,0.0010501485035833702,0.0027414742535635415,0.6604519091955698,0.2,0.2,0.2,0.2,0.2,0.1793269624756158,0.12516517945536418,0.2776019754691765,0.22322274554223498,0.19468313705760856,0.1999999998,0.1999999998,0.1999999998,0.1999999998,0.1999999998
2016-03-11,0.0,20.0,0.0,bull_normal,50.0,50.0,50.0,0.0024270893262419058,9.513855505346547e-05,-0.0023319507711884405,0.002427089323814816,0.7973656898931465,0.2,0.2,0.2,0.2,0.2,0.18014097529919856,0.12154366402608391,0.2790939999862663,0.22039029691759476,0.19883106377085655,0.1999999998,0.1999999998,0.1999999998,0.1999999998,0.1999999998
2016-03-18,0.0,20.0,0.0,bull_normal,50.0,50.0,50.0,-0.003271005655376377,-0.001586825344526574,0.001684180310849803,-0.003271005652105371,0.8844647695967196,0.2,0.2,0.2,0.2,0.2,0.17998549625356144,0.12397220118141439,0.2778747816046497,0.22163909100301732,0.19652842995735711,0.1999999998,0.1999999998,0.1999999998,0.1999999998,0.1999999998
2016-03-25,0.0,20.0,0.0,bull_normal,50.0,50.0,50.0,0.0008666107735222918,0.0007186169111966665,-0.0001479938623256253,0.000866610772655681,0.8978324116307103,0.2,0.2,0.2,0.2,0.2,0.18,0.12,0.28,0.22,0.2,0.1999999998,0.1999999998,0.1999999998,0.1999999998,0.1999999998
2016-04-01,0.0,20.0,0.0,bull_normal,50.0,50.0,50.0,-0.00038551957010672877,0.0019174825508182724,0.002303002120925001,-0.0003855195697212095,0.8675283315450376,0.2,0.2,0.2,0.2,0.2,0.17840929543979156,0.1266783042042571,0.27745854064862907,0.225187750728375,0.19226610897894747,0.1999999998,0.1999999998,0.1999999998,0.1999999998,0.1999999998
2016-04-08,0.0,20.0,0.0,bull_normal,50.0,50.0,50.0,-0.002527680164249013,-0.004180680377489222,-0.0016530002132402093,-0.0025276801617213325,0.8166286709799357,0.2,0.2,0.2,0.2,0.2,0.18,0.12,0.28,0.22,0.2,0.1999999998,0.1999999998,0.1999999998,0.1999999998,0.1999999998
2016-04-15,0.0,20.0,0.0,bull_normal,50.0,50.0,50.0,0.003236156129702456,0.004259446006451203,0.0010232898767487475,0.0032361561264662993,0.7462790086026138,0.2,0.2,0.2,0.2,0.2,0.18,0.12,0.28,0.22,0.2,0.1999999998,0.1999999998,0.1999999998,0.1999999998,0.1999999998
2016-04-22,0.0,20.0,0.0,bull_normal,50.0,50.0,50.0,0.00871031564301642,0.006845880544039034,-0.0018644350989773855,0.008710315634306104,0.8006567335725483,0.2,0.2,0.2,0.2,0.2,0.17975309143413948,0.1267737727936279,0.27685691547267477,0.2227528298466688,0.193863390452889,0.1999999998,0.1999999998,0.1999999998,0.1999999998,0.1999999998
2016-04-29,0.0,20.0,0.0,bull_normal,50.0,50.0,50.0,-0.0033662744428085444,-0.006042932437055662,-0.002676657994247117,-0.0033662744394422697,0.9019654776541601,0.2,0.2,0.2,0.2,0.2,0.18008341341744194,0.1208888562633048,0.2794897613486575,0.2202063132702138,0.1993316557003819,0.1999999998,0.1999999998,0.1999999998,0.1999999998,0.1999999998
2016-05-06,0.0,20.0,0.0,bull_normal,50.0,50.0,50.0,0.0029406631434255926,0.003535524116908434,0.0005948609734828412,0.0029406631404849297,0.9108167163871564,0.2,0.2,0.2,0.2,0.2,0.18,0.12,0.28,0.22,0.2,0.1999999998,0.1999999998,0.1999999998,0.1999999998,0.1999999998
2016-05-13,0.0,20.0,0.0,bull_normal,50.0,50.0,50.0,-0.005266887658395283,-0.0029372848689002908,0.0023296027894949924,-0.005266887653128396,0.9626020850111469,0.2,0.2,0.2,0.2,0.2,0.18,0.12,0.28,0.22,0.2,0.1999999998,0.1999999998,0.1999999998,0.1999999998,0.1999999998
2016-05-20,0.0,20.0,0.0,bull_normal,50.0,50.0,50.0,-0.0019161609250584616,-0.003647554280664229,-0.0017313933556057676,-0.0019161609231423005,0.9906309864803559,0.2,0.2,0.2,0.2,0.2,0.18001244176932157,0.12031992949397777,0.27981262193869816,0.22011926640479768,0.19973574039320494,0.1999999998,0.1999999998,0.1999999998,0.1999999998,0.1999999998
2016-05-27,0.0,20.0,0.0,bull_normal,50.0,50.0,50.0,0.004136764587066916,0.0023218959560297814,-0.0018148686310371347,0.004136764582930151,0.943099406130264,0.2,0.2,0.2,0.2,0.2,0.17997608309263383,0.12231977843123987,0.27873214439509986,0.22102390633236832,0.19794808774865805,0.1999999998,0.1999999998,0.1999999998,0.1999999998,0.1999999998
2016-06-03,0.0,20.0,0.0,bull_normal,50.0,50.0,50.0,-0.00770118948595905,-0.008385149327794664,-0.0006839598418356147,-0.00770118947825786,1.0,0.2,0.2,0.2,0.2,0.2,0.18000877019322725,0.12176661593759583,0.27901300173489746,0.22074213084264932,0.19846948129163022,0.1999999998,0.1999999998,0.1999999998,0.1999999998,0.1999999998
2016-06-10,0.0,20.0,0.0,bull_normal,50.0,50.0,50.0,0.0047818909733887876,0.004364858998741372,-0.0004170319746474157,0.0047818909686068965,0.8701675834587109,0.2,0.2,0.2,0.2,0.2,0.18,0.12,0.28,0.22,0.2,0.1999999998,0.1999999998,0.1999999998,0.1999999998,0.1999999998
2016-06-17,0.0,20.0,0.0,bull_normal,50.0,50.0,50.0,-0.0067640384900394725,-0.006458448725323614,0.00030558976471585855,-0.006764038483275434,0.804191302815783,0.2,0.2,0.2,0.2,0.2,0.18024183957934786,0.12201403786172746,0.27887006075930504,0.22031486976612122,0.19855919203349848,0.1999999998,0.1999999998,0.1999999998,0.1999999998,0.1999999998
2016-06-24,0.0,20.0,0.0,bull_normal,50.0,50.0,50.0,-0.000168729638593219,-0.002942424428343708,-0.002773694789750489,-0.00016872963842448906,0.9044891531725504,0.2,0.2,0.2,0.2,0.2,0.18,0.12,0.28,0.22,0.2,0.1999999998,0.1999999998,0.1999999998,0.1999999998,0.1999999998
2016-07-01,0.0,20.0,0.0,bull_normal,50.0,50.0,50.0,-0.0029272063428062967,-0.0019555117149346797,0.0009716946278716171,-0.002927206339879089,0.8568506728298608,0.2,0.2,0.2,0.2,0.2,0.18002356557742988,0.12101548739549547,0.2793964137506664,0.22042564354629696,0.1991388897301113,0.1999999998,0.1999999998,0.1999999998,0.1999999998,0.1999999998
2016-07-08,0.0,20.0,0.0,bull_normal,50.0,50.0,50.0,0.0012442257057266154,0.0014602114753533935,0.00021598576962677802,0.0012442257044823896,0.8045806091111878,0.2,0.2,0.2,0.2,0.2,0.17983745510975704,0.12335701398900714,0.2781123148881006,0.22183910351903774,0.1968541124940975,0.1999999998,0.1999999998,0.1999999998,0.1999999998,0.1999999998
2016-07-15,0.0,20.0,0.0,bull_normal,50.0,50.0,50.0,0.0003979308775900433,-0.0005475789868911796,-0.0009455098644812229,0.00039793087719211214,0.7649111133322417,0.2,0.2,0.2,0.2,0.2,0.18,0.12,0.28,0.22,0.2,0.1999999998,0.1999999998,0.1999999998,0.1999999998,0.1999999998
2016-07-22,0.0,20.0,0.0,bull_normal,50.0,50.0,50.0,0.0018004626065118365,0.0015427075870718305,-0.00025775501944000595,0.001800462604711374,0.9235137688008317,0.2,0.2,0.2,0.2,0.2,0.18001770263012126,0.12051082380147414,0.2796727850876181,0.22022787103265776,0.19957081744812863,0.1999999998,0.1999999998,0.1999999998,0.1999999998,0.1999999998
2016-07-29,0.0,20.0,0.0,bull_normal,50.0,50.0,50.0,-0.0023188662039312228,-0.002461857250504258,-0.00014299104657303522,-0.0023188662016123563,0.7910221307661871,0.2,0.2,0.2,0.2,0.2,0.17473175303683067,0.12999025642480627,0.27928243018048377,0.23087835785315497,0.18511720250472424,0.1999999998,0.1999999998,0.1999999998,0.1999999998,0.1999999998
2016-08-05,0.0,20.0,0.0,bull_normal,50.0,50.0,50.0,-0.00663816162987163,-0.007508450324680614,-0.0008702886948089841,-0.0066381616232334675,0.7683105542594867,0.2,0.2,0.2,0.2,0.2,0.17891081288344754,0.12594939741642466,0.27756492322614207,0.22406039648830953,0.19351446998567612,0.1999999998,0.1999999998,0.1999999998,0.1999999998,0.1999999998
2016-08-12,0.0,20.0,0.0,bull_normal,50.0,50.0,50.0,0.002343052270447431,-0.0006441879486872676,-0.0029872402191346986,0.0023430522681043785,0.8730188148052979,0.2,0.2,0.2,0.2,0.2,0.18,0.12,0.28,0.22,0.2,0.1999999998,0.1999999998,0.1999999998,0.1999999998,0.1999999998
2016-08-19,0.0,20.0,0.0,bull_normal,50.0,50.0,50.0,0.0009673495559579877,0.0007133504697832012,-0.00025399908617478647,0.0009673495549906378,0.8973691484745889,0.2,0.2,0.2,0.2,0.2,0.18,0.12,0.28,0.22,0.2,0.1999999998,0.1999999998,0.1999999998,0.1999999998,0.1999999998
2016-08-26,0.0,20.0,0.0,bull_normal,50.0,50.0,50.0,0.00032799617943450425,0.0002770038804124475,-5.0992299022056765e-05,0.0003279961791065081,0.8357949777442277,0.2,0.2,0.2,0.2,0.2,0.17999403126330493,0.1225671740501947,0.27860660554839606,0.22107446095547806,0.1977577281826263,0.1999999998,0.1999999998,0.1999999998,0.1999999998,0.1999999998
2016-09-02,0.0,20.0,0.0,bull_normal,50.0,50.0,50.0,-0.005125393367620842,-0.0031954239645119857,0.0019299694031088568,-0.005125393362495448,0.8343867957136735,0.2,0.2,0.2,0.2,0.2,0.18002108994288665,0.12068128032118022,0.27959048933946223,0.2202786266356054,0.19942851376086548,0.1999999998,0.1999999998,0.1999999998,0.1999999998,0.1999999998
2016-09-09,0.0,20.0,0.0,bull_normal,50.0,50.0,50.0,0.006436571457185279,0.005161058955257525,-0.001275512501927754,0.006436571450748706,0.8048491955046013,0.2,0.2,0.2,0.2,0.2,0.18,0.12,0.28,0.22,0.2,0.1999999998,0.1999999998,0.1999999998,0.1999999998,0.1999999998
2016-09-16,0.0,20.0,0.0,bull_normal,50.0,50.0,50.0,-0.004446486833108657,-0.0042556682779218685,0.00019081855518678862,-0.0044464868286621705,0.7612604203279715,0.2,0.2,0.2,0.2,0.2,0.18,0.12,0.28,0.22,0.2,0.1999999998,0.1999999998,0.1999999998,0.1999999998,0.1999999998
2016-09-23,0.0,20.0,0.0,bull_normal,50.0,50.0,50.0,0.003622873210478153,0.003494752038766821,-0.00012812117171133192,0.00362287320685528,0.6998743563205893,0.2,0.2,0.2,0.2,0.2,0.18020034056762493,0.12206487128959319,0.2788448253668495,0.2204292048604063,0.1984607579155261,0.1999999998,0.1999999998,0.1999999998,0.1999999998,0.1999999998
2016-09-30,0.0,20.0,0.0,bull_normal,50.0,50.0,50.0,0.006123288076678691,0.0061855092751956255,6.222119851693412e-05,0.006123288070555403,0.727447380125764,0.2,0.2,0.2,0.2,0.2,0.18016035239660474,0.12268432942470758,0.2784221869516487,0.2208776817102685,0.19785544951677045,0.1999999998,0.1999999998,0.1999999998,0.1999999998,0.1999999998
2016-10-07,0.0,20.0,0.0,bull_normal,50.0,50.0,50.0,0.0003373051928743908,0.0015665942120627109,0.00122928901918832,0.00033730519253708527,0.8120845753670556,0.2,0.2,0.2,0.2,0.2,0.17988900627293478,0.12498574194212046,0.277532873242591,0.22204027825569944,0.1955521002866543,0.1999999998,0.1999999998,0.1999999998,0.1999999998,0.1999999998
2016-10-14,0.0,20.0,0.0,bull_normal,50.0,50.0,50.0,0.0009742460779868385,0.0027210794200898877,0.0017468333421030492,0.0009742460770125924,0.7800801385040567,0.2,0.2,0.2,0.2,0.2,0.1803116064391284,0.12367653549531468,0.27801766283825186,0.22078244359383775,0.19721175163346724,0.1999999998,0.1999999998,0.1999999998,0.1999999998,0.1999999998
2016-10-21,0.0,20.0,0.0,bull_normal,50.0,50.0,50.0,0.0056059241419049695,0.005551981398982774,-5.3942742922195516e-05,0.005605924136299045,0.6785883366839824,0.2,0.2,0.2,0.2,0.2,0.18,0.12,0.28,0.22,0.2,0.1999999998,0.1999999998,0.1999999998,0.1999999998,0.1999999998
2016-10-28,0.0,20.0,0.0,bull_normal,50.0,50.0,50.0,0.0008091504164417938,5.563056388435967e-05,-0.0007535198525574342,0.0008091504156326428,0.7443295953132193,0.2,0.2,0.2,0.2,0.2,0.18,0.12,0.28,0.22,0.2,0.1999999998,0.1999999998,0.1999999998,0.1999999998,0.1999999998
2016-11-04,0.0,20.0,0.0,bull_normal,50.0,50.0,50.0,-0.002928090576802444,-0.003982529041566958,-0.0010544384647645138,-0.0029280905738743534,0.7375254097611725,0.2,0.2,0.2,0.2,0.2,0.180033067354898,0.12051950577542135,0.2796753570928102,0.22018746483554058,0.19958460494132987,0.1999999998,0.1999999998,0.1999999998,0.1999999998,0.1999999998
2016-11-11,0.0,20.0,0.0,bull_normal,50.0,50.0,50.0,0.0013846731505262075,-2.788990356414621e-05,-0.0014125630540903537,0.0013846731491415343,0.734971230710776,0.2,0.2,0.2,0.2,0.2,0.1799625253915231,0.12248219168484695,0.2786528333158804,0.22111215958965424,0.19779029001809528,0.1999999998,0.1999999998,0.1999999998,0.1999999998,0.1999999998
2016-11-18,0.0,20.0,0.0,bull_normal,50.0,50.0,50.0,0.0022182779815777365,0.002642465156097381,0.00042418717451964474,0.002218277979359458,0.6795070725691416,0.2,0.2,0.2,0.2,0.2,0.18,0.12,0.28,0.22,0.2,0.1999999998,0.1999999998,0.1999999998,0.1999999998,0.1999999998
2016-11-25,0.0,20.0,0.0,bull_normal,50.0,50.0,50.0,-0.0018707595050617373,-0.0036098222302693994,-0.0017390627252076621,-0.0018707595031909783,0.6957233624002069,0.2,0.2,0.2,0.2,0.2,0.18,0.12,0.28,0.22,0.2,0.1999999998,0.1999999998,0.1999999998,0.1999999998,0.1999999998
2016-12-02,0.0,20.0,0.0,bull_normal,50.0,50.0,50.0,-0.0006905318414505926,-0.003564491956187424,-0.002873960114736831,-0.0006905318407600602,0.7778278581622736,0.2,0.2,0.2,0.2,0.2,0.18,0.12,0.28,0.22,0.2,0.1999999998,0.1999999998,0.1999999998,0.1999999998,0.1999999998
2016-12-09,0.0,20.0,0.0,bull_normal,50.0,50.0,50.0,-0.0034739575364084335,-0.0032843247871174584,0.0001896327492909751,-0.003473957532934476,0.7142484081141653,0.2,0.2,0.2,0.2,0.2,0.17988168414486883,0.12314111466455763,0.2782995322656558,0.22156649536300718,0.19711117356191057,0.1999999998,0.1999999998,0.1999999998,0.1999999998,0.1999999998
2016-12-16,0.0,20.0,0.0,bull_normal,50.0,50.0,50.0,-0.002823668780969773,-0.0032399620511840478,-0.00041629327021427487,-0.002823668778146104,0.6424693096481322,0.2,0.2,0.2,0.2,0.2,0.18,0.12,0.28,0.22,0.2,0.1999999998,0.1999999998,0.1999999998,0.1999999998,0.1999999998
2016-12-23,0.0,20.0,0.0,bull_normal,50.0,50.0,50.0,-0.00222910750391278,-0.001819114003460801,0.0004099935004519791,-0.002229107501683672,0.5627185166110501,0.2,0.2,0.2,0.2,0.2,0.18,0.12,0.28,0.22,0.2,0.1999999998,0.1999999998,0.1999999998,0.1999999998,0.1999999998
2016-12-30,0.0,20.0,0.0,bull_normal,50.0,50.0,50.0,0.0010763455255600638,0.0018172505537804972,0.0007409050282204334,0.001076345524483718,0.6227522911821245,0.2,0.2,0.2,0.2,0.2,0.18,0.12,0.28,0.22,0.2,0.1999999998,0.1999999998,0.1999999998,0.1999999998,0.1999999998
2017-01-06,0.0,20.0,0.0,bull_normal,50.0,50.0,50.0,-0.0036495002957672245,-0.004882968687807586,-0.0012334683920403613,-0.0036495002921177236,0.721185660322878,0.2,0.2,0.2,0.2,0.2,0.1800220559077248,0.12074018161501092,0.27957184017019826,0.22028531347520214,0.19938060883186381,0.1999999998,0.1999999998,0.1999999998,0.1999999998,0.1999999998
2017-01-13,0.0,20.0,0.0,bull_normal,50.0,50.0,50.0,-0.002768684611285309,-0.002161634193505263,0.0006070504177800458,-0.0027686846085166242,0.6661660705160724,0.2,0.2,0.2,0.2,0.2,0.18,0.12,0.28,0.22,0.2,0.1999999998,0.1999999998,0.1999999998,0.1999999998,0.1999999998
2017-01-20,0.0,20.0,0.0,bull_normal,50.0,50.0,50.0,-0.0063923873098845636,-0.0064451458592190754,-5.275854933451188e-05,-0.006392387303492175,0.6619296383993681,0.2,0.2,0.2,0.2,0.2,0.18,0.12,0.28,0.22,0.2,0.1999999998,0.1999999998,0.1999999998,0.1999999998,0.1999999998
2017-01-27,0.0,20.0,0.0,bull_normal,50.0,50.0,50.0,-0.008321382773751726,-0.009148012424062336,-0.0008266296503106098,-0.008321382765430343,0.643866222542375,0.2,0.2,0.2,0.2,0.2,0.18,0.12,0.28,0.22,0.2,0.1999999998,0.1999999998,0.1999999998,0.1999999998,0.1999999998
2017-02-03,0.0,20.0,0.0,bull_normal,50.0,50.0,50.0,-0.0010355510135034282,-0.0004933677558234955,0.0005421832576799327,-0.0010355510124678776,0.7416370535684341,0.2,0.2,0.2,0.2,0.2,0.18,0.12,0.28,0.22,0.2,0.1999999998,0.1999999998,0.1999999998,0.1999999998,0.1999999998
2017-02-10,0.0,20.0,0.0,bull_normal,50.0,50.0,50.0,-0.004464023046336489,-0.004305182961637239,0.00015884008469924972,-0.0044640230418724666,0.7672342645748131,0.2,0.2,0.2,0.2,0.2,0.18002204266516722,0.12073918675969827,0.2795724025967861,0.22028490712697374,0.19938146085137454,0.1999999998,0.1999999998,0.1999999998,0.1999999998,0.1999999998
2017-02-17,0.0,20.0,0.0,bull_normal,50.0,50.0,50.0,0.0041594313819963485,0.00347182579727608,-0.0006876055847202687,0.004159431377836916,0.6689217969069076,0.2,0.2,0.2,0.2,0.2,0.18,0.12,0.28,0.22,0.2,0.1999999998,0.1999999998,0.1999999998,0.1999999998,0.1999999998
2017-02-24,0.0,20.0,0.0,bull_normal,50.0,50.0,50.0,-0.0009665741358592104,-0.0017901593414242148,-0.0008235852055650044,-0.0009665741348926358,0.7757624941538455,0.2,0.2,0.2,0.2,0.2,0.17981609519046024,0.12351646886133068,0.27810827178241543,0.2218589649918002,0.1967001991739935,0.1999999998,0.1999999998,0.1999999998,0.1999999998,0.1999999998
2017-03-03,0.0,20.0,0.0,bull_normal,50.0,50.0,50.0,-0.0022157822784717885,-0.002627100396212999,-0.00041131811774121037,-0.002215782276256006,0.7927354984176951,0.2,0.2,0.2,0.2,0.2,0.18,0.12,0.28,0.22,0.2,0.1999999998,0.1999999998,0.1999999998,0.1999999998,0.1999999998
2017-03-10,0.0,20.0,0.0,bull_normal,50.0,50.0,50.0,-0.0004217705875753462,-0.0013578996566585377,-0.0009361290690831916,-0.00042177058715357584,0.8242303097819373,0.2,0.2,0.2,0.2,0.2,0.18,0.12,0.28,0.22,0.2,0.1999999998,0.1999999998,0.1999999998,0.1999999998,0.1999999998
2017-03-17,0.0,20.0,0.0,bull_normal,50.0,50.0,50.0,-0.0006267663692932401,4.09715248237503e-07,0.0006271760845414777,-0.0006267663686664736,0.9326931403269939,0.2,0.2,0.2,0.2,0.2,0.18,0.12,0.28,0.22,0.2,0.1999999998,0.1999999998,0.1999999998,0.1999999998,0.1999999998
2017-03-24,0.0,20.0,0.0,bull_normal,50.0,50.0,50.0,-0.01035763966877455,-0.010459842807239333,-0.0001022031384647834,-0.01035763965841691,0.8708718206509459,0.2,0.2,0.2,0.2,0.2,0.18001812613408744,0.12052590594374676,0.2796879553972885,0.22020609785241774,0.19956191467245962,0.1999999998,0.1999999998,0.1999999998,0.1999999998,0.1999999998
2017-03-31,0.0,20.0,0.0,bull_normal,50.0,50.0,50.0,-0.0013517481052900604,-0.002725591173373938,-0.0013738430680838775,-0.0013517481039383118,0.8770934450031849,0.2,0.2,0.2,0.2,0.2,0.18010184442389263,0.1210380107685833,0.2794062418273233,0.22022823962902974,0.19922566335117106,0.1999999998,0.1999999998,0.1999999998,0.1999999998,0.1999999998
2017-04-07,0.0,20.0,0.0,bull_normal,50.0,50.0,50.0,0.0031681806916327966,0.00527737313166066,0.0021091924400278633,0.0031681806884646157,0.9637885948886801,0.2,0.2,0.2,0.2,0.2,0.18002352756366324,0.12113369437821006,0.2793523702395383,0.22045129457274165,0.1990391132458468,0.1999999998,0.1999999998,0.1999999998,0.1999999998,0.1999999998
2017-04-14,0.0,20.0,0.0,bull_normal,50.0,50.0,50.0,0.002452154194107804,0.0032403230782641532,0.0007881688841563494,0.00245215419165565,0.909408946545394,0.2,0.2,0.2,0.2,0.2,0.18,0.12,0.28,0.22,0.2,0.1999999998,0.1999999998,0.1999999998,0.1999999998,0.1999999998
2017-04-21,0.0,20.0,0.0,bull_normal,50.0,50.0,50.0,-0.002658642311064372,-0.002064971929867549,0.0005936703811968229,-0.0026586423084057295,0.947820142593091,0.2,0.2,0.2,0.2,0.2,0.18000497060805878,0.12011526686437281,0.2799321016206515,0.22004228996661737,0.19990537094029953,0.1999999998,0.1999999998,0.1999999998,0.1999999998,0.1999999998
2017-04-28,0.0,20.0,0.0,bull_normal,50.0,50.0,50.0,-0.0023043987394168663,-0.003176590709248044,-0.0008721919698311776,-0.0023043987371124675,0.8020855447962167,0.2,0.2,0.2,0.2,0.2,0.17998898788151638,0.1221875338176092,0.27879748818890393,0.22094684325519034,0.19807914685678016,0.1999999998,0.1999999998,0.1999999998,0.1999999998,0.1999999998
2017-05-05,0.0,20.0,0.0,bull_normal,50.0,50.0,50.0,0.004265000486022018,0.003664132222622073,-0.0006008682633999451,0.004265000481757018,0.7833208077497724,0.2,0.2,0.2,0.2,0.2,0.18,0.12,0.28,0.22,0.2,0.1999999998,0.1999999998,0.1999999998,0.1999999998,0.1999999998
2017-05-12,0.0,20.0,0.0,bull_normal,50.0,50.0,50.0,0.002244026861314708,0.0010292557158732172,-0.0012147711454414908,0.0022440268590706806,0.7204989175385296,0.2,0.2,0.2,0.2,0.2,0.1800298985434222,0.12043418248921092,0.279739458207566,0.22013896442445993,0.19965749633534102,0.1999999998,0.1999999998,0.1999999998,0.1999999998,0.1999999998
2017-05-19,0.0,20.0,0.0,bull_normal,50.0,50.0,50.0,0.0037523908568353756,0.0027607621644623616,-0.000991628692373014,0.0037523908530829844,0.7713251295484245,0.2,0.2,0.2,0.2,0.2,0.18001831181311462,0.12147670864496225,0.2791662347106086,0.2206050357622292,0.19873370906908536,0.1999999998,0.1999999998,0.1999999998,0.1999999998,0.1999999998
2017-05-26,0.0,20.0,0.0,bull_normal,50.0,50.0,50.0,0.005290444652344137,0.004267084651627056,-0.001023360000717081,0.005290444647053692,0.7901702292587656,0.2,0.2,0.2,0.2,0.2,0.18,0.12,0.28,0.22,0.2,0.1999999998,0.1999999998,0.1999999998,0.1999999998,0.1999999998
2017-06-02,0.0,20.0,0.0,bull_normal,50.0,50.0,50.0,0.010573104711194499,0.010050748835835347,-0.0005223558753591519,0.010573104700621394,0.818778685856176,0.2,0.2,0.2,0.2,0.2,0.18,0.12,0.28,0.22,0.2,0.1999999998,0.1999999998,0.1999999998,0.1999999998,0.1999999998
2017-06-09,0.0,20.0,0.0,bull_normal,50.0,50.0,50.0,0.00889921572008752,0.00641962444866036,-0.002479591271427159,0.008899215711188301,1.0,0.2,0.2,0.2,0.2,0.2,0.18,0.12,0.28,0.22,0.2,0.1999999998,0.1999999998,0.1999999998,0.1999999998,0.1999999998
2017-06-16,0.0,20.0,0.0,bull_normal,50.0,50.0,50.0,0.00172708389648333,0.0025990475750661177,0.0008719636785827877,0.0017270838947562458,0.9273490228696601,0.2,0.2,0.2,0.2,0.2,0.18007834315673268,0.12381737257175503,0.27799466709669707,0.22131873026976576,0.1967908869050496,0.1999999998,0.1999999998,0.1999999998,0.1999999998,0.1999999998
2017-06-23,0.0,20.0,0.0,bull_normal,50.0,50.0,50.0,0.003659473683186131,0.00415844317006809,0.0004989694868819594,0.003659473679526657,0.8671071945442151,0.2,0.2,0.2,0.2,0.2,0.18,0.12,0.28,0.22,0.2,0.1999999998,0.1999999998,0.1999999998,0.1999999998,0.1999999998
2017-06-30,0.0,20.0,0.0,bull_normal,50.0,50.0,50.0,-0.00522705378352651,-0.006793056569336721,-0.0015660027858102107,-0.005227053778299456,0.8273900465723518,0.2,0.2,0.2,0.2,0.2,0.18,0.12,0.28,0.22,0.2,0.1999999998,0.1999999998,0.1999999998,0.1999999998,0.1999999998
2017-07-07,0.0,20.0,0.0,bull_normal,50.0,50.0,50.0,-0.002907864691180582,-0.0024566502474197395,0.00045121444376084244,-0.0029078646882727166,0.9080687550363297,0.2,0.2,0.2,0.2,0.2,0.18,0.12,0.28,0.22,0.2,0.1999999998,0.1999999998,0.1999999998,0.1999999998,0.1999999998
2017-07-14,0.0,20.0,0.0,bull_normal,50.0,50.0,50.0,0.003097045459904111,0.0020017610746339717,-0.0010952843852701393,0.003097045456807065,1.0,0.2,0.2,0.2,0.2,0.2,0.18000355740704682,0.1200540241306274,0.2799682371495946,0.22001690916151292,0.19995727215121822,0.1999999998,0.1999999998,0.1999999998,0.1999999998,0.1999999998
2017-07-21,0.0,20.0,0.0,bull_normal,50.0,50.0,50.0,0.0022932279628600774,0.0030160196882865866,0.0007227917254265092,0.0022932279605668493,0.9446096171991395,0.2,0.2,0.2,0.2,0.2,0.18,0.12,0.28,0.22,0.2,0.1999999998,0.1999999998,0.1999999998,0.1999999998,0.1999999998
2017-07-28,0.0,20.0,0.0,bull_normal,50.0,50.0,50.0,-0.00046689532333769906,-0.0003721451562774192,9.475016706027983e-05,-0.00046689532287080376,0.8515432559188676,0.2,0.2,0.2,0.2,0.2,0.18,0.12,0.28,0.22,0.2,0.1999999998,0.1999999998,0.1999999998,0.1999999998,0.1999999998
2017-08-04,0.0,20.0,0.0,bull_normal,50.0,50.0,50.0,0.007818532345856503,0.007015511866612072,-0.0008030204792444304,0.00781853233803797,0.8478941050179473,0.2,0.2,0.2,0.2,0.2,0.18,0.12,0.28,0.22,0.2,0.1999999998,0.1999999998,0.1999999998,0.1999999998,0.1999999998
2017-08-11,0.0,20.0,0.0,bull_normal,50.0,50.0,50.0,-0.0005634391138007763,-0.0013133548102844366,-0.0007499156964836603,-0.0005634391132373375,0.7963080037598295,0.2,0.2,0.2,0.2,0.2,0.18002361480724222,0.12102544454042176,0.2793945975236131,0.22042549174131737,0.19913085138740552,0.1999999998,0.1999999998,0.1999999998,0.1999999998,0.1999999998
2017-08-18,0.0,20.0,0.0,bull_normal,50.0,50.0,50.0,0.0037352970472250965,0.004284768749335727,0.0005494717021106302,0.0037352970434897993,0.6772253218840367,0.2,0.2,0.2,0.2,0.2,0.17993287631772428,0.12273799565392084,0.27847460634508386,0.2213320436137533,0.19752247806951775,0.1999999998,0.1999999998,0.1999999998,0.1999999998,0.1999999998
2017-08-25,0.0,20.0,0.0,bull_normal,50.0,50.0,50.0,-0.004213323882312423,-0.003519499181250087,0.0006938247010623362,-0.004213323878099099,0.6541254393650422,0.2,0.2,0.2,0.2,0.2,0.18,0.12,0.28,0.22,0.2,0.1999999998,0.1999999998,0.1999999998,0.1999999998,0.1999999998
2017-09-01,0.0,20.0,0.0,bull_normal,50.0,50.0,50.0,-0.0018005761858767679,-0.002875622755987726,-0.001075046570110958,-0.0018005761840761917,0.665050309147917,0.2,0.2,0.2,0.2,0.2,0.18,0.12,0.28,0.22,0.2,0.1999999998,0.1999999998,0.1999999998,0.1999999998,0.1999999998
2017-09-08,0.0,20.0,0.0,bull_normal,50.0,50.0,50.0,-0.001951621259942638,-0.0029697611930674804,-0.0010181399331248425,-0.0019516212579910165,0.6661261185680893,0.2,0.2,0.2,0.2,0.2,0.18,0.12,0.28,0.22,0.2,0.1999999998,0.1999999998,0.1999999998,0.1999999998,0.1999999998
2017-09-15,0.0,20.0,0.0,bull_normal,50.0,50.0,50.0,-0.0009836644302273722,-0.0015488173479656505,-0.0005651529177382784,-0.0009836644292437078,0.577146102819453,0.2,0.2,0.2,0.2,0.2,0.18024795834936938,0.12242958518938929,0.2785887988364721,0.2205368552084192,0.19819680241635007,0.1999999998,0.1999999998,0.1999999998,0.1999999998,0.1999999998
2017-09-22,0.0,20.0,0.0,bull_normal,50.0,50.0,50.0,0.002991811566348189,0.0004702714098456447,-0.002521540156502544,0.002991811563356378,0.5696848496897639,0.2,0.2,0.2,0.2,0.2,0.18,0.12,0.28,0.22,0.2,0.1999999998,0.1999999998,0.1999999998,0.1999999998,0.1999999998
2017-09-29,0.0,20.0,0.0,bull_normal,50.0,50.0,50.0,0.006188168878654653,0.004451084635525122,-0.0017370842431295311,0.0061881688724664844,0.633124341381971,0.2,0.2,0.2,0.2,0.2,0.1801639025190621,0.12310235769469355,0.27831954578449825,0.2208984102054388,0.19751578379630724,0.1999999998,0.1999999998,0.1999999998,0.1999999998,0.1999999998
2017-10-06,0.0,20.0,0.0,bull_normal,50.0,50.0,50.0,0.008989905142336004,0.009145306546541734,0.00015540140420573084,0.0089899051333461,0.6083000873578104,0.2,0.2,0.2,0.2,0.2,0.17966085495881448,0.12425323473813835,0.2779103720393482,0.2222889849273542,0.19588655333634472,0.1999999998,0.1999999998,0.1999999998,0.1999999998,0.1999999998
2017-10-13,0.0,20.0,0.0,bull_normal,50.0,50.0,50.0,0.00496385959616635,0.005213526524579559,0.0002496669284132091,0.004963859591202491,0.5790290152724478,0.2,0.2,0.2,0.2,0.2,0.17997461114027805,0.12233857496048423,0.2787228882387803,0.22103398472551258,0.19792994093494493,0.1999999998,0.1999999998,0.1999999998,0.1999999998,0.1999999998
2017-10-20,0.0,20.0,0.0,bull_normal,50.0,50.0,50.0,-0.008101262702435994,-0.01001735547537483,-0.0019160927729388356,-0.008101262694334732,0.5561470214050537,0.2,0.2,0.2,0.2,0.2,0.18,0.12,0.28,0.22,0.2,0.1999999998,0.1999999998,0.1999999998,0.1999999998,0.1999999998
2017-10-27,0.0,20.0,0.0,bull_normal,50.0,50.0,50.0,-0.0025248260312698448,-0.0029654668828127434,-0.00044064085154289865,-0.0025248260287450185,0.5727085520261022,0.2,0.2,0.2,0.2,0.2,0.18002159478131557,0.1207073794180555,0.2795904038909809,0.22027194958193402,0.19940867232771395,0.1999999998,0.1999999998,0.1999999998,0.1999999998,0.1999999998
2017-11-03,0.0,20.0,0.0,bull_normal,50.0,50.0,50.0,0.0033586174155517674,0.003723822294615403,0.00036520487906363574,0.0033586174121931498,0.5665973732709954,0.2,0.2,0.2,0.2,0.2,0.18,0.12,0.28,0.22,0.2,0.1999999998,0.1999999998,0.1999999998,0.1999999998,0.1999999998
2017-11-10,0.0,20.0,0.0,bull_normal,50.0,50.0,50.0,0.0031588850999104937,0.0022900173489631566,-0.000868867750947337,0.0031588850967516086,0.6753297599698815,0.2,0.2,0.2,0.2,0.2,0.18005278012120443,0.12242940063052098,0.2786683176744534,0.2208966716176768,0.1979528299561445,0.1999999998,0.1999999998,0.1999999998,0.1999999998,0.1999999998
2017-11-17,0.0,20.0,0.0,bull_normal,50.0,50.0,50.0,0.004616382654492141,0.005532007238166179,0.0009156245836740382,0.004616382649875758,0.7141835593634634,0.2,0.2,0.2,0.2,0.2,0.18,0.12,0.28,0.22,0.2,0.1999999998,0.1999999998,0.1999999998,0.1999999998,0.1999999998
2017-11-24,0.0,20.0,0.0,bull_normal,50.0,50.0,50.0,0.0015662325674553794,0.002769294169605592,0.0012030616021502126,0.0015662325658891466,0.7522964646248332,0.2,0.2,0.2,0.2,0.2,0.18,0.12,0.28,0.22,0.2,0.1999999998,0.1999999998,0.1999999998,0.1999999998,0.1999999998
2017-12-01,0.0,20.0,0.0,bull_normal,50.0,50.0,50.0,-0.0003027827049019382,0.00196445313242523,0.0022672358373271684,-0.0003027827045991555,0.8016336073639938,0.2,0.2,0.2,0.2,0.2,0.18,0.12,0.28,0.22,0.2,0.1999999998,0.1999999998,0.1999999998,0.1999999998,0.1999999998
2017-12-08,0.0,20.0,0.0,bull_normal,50.0,50.0,50.0,0.002406908480314145,0.002034142264109673,-0.00037276621620447193,0.0024069084779072365,0.7923516254588185,0.2,0.2,0.2,0.2,0.2,0.17982650523414084,0.12436958134531684,0.2776489620378108,0.22218301367386226,0.19597193770886923,0.1999999998,0.1999999998,0.1999999998,0.1999999998,0.1999999998
2017-12-15,0.0,20.0,0.0,bull_normal,50.0,50.0,50.0,-0.00371858898186914,-0.002674843373390254,0.0010437456084788858,-0.0037185889781505502,0.7762663575622407,0.2,0.2,0.2,0.2,0.2,0.18001091035810132,0.12169080335773193,0.2790289886459621,0.22073496787443594,0.19853432976376872,0.1999999998,0.1999999998,0.1999999998,0.1999999998,0.1999999998
2017-12-22,0.0,20.0,0.0,bull_normal,50.0,50.0,50.0,0.0006591388957999466,0.003140394032745981,0.0024812551369460347,0.0006591388951408076,0.9102062009170702,0.2,0.2,0.2,0.2,0.2,0.18,0.12,0.28,0.22,0.2,0.1999999998,0.1999999998,0.1999999998,0.1999999998,0.1999999998
2017-12-29,0.0,20.0,0.0,bull_normal,50.0,50.0,50.0,-0.0010157027729798158,-0.0008664138713055877,0.00014928890167422815,-0.001015702771964113,0.786219298687867,0.2,0.2,0.2,0.2,0.2,0.18,0.12,0.28,0.22,0.2,0.1999999998,0.1999999998,0.1999999998,0.1999999998,0.1999999998
2018-01-05,0.0,20.0,0.0,bull_normal,50.0,50.0,50.0,0.01952044782863926,0.019990830549453886,0.0004703827208146251,0.019520447809118813,0.703291308979332,0.2,0.2,0.2,0.2,0.2,0.17885035804881613,0.12651037939168827,0.2773682520674886,0.22430736047443586,0.19296365001757124,0.1999999998,0.1999999998,0.1999999998,0.1999999998,0.1999999998
2018-01-12,0.0,20.0,0.0,bull_normal,50.0,50.0,50.0,0.0010011837433366534,0.0019432935554450676,0.0009421098121084142,0.0010011837423354695,0.7372932674454743,0.2,0.2,0.2,0.2,0.2,0.18002291417572577,0.12081465262212335,0.2795298449311278,0.22031591657540575,0.19931667169561726,0.1999999998,0.1999999998,0.1999999998,0.1999999998,0.1999999998
2018-01-19,0.0,20.0,0.0,bull_normal,50.0,50.0,50.0,0.0005063164318189806,0.002773406170579873,0.0022670897387608926,0.0005063164313126642,0.8289415029960981,0.2,0.2,0.2,0.2,0.2,0.18,0.12,0.28,0.22,0.2,0.1999999998,0.1999999998,0.1999999998,0.1999999998,0.1999999998
2018-01-26,0.0,20.0,0.0,bull_normal,50.0,50.0,50.0,-0.004906817625824371,-0.006567410841073983,-0.0016605932152496125,-0.004906817620917553,0.8659149205798846,0.2,0.2,0.2,0.2,0.2,0.18,0.12,0.28,0.22,0.2,0.1999999998,0.1999999998,0.1999999998,0.1999999998,0.1999999998
2018-02-02,0.0,20.0,0.0,bull_normal,50.0,50.0,50.0,0.00010049391314565593,0.0002532651954864871,0.00015277128234083117,0.00010049391304516145,0.8293673666156183,0.2,0.2,0.2,0.2,0.2,0.18,0.12,0.28,0.22,0.2,0.1999999998,0.1999999998,0.1999999998,0.1999999998,0.1999999998
2018-02-09,0.0,20.0,0.0,bull_normal,50.0,50.0,50.0,-0.0036037306463685315,-0.0011676434566872311,0.0024360871896813,-0.0036037306427648005,0.8488288060193345,0.2,0.2,0.2,0.2,0.2,0.18002264003120635,0.1212351894785134,0.2792967725272372,0.22049587108417973,0.19894952687886341,0.1999999998,0.1999999998,0.1999999998,0.1999999998,0.1999999998
2018-02-16,0.0,20.0,0.0,bull_normal,50.0,50.0,50.0,-0.007974514196248656,-0.008679037809296217,-0.0007045236130475609,-0.007974514188274141,0.7814823889617913,0.2,0.2,0.2,0.2,0.2,0.18001813975666375,0.12052589933645655,0.2796922005160755,0.22020115600883258,0.19956260438197157,0.1999999998,0.1999999998,0.1999999998,0.1999999998,0.1999999998
2018-02-23,0.0,20.0,0.0,bull_normal,50.0,50.0,50.0,0.004502690004918417,0.0072782808302093716,0.002775590825290954,0.0045026900004157275,0.8681975128230519,0.2,0.2,0.2,0.2,0.2,0.18000892398478432,0.12170836362841041,0.27898320628438117,0.2207887645389747,0.19851074156344953,0.1999999998,0.1999999998,0.1999999998,0.1999999998,0.1999999998
2018-03-02,0.0,20.0,0.0,bull_normal,50.0,50.0,50.0,-0.0013266058235354144,-0.003855955223306108,-0.0025293493997706933,-0.0013266058222088078,0.9331127544536328,0.2,0.2,0.2,0.2,0.2,0.18,0.12,0.28,0.22,0.2,0.1999999998,0.1999999998,0.1999999998,0.1999999998,0.1999999998
2018-03-09,0.0,20.0,0.0,bull_normal,50.0,50.0,50.0,0.0024052094593112108,0.0012724165048346452,-0.0011327929544765656,0.002405209456906001,0.8135031505804193,0.2,0.2,0.2,0.2,0.2,0.18,0.12,0.28,0.22,0.2,0.1999999998,0.1999999998,0.1999999998,0.1999999998,0.1999999998
2018-03-16,0.0,20.0,0.0,bull_normal,50.0,50.0,50.0,0.0029492224030190336,0.0047997929256567385,0.001850570522637705,0.0029492224000698107,0.8505142213578697,0.2,0.2,0.2,0.2,0.2,0.18,0.12,0.28,0.22,0.2,0.1999999998,0.1999999998,0.1999999998,0.1999999998,0.1999999998
2018-03-23,0.0,20.0,0.0,bull_normal,50.0,50.0,50.0,0.0011633210771763872,0.0022904917725824927,0.0011271706954061056,0.0011633210760130656,0.8142431215592479,0.2,0.2,0.2,0.2,0.2,0.18002268723444634,0.12082121317483661,0.27949831824536403,0.22035150968120104,0.19930627166415202,0.1999999998,0.1999999998,0.1999999998,0.1999999998,0.1999999998
2018-03-30,0.0,20.0,0.0,bull_normal,50.0,50.0,50.0,0.002823421009926672,0.0033841779043626307,0.0005607568944359588,0.0028234210071032503,0.7337291565083015,0.2,0.2,0.2,0.2,0.2,0.18,0.12,0.28,0.22,0.2,0.1999999998,0.1999999998,0.1999999998,0.1999999998,0.1999999998
2018-04-06,0.0,20.0,0.0,bull_normal,50.0,50.0,50.0,0.0005960004657838768,0.0008142502475636395,0.00021824978177976267,0.0005960004651878761,0.6718551100086391,0.2,0.2,0.2,0.2,0.2,0.1796835506325182,0.12416763209587438,0.27793980249466466,0.2222207905605669,0.1959882242163758,0.1999999998,0.1999999998,0.1999999998,0.1999999998,0.1999999998
2018-04-13,0.0,20.0,0.0,bull_normal,50.0,50.0,50.0,-0.0019211192154549909,-0.0032438452007200005,-0.0013227259852650096,-0.001921119213533871,0.7087440723377735,0.2,0.2,0.2,0.2,0.2,0.18,0.12,0.28,0.22,0.2,0.1999999998,0.1999999998,0.1999999998,0.1999999998,0.1999999998
2018-04-20,0.0,20.0,0.0,bull_normal,50.0,50.0,50.0,0.0017254751296974149,0.002524419113909844,0.0007989439842124293,0.0017254751279719399,0.6505829963237245,0.2,0.2,0.2,0.2,0.2,0.18,0.12,0.28,0.22,0.2,0.1999999998,0.1999999998,0.1999999998,0.1999999998,0.1999999998
2018-04-27,0.0,20.0,0.0,bull_normal,50.0,50.0,50.0,0.0015917786351982747,0.0007715542082445845,-0.0008202244269536902,0.001591778633606496,0.580934844740431,0.2,0.2,0.2,0.2,0.2,0.18,0.12,0.28,0.22,0.2,0.1999999998,0.1999999998,0.1999999998,0.1999999998,0.1999999998
2018-05-04,0.0,20.0,0.0,bull_normal,50.0,50.0,50.0,0.0021244729779228513,0.0008754044491038249,-0.0012490685288190264,0.002124472975798378,0.6387792827221022,0.2,0.2,0.2,0.2,0.2,0.1786852829629319,0.12605514257612535,0.2773277785229576,0.22483409889636638,0.1930976970416188,0.1999999998,0.1999999998,0.1999999998,0.1999999998,0.1999999998
2018-05-11,0.0,20.0,0.0,bull_normal,50.0,50.0,50.0,0.00019106793326216737,0.0001945448224750589,3.47688921289153e-06,0.00019106793307109945,0.5655246273415505,0.2,0.2,0.2,0.2,0.2,0.18002196833317688,0.12058761775102275,0.2796586367356621,0.22021786811178207,0.1995139090683561,0.1999999998,0.1999999998,0.1999999998,0.1999999998,0.1999999998
2018-05-18,0.0,20.0,0.0,bull_normal,50.0,50.0,50.0,0.0012800576862044017,0.00025853366742849455,-0.0010215240187759073,0.001280057684924344,0.5776389822127026,0.2,0.2,0.2,0.2,0.2,0.18,0.12,0.28,0.22,0.2,0.1999999998,0.1999999998,0.1999999998,0.1999999998,0.1999999998
2018-05-25,0.0,20.0,0.0,bull_normal,50.0,50.0,50.0,-0.0007648043641835075,-0.0003127137562634784,0.0004520906079200291,-0.0007648043634187029,0.6006237219572,0.2,0.2,0.2,0.2,0.2,0.17999581432679548,0.12342565443622935,0.27819339227600437,0.22136399036005847,0.19702114860091247,0.1999999998,0.1999999998,0.1999999998,0.1999999998,0.1999999998
2018-06-01,0.0,20.0,0.0,bull_normal,50.0,50.0,50.0,0.0018926004785007457,0.002342016345514871,0.0004494158670141255,0.001892600476608145,0.5170304665561543,0.2,0.2,0.2,0.2,0.2,0.18,0.12,0.28,0.22,0.2,0.1999999998,0.1999999998,0.1999999998,0.1999999998,0.1999999998
2018-06-08,0.0,20.0,0.0,bull_normal,50.0,50.0,50.0,-0.0011392706080667924,0.0003873951324830673,0.0015266657405498597,-0.0011392706069275223,0.5506120687484748,0.2,0.2,0.2,0.2,0.2,0.1797574376031233,0.1236295045584551,0.27778382310252947,0.2223458520696632,0.19648338266622895,0.1999999998,0.1999999998,0.1999999998,0.1999999998,0.1999999998
2018-06-15,0.0,20.0,0.0,bull_normal,50.0,50.0,50.0,0.006861316019545121,0.0068680322083164,6.716188771279351e-06,0.006861316012683805,0.6089413152406239,0.2,0.2,0.2,0.2,0.2,0.18001038098425895,0.12025839584952075,0.2798483969938117,0.2200958641547701,0.19978696201763854,0.1999999998,0.1999999998,0.1999999998,0.1999999998,0.1999999998
2018-06-22,0.0,20.0,0.0,bull_normal,50.0,50.0,50.0,0.0030433567534947237,0.0012638804407393925,-0.0017794763127553313,0.003043356750451367,0.642409716617196,0.2,0.2,0.2,0.2,0.2,0.1781647959139364,0.1267193695836368,0.27767539309944866,0.2254939703634848,0.19194647103949344,0.1999999998,0.1999999998,0.1999999998,0.1999999998,0.1999999998
2018-06-29,0.0,20.0,0.0,bull_normal,50.0,50.0,50.0,0.0038541420353823343,0.0038397970034051683,-1.434503197716595e-05,0.003854142031528192,0.6087095805153614,0.2,0.2,0.2,0.2,0.2,0.18001614268284,0.12044752105767119,0.2797053883424038,0.220207359442525,0.19962358847455997,0.1999999998,0.1999999998,0.1999999998,0.1999999998,0.1999999998
2018-07-06,0.0,20.0,0.0,bull_normal,50.0,50.0,50.0,-0.0004501041948699519,-0.00023056188780922168,0.0002195423070607302,-0.00045010419441984757,0.5486967711062566,0.2,0.2,0.2,0.2,0.2,0.18,0.12,0.28,0.22,0.2,0.1999999998,0.1999999998,0.1999999998,0.1999999998,0.1999999998
2018-07-13,0.0,20.0,0.0,bull_normal,50.0,50.0,50.0,-0.0045509927550278105,-0.004022245554934008,0.0005287472000938022,-0.004550992750476817,0.5322030191344366,0.2,0.2,0.2,0.2,0.2,0.18,0.12,0.28,0.22,0.2,0.1999999998,0.1999999998,0.1999999998,0.1999999998,0.1999999998
2018-07-20,0.0,20.0,0.0,bull_normal,50.0,50.0,50.0,-0.0020502526694462513,-0.0005408163678557214,0.0015094363015905297,-0.0020502526673959994,0.5488864003725297,0.2,0.2,0.2,0.2,0.2,0.18,0.12,0.28,0.22,0.2,0.1999999998,0.1999999998,0.1999999998,0.1999999998,0.1999999998
2018-07-27,0.0,20.0,0.0,bull_normal,50.0,50.0,50.0,-0.0007413948137386543,-0.0006099030676803558,0.00013149174605829855,-0.0007413948129972595,0.6244181508723026,0.2,0.2,0.2,0.2,0.2,0.18,0.12,0.28,0.22,0.2,0.1999999998,0.1999999998,0.1999999998,0.1999999998,0.1999999998
2018-08-03,0.0,20.0,0.0,bull_normal,50.0,50.0,50.0,-0.0015631922109397673,-0.0017570480061793539,-0.00019385579523958658,-0.0015631922093765748,0.575145147933203,0.2,0.2,0.2,0.2,0.2,0.18003177079812557,0.12235167401752296,0.27870985136856186,0.22091394600160066,0.19799275781418893,0.1999999998,0.1999999998,0.1999999998,0.1999999998,0.1999999998
2018-08-10,0.0,20.0,0.0,bull_normal,50.0,50.0,50.0,0.010383562002568462,0.011786002874239454,0.001402440871670992,0.0103835619921849,0.6532390309060504,0.2,0.2,0.2,0.2,0.2,0.18,0.12,0.28,0.22,0.2,0.1999999998,0.1999999998,0.1999999998,0.1999999998,0.1999999998
2018-08-17,0.0,20.0,0.0,bull_normal,50.0,50.0,50.0,0.009470076265101764,0.011319404979540261,0.001849328714438497,0.009470076255631687,0.7905577776427459,0.2,0.2,0.2,0.2,0.2,0.18001879128237008,0.12145673679664962,0.27917693250858594,0.22059583918008252,0.19875170023231165,0.1999999998,0.1999999998,0.1999999998,0.1999999998,0.1999999998
2018-08-24,0.0,20.0,0.0,bull_normal,50.0,50.0,50.0,0.00496720358506792,0.004358031698744485,-0.0006091718863234351,0.0049672035801007165,0.6909073800131689,0.2,0.2,0.2,0.2,0.2,0.18,0.12,0.28,0.22,0.2,0.1999999998,0.1999999998,0.1999999998,0.1999999998,0.1999999998
2018-08-31,0.0,20.0,0.0,bull_normal,50.0,50.0,50.0,0.009288844918868373,0.008738742523548153,-0.0005501023953202195,0.009288844909579527,0.6734578855292087,0.2,0.2,0.2,0.2,0.2,0.18,0.12,0.28,0.22,0.2,0.1999999998,0.1999999998,0.1999999998,0.1999999998,0.1999999998
2018-09-07,0.0,20.0,0.0,bull_normal,50.0,50.0,50.0,-0.002112652330684098,-0.0001839302929472158,0.0019287220377368823,-0.0021126523285714452,0.6882775189877561,0.2,0.2,0.2,0.2,0.2,0.18,0.12,0.28,0.22,0.2,0.1999999998,0.1999999998,0.1999999998,0.1999999998,0.1999999998
2018-09-14,0.0,20.0,0.0,bull_normal,50.0,50.0,50.0,-0.0028338232987959702,-0.004271897004000945,-0.0014380737052049745,-0.0028338232959621464,0.7083671722173113,0.2,0.2,0.2,0.2,0.2,0.18,0.12,0.28,0.22,0.2,0.1999999998,0.1999999998,0.1999999998,0.1999999998,0.1999999998
2018-09-21,0.0,20.0,0.0,bull_normal,50.0,50.0,50.0,-0.003870869581384863,-0.002285408533243554,0.001585461048141309,-0.0038708695775139935,0.7159479238091871,0.2,0.2,0.2,0.2,0.2,0.179837278623013,0.1233999434171612,0.2781588404438389,0.22177645722215045,0.19682748029383637,0.1999999998,0.1999999998,0.1999999998,0.1999999998,0.1999999998
2018-09-28,0.0,20.0,0.0,bull_normal,50.0,50.0,50.0,0.004494687288707567,0.005819172530364554,0.0013244852416569872,0.00449468728421288,0.7269032953024501,0.2,0.2,0.2,0.2,0.2,0.1800219836738363,0.12125351132454702,0.2792667167406647,0.22052822939135172,0.19892955886960026,0.1999999998,0.1999999998,0.1999999998,0.1999999998,0.1999999998
2018-10-05,0.0,20.0,0.0,bull_normal,50.0,50.0,50.0,0.002319160779626925,0.0007661497205119149,-0.00155301105911501,0.0023191607773077644,0.7181281185832296,0.2,0.2,0.2,0.2,0.2,0.18003083631542446,0.12031303399408685,0.2798146389538283,0.22007583597043467,0.1997656547662257,0.1999999998,0.1999999998,0.1999999998,0.1999999998,0.1999999998
2018-10-12,0.0,20.0,0.0,bull_normal,50.0,50.0,50.0,0.005042610121625329,0.004127632492215997,-0.0009149776294093319,0.0050426101165827195,0.7307868325838537,0.2,0.2,0.2,0.2,0.2,0.18003187443757832,0.12056823851450536,0.2796702397015825,0.2201856769038645,0.1995439704424695,0.1999999998,0.1999999998,0.1999999998,0.1999999998,0.1999999998
2018-10-19,0.0,20.0,0.0,bull_normal,50.0,50.0,50.0,-0.0006674727251158802,-0.0004016554345445906,0.00026581729057128964,-0.0006674727244484073,0.6606972762433555,0.2,0.2,0.2,0.2,0.2,0.18015073202501067,0.12180770217867158,0.2789840045454825,0.22043825260109526,0.1986193086497399,0.1999999998,0.1999999998,0.1999999998,0.1999999998,0.1999999998
2018-10-26,0.0,20.0,0.0,bull_normal,50.0,50.0,50.0,-0.0010812722321859585,-0.0005435385186830648,0.0005377337135028937,-0.001081272231104686,0.5794956152097825,0.2,0.2,0.2,0.2,0.2,0.18,0.12,0.28,0.22,0.2,0.1999999998,0.1999999998,0.1999999998,0.1999999998,0.1999999998
2018-11-02,0.0,20.0,0.0,bull_normal,50.0,50.0,50.0,-0.005584173958274741,-0.005417186845029637,0.00016698711324510465,-0.005584173952690566,0.7839382824162502,0.2,0.2,0.2,0.2,0.2,0.1801772036260702,0.12180215945163535,0.2789860428525445,0.22037581078931595,0.1986587832804339,0.1999999998,0.1999999998,0.1999999998,0.1999999998,0.1999999998
2018-11-09,0.0,20.0,0.0,bull_normal,50.0,50.0,50.0,-0.003194510052218554,-0.0019279228566969411,0.0012665871955216128,-0.003194510049024043,0.7224116324434996,0.2,0.2,0.2,0.2,0.2,0.17869157423496035,0.12609845086572968,0.277394600015481,0.2247329171549796,0.19308245772884935,0.1999999998,0.1999999998,0.1999999998,0.1999999998,0.1999999998
2018-11-16,0.0,20.0,0.0,bull_normal,50.0,50.0,50.0,0.0034412259374824953,0.002257177181319399,-0.0011840487561630962,0.003441225934041269,0.759103172245808,0.2,0.2,0.2,0.2,0.2,0.18,0.12,0.28,0.22,0.2,0.1999999998,0.1999999998,0.1999999998,0.1999999998,0.1999999998
2018-11-23,0.0,20.0,0.0,bull_normal,50.0,50.0,50.0,-0.001913667915547115,-0.0007040182408006064,0.0012096496747465088,-0.0019136679136334469,0.8167217378353205,0.2,0.2,0.2,0.2,0.2,0.18,0.12,0.28,0.22,0.2,0.1999999998,0.1999999998,0.1999999998,0.1999999998,0.1999999998
2018-11-30,0.0,20.0,0.0,bull_normal,50.0,50.0,50.0,-0.001021522002690293,-0.002383395112938034,-0.0013618731102477408,-0.001021522001668771,0.7878508100499685,0.2,0.2,0.2,0.2,0.2,0.18018591105801124,0.12272879512857096,0.27842573096272066,0.22080486669529084,0.19785469615540635,0.1999999998,0.1999999998,0.1999999998,0.1999999998,0.1999999998
2018-12-07,0.0,20.0,0.0,bull_normal,50.0,50.0,50.0,-0.0028834169797668993,-0.0016988716629314459,0.0011845453168354534,-0.0028834169768834823,0.8158929342099689,0.2,0.2,0.2,0.2,0.2,0.18,0.12,0.28,0.22,0.2,0.1999999998,0.1999999998,0.1999999998,0.1999999998,0.1999999998
2018-12-14,0.0,20.0,0.0,bull_normal,50.0,50.0,50.0,0.004566444123343545,0.004281352228891404,-0.00028509189445214116,0.0045664441187771,0.7291858894880416,0.2,0.2,0.2,0.2,0.2,0.17994667680213458,0.12263026466419108,0.27855662851562135,0.22122834314381074,0.1976380868742421,0.1999999998,0.1999999998,0.1999999998,0.1999999998,0.1999999998
2018-12-21,0.0,20.0,0.0,bull_normal,50.0,50.0,50.0,-3.746604348901494e-05,-0.0010211620939615004,-0.0009836960504724854,-3.7466043451548956e-05,0.6530055964988174,0.2,0.2,0.2,0.2,0.2,0.18,0.12,0.28,0.22,0.2,0.1999999998,0.1999999998,0.1999999998,0.1999999998,0.1999999998
2018-12-28,0.0,20.0,0.0,bull_normal,50.0,50.0,50.0,-0.0048362053451544585,-0.0028300531571413636,0.002006152188013095,-0.004836205340318253,0.6938590982741037,0.2,0.2,0.2,0.2,0.2,0.18,0.12,0.28,0.22,0.2,0.1999999998,0.1999999998,0.1999999998,0.1999999998,0.1999999998
2019-01-04,0.0,20.0,0.0,bull_normal,50.0,50.0,50.0,-0.000419342380310482,-0.0003739162116768783,4.542616863360371e-05,-0.00041934237989113955,0.7138193044777618,0.2,0.2,0.2,0.2,0.2,0.1805453541619563,0.12791757165949155,0.2761286968103675,0.2215157925569757,0.1938925848112089,0.1999999998,0.1999999998,0.1999999998,0.1999999998,0.1999999998
2019-01-11,0.0,20.0,0.0,bull_normal,50.0,50.0,50.0,0.002166767464688563,0.0025975857598220754,0.0004308182951335126,0.0021667674625217956,0.6672973261618476,0.2,0.2,0.2,0.2,0.2,0.1798649451351032,0.12328335387468903,0.27828602982333855,0.22159030423988757,0.19697536692698164,0.1999999998,0.1999999998,0.1999999998,0.1999999998,0.1999999998
2019-01-18,0.0,20.0,0.0,bull_normal,50.0,50.0,50.0,-0.00824922534135072,-0.009132999619540576,-0.0008837742781898569,-0.008249225333101493,0.7535133247832705,0.2,0.2,0.2,0.2,0.2,0.18001986714311138,0.12060670435908996,0.2796476273730658,0.2202313692019889,0.19949443192274385,0.1999999998,0.1999999998,0.1999999998,0.1999999998,0.1999999998
2019-01-25,0.0,20.0,0.0,bull_normal,50.0,50.0,50.0,0.004612357485171514,0.00484718824399826,0.00023483075882674547,0.004612357480559157,0.8275109917237982,0.2,0.2,0.2,0.2,0.2,0.18,0.12,0.28,0.22,0.2,0.1999999998,0.1999999998,0.1999999998,0.1999999998,0.1999999998
2019-02-01,0.0,20.0,0.0,bull_normal,50.0,50.0,50.0,0.001283671270179795,0.0008260783221604629,-0.00045759294801933225,0.0012836712688961236,0.7980038901885368,0.2,0.2,0.2,0.2,0.2,0.1797211248871931,0.12401670522143209,0.2779936335070592,0.22210395913868528,0.19616457724563025,0.1999999998,0.1999999998,0.1999999998,0.1999999998,0.1999999998
2019-02-08,0.0,20.0,0.0,bull_normal,50.0,50.0,50.0,-0.004164335979401075,-0.004770079942294395,-0.0006057439628933204,-0.004164335975236739,0.7877866198951626,0.2,0.2,0.2,0.2,0.2,0.17993752903298138,0.1248856764532261,0.277499863820027,0.22198765363307105,0.19568927706069447,0.1999999998,0.1999999998,0.1999999998,0.1999999998,0.1999999998
2019-02-15,0.0,20.0,0.0,bull_normal,50.0,50.0,50.0,0.006339225412474743,0.009326948957863063,0.00298772354538832,0.006339225406135517,0.861932816309052,0.2,0.2,0.2,0.2,0.2,0.1800578602773765,0.1206421660673333,0.27962917195997306,0.22015716039242586,0.19951364130289134,0.1999999998,0.1999999998,0.1999999998,0.1999999998,0.1999999998
2019-02-22,0.0,20.0,0.0,bull_normal,50.0,50.0,50.0,0.003164193320501582,0.0009278135476300367,-0.002236379772871545,0.003164193317337388,0.9253269232538182,0.2,0.2,0.2,0.2,0.2,0.18,0.12,0.28,0.22,0.2,0.1999999998,0.1999999998,0.1999999998,0.1999999998,0.1999999998
2019-03-01,0.0,20.0,0.0,bull_normal,50.0,50.0,50.0,0.00042896823658291103,0.0008584828487676034,0.0004295146121846924,0.00042896823615394276,0.8716270470164702,0.2,0.2,0.2,0.2,0.2,0.17993080242894452,0.12353230190407322,0.2781573454016261,0.2215332687699953,0.19684628149536082,0.1999999998,0.1999999998,0.1999999998,0.1999999998,0.1999999998
2019-03-08,0.0,20.0,0.0,bull_normal,50.0,50.0,50.0,0.001855834981960547,0.0007115329608195598,-0.0011443020211409872,0.001855834980104712,0.790271068694077,0.2,0.2,0.2,0.2,0.2,0.18002319813784037,0.12049225817388952,0.27970904184432516,0.2201771891259328,0.19959831271801207,0.1999999998,0.1999999998,0.1999999998,0.1999999998,0.1999999998
2019-03-15,0.0,20.0,0.0,bull_normal,50.0,50.0,50.0,0.0015737710489390983,0.00018458943844690997,-0.0013891816104921882,0.0015737710473653272,0.773992263413974,0.2,0.2,0.2,0.2,0.2,0.18001014726202488,0.1202515196781905,0.27985012300262285,0.22009588544907963,0.1997923246080821,0.1999999998,0.1999999998,0.1999999998,0.1999999998,0.1999999998
2019-03-22,0.0,20.0,0.0,bull_normal,50.0,50.0,50.0,-0.001283466204517355,-0.0018230536019567987,-0.0005395873974394438,-0.0012834662032338883,0.8016395730932948,0.2,0.2,0.2,0.2,0.2,0.18001812185276844,0.12052490010375118,0.2796943964245485,0.22019887140285158,0.19956371021608024,0.1999999998,0.1999999998,0.1999999998,0.1999999998,0.1999999998
2019-03-29,0.0,20.0,0.0,bull_normal,50.0,50.0,50.0,-0.0028754924577929397,-0.00221003591659508,0.0006654565411978596,-0.0028754924549174465,0.8909678932556719,0.2,0.2,0.2,0.2,0.2,0.18007861892445629,0.1224744359036844,0.27853118647700165,0.2209858512500892,0.1979299074447685,0.1999999998,0.1999999998,0.1999999998,0.1999999998,0.1999999998
2019-04-05,0.0,20.0,0.0,bull_normal,50.0,50.0,50.0,-0.0008384922799699499,-0.00031183846093495643,0.0005266538190349934,-0.0008384922791314576,0.8173283973921022,0.2,0.2,0.2,0.2,0.2,0.18034990396740183,0.12246794674545898,0.2785906879646867,0.22029045218874185,0.1983010091337107,0.1999999998,0.1999999998,0.1999999998,0.1999999998,0.1999999998
2019-04-12,0.0,20.0,0.0,bull_normal,50.0,50.0,50.0,-0.005608750048394668,-0.005375784300496338,0.00023296574789832998,-0.005608750042785917,0.8086295318418538,0.2,0.2,0.2,0.2,0.2,0.18,0.12,0.28,0.22,0.2,0.1999999998,0.1999999998,0.1999999998,0.1999999998,0.1999999998
2019-04-19,0.0,20.0,0.0,bull_normal,50.0,50.0,50.0,-0.0037426538518540993,-0.004292859774394515,-0.0005502059225404158,-0.003742653848111445,0.7156751052436939,0.2,0.2,0.2,0.2,0.2,0.18,0.12,0.28,0.22,0.2,0.1999999998,0.1999999998,0.1999999998,0.1999999998,0.1999999998
2019-04-26,0.0,20.0,0.0,bull_normal,50.0,50.0,50.0,0.001995081041211361,0.0013854982250469073,-0.0006095828161644535,0.0019950810392162796,0.7224981502388044,0.2,0.2,0.2,0.2,0.2,0.18006731956471672,0.12223090727765487,0.278758500259508,0.22080131901229708,0.19814195388582326,0.1999999998,0.1999999998,0.1999999998,0.1999999998,0.1999999998
2019-05-03,0.0,20.0,0.0,bull_normal,50.0,50.0,50.0,0.001369312858242963,0.002774553790711422,0.001405240932468459,0.0013693128568736496,0.6899761135783788,0.2,0.2,0.2,0.2,0.2,0.18002304347690037,0.12088591078955192,0.2794531584135826,0.22038903616056324,0.19924885115940172,0.1999999998,0.1999999998,0.1999999998,0.1999999998,0.1999999998
2019-05-10,0.0,20.0,0.0,bull_normal,50.0,50.0,50.0,0.0008147472747156026,0.0021527468702665954,0.001337999595550993,0.0008147472739008553,0.7467119936417079,0.2,0.2,0.2,0.2,0.2,0.17978588278630472,0.12597687856710404,0.2771547835676007,0.22250349657678092,0.1945789585022096,0.1999999998,0.1999999998,0.1999999998,0.1999999998,0.1999999998
2019-05-17,0.0,20.0,0.0,bull_normal,50.0,50.0,50.0,-5.9616208743682014e-05,-0.00042673488227525894,-0.0003671186735315769,-5.961620868406575e-05,0.8324296375212793,0.2,0.2,0.2,0.2,0.2,0.18,0.12,0.28,0.22,0.2,0.1999999998,0.1999999998,0.1999999998,0.1999999998,0.1999999998
2019-05-24,0.0,20.0,0.0,bull_normal,50.0,50.0,50.0,-0.002371118394822762,-0.002202822348295735,0.0001682960465270271,-0.0023711183924516434,0.8966735357805672,0.2,0.2,0.2,0.2,0.2,0.18002620607607697,0.12045680311987851,0.27973227420515445,0.2201509635338394,0.19963375306505068,0.1999999998,0.1999999998,0.1999999998,0.1999999998,0.1999999998
2019-05-31,0.0,20.0,0.0,bull_normal,50.0,50.0,50.0,-0.001100839951637181,-0.0002730587869744398,0.0008277811646627413,-0.0011008399505363419,0.914750363263021,0.2,0.2,0.2,0.2,0.2,0.18006975787413723,0.12273868371467342,0.2784863661564119,0.22100144719663262,0.19770374505814475,0.1999999998,0.1999999998,0.1999999998,0.1999999998,0.1999999998
2019-06-07,0.0,20.0,0.0,bull_normal,50.0,50.0,50.0,0.01351397620794217,0.014156042799310063,0.0006420665913678941,0.013513976194428191,0.8341007811336033,0.2,0.2,0.2,0.2,0.2,0.180023479808794,0.12114127419233521,0.2793482033738977,0.22045459778665666,0.1990324448383165,0.1999999998,0.1999999998,0.1999999998,0.1999999998,0.1999999998
2019-06-14,0.0,20.0,0.0,bull_normal,50.0,50.0,50.0,0.002489165377749598,0.0030589780984596813,0.0005698127207100835,0.0024891653752604328,0.7628286813358565,0.2,0.2,0.2,0.2,0.2,0.18006468563872988,0.12119378539448049,0.27930267845278556,0.2204006096684653,0.19903824084553876,0.1999999998,0.1999999998,0.1999999998,0.1999999998,0.1999999998
2019-06-21,0.0,20.0,0.0,bull_normal,50.0,50.0,50.0,-0.004489076693802258,-0.005336012597004714,-0.0008469359032024565,-0.004489076689313181,0.6610667576290762,0.2,0.2,0.2,0.2,0.2,0.18003563393532887,0.12057693741030787,0.27966544372389535,0.2201806548718042,0.19954133005866379,0.1999999998,0.1999999998,0.1999999998,0.1999999998,0.1999999998
2019-06-28,0.0,20.0,0.0,bull_normal,50.0,50.0,50.0,0.0015344914400857719,0.0008599860036213146,-0.0006745054364644573,0.0015344914385512804,0.5788320732827359,0.2,0.2,0.2,0.2,0.2,0.18,0.12,0.28,0.22,0.2,0.1999999998,0.1999999998,0.1999999998,0.1999999998,0.1999999998
2019-07-05,0.0,20.0,0.0,bull_normal,50.0,50.0,50.0,0.0002885630984391547,0.0008848412506176681,0.0005962781521785135,0.00028856309815059115,0.547677382047013,0.2,0.2,0.2,0.2,0.2,0.17947303904129444,0.12601560320418842,0.2772849385792934,0.2230687282336493,0.19415769094157434,0.1999999998,0.1999999998,0.1999999998,0.1999999998,0.1999999998
2019-07-12,0.0,20.0,0.0,bull_normal,50.0,50.0,50.0,0.007136461953117799,0.00753037329819897,0.0003939113450811705,0.007136461945981337,0.480275453524091,0.2,0.2,0.2,0.2,0.2,0.1789036217085275,0.1259002093433252,0.27748698877821976,0.22417778254083137,0.19353139762909624,0.1999999998,0.1999999998,0.1999999998,0.1999999998,0.1999999998
2019-07-19,0.0,20.0,0.0,bull_normal,50.0,50.0,50.0,-0.00659710284295899,-0.008205954874828648,-0.0016088520318696588,-0.0065971028363618865,0.7122745948679475,0.2,0.2,0.2,0.2,0.2,0.1788449201652004,0.1276637465973304,0.27704392470395456,0.22444740454468326,0.19200000398883132,0.1999999998,0.1999999998,0.1999999998,0.1999999998,0.1999999998
2019-07-26,0.0,20.0,0.0,bull_normal,50.0,50.0,50.0,-0.005420830280335675,-0.004832069032897891,0.0005887612474377848,-0.005420830274914845,0.7148223982430297,0.2,0.2,0.2,0.2,0.2,0.1800593053329156,0.12240406916805939,0.2785926563240355,0.22097455250167952,0.19796941667330986,0.1999999998,0.1999999998,0.1999999998,0.1999999998,0.1999999998
2019-08-02,0.0,20.0,0.0,bull_normal,50.0,50.0,50.0,0.0043895697210234305,0.004556313625842121,0.0001667439048186909,0.004389569716633861,0.7037422201804439,0.2,0.2,0.2,0.2,0.2,0.18,0.12,0.28,0.22,0.2,0.1999999998,0.1999999998,0.1999999998,0.1999999998,0.1999999998
2019-08-09,0.0,20.0,0.0,bull_normal,50.0,50.0,50.0,0.004975593477332558,0.005996468401052566,0.0010208749237200073,0.004975593472356964,0.690242790782613,0.2,0.2,0.2,0.2,0.2,0.18007780609178892,0.12142353440677091,0.2791624430307279,0.22048313482950174,0.19885308164121052,0.1999999998,0.1999999998,0.1999999998,0.1999999998,0.1999999998
2019-08-16,0.0,20.0,0.0,bull_normal,50.0,50.0,50.0,-0.0004833688887368246,-0.002412055122979753,-0.0019286862342429282,-0.00048336888825345546,0.7694222028248157,0.2,0.2,0.2,0.2,0.2,0.1800912746780676,0.12070712349773838,0.2795863269237173,0.22011543246566445,0.19949984243481234,0.1999999998,0.1999999998,0.1999999998,0.1999999998,0.1999999998
2019-08-23,0.0,20.0,0.0,bull_normal,50.0,50.0,50.0,-0.005908795498363767,-0.005722837572539751,0.00018595792582401603,-0.005908795492454971,0.7405204951753304,0.2,0.2,0.2,0.2,0.2,0.17957051432394497,0.1259635954645014,0.27726026866093817,0.2228828181392496,0.19432280341136593,0.1999999998,0.1999999998,0.1999999998,0.1999999998,0.1999999998
2019-08-30,0.0,20.0,0.0,bull_normal,50.0,50.0,50.0,-0.005337762074364396,-0.00526802317778279,6.973889658160558e-05,-0.005337762069026634,0.7514525982413398,0.2,0.2,0.2,0.2,0.2,0.17954438919117227,0.12457745596731444,0.2777105622197696,0.22272009770642184,0.19544749491532187,0.1999999998,0.1999999998,0.1999999998,0.1999999998,0.1999999998
2019-09-06,0.0,20.0,0.0,bull_normal,50.0,50.0,50.0,-0.003933358111201037,-0.005167613339530834,-0.001234255228329797,-0.003933358107267679,0.6543093183018399,0.2,0.2,0.2,0.2,0.2,0.18,0.12,0.28,0.22,0.2,0.1999999998,0.1999999998,0.1999999998,0.1999999998,0.1999999998
2019-09-13,0.0,20.0,0.0,bull_normal,50.0,50.0,50.0,0.005486650549949662,0.007202793155387799,0.0017161426054381366,0.005486650544463011,0.6542854934344722,0.2,0.2,0.2,0.2,0.2,0.18,0.12,0.28,0.22,0.2,0.1999999998,0.1999999998,0.1999999998,0.1999999998,0.1999999998
2019-09-20,0.0,20.0,0.0,bull_normal,50.0,50.0,50.0,0.0016915388533785987,0.0006087998241215413,-0.0010827390292570574,0.0016915388516870597,0.6240959317040708,0.2,0.2,0.2,0.2,0.2,0.1800106138199933,0.12285674567115287,0.2784621369179708,0.22114101745410641,0.19752948613677657,0.1999999998,0.1999999998,0.1999999998,0.1999999998,0.1999999998
2019-09-27,0.0,20.0,0.0,bull_normal,50.0,50.0,50.0,0.0005357549458328921,0.001190397001434876,0.0006546420556019839,0.0005357549452971372,0.5612572282094832,0.2,0.2,0.2,0.2,0.2,0.18011547354599058,0.12075237679153508,0.2795091723438134,0.22013896648435471,0.19948401083430628,0.1999999998,0.1999999998,0.1999999998,0.1999999998,0.1999999998
2019-10-04,0.0,20.0,0.0,bull_normal,50.0,50.0,50.0,-0.007528730149265189,-0.007541038665186771,-1.2308515921582303e-05,-0.007528730141736457,0.5429021336283579,0.2,0.2,0.2,0.2,0.2,0.18,0.12,0.28,0.22,0.2,0.1999999998,0.1999999998,0.1999999998,0.1999999998,0.1999999998
2019-10-11,0.0,20.0,0.0,bull_normal,50.0,50.0,50.0,-0.004486505318251404,-0.0031255784245137787,0.0013609268937376257,-0.0044865053137648995,0.6063731024304599,0.2,0.2,0.2,0.2,0.2,0.18,0.12,0.28,0.22,0.2,0.1999999998,0.1999999998,0.1999999998,0.1999999998,0.1999999998
2019-10-18,0.0,20.0,0.0,bull_normal,50.0,50.0,50.0,-0.002981882110577835,-0.0027494066919447305,0.00023247541863310453,-0.002981882107595953,0.6065363492426605,0.2,0.2,0.2,0.2,0.2,0.18,0.12,0.28,0.22,0.2,0.1999999998,0.1999999998,0.1999999998,0.1999999998,0.1999999998
2019-10-25,0.0,20.0,0.0,bull_normal,50.0,50.0,50.0,0.0031507724104636423,0.002240675481134495,-0.0009100969293291475,0.0031507724073128697,0.6391350085293809,0.2,0.2,0.2,0.2,0.2,0.18,0.12,0.28,0.22,0.2,0.1999999998,0.1999999998,0.1999999998,0.1999999998,0.1999999998
2019-11-01,0.0,20.0,0.0,bull_normal,50.0,50.0,50.0,0.0001830989661189598,-0.002199219656458181,-0.0023823186225771405,0.00018309896593586065,0.7506726090781869,0.2,0.2,0.2,0.2,0.2,0.18,0.12,0.28,0.22,0.2,0.1999999998,0.1999999998,0.1999999998,0.1999999998,0.1999999998
2019-11-08,0.0,20.0,0.0,bull_normal,50.0,50.0,50.0,-2.5998699084507392e-05,-0.00023804079635228692,-0.00021204209726777954,-2.5998699058508384e-05,0.680907367047831,0.2,0.2,0.2,0.2,0.2,0.1801232926764946,0.12135457685088133,0.2792305176509508,0.22031389729773118,0.19897771552394203,0.1999999998,0.1999999998,0.1999999998,0.1999999998,0.1999999998
2019-11-15,0.0,20.0,0.0,bull_normal,50.0,50.0,50.0,-0.002865260323577073,-0.004147533801964092,-0.0012822734783870188,-0.0028652603207118123,0.6836846496261748,0.2,0.2,0.2,0.2,0.2,0.1730392561019941,0.1270319213416081,0.2816371902402951,0.23270707651827152,0.1855845557978312,0.1999999998,0.1999999998,0.1999999998,0.1999999998,0.1999999998
2019-11-22,0.0,20.0,0.0,bull_normal,50.0,50.0,50.0,0.0036308500752065707,0.0028926453487446444,-0.0007382047264619263,0.0036308500715757203,0.6530422591743917,0.2,0.2,0.2,0.2,0.2,0.18,0.12,0.28,0.22,0.2,0.1999999998,0.1999999998,0.1999999998,0.1999999998,0.1999999998
2019-11-29,0.0,20.0,0.0,bull_normal,50.0,50.0,50.0,-0.004730387840998968,-0.0037995693449305533,0.000930818496068415,-0.004730387836268579,0.5916467476873818,0.2,0.2,0.2,0.2,0.2,0.17922868245136553,0.12540997068227877,0.2776125243864816,0.22338543749417877,0.19436338498569544,0.1999999998,0.1999999998,0.1999999998,0.1999999998,0.1999999998
2019-12-06,0.0,20.0,0.0,bull_normal,50.0,50.0,50.0,0.0019312880869324508,0.0022718135452315285,0.00034052545829907767,0.0019312880850011625,0.5764673291665084,0.2,0.2,0.2,0.2,0.2,0.18,0.12,0.28,0.22,0.2,0.1999999998,0.1999999998,0.1999999998,0.1999999998,0.1999999998
2019-12-13,0.0,20.0,0.0,bull_normal,50.0,50.0,50.0,0.005057214867961209,0.0045613381862143944,-0.0004958766817468145,0.005057214862903994,0.6630635341228887,0.2,0.2,0.2,0.2,0.2,0.179670599581048,0.12421695588735263,0.2779227445126056,0.2222599080250362,0.1959297919939576,0.1999999998,0.1999999998,0.1999999998,0.1999999998,0.1999999998
2019-12-20,0.0,20.0,0.0,bull_normal,50.0,50.0,50.0,-0.0040129167948817655,-0.0025740975533917287,0.0014388192414900368,-0.004012916790868848,0.6748779141798158,0.2,0.2,0.2,0.2,0.2,0.18,0.12,0.28,0.22,0.2,0.1999999998,0.1999999998,0.1999999998,0.1999999998,0.1999999998
2019-12-27,0.0,20.0,0.0,bull_normal,50.0,50.0,50.0,0.0007447039342087946,-0.0022648733934661526,-0.0030095773276749473,0.0007447039334640904,0.7201015682650973,0.2,0.2,0.2,0.2,0.2,0.18,0.12,0.28,0.22,0.2,0.1999999998,0.1999999998,0.1999999998,0.1999999998,0.1999999998
2020-01-03,0.0,20.0,0.0,bull_normal,50.0,50.0,50.0,0.0004916158234569685,-0.00013648688708187224,-0.0006281027105388407,0.0004916158229653536,0.759821674331989,0.2,0.2,0.2,0.2,0.2,0.18002352432406638,0.12089198714712905,0.2794864585802551,0.22034808833730196,0.19924994161124746,0.1999999998,0.1999999998,0.1999999998,0.1999999998,0.1999999998
2020-01-10,0.0,20.0,0.0,bull_normal,50.0,50.0,50.0,0.00015821804730590665,0.001354522868715167,0.0011963048214092603,0.00015821804714768808,0.787523597673384,0.2,0.2,0.2,0.2,0.2,0.17995575871030212,0.1225556244739286,0.2786174805880182,0.22115294976684027,0.19771818646091077,0.1999999998,0.1999999998,0.1999999998,0.1999999998,0.1999999998
2020-01-17,0.0,20.0,0.0,bull_normal,50.0,50.0,50.0,0.003296550820346588,0.0023234238260904858,-0.0009731269942561023,0.003296550817050037,0.8048431585464214,0.2,0.2,0.2,0.2,0.2,0.18,0.12,0.28,0.22,0.2,0.1999999998,0.1999999998,0.1999999998,0.1999999998,0.1999999998
2020-01-24,0.0,20.0,0.0,bull_normal,50.0,50.0,50.0,0.0028453547768402063,0.0017150030156187425,-0.0011303517612214638,0.0028453547739948513,0.8619607672050174,0.2,0.2,0.2,0.2,0.2,0.17998656879144706,0.12217537240009259,0.2788039102140528,0.2209476251550294,0.1980865234393782,0.1999999998,0.1999999998,0.1999999998,0.1999999998,0.1999999998
2020-01-31,0.0,20.0,0.0,bull_normal,50.0,50.0,50.0,-0.00017637948004497876,0.0008819562594103262,0.0010583357394553048,-0.00017637947986859928,0.7802013640117733,0.2,0.2,0.2,0.2,0.2,0.1801156953310211,0.12273573599011055,0.27850730539478363,0.22087152094601353,0.19776974233807126,0.1999999998,0.1999999998,0.1999999998,0.1999999998,0.1999999998
2020-02-07,0.0,20.0,0.0,bull_normal,50.0,50.0,50.0,-0.007552926599724253,-0.007099245814076331,0.00045368078564792143,-0.007552926592171326,0.707436052663673,0.2,0.2,0.2,0.2,0.2,0.18,0.12,0.28,0.22,0.2,0.1999999998,0.1999999998,0.1999999998,0.1999999998,0.1999999998
2020-02-14,0.0,20.0,0.0,bull_normal,50.0,50.0,50.0,0.0010009839185006174,0.0022059722101497215,0.0012049882916491041,0.0010009839174996336,0.7630602913381433,0.2,0.2,0.2,0.2,0.2,0.18,0.12,0.28,0.22,0.2,0.1999999998,0.1999999998,0.1999999998,0.1999999998,0.1999999998
2020-02-21,0.0,20.0,0.0,bull_normal,50.0,50.0,50.0,-0.0016538186752553044,-0.0036882017769100128,-0.0020343831016547084,-0.0016538186736014854,0.8807150900357946,0.2,0.2,0.2,0.2,0.2,0.17904356973549088,0.12573277375441183,0.27755797008015376,0.22380768823457453,0.19385799819536914,0.1999999998,0.1999999998,0.1999999998,0.1999999998,0.1999999998
2020-02-28,0.0,20.0,0.0,bull_normal,50.0,50.0,50.0,0.0008075720713394595,0.0005416269986267763,-0.00026594507271268317,0.0008075720705318874,0.8917539474278342,0.2,0.2,0.2,0.2,0.2,0.18003103933160447,0.12099708495144225,0.27942793943050925,0.22037582149704935,0.19916811478939475,0.1999999998,0.1999999998,0.1999999998,0.1999999998,0.1999999998
2020-03-06,0.0,20.0,0.0,bull_normal,50.0,50.0,50.0,-0.005374091218897251,-0.0044027855582337155,0.0009713056606635356,-0.005374091213523159,0.8387132480802034,0.2,0.2,0.2,0.2,0.2,0.18,0.12,0.28,0.22,0.2,0.1999999998,0.1999999998,0.1999999998,0.1999999998,0.1999999998
2020-03-13,0.0,20.0,0.0,bull_normal,50.0,50.0,50.0,0.0004863829945554652,0.0011580467660699861,0.000671663771514521,0.000486382994069082,0.8005890769413436,0.2,0.2,0.2,0.2,0.2,0.17996830136482006,0.12241576792750744,0.27868508604922665,0.22107574352612086,0.19785510113232505,0.1999999998,0.1999999998,0.1999999998,0.1999999998,0.1999999998
2020-03-20,0.0,20.0,0.0,bull_normal,50.0,50.0,50.0,-0.009701307230220672,-0.011227097572768201,-0.0015257903425475294,-0.009701307220519362,0.8387330664407582,0.2,0.2,0.2,0.2,0.2,0.1800010210751165,0.12002254903647973,0.279985857154513,0.2200091555639542,0.1999814171699366,0.1999999998,0.1999999998,0.1999999998,0.1999999998,0.1999999998
2020-03-27,0.0,20.0,0.0,bull_normal,50.0,50.0,50.0,0.0006654539712389624,0.002178500334397428,0.0015130463631584656,0.000665453970573508,0.8457379398393532,0.2,0.2,0.2,0.2,0.2,0.1801004305861311,0.12164609591354865,0.2790724676869305,0.22048705261803236,0.1986939531953575,0.1999999998,0.1999999998,0.1999999998,0.1999999998,0.1999999998
2020-04-03,0.0,20.0,0.0,bull_normal,50.0,50.0,50.0,0.004227896619276111,0.003634978805592274,-0.0005929178136838374,0.004227896615048215,0.7999798725311137,0.2,0.2,0.2,0.2,0.2,0.17873537805147222,0.12710128162692527,0.2770802012044541,0.22477983555296663,0.19230330356418185,0.1999999998,0.1999999998,0.1999999998,0.1999999998,0.1999999998
2020-04-10,0.0,20.0,0.0,bull_normal,50.0,50.0,50.0,-0.0013773104733160193,-0.001987956392921837,-0.0006106459196058176,-0.0013773104719387087,0.721365113538038,0.2,0.2,0.2,0.2,0.2,0.17993294965485376,0.12277606715097576,0.27851333857041444,0.22127887988507305,0.1974987647386829,0.1999999998,0.1999999998,0.1999999998,0.1999999998,0.1999999998
2020-04-17,0.0,20.0,0.0,bull_normal,50.0,50.0,50.0,8.450978095085375e-05,-0.0005926500656423593,-0.000677159846593213,8.450978086634443e-05,0.79790538109518,0.2,0.2,0.2,0.2,0.2,0.18,0.12,0.28,0.22,0.2,0.1999999998,0.1999999998,0.1999999998,0.1999999998,0.1999999998
2020-04-24,0.0,20.0,0.0,bull_normal,50.0,50.0,50.0,-0.0005187441436598487,-0.001630577366754022,-0.0011118332230941733,-0.0005187441431411045,0.7170712129006231,0.2,0.2,0.2,0.2,0.2,0.18007128192124197,0.12129404959476361,0.2792640527695786,0.22040849056948014,0.1989621251449356,0.1999999998,0.1999999998,0.1999999998,0.1999999998,0.1999999998
2020-05-01,0.0,20.0,0.0,bull_normal,50.0,50.0,50.0,-0.0037212570741010833,-0.0021000260606410617,0.0016212310134600216,-0.0037212570703798256,0.681546157914317,0.2,0.2,0.2,0.2,0.2,0.18,0.12,0.28,0.22,0.2,0.1999999998,0.1999999998,0.1999999998,0.1999999998,0.1999999998
2020-05-08,0.0,20.0,0.0,bull_normal,50.0,50.0,50.0,0.0003314439477795142,-0.0018347552547454005,-0.002166199202524915,0.0003314439474480706,0.6422276112859168,0.2,0.2,0.2,0.2,0.2,0.18005382174961848,0.12101857913887691,0.2793736704684173,0.22038125946307383,0.19917266918001345,0.1999999998,0.1999999998,0.1999999998,0.1999999998,0.1999999998
2020-05-15,0.0,20.0,0.0,bull_normal,50.0,50.0,50.0,-0.0028234730604965283,-0.0024210897891608434,0.0004023832713356849,-0.0028234730576730555,0.5846257524762858,0.2,0.2,0.2,0.2,0.2,0.18,0.12,0.28,0.22,0.2,0.1999999998,0.1999999998,0.1999999998,0.1999999998,0.1999999998
2020-05-22,0.0,20.0,0.0,bull_normal,50.0,50.0,50.0,-0.0033464683827753223,-0.003362584524575785,-1.6116141800462912e-05,-0.003346468379428854,0.6169100949454315,0.2,0.2,0.2,0.2,0.2,0.18,0.12,0.28,0.22,0.2,0.1999999998,0.1999999998,0.1999999998,0.1999999998,0.1999999998
2020-05-29,0.0,20.0,0.0,bull_normal,50.0,50.0,50.0,-0.0020281855317475514,-0.0038967431092242566,-0.0018685575774767052,-0.0020281855297193657,0.5865265444274119,0.2,0.2,0.2,0.2,0.2,0.18,0.12,0.28,0.22,0.2,0.1999999998,0.1999999998,0.1999999998,0.1999999998,0.1999999998
2020-06-05,0.0,20.0,0.0,bull_normal,50.0,50.0,50.0,0.00016669058836199011,-0.0024935982135786895,-0.0026602888019406795,0.00016669058819529942,0.6014410800808684,0.2,0.2,0.2,0.2,0.2,0.17992415275547421,0.12369594848636137,0.27808405399068725,0.22159830197754535,0.19669754278993187,0.1999999998,0.1999999998,0.1999999998,0.1999999998,0.1999999998
2020-06-12,0.0,20.0,0.0,bull_normal,50.0,50.0,50.0,0.0004384023119326199,0.0009515941717587062,0.0005131918598260863,0.0004384023114942175,0.5379628700056673,0.2,0.2,0.2,0.2,0.2,0.18,0.12,0.28,0.22,0.2,0.1999999998,0.1999999998,0.1999999998,0.1999999998,0.1999999998
2020-06-19,0.0,20.0,0.0,bull_normal,50.0,50.0,50.0,-0.0026101457095259258,-0.004599357065632943,-0.001989211356107017,-0.0026101457069157797,0.5394768847890085,0.2,0.2,0.2,0.2,0.2,0.18,0.12,0.28,0.22,0.2,0.1999999998,0.1999999998,0.1999999998,0.1999999998,0.1999999998
2020-06-26,0.0,20.0,0.0,bull_normal,50.0,50.0,50.0,0.0042504439861097126,0.003144787183760735,-0.0011056568023489776,0.004250443981859268,0.5099126357607755,0.2,0.2,0.2,0.2,0.2,0.18,0.12,0.28,0.22,0.2,0.1999999998,0.1999999998,0.1999999998,0.1999999998,0.1999999998
2020-07-03,0.0,20.0,0.0,bull_normal,50.0,50.0,50.0,0.01075329834166771,0.008927904930994098,-0.0018253934106736112,0.01075329833091441,0.5297149356790951,0.2,0.2,0.2,0.2,0.2,0.17936778376218002,0.12510903442754526,0.2776687952805032,0.22306300595208037,0.19479138057769116,0.1999999998,0.1999999998,0.1999999998,0.1999999998,0.1999999998
2020-07-10,0.0,20.0,0.0,bull_normal,50.0,50.0,50.0,0.0040173934704818975,0.0015155605560049534,-0.002501832914476944,0.004017393466464503,0.5813768843533847,0.2,0.2,0.2,0.2,0.2,0.1788193218915507,0.12622329988965858,0.2775191921629583,0.2242662368680544,0.19317194918777794,0.1999999998,0.1999999998,0.1999999998,0.1999999998,0.1999999998
2020-07-17,0.0,20.0,0.0,bull_normal,50.0,50.0,50.0,-0.004871491997339028,-0.0031164184963769995,0.0017550735009620282,-0.004871491992467534,0.6173036879399125,0.2,0.2,0.2,0.2,0.2,0.17876550006163625,0.12624128045910313,0.27754084104549387,0.2243619076817436,0.19309047075202299,0.1999999998,0.1999999998,0.1999999998,0.1999999998,0.1999999998
2020-07-24,0.0,20.0,0.0,bull_normal,50.0,50.0,50.0,0.005658073571756514,0.006951920442043589,0.0012938468702870746,0.005658073566098441,0.6179766731094569,0.2,0.2,0.2,0.2,0.2,0.17742746898583647,0.12682883293966685,0.2774205821594456,0.22747197976927946,0.19085113614577165,0.1999999998,0.1999999998,0.1999999998,0.1999999998,0.1999999998
2020-07-31,0.0,20.0,0.0,bull_normal,50.0,50.0,50.0,0.000522190226528042,-0.0008832543153991946,-0.0014054445419272366,0.0005221902260058522,0.5940132171179621,0.2,0.2,0.2,0.2,0.2,0.18,0.12,0.28,0.22,0.2,0.1999999998,0.1999999998,0.1999999998,0.1999999998,0.1999999998
2020-08-07,0.0,20.0,0.0,bull_normal,50.0,50.0,50.0,-0.0014853741647511682,-0.0012758258968883038,0.00020954826786286442,-0.001485374163265794,0.6166322258140811,0.2,0.2,0.2,0.2,0.2,0.18,0.12,0.28,0.22,0.2,0.1999999998,0.1999999998,0.1999999998,0.1999999998,0.1999999998
2020-08-14,0.0,20.0,0.0,bull_normal,50.0,50.0,50.0,-0.005818645591243921,-0.006455953498973042,-0.0006373079077291212,-0.005818645585425274,0.5962260249673663,0.2,0.2,0.2,0.2,0.2,0.18,0.12,0.28,0.22,0.2,0.1999999998,0.1999999998,0.1999999998,0.1999999998,0.1999999998
2020-08-21,0.0,20.0,0.0,bull_normal,50.0,50.0,50.0,-0.002283213732234899,-0.002277181392519906,6.0323397149931145e-06,-0.002283213729951685,0.48074079854754453,0.2,0.2,0.2,0.2,0.2,0.18,0.12,0.28,0.22,0.2,0.1999999998,0.1999999998,0.1999999998,0.1999999998,0.1999999998
2020-08-28,0.0,20.0,0.0,bull_normal,50.0,50.0,50.0,0.001056797219276877,-0.00027263222035428406,-0.001329429439631161,0.0010567972182200798,0.44861013175817865,0.2,0.2,0.2,0.2,0.2,0.18,0.12,0.28,0.22,0.2,0.1999999998,0.1999999998,0.1999999998,0.1999999998,0.1999999998
2020-09-04,0.0,20.0,0.0,bull_normal,50.0,50.0,50.0,-0.0021964158173613103,-0.001462288387104626,0.0007341274302566842,-0.002196415815164894,0.4719935675546518,0.2,0.2,0.2,0.2,0.2,0.18,0.12,0.28,0.22,0.2,0.1999999998,0.1999999998,0.1999999998,0.1999999998,0.1999999998
2020-09-11,0.0,20.0,0.0,bull_normal,50.0,50.0,50.0,-0.0012730171180150508,6.93060436506705e-05,0.0013423231616657213,-0.0012730171167420333,0.5287415975654909,0.2,0.2,0.2,0.2,0.2,0.18000211758614162,0.12004635162995858,0.2799719676265411,0.22001757409375028,0.19996198906360854,0.1999999998,0.1999999998,0.1999999998,0.1999999998,0.1999999998
2020-09-18,0.0,20.0,0.0,bull_normal,50.0,50.0,50.0,0.002616911545528097,0.002710836048419868,9.392450289177076e-05,0.002616911542911185,0.5597784178319217,0.2,0.2,0.2,0.2,0.2,0.17948453529855107,0.12479429600596824,0.27771774491408335,0.2228037441232274,0.1951996796581699,0.1999999998,0.1999999998,0.1999999998,0.1999999998,0.1999999998
2020-09-25,0.0,20.0,0.0,bull_normal,50.0,50.0,50.0,-0.00984698650647858,-0.008686722630991971,0.0011602638754866085,-0.009846986496631592,0.6181995602142557,0.2,0.2,0.2,0.2,0.2,0.18,0.12,0.28,0.22,0.2,0.1999999998,0.1999999998,0.1999999998,0.1999999998,0.1999999998
2020-10-02,0.0,20.0,0.0,bull_normal,50.0,50.0,50.0,-0.003423128105068492,-0.0033666328744158093,5.6495230652682873e-05,-0.003423128101645364,0.570356269802388,0.2,0.2,0.2,0.2,0.2,0.18,0.12,0.28,0.22,0.2,0.1999999998,0.1999999998,0.1999999998,0.1999999998,0.1999999998
2020-10-09,0.0,20.0,0.0,bull_normal,50.0,50.0,50.0,0.006642974957390334,0.005674799020274199,-0.0009681759371161346,0.006642974950747358,0.7037503916646803,0.2,0.2,0.2,0.2,0.2,0.18,0.12,0.28,0.22,0.2,0.1999999998,0.1999999998,0.1999999998,0.1999999998,0.1999999998
2020-10-16,0.0,20.0,0.0,bull_normal,50.0,50.0,50.0,0.0011996179423844084,0.0006819428174851246,-0.0005176751248992838,0.00119961794118479,0.6077678635924535,0.2,0.2,0.2,0.2,0.2,0.18002197455540755,0.1214127862118061,0.2790950600493676,0.2206926424461906,0.19877753673722806,0.1999999998,0.1999999998,0.1999999998,0.1999999998,0.1999999998
2020-10-23,0.0,20.0,0.0,bull_normal,50.0,50.0,50.0,-0.0030620904034858103,-0.002154509591985071,0.0009075808115007393,-0.0030620904004237193,0.5946432418546378,0.2,0.2,0.2,0.2,0.2,0.18002097281508683,0.12147954349916296,0.2791646191951931,0.22060013642936133,0.19873472806119588,0.1999999998,0.1999999998,0.1999999998,0.1999999998,0.1999999998
2020-10-30,0.0,20.0,0.0,bull_normal,50.0,50.0,50.0,-0.004099074211701901,-0.0035922563174001242,0.0005068178943017768,-0.004099074207602827,0.5574192440806925,0.2,0.2,0.2,0.2,0.2,0.18,0.12,0.28,0.22,0.2,0.1999999998,0.1999999998,0.1999999998,0.1999999998,0.1999999998
2020-11-06,0.0,20.0,0.0,bull_normal,50.0,50.0,50.0,0.00719318054916979,0.006337202063142255,-0.0008559784860275345,0.007193180541976608,0.4788290061326001,0.2,0.2,0.2,0.2,0.2,0.1800431285347794,0.12155038043583799,0.27908098625401573,0.22063039880166324,0.19869510597370363,0.1999999998,0.1999999998,0.1999999998,0.1999999998,0.1999999998
2020-11-13,0.0,20.0,0.0,bull_normal,50.0,50.0,50.0,-0.005067924297959409,-0.005484692663236091,-0.0004167683652766827,-0.005067924292891483,0.4534033824460094,0.2,0.2,0.2,0.2,0.2,0.1800195188695158,0.12058411977927005,0.2796210750180142,0.22026774950601286,0.19950753682718714,0.1999999998,0.1999999998,0.1999999998,0.1999999998,0.1999999998
2020-11-20,0.0,20.0,0.0,bull_normal,50.0,50.0,50.0,0.0014890360451505387,0.0009556066836536933,-0.0005334293614968453,0.0014890360436615028,0.4321885339146279,0.2,0.2,0.2,0.2,0.2,0.18,0.12,0.28,0.22,0.2,0.1999999998,0.1999999998,0.1999999998,0.1999999998,0.1999999998
2020-11-27,0.0,20.0,0.0,bull_normal,50.0,50.0,50.0,-0.0024050593064937707,-0.002438233088666643,-3.3173782172872535e-05,-0.002405059304088711,0.41290258433965266,0.2,0.2,0.2,0.2,0.2,0.18,0.12,0.28,0.22,0.2,0.1999999998,0.1999999998,0.1999999998,0.1999999998,0.1999999998
2020-12-04,0.0,20.0,0.0,bull_normal,50.0,50.0,50.0,-0.000628285533186892,-0.0005363389301690768,9.194660301781524e-05,-0.0006282855325586068,0.39060659000445686,0.2,0.2,0.2,0.2,0.2,0.18,0.12,0.28,0.22,0.2,0.1999999998,0.1999999998,0.1999999998,0.1999999998,0.1999999998
2020-12-11,0.0,20.0,0.0,bull_normal,50.0,50.0,50.0,-0.007273477720693138,-0.006166323705400139,0.0011071540152929995,-0.00727347771341966,0.383414523900761,0.2,0.2,0.2,0.2,0.2,0.1799137221817553,0.12287544875730792,0.2782982522966137,0.22155089534540062,0.19736168141892252,0.1999999998,0.1999999998,0.1999999998,0.1999999998,0.1999999998
2020-12-18,0.0,20.0,0.0,bull_normal,50.0,50.0,50.0,0.006117158315098432,0.005869714581506846,-0.0002474437335915859,0.006117158308981273,0.37600288028297785,0.2,0.2,0.2,0.2,0.2,0.1768597869919655,0.1270148015159753,0.27791438389615347,0.22817470452723745,0.1900363230686683,0.1999999998,0.1999999998,0.1999999998,0.1999999998,0.1999999998
2020-12-25,0.0,20.0,0.0,bull_normal,50.0,50.0,50.0,0.005074600405854416,0.005825764452323247,0.0007511640464688309,0.005074600400779816,0.39909749890524887,0.2,0.2,0.2,0.2,0.2,0.18,0.12,0.28,0.22,0.2,0.1999999998,0.1999999998,0.1999999998,0.1999999998,0.1999999998
2021-01-01,0.0,20.0,0.0,bull_normal,50.0,50.0,50.0,0.009430650655586544,0.008552619327980135,-0.0008780313276064086,0.009430650646155891,0.47193328039762306,0.2,0.2,0.2,0.2,0.2,0.17878578006395698,0.12612148186346972,0.2775701996452919,0.2243067350131182,0.1932158034141632,0.1999999998,0.1999999998,0.1999999998,0.1999999998,0.1999999998
2021-01-08,0.0,20.0,0.0,bull_normal,50.0,50.0,50.0,0.007228603952611971,0.006197142689962278,-0.0010314612626496928,0.007228603945383368,0.4604581800052014,0.2,0.2,0.2,0.2,0.2,0.1789731065276781,0.1258570935750813,0.27756782683778763,0.22393267611208567,0.1936692969473673,0.1999999998,0.1999999998,0.1999999998,0.1999999998,0.1999999998
2021-01-15,0.0,20.0,0.0,bull_normal,50.0,50.0,50.0,0.0013282724158093218,0.0019306677446049721,0.0006023953287956504,0.0013282724144810494,0.6004168280253736,0.2,0.2,0.2,0.2,0.2,0.1790778530692664,0.12539637775592735,0.27719794681854765,0.22421716410205247,0.19411065825420615,0.1999999998,0.1999999998,0.1999999998,0.1999999998,0.1999999998
2021-01-22,0.0,20.0,0.0,bull_normal,50.0,50.0,50.0,-0.005061269393529692,-0.005234201104694104,-0.00017293171116441238,-0.005061269388468422,0.5861043601545479,0.2,0.2,0.2,0.2,0.2,0.1799758535636449,0.12230896091209996,0.27871882451442087,0.22104217326355272,0.19795418774628157,0.1999999998,0.1999999998,0.1999999998,0.1999999998,0.1999999998
2021-01-29,0.0,20.0,0.0,bull_normal,50.0,50.0,50.0,-0.008315541471694176,-0.007689060480993851,0.0006264809907003252,-0.008315541463378633,0.5478291926443375,0.2,0.2,0.2,0.2,0.2,0.17934925773921748,0.12530190699587457,0.27760279198290017,0.2231408178155051,0.19460522546650275,0.1999999998,0.1999999998,0.1999999998,0.1999999998,0.1999999998
2021-02-05,0.0,20.0,0.0,bull_normal,50.0,50.0,50.0,0.0005943853961258085,-0.00011851036553805889,-0.0007128957616638674,0.0005943853955314229,0.4991816114163333,0.2,0.2,0.2,0.2,0.2,0.17936725269690612,0.1251102818780509,0.2776685257905501,0.2230642790128242,0.19478966062166872,0.1999999998,0.1999999998,0.1999999998,0.1999999998,0.1999999998
2021-02-12,0.0,20.0,0.0,bull_normal,50.0,50.0,50.0,0.00649456144526117,0.004665346627949707,-0.0018292148173114633,0.006494561438766608,0.5141311025061239,0.2,0.2,0.2,0.2,0.2,0.18000823615080958,0.12184004095509714,0.27889223103998034,0.2208673270610878,0.19839216479302507,0.1999999998,0.1999999998,0.1999999998,0.1999999998,0.1999999998
2021-02-19,0.0,20.0,0.0,bull_normal,50.0,50.0,50.0,0.0024153225865924076,0.0008180227177695389,-0.0015972998688228686,0.0024153225841770844,0.5647578389502528,0.2,0.2,0.2,0.2,0.2,0.18,0.12,0.28,0.22,0.2,0.1999999998,0.1999999998,0.1999999998,0.1999999998,0.1999999998
2021-02-26,0.0,20.0,0.0,bull_normal,50.0,50.0,50.0,-0.01160866118949813,-0.00884551033250719,0.0027631508569909407,-0.01160866117788947,0.6274974076990247,0.2,0.2,0.2,0.2,0.2,0.1730392561019941,0.1270319213416081,0.2816371902402951,0.23270707651827152,0.1855845557978312,0.1999999998,0.1999999998,0.1999999998,0.1999999998,0.1999999998
2021-03-05,0.0,20.0,0.0,bull_normal,50.0,50.0,50.0,-0.00498521502670325,-0.004085714972187938,0.0008995000545153125,-0.004985215021718034,0.670272748301693,0.2,0.2,0.2,0.2,0.2,0.17872756512093688,0.12597411533641253,0.27728311948722983,0.22480530811230018,0.19320989194312066,0.1999999998,0.1999999998,0.1999999998,0.1999999998,0.1999999998
2021-03-12,0.0,20.0,0.0,bull_normal,50.0,50.0,50.0,-0.006752125040637251,-0.006027301623132696,0.0007248234175045547,-0.006752125033885125,0.677450263852039,0.2,0.2,0.2,0.2,0.2,0.17993333131317232,0.12273234605639001,0.2784749499196124,0.22133180671144329,0.19752756599938184,0.1999999998,0.1999999998,0.1999999998,0.1999999998,0.1999999998
2021-03-19,0.0,20.0,0.0,bull_normal,50.0,50.0,50.0,-0.0023195541122752266,-0.0016753322345523856,0.000644221877722841,-0.0023195541099556723,0.65507382928833,0.2,0.2,0.2,0.2,0.2,0.1731597295552633,0.1269771529656547,0.2812836846612043,0.23284899807401954,0.18573043474385828,0.1999999998,0.1999999998,0.1999999998,0.1999999998,0.1999999998
2021-03-26,0.0,20.0,0.0,bull_normal,50.0,50.0,50.0,0.0024728507536101777,0.002627636527596493,0.0001547857739863153,0.0024728507511373268,0.6190392446430092,0.2,0.2,0.2,0.2,0.2,0.17993514136518107,0.12275639786779996,0.27852250622804725,0.22126742536143587,0.1975185291775359,0.1999999998,0.1999999998,0.1999999998,0.1999999998,0.1999999998
2021-04-02,0.0,20.0,0.0,bull_normal,50.0,50.0,50.0,0.005148778988437524,0.005209483920669355,6.070493223183076e-05,0.005148778983288745,0.5175632785837305,0.2,0.2,0.2,0.2,0.2,0.17971575794213251,0.12390590843905354,0.2778273907381604,0.22233253457319077,0.19621840830746287,0.1999999998,0.1999999998,0.1999999998,0.1999999998,0.1999999998
2021-04-09,0.0,20.0,0.0,bull_normal,50.0,50.0,50.0,-0.0016590296203344982,-0.0009690002681420945,0.0006900293521924037,-0.0016590296186754683,0.5271624507414282,0.2,0.2,0.2,0.2,0.2,0.18,0.12,0.28,0.22,0.2,0.1999999998,0.1999999998,0.1999999998,0.1999999998,0.1999999998
2021-04-16,0.0,20.0,0.0,bull_normal,50.0,50.0,50.0,-0.0006714577129161358,0.0008457675930569741,0.0015172253059731098,-0.0006714577122446778,0.5613321646444523,0.2,0.2,0.2,0.2,0.2,0.18,0.12,0.28,0.22,0.2,0.1999999998,0.1999999998,0.1999999998,0.1999999998,0.1999999998
2021-04-23,0.0,20.0,0.0,bull_normal,50.0,50.0,50.0,0.008365303571213822,0.008209508411688568,-0.00015579515952525436,0.008365303562848519,0.4942376203132865,0.2,0.2,0.2,0.2,0.2,0.17915981030053188,0.12554228516938534,0.2775939197399178,0.22353795558399597,0.194166029206169,0.1999999998,0.1999999998,0.1999999998,0.1999999998,0.1999999998
2021-04-30,0.0,20.0,0.0,bull_normal,50.0,50.0,50.0,-0.004983867433592355,-0.005024659742759368,-4.0792309167012736e-05,-0.004983867428608488,0.4297770310143733,0.2,0.2,0.2,0.2,0.2,0.18002191554226987,0.1207298084461972,0.279577706306435,0.2202810797483868,0.19938948995671113,0.1999999998,0.1999999998,0.1999999998,0.1999999998,0.1999999998
2021-05-07,0.0,20.0,0.0,bull_normal,50.0,50.0,50.0,-0.0008315439033253855,0.0003164326070798145,0.0011479765104052,-0.0008315439024938417,0.45685867391399465,0.2,0.2,0.2,0.2,0.2,0.18,0.12,0.28,0.22,0.2,0.1999999998,0.1999999998,0.1999999998,0.1999999998,0.1999999998
2021-05-14,0.0,20.0,0.0,bull_normal,50.0,50.0,50.0,0.0009898452776788125,0.0008299506907243697,-0.00015989458695444278,0.0009898452766889667,0.4274838105961221,0.2,0.2,0.2,0.2,0.2,0.18,0.12,0.28,0.22,0.2,0.1999999998,0.1999999998,0.1999999998,0.1999999998,0.1999999998
2021-05-21,0.0,20.0,0.0,bull_normal,50.0,50.0,50.0,0.0023994055362430273,0.00390383824851121,0.0015044327122681828,0.002399405533843621,0.4980248208868613,0.2,0.2,0.2,0.2,0.2,0.18,0.12,0.28,0.22,0.2,0.1999999998,0.1999999998,0.1999999998,0.1999999998,0.1999999998
2021-05-28,0.0,20.0,0.0,bull_normal,50.0,50.0,50.0,0.002343742329590488,0.0009849471351619315,-0.0013587951944285565,0.0023437423272467455,0.4921649171795161,0.2,0.2,0.2,0.2,0.2,0.18002232041009533,0.12065756350895455,0.27961873524738023,0.22024819261312045,0.19945318822044938,0.1999999998,0.1999999998,0.1999999998,0.1999999998,0.1999999998
2021-06-04,0.0,20.0,0.0,bull_normal,50.0,50.0,50.0,-0.0039997568857516015,-0.00394221404004165,5.754284570995156e-05,-0.003999756881751844,0.4258983774259161,0.2,0.2,0.2,0.2,0.2,0.17919505468384514,0.1254615902130098,0.2774480420093563,0.22364249695839886,0.19425281613538997,0.1999999998,0.1999999998,0.1999999998,0.1999999998,0.1999999998
2021-06-11,0.0,20.0,0.0,bull_normal,50.0,50.0,50.0,-2.415419536666444e-05,9.660207879675893e-05,0.00012075627416342338,-2.4154195342510155e-05,0.4424476897179407,0.2,0.2,0.2,0.2,0.2,0.18,0.12,0.28,0.22,0.2,0.1999999998,0.1999999998,0.1999999998,0.1999999998,0.1999999998
2021-06-18,0.0,20.0,0.0,bull_normal,50.0,50.0,50.0,-0.012733266190668436,-0.011809369232676748,0.0009238969579916882,-0.012733266177935168,0.5405383231182499,0.2,0.2,0.2,0.2,0.2,0.18,0.12,0.28,0.22,0.2,0.1999999998,0.1999999998,0.1999999998,0.1999999998,0.1999999998
2021-06-25,0.0,20.0,0.0,bull_normal,50.0,50.0,50.0,0.003765253154686125,0.00330005368444969,-0.0004651994702364352,0.0037652531509208714,0.4745769694167276,0.2,0.2,0.2,0.2,0.2,0.1800235205193458,0.12092544525463667,0.2794540815509809,0.22037836990854207,0.19921858276649448,0.1999999998,0.1999999998,0.1999999998,0.1999999998,0.1999999998
2021-07-02,0.0,20.0,0.0,bull_normal,50.0,50.0,50.0,0.003482170213890328,0.005378782123715668,0.0018966119098253404,0.0034821702104081576,0.6909395576297912,0.2,0.2,0.2,0.2,0.2,0.18,0.12,0.28,0.22,0.2,0.1999999998,0.1999999998,0.1999999998,0.1999999998,0.1999999998
2021-07-09,0.0,20.0,0.0,bull_normal,50.0,50.0,50.0,0.00028389911782886765,0.0013940327670678438,0.001110133649238976,0.00028389911754496844,0.6816379853775016,0.2,0.2,0.2,0.2,0.2,0.18,0.12,0.28,0.22,0.2,0.1999999998,0.1999999998,0.1999999998,0.1999999998,0.1999999998
2021-07-16,0.0,20.0,0.0,bull_normal,50.0,50.0,50.0,0.0034245630547098723,0.003753236236219694,0.00032867318150982174,0.0034245630512853087,0.5660315441268556,0.2,0.2,0.2,0.2,0.2,0.18,0.12,0.28,0.22,0.2,0.1999999998,0.1999999998,0.1999999998,0.1999999998,0.1999999998
2021-07-23,0.0,20.0,0.0,bull_normal,50.0,50.0,50.0,-0.0011657778497295458,-0.0006193112641646565,0.0005464665855648893,-0.0011657778485637679,0.5522697299335876,0.2,0.2,0.2,0.2,0.2,0.18,0.12,0.28,0.22,0.2,0.1999999998,0.1999999998,0.1999999998,0.1999999998,0.1999999998
2021-07-30,0.0,20.0,0.0,bull_normal,50.0,50.0,50.0,-0.0036814069075550176,-0.0007625578615082019,0.002918849046046816,-0.0036814069038736113,0.6349470540206581,0.2,0.2,0.2,0.2,0.2,0.17733402312747457,0.12722261649137953,0.27811439872817834,0.22680090983502232,0.19052805181794522,0.1999999998,0.1999999998,0.1999999998,0.1999999998,0.1999999998
2021-08-06,0.0,20.0,0.0,bull_normal,50.0,50.0,50.0,0.001119431744686196,0.0005660093719057931,-0.0005534223727804028,0.001119431743566764,0.5968797100529317,0.2,0.2,0.2,0.2,0.2,0.17306170107035176,0.1269931243254053,0.28155129843033316,0.2327628376734076,0.18563103850050214,0.1999999998,0.1999999998,0.1999999998,0.1999999998,0.1999999998
2021-08-13,0.0,20.0,0.0,bull_normal,50.0,50.0,50.0,-0.0016420828396168392,-0.0025830858864483892,-0.0009410030468315501,-0.0016420828379747566,0.559831209907168,0.2,0.2,0.2,0.2,0.2,0.18,0.12,0.28,0.22,0.2,0.1999999998,0.1999999998,0.1999999998,0.1999999998,0.1999999998
2021-08-20,0.0,20.0,0.0,bull_normal,50.0,50.0,50.0,-0.003009404706178223,-0.0007611606929834599,0.002248244013194763,-0.003009404703168818,0.6227111451581427,0.2,0.2,0.2,0.2,0.2,0.18,0.12,0.28,0.22,0.2,0.1999999998,0.1999999998,0.1999999998,0.1999999998,0.1999999998
2021-08-27,0.0,20.0,0.0,bull_normal,50.0,50.0,50.0,-0.0011219823422400326,-0.0025678726039772095,-0.0014458902617371769,-0.0011219823411180501,0.5702537958436472,0.2,0.2,0.2,0.2,0.2,0.18001933439820508,0.12058017633144806,0.27966276751390945,0.22022078427250028,0.19951693748393715,0.1999999998,0.1999999998,0.1999999998,0.1999999998,0.1999999998
2021-09-03,0.0,20.0,0.0,bull_normal,50.0,50.0,50.0,0.0020157410270532344,0.002550398653164691,0.0005346576261114565,0.002015741025037493,0.5298486084232275,0.2,0.2,0.2,0.2,0.2,0.18,0.12,0.28,0.22,0.2,0.1999999998,0.1999999998,0.1999999998,0.1999999998,0.1999999998
2021-09-10,0.0,20.0,0.0,bull_normal,50.0,50.0,50.0,0.0017438554080583418,-0.0004082669961512803,-0.002152122404209622,0.0017438554063144867,0.5543659516366495,0.2,0.2,0.2,0.2,0.2,0.18,0.12,0.28,0.22,0.2,0.1999999998,0.1999999998,0.1999999998,0.1999999998,0.1999999998
2021-09-17,0.0,20.0,0.0,bull_normal,50.0,50.0,50.0,-0.007807271313362366,-0.007375018706232597,0.0004322526071297685,-0.007807271305555094,0.6202451941786479,0.2,0.2,0.2,0.2,0.2,0.17387325907028256,0.12762486491438693,0.28036797896265314,0.2321177178154783,0.18601617923719915,0.1999999998,0.1999999998,0.1999999998,0.1999999998,0.1999999998
2021-09-24,0.0,20.0,0.0,bull_normal,50.0,50.0,50.0,-0.0029562694557949756,-0.0028184765860012773,0.0001377928697936983,-0.002956269452838706,0.5647741286112483,0.2,0.2,0.2,0.2,0.2,0.18,0.12,0.28,0.22,0.2,0.1999999998,0.1999999998,0.1999999998,0.1999999998,0.1999999998
2021-10-01,0.0,20.0,0.0,bull_normal,50.0,50.0,50.0,-0.0012592250598986068,-0.0006880950555420526,0.0005711300043565542,-0.0012592250586393814,0.5877337543011996,0.2,0.2,0.2,0.2,0.2,0.18,0.12,0.28,0.22,0.2,0.1999999998,0.1999999998,0.1999999998,0.1999999998,0.1999999998
2021-10-08,0.0,20.0,0.0,bull_normal,50.0,50.0,50.0,6.478834098426245e-05,-0.0001847739058450459,-0.00024956224682930834,6.478834091947446e-05,0.5338129508099544,0.2,0.2,0.2,0.2,0.2,0.18,0.12,0.28,0.22,0.2,0.1999999998,0.1999999998,0.1999999998,0.1999999998,0.1999999998
2021-10-15,0.0,20.0,0.0,bull_normal,50.0,50.0,50.0,-0.0035703542378761697,-0.004649225413981869,-0.001078871176105699,-0.003570354234305815,0.5698910504084419,0.2,0.2,0.2,0.2,0.2,0.18,0.12,0.28,0.22,0.2,0.1999999998,0.1999999998,0.1999999998,0.1999999998,0.1999999998
2021-10-22,0.0,20.0,0.0,bull_normal,50.0,50.0,50.0,-0.0024651799180911518,-0.0037092158512419446,-0.0012440359331507929,-0.0024651799156259714,0.5056193008000148,0.2,0.2,0.2,0.2,0.2,0.18,0.12,0.28,0.22,0.2,0.1999999998,0.1999999998,0.1999999998,0.1999999998,0.1999999998
2021-10-29,0.0,20.0,0.0,bull_normal,50.0,50.0,50.0,-0.0015842221863028496,-0.0007097934435010923,0.0008744287428017573,-0.0015842221847186273,0.4915689684651414,0.2,0.2,0.2,0.2,0.2,0.18,0.12,0.28,0.22,0.2,0.1999999998,0.1999999998,0.1999999998,0.1999999998,0.1999999998
2021-11-05,0.0,20.0,0.0,bull_normal,50.0,50.0,50.0,-0.0025451534028675398,-0.0012042522562529798,0.00134090114661456,-0.0025451534003223864,0.5566987321041424,0.2,0.2,0.2,0.2,0.2,0.18002025398556193,0.1217307124583922,0.278958138859558,0.22078674093514403,0.19850415376134373,0.1999999998,0.1999999998,0.1999999998,0.1999999998,0.1999999998
2021-11-12,0.0,20.0,0.0,bull_normal,50.0,50.0,50.0,0.005992922830997901,0.005810140497903596,-0.000182782333094305,0.005992922825004978,0.5778334500693978,0.2,0.2,0.2,0.2,0.2,0.18,0.12,0.28,0.22,0.2,0.1999999998,0.1999999998,0.1999999998,0.1999999998,0.1999999998
2021-11-19,0.0,20.0,0.0,bull_normal,50.0,50.0,50.0,0.0018274350731719874,0.0020884638625755965,0.00026102878940360906,0.0018274350713445523,0.5039216306181435,0.2,0.2,0.2,0.2,0.2,0.18,0.12,0.28,0.22,0.2,0.1999999998,0.1999999998,0.1999999998,0.1999999998,0.1999999998
2021-11-26,0.0,20.0,0.0,bull_normal,50.0,50.0,50.0,-0.0014342158968357823,-0.00038116221916098314,0.001053053677674799,-0.001434215895401566,0.5953333437192477,0.2,0.2,0.2,0.2,0.2,0.18,0.12,0.28,0.22,0.2,0.1999999998,0.1999999998,0.1999999998,0.1999999998,0.1999999998
2021-12-03,0.0,20.0,0.0,bull_normal,50.0,50.0,50.0,-0.003985129692529685,-0.006115032611030528,-0.0021299029185008426,-0.003985129688544555,0.5777231408464555,0.2,0.2,0.2,0.2,0.2,0.18,0.12,0.28,0.22,0.2,0.1999999998,0.1999999998,0.1999999998,0.1999999998,0.1999999998
2021-12-10,0.0,20.0,0.0,bull_normal,50.0,50.0,50.0,0.006750002286260878,0.006039364153047664,-0.0007106381332132134,0.006750002279510875,0.531620873625187,0.2,0.2,0.2,0.2,0.2,0.18003091462208518,0.12090297504473249,0.27948045005528993,0.2203355731927733,0.19925008708511918,0.1999999998,0.1999999998,0.1999999998,0.1999999998,0.1999999998
2021-12-17,0.0,20.0,0.0,bull_normal,50.0,50.0,50.0,0.002095500502476491,0.003742781983883813,0.001647281481407322,0.0020955005003809907,0.5402927747335232,0.2,0.2,0.2,0.2,0.2,0.17811737207639852,0.12678587032960476,0.2777334328366612,0.22552230180795435,0.19184102294938096,0.1999999998,0.1999999998,0.1999999998,0.1999999998,0.1999999998
2021-12-24,0.0,20.0,0.0,bull_normal,50.0,50.0,50.0,0.00010972692834033582,0.00017357703975441112,6.385011141407529e-05,0.00010972692823060902,0.5334732965055106,0.2,0.2,0.2,0.2,0.2,0.18,0.12,0.28,0.22,0.2,0.1999999998,0.1999999998,0.1999999998,0.1999999998,0.1999999998
2021-12-31,0.0,20.0,0.0,bull_normal,50.0,50.0,50.0,0.00288495570196191,0.00441215066016268,0.00152719495820077,0.0028849556990769546,0.6335059120621328,0.2,0.2,0.2,0.2,0.2,0.18,0.12,0.28,0.22,0.2,0.1999999998,0.1999999998,0.1999999998,0.1999999998,0.1999999998
2022-01-07,0.0,20.0,0.0,bull_normal,50.0,50.0,50.0,-0.005662740964856608,-0.005730114829017127,-6.73738641605191e-05,-0.005662740959193867,0.5541330853429279,0.2,0.2,0.2,0.2,0.2,0.18,0.12,0.28,0.22,0.2,0.1999999998,0.1999999998,0.1999999998,0.1999999998,0.1999999998
2022-01-14,0.0,20.0,0.0,bull_normal,50.0,50.0,50.0,0.00241219138142176,0.005028289415096219,0.002616098033674459,0.0024121913790095682,0.6630383127537781,0.2,0.2,0.2,0.2,0.2,0.18,0.12,0.28,0.22,0.2,0.1999999998,0.1999999998,0.1999999998,0.1999999998,0.1999999998
2022-01-21,0.0,20.0,0.0,bull_normal,50.0,50.0,50.0,0.007236528135220212,0.008103090499524332,0.0008665623643041203,0.007236528127983683,0.6392497884331987,0.2,0.2,0.2,0.2,0.2,0.1800261662184468,0.12156811692789707,0.27905970249846257,0.22069047705466288,0.19865553730053068,0.1999999998,0.1999999998,0.1999999998,0.1999999998,0.1999999998
2022-01-28,0.0,20.0,0.0,bull_normal,50.0,50.0,50.0,-0.008274483345396719,-0.006972150653701039,0.0013023326916956797,-0.008274483337122236,0.7558726256613765,0.2,0.2,0.2,0.2,0.2,0.18,0.12,0.28,0.22,0.2,0.1999999998,0.1999999998,0.1999999998,0.1999999998,0.1999999998
2022-02-04,0.0,20.0,0.0,bull_normal,50.0,50.0,50.0,-0.008274483345396719,-0.006972150653701039,0.0013023326916956797,-0.008274483337122236,0.8491708954439187,0.2,0.2,0.2,0.2,0.2,0.18,0.12,0.28,0.22,0.2,0.1999999998,0.1999999998,0.1999999998,0.1999999998,0.1999999998
2022-02-11,0.0,20.0,0.0,bull_normal,50.0,50.0,50.0,0.007621513423052763,0.006133071143979564,-0.001488442279073199,0.007621513415431249,1.0,0.2,0.2,0.2,0.2,0.2,0.18,0.12,0.28,0.22,0.2,0.1999999998,0.1999999998,0.1999999998,0.1999999998,0.1999999998
2022-02-18,0.0,20.0,0.0,bull_normal,50.0,50.0,50.0,0.005516160037502188,0.004864068578365926,-0.0006520914591362616,0.005516160031986027,0.9898114376902343,0.2,0.2,0.2,0.2,0.2,0.18,0.12,0.28,0.22,0.2,0.1999999998,0.1999999998,0.1999999998,0.1999999998,0.1999999998
2022-02-25,0.0,20.0,0.0,bull_normal,50.0,50.0,50.0,-0.00028707353175020127,-0.00011899947229587953,0.00016807405945432172,-0.0002870735314631281,0.9095255955300214,0.2,0.2,0.2,0.2,0.2,0.17997412504098484,0.12235011821415835,0.27862221080283955,0.22114911668908013,0.197904429252937,0.1999999998,0.1999999998,0.1999999998,0.1999999998,0.1999999998
2022-03-04,0.0,20.0,0.0,bull_normal,50.0,50.0,50.0,-0.003934917558443116,-0.004425585723970735,-0.000490668165527619,-0.0039349175545081985,0.8427122866334973,0.2,0.2,0.2,0.2,0.2,0.18,0.12,0.28,0.22,0.2,0.1999999998,0.1999999998,0.1999999998,0.1999999998,0.1999999998
2022-03-11,0.0,20.0,0.0,bull_normal,50.0,50.0,50.0,0.00282698807814616,0.0054260657474300335,0.0025990776692838735,0.0028269880753191714,0.8897637756641852,0.2,0.2,0.2,0.2,0.2,0.18,0.12,0.28,0.22,0.2,0.1999999998,0.1999999998,0.1999999998,0.1999999998,0.1999999998
2022-03-18,0.0,20.0,0.0,bull_normal,50.0,50.0,50.0,-0.0037147094258805353,-0.003971440285300593,-0.0002567308594200574,-0.0037147094221658254,0.8080155229972998,0.2,0.2,0.2,0.2,0.2,0.18,0.12,0.28,0.22,0.2,0.1999999998,0.1999999998,0.1999999998,0.1999999998,0.1999999998
2022-03-25,0.0,20.0,0.0,bull_normal,50.0,50.0,50.0,-0.0009533123614482244,-0.00023315218644479372,0.0007201601750034307,-0.0009533123604949119,0.7532426040826995,0.2,0.2,0.2,0.2,0.2,0.17973733328661284,0.1238860394974541,0.2779467847556067,0.22214872007948236,0.19628112238084405,0.1999999998,0.1999999998,0.1999999998,0.1999999998,0.1999999998
2022-04-01,0.0,20.0,0.0,bull_normal,50.0,50.0,50.0,-0.004828405648749439,-0.006478925003245091,-0.001650519354495652,-0.004828405643921033,0.8098092689826671,0.2,0.2,0.2,0.2,0.2,0.18,0.12,0.28,0.22,0.2,0.1999999998,0.1999999998,0.1999999998,0.1999999998,0.1999999998
2022-04-08,0.0,20.0,0.0,bull_normal,50.0,50.0,50.0,0.0003480455363323803,0.001458073273065949,0.0011100277367335687,0.0003480455359843345,0.805424535368866,0.2,0.2,0.2,0.2,0.2,0.18,0.12,0.28,0.22,0.2,0.1999999998,0.1999999998,0.1999999998,0.1999999998,0.1999999998
2022-04-15,0.0,20.0,0.0,bull_normal,50.0,50.0,50.0,0.0004879661671805463,0.0004903579588533644,2.3917916728180924e-06,0.00048796616669258,0.8027301330039086,0.2,0.2,0.2,0.2,0.2,0.18001613664078897,0.12044538907615127,0.27973933028543974,0.22016855962808118,0.19963058436953882,0.1999999998,0.1999999998,0.1999999998,0.1999999998,0.1999999998
2022-04-22,0.0,20.0,0.0,bull_normal,50.0,50.0,50.0,-0.0068607849305076735,-0.00615162073562632,0.0007091641948813532,-0.006860784923646889,0.8435491219580569,0.2,0.2,0.2,0.2,0.2,0.1798931958535959,0.12301442273838471,0.27828641288174155,0.22158224815215696,0.19722372037412084,0.1999999998,0.1999999998,0.1999999998,0.1999999998,0.1999999998
2022-04-29,0.0,20.0,0.0,bull_normal,50.0,50.0,50.0,3.195469037184925e-05,-0.00022298849425374446,-0.0002549431846255937,3.195469033989457e-05,0.7101699940374527,0.2,0.2,0.2,0.2,0.2,0.17316790762124012,0.12680954209842266,0.28114487001661326,0.23302669190862751,0.18585098835509656,0.1999999998,0.1999999998,0.1999999998,0.1999999998,0.1999999998
2022-05-06,0.0,20.0,0.0,bull_normal,50.0,50.0,50.0,0.0051007337910492,0.003309493474183537,-0.0017912403168656625,0.005100733785948466,0.6881917402587929,0.2,0.2,0.2,0.2,0.2,0.17355754972803128,0.12656448549161073,0.27995395863385725,0.23355535111574668,0.18636865503075406,0.1999999998,0.1999999998,0.1999999998,0.1999999998,0.1999999998
2022-05-13,0.0,20.0,0.0,bull_normal,50.0,50.0,50.0,0.006179813545123473,0.005891616584420208,-0.0002881969607032653,0.00617981353894366,0.6122720884933168,0.2,0.2,0.2,0.2,0.2,0.18000207957827138,0.1219122607022496,0.27893752742525196,0.2208136521683611,0.19833448012586594,0.1999999998,0.1999999998,0.1999999998,0.1999999998,0.1999999998
2022-05-20,0.0,20.0,0.0,bull_normal,50.0,50.0,50.0,0.005848040795241475,0.0047224263565460904,-0.0011256144386953843,0.005848040789393435,0.5660912490936453,0.2,0.2,0.2,0.2,0.2,0.18,0.12,0.28,0.22,0.2,0.1999999998,0.1999999998,0.1999999998,0.1999999998,0.1999999998
2022-05-27,0.0,20.0,0.0,bull_normal,50.0,50.0,50.0,9.927483952943677e-05,0.0011562922147491765,0.0010570173752197398,9.927483943016208e-05,0.5323865914462746,0.2,0.2,0.2,0.2,0.2,0.1798297594113192,0.12348208584772224,0.2781850137354853,0.22174593057393402,0.19675721043153918,0.1999999998,0.1999999998,0.1999999998,0.1999999998,0.1999999998
2022-06-03,0.0,20.0,0.0,bull_normal,50.0,50.0,50.0,-0.00036424809324001105,-0.0034365018832776197,-0.0030722537900376087,-0.00036424809287576357,0.5867078732670863,0.2,0.2,0.2,0.2,0.2,0.17999991755846387,0.12195401383447141,0.2789160871146541,0.2208344931069342,0.19829548838547648,0.1999999998,0.1999999998,0.1999999998,0.1999999998,0.1999999998
2022-06-10,0.0,20.0,0.0,bull_normal,50.0,50.0,50.0,0.0069679391964320185,0.004921288143924146,-0.002046651052507872,0.006967939189464078,0.5946728204403149,0.2,0.2,0.2,0.2,0.2,0.18,0.12,0.28,0.22,0.2,0.1999999998,0.1999999998,0.1999999998,0.1999999998,0.1999999998
2022-06-17,0.0,20.0,0.0,bull_normal,50.0,50.0,50.0,0.0016480163845907436,0.000469572334059769,-0.0011784440505309746,0.0016480163829427272,0.5675802651668712,0.2,0.2,0.2,0.2,0.2,0.18001925006640637,0.12132774253353627,0.27915978808346475,0.2206423281160331,0.19885089120055943,0.1999999998,0.1999999998,0.1999999998,0.1999999998,0.1999999998
2022-06-24,0.0,20.0,0.0,bull_normal,50.0,50.0,50.0,-0.0033526651495706626,-0.004548350176688236,-0.001195685027117573,-0.003352665146217996,0.6218678698609296,0.2,0.2,0.2,0.2,0.2,0.18001999474299352,0.12152263927354955,0.27909710061410503,0.22067126234989767,0.19868900301945427,0.1999999998,0.1999999998,0.1999999998,0.1999999998,0.1999999998
2022-07-01,0.0,20.0,0.0,bull_normal,50.0,50.0,50.0,0.0030038852671294162,0.002014962137322024,-0.0009889231298073923,0.0030038852641255305,0.5687423009037397,0.2,0.2,0.2,0.2,0.2,0.17999114360255772,0.1221147317263802,0.2788253862285177,0.2209252159429981,0.19814352249954625,0.1999999998,0.1999999998,0.1999999998,0.1999999998,0.1999999998
2022-07-08,0.0,20.0,0.0,bull_normal,50.0,50.0,50.0,-0.007589789014685288,-0.009070601234633642,-0.0014808122199483536,-0.007589789007095499,0.5635864256215795,0.2,0.2,0.2,0.2,0.2,0.18,0.12,0.28,0.22,0.2,0.1999999998,0.1999999998,0.1999999998,0.1999999998,0.1999999998
2022-07-15,0.0,20.0,0.0,bull_normal,50.0,50.0,50.0,-0.0047464331096572585,-0.0024432534647357484,0.00230317964492151,-0.004746433104910825,0.6766293892274222,0.2,0.2,0.2,0.2,0.2,0.18,0.12,0.28,0.22,0.2,0.1999999998,0.1999999998,0.1999999998,0.1999999998,0.1999999998
2022-07-22,0.0,20.0,0.0,bull_normal,50.0,50.0,50.0,-0.0011304184919792596,-0.0010813774540292627,4.904103794999698e-05,-0.001130418490848841,0.6156468216702888,0.2,0.2,0.2,0.2,0.2,0.1796196418237496,0.12439941538844218,0.2778620691364211,0.22240886286049413,0.19571001079089304,0.1999999998,0.1999999998,0.1999999998,0.1999999998,0.1999999998
2022-07-29,0.0,20.0,0.0,bull_normal,50.0,50.0,50.0,0.006573692144349119,0.008327004202414778,0.001753312058065659,0.006573692137775427,0.6203240589925975,0.2,0.2,0.2,0.2,0.2,0.18,0.12,0.28,0.22,0.2,0.1999999998,0.1999999998,0.1999999998,0.1999999998,0.1999999998
2022-08-05,0.0,20.0,0.0,bull_normal,50.0,50.0,50.0,0.004280960068857743,0.004824798317139278,0.0005438382482815356,0.004280960064576783,0.530367578577705,0.2,0.2,0.2,0.2,0.2,0.17998185857853077,0.12224271186813979,0.27877030155446364,0.22098294639260432,0.1980221816062614,0.1999999998,0.1999999998,0.1999999998,0.1999999998,0.1999999998
2022-08-12,0.0,20.0,0.0,bull_normal,50.0,50.0,50.0,0.0014618558297065484,0.0006401179922692453,-0.0008217378374373031,0.0014618558282446924,0.46729771923599905,0.2,0.2,0.2,0.2,0.2,0.18002416478562994,0.12072275440063995,0.27958178022612573,0.2202726752910704,0.19939862529653404,0.1999999998,0.1999999998,0.1999999998,0.1999999998,0.1999999998
2022-08-19,0.0,20.0,0.0,bull_normal,50.0,50.0,50.0,0.0012963513247666737,0.0035944195915880617,0.0022980682668213882,0.001296351323470322,0.6779311957015891,0.2,0.2,0.2,0.2,0.2,0.18,0.12,0.28,0.22,0.2,0.1999999998,0.1999999998,0.1999999998,0.1999999998,0.1999999998
2022-08-26,0.0,20.0,0.0,bull_normal,50.0,50.0,50.0,-0.0012577968514207063,-0.0018833301528214264,-0.0006255333014007201,-0.001257796850162909,0.626631783696702,0.2,0.2,0.2,0.2,0.2,0.18,0.12,0.28,0.22,0.2,0.1999999998,0.1999999998,0.1999999998,0.1999999998,0.1999999998
2022-09-02,0.0,20.0,0.0,bull_normal,50.0,50.0,50.0,-0.003248372841426884,-0.002048254776207584,0.0012001180652193,-0.003248372838178511,0.6508966474587986,0.2,0.2,0.2,0.2,0.2,0.18,0.12,0.28,0.22,0.2,0.1999999998,0.1999999998,0.1999999998,0.1999999998,0.1999999998
2022-09-09,0.0,20.0,0.0,bull_normal,50.0,50.0,50.0,0.004052476301409426,0.002638442565255335,-0.0014140337361540911,0.00405247629735695,0.5915958474820308,0.2,0.2,0.2,0.2,0.2,0.18,0.12,0.28,0.22,0.2,0.1999999998,0.1999999998,0.1999999998,0.1999999998,0.1999999998
2022-09-16,0.0,20.0,0.0,bull_normal,50.0,50.0,50.0,-0.007834400591669245,-0.008627632791383271,-0.0007932321997140262,-0.007834400583834842,0.69225985408191,0.2,0.2,0.2,0.2,0.2,0.1800266474775803,0.12122175213170595,0.2792640191059926,0.22052737867527183,0.19896020260944924,0.1999999998,0.1999999998,0.1999999998,0.1999999998,0.1999999998
2022-09-23,0.0,20.0,0.0,bull_normal,50.0,50.0,50.0,-0.0010405254064704303,-0.0003393938408203386,0.0007011315656500917,-0.0010405254054299048,0.6531131853510295,0.2,0.2,0.2,0.2,0.2,0.18,0.12,0.28,0.22,0.2,0.1999999998,0.1999999998,0.1999999998,0.1999999998,0.1999999998
2022-09-30,0.0,20.0,0.0,bull_normal,50.0,50.0,50.0,-0.0047965877739164905,-0.005850409320068383,-0.0010538215461518927,-0.004796587769119903,0.6038743529081727,0.2,0.2,0.2,0.2,0.2,0.18,0.12,0.28,0.22,0.2,0.1999999998,0.1999999998,0.1999999998,0.1999999998,0.1999999998
2022-10-07,0.0,20.0,0.0,bull_normal,50.0,50.0,50.0,-0.0047965877739164905,-0.005850409320068383,-0.0010538215461518927,-0.004796587769119903,0.5644832869538872,0.2,0.2,0.2,0.2,0.2,0.18,0.12,0.28,0.22,0.2,0.1999999998,0.1999999998,0.1999999998,0.1999999998,0.1999999998
2022-10-14,0.0,20.0,0.0,bull_normal,50.0,50.0,50.0,0.007793037638327537,0.008891952241667948,0.001098914603340411,0.007793037630534499,0.6021241743475219,0.2,0.2,0.2,0.2,0.2,0.1800006521330386,0.12194006547097186,0.278923240450401,0.22082751293898895,0.19830852900659968,0.1999999998,0.1999999998,0.1999999998,0.1999999998,0.1999999998
2022-10-21,0.0,20.0,0.0,bull_normal,50.0,50.0,50.0,-0.009522555836569625,-0.00949031508602403,3.224075054559378e-05,-0.009522555827047068,0.4998626690293463,0.2,0.2,0.2,0.2,0.2,0.18001794016613654,0.1204504990878636,0.27973724159398095,0.22016570377527545,0.19962861537674353,0.1999999998,0.1999999998,0.1999999998,0.1999999998,0.1999999998
2022-10-28,0.0,20.0,0.0,bull_normal,50.0,50.0,50.0,-0.004992646078382249,-0.0022110698992364912,0.002781576179145758,-0.004992646073389603,0.5566139327846259,0.2,0.2,0.2,0.2,0.2,0.1800197079493914,0.12045370472267214,0.2797284497897144,0.2201710955126763,0.19962704202554582,0.1999999998,0.1999999998,0.1999999998,0.1999999998,0.1999999998
2022-11-04,0.0,20.0,0.0,bull_normal,50.0,50.0,50.0,0.01089579531536098,0.006958709437869833,-0.003937085877491147,0.010895795304465184,0.6765545486091316,0.2,0.2,0.2,0.2,0.2,0.17333513419634253,0.1270223844929835,0.2810809006213001,0.23266789520563086,0.18589368548374302,0.1999999998,0.1999999998,0.1999999998,0.1999999998,0.1999999998
2022-11-11,0.0,20.0,0.0,bull_normal,50.0,50.0,50.0,0.00382464200703311,0.0030524829364111973,-0.0007721590706219125,0.0038246420032084674,0.7922846306184947,0.2,0.2,0.2,0.2,0.2,0.17946916527580276,0.12475636340897527,0.2774954385091927,0.22310468638891165,0.19517434641711762,0.1999999998,0.1999999998,0.1999999998,0.1999999998,0.1999999998
2022-11-18,0.0,20.0,0.0,bull_normal,50.0,50.0,50.0,-0.005547109025888378,-0.007688948292885853,-0.002141839266997475,-0.005547109020341268,0.7474615829881802,0.2,0.2,0.2,0.2,0.2,0.18,0.12,0.28,0.22,0.2,0.1999999998,0.1999999998,0.1999999998,0.1999999998,0.1999999998
2022-11-25,0.0,20.0,0.0,bull_normal,50.0,50.0,50.0,0.004015850800072001,0.005039270521615886,0.0010234197215438848,0.00401585079605615,0.6920500072825838,0.2,0.2,0.2,0.2,0.2,0.18,0.12,0.28,0.22,0.2,0.1999999998,0.1999999998,0.1999999998,0.1999999998,0.1999999998
2022-12-02,0.0,20.0,0.0,bull_normal,50.0,50.0,50.0,0.0012958400678411185,-0.0009221211154480733,-0.002217961183289192,0.0012958400665452788,0.6817326984312082,0.2,0.2,0.2,0.2,0.2,0.18000203655703945,0.1200457305973457,0.27997301087506876,0.22001668801131521,0.1999625339592308,0.1999999998,0.1999999998,0.1999999998,0.1999999998,0.1999999998
2022-12-09,0.0,20.0,0.0,bull_normal,50.0,50.0,50.0,0.0040226343692528884,0.0017872768024786141,-0.0022353575667742745,0.004022634365230254,0.6685211718745525,0.2,0.2,0.2,0.2,0.2,0.18001761881095332,0.12172226743789863,0.27903485206462203,0.2207058955262938,0.19851936616023222,0.1999999998,0.1999999998,0.1999999998,0.1999999998,0.1999999998
2022-12-16,0.0,20.0,0.0,bull_normal,50.0,50.0,50.0,-0.0032925631710908703,-0.0030804343108265827,0.00021212886026428755,-0.003292563167798307,0.567678777744223,0.2,0.2,0.2,0.2,0.2,0.18,0.12,0.28,0.22,0.2,0.1999999998,0.1999999998,0.1999999998,0.1999999998,0.1999999998
2022-12-23,0.0,20.0,0.0,bull_normal,50.0,50.0,50.0,-0.0023286496876723326,-0.0008899658535626577,0.001438683834109675,-0.0023286496853436823,0.5398045199773611,0.2,0.2,0.2,0.2,0.2,0.18,0.12,0.28,0.22,0.2,0.1999999998,0.1999999998,0.1999999998,0.1999999998,0.1999999998
2022-12-30,0.0,20.0,0.0,bull_normal,50.0,50.0,50.0,0.007861894552803558,0.008123421271146599,0.0002615267183430411,0.00786189454494166,0.4773005544061982,0.2,0.2,0.2,0.2,0.2,0.17929249697271624,0.12527800945026477,0.27763495702010077,0.22324012139453783,0.19455441516238037,0.1999999998,0.1999999998,0.1999999998,0.1999999998,0.1999999998
2023-01-06,0.0,20.0,0.0,bull_normal,50.0,50.0,50.0,0.003696834821066616,0.0024226017378912944,-0.0012742330831753217,0.003696834817369781,0.5100688291149126,0.2,0.2,0.2,0.2,0.2,0.1791332299865171,0.12595419951332756,0.2774585552227637,0.22366760300220445,0.19378641227518714,0.1999999998,0.1999999998,0.1999999998,0.1999999998,0.1999999998
2023-01-13,0.0,20.0,0.0,bull_normal,50.0,50.0,50.0,0.005929093009427568,0.00451447623209561,-0.001414616777331958,0.005929093003498476,0.4696638736845494,0.2,0.2,0.2,0.2,0.2,0.18,0.12,0.28,0.22,0.2,0.1999999998,0.1999999998,0.1999999998,0.1999999998,0.1999999998
2023-01-20,0.0,20.0,0.0,bull_normal,50.0,50.0,50.0,0.0035860757528851516,0.002826222408166741,-0.0007598533447184105,0.0035860757492990752,0.46539866101322547,0.2,0.2,0.2,0.2,0.2,0.18,0.12,0.28,0.22,0.2,0.1999999998,0.1999999998,0.1999999998,0.1999999998,0.1999999998
2023-01-27,0.0,20.0,0.0,bull_normal,50.0,50.0,50.0,0.0035860757528851516,0.002826222408166741,-0.0007598533447184105,0.0035860757492990752,0.46198649087616633,0.2,0.2,0.2,0.2,0.2,0.18,0.12,0.28,0.22,0.2,0.1999999998,0.1999999998,0.1999999998,0.1999999998,0.1999999998
2023-02-03,0.0,20.0,0.0,bull_normal,50.0,50.0,50.0,-0.0016447419084462747,-0.001176136596992427,0.0004686053114538477,-0.0016447419068015326,0.4348496435816632,0.2,0.2,0.2,0.2,0.2,0.18,0.12,0.28,0.22,0.2,0.1999999998,0.1999999998,0.1999999998,0.1999999998,0.1999999998
2023-02-10,0.0,20.0,0.0,bull_normal,50.0,50.0,50.0,-0.004826118930350904,-0.004836208610433075,-1.0089680082170718e-05,-0.004826118925524785,0.4161663470698616,0.2,0.2,0.2,0.2,0.2,0.1800134884956961,0.12152556951578271,0.2790194599146885,0.22077552555074595,0.1986659565230868,0.1999999998,0.1999999998,0.1999999998,0.1999999998,0.1999999998
2023-02-17,0.0,20.0,0.0,bull_normal,50.0,50.0,50.0,-0.0037099712421358533,-0.0031572970415550653,0.000552674200580788,-0.0037099712384258817,0.37527892568129856,0.2,0.2,0.2,0.2,0.2,0.17990919561916893,0.12279687078630734,0.2782385640843207,0.22164731651383487,0.1974080529963682,0.1999999998,0.1999999998,0.1999999998,0.1999999998,0.1999999998
2023-02-24,0.0,20.0,0.0,bull_normal,50.0,50.0,50.0,0.0013232303328023327,0.0006853541293229974,-0.0006378762034793353,0.0013232303314791023,0.33066728548599683,0.2,0.2,0.2,0.2,0.2,0.17948583137304872,0.1248089519072199,0.2777413433240072,0.22277029119941644,0.19519358219630778,0.1999999998,0.1999999998,0.1999999998,0.1999999998,0.1999999998
2023-03-03,0.0,20.0,0.0,bull_normal,50.0,50.0,50.0,0.0008532883792071495,0.0002467600602284372,-0.0006065283189787123,0.0008532883783538608,0.33967703647513076,0.2,0.2,0.2,0.2,0.2,0.1730960786863585,0.12693370125543374,0.2814197430806469,0.23284824370066554,0.1857022332768953,0.1999999998,0.1999999998,0.1999999998,0.1999999998,0.1999999998
2023-03-10,0.0,20.0,0.0,bull_normal,50.0,50.0,50.0,-0.0032033256642727713,-0.0010285102430364853,0.002174815421236286,-0.003203325661069445,0.43377658971416544,0.2,0.2,0.2,0.2,0.2,0.17951281999789323,0.12474325965247529,0.27772096130662816,0.2227455166754866,0.19527744236751676,0.1999999998,0.1999999998,0.1999999998,0.1999999998,0.1999999998
2023-03-17,0.0,20.0,0.0,bull_normal,50.0,50.0,50.0,0.003084549668902699,0.0037650472595314112,0.0006804975906287121,0.0030845496658181482,0.580900793157625,0.2,0.2,0.2,0.2,0.2,0.18,0.12,0.28,0.22,0.2,0.1999999998,0.1999999998,0.1999999998,0.1999999998,0.1999999998
2023-03-24,0.0,20.0,0.0,bull_normal,50.0,50.0,50.0,0.0006321881042378186,-0.00021650224319643953,-0.000848690347434258,0.0006321881036056303,0.6028788553113218,0.2,0.2,0.2,0.2,0.2,0.18,0.12,0.28,0.22,0.2,0.1999999998,0.1999999998,0.1999999998,0.1999999998,0.1999999998
2023-03-31,0.0,20.0,0.0,bull_normal,50.0,50.0,50.0,0.001300754285494837,0.001211638120746065,-8.911616474877211e-05,0.0013007542841940826,0.499194245772546,0.2,0.2,0.2,0.2,0.2,0.18,0.12,0.28,0.22,0.2,0.1999999998,0.1999999998,0.1999999998,0.1999999998,0.1999999998
2023-04-07,0.0,20.0,0.0,bull_normal,50.0,50.0,50.0,0.0068559068852047,0.006474358411482379,-0.0003815484737223207,0.006855906878348792,0.4717363873804023,0.2,0.2,0.2,0.2,0.2,0.18,0.12,0.28,0.22,0.2,0.1999999998,0.1999999998,0.1999999998,0.1999999998,0.1999999998
2023-04-14,0.0,20.0,0.0,bull_normal,50.0,50.0,50.0,-0.0010135179900964393,-0.00035106680311338306,0.0006624511869830563,-0.001013517989082921,0.4507603634955274,0.2,0.2,0.2,0.2,0.2,0.18,0.12,0.28,0.22,0.2,0.1999999998,0.1999999998,0.1999999998,0.1999999998,0.1999999998
2023-04-21,0.0,20.0,0.0,bull_normal,50.0,50.0,50.0,-0.008170413383538511,-0.00768564511260521,0.00048476827093330097,-0.008170413375368097,0.5016192272409109,0.2,0.2,0.2,0.2,0.2,0.18,0.12,0.28,0.22,0.2,0.1999999998,0.1999999998,0.1999999998,0.1999999998,0.1999999998
2023-04-28,0.0,20.0,0.0,bull_normal,50.0,50.0,50.0,0.003393891041489446,0.004130056371099991,0.000736165329610545,0.0033938910380955545,0.47466473277541066,0.2,0.2,0.2,0.2,0.2,0.1800054331746892,0.12012532902806446,0.2799174563730946,0.2200560024049758,0.1998957790191759,0.1999999998,0.1999999998,0.1999999998,0.1999999998,0.1999999998
2023-05-05,0.0,20.0,0.0,bull_normal,50.0,50.0,50.0,0.011136943789360667,0.012439993728633825,0.001303049939273158,0.011136943778223723,0.47677150027005416,0.2,0.2,0.2,0.2,0.2,0.18,0.12,0.28,0.22,0.2,0.1999999998,0.1999999998,0.1999999998,0.1999999998,0.1999999998
2023-05-12,0.0,20.0,0.0,bull_normal,50.0,50.0,50.0,-0.004035474764585451,-0.002849049013882112,0.0011864257507033394,-0.004035474760549976,0.5156629994056021,0.2,0.2,0.2,0.2,0.2,0.17999273420584,0.12198178937455806,0.278777098184497,0.2210059673879409,0.19824241084716407,0.1999999998,0.1999999998,0.1999999998,0.1999999998,0.1999999998
2023-05-19,0.0,20.0,0.0,bull_normal,50.0,50.0,50.0,-0.003592625212402523,-0.003935359061555599,-0.0003427338491530764,-0.0035926252088098977,0.47246988738318413,0.2,0.2,0.2,0.2,0.2,0.18,0.12,0.28,0.22,0.2,0.1999999998,0.1999999998,0.1999999998,0.1999999998,0.1999999998
2023-05-26,0.0,20.0,0.0,bull_normal,50.0,50.0,50.0,-0.004215586849600542,-0.00274572172793935,0.0014698651216611923,-0.004215586845384955,0.5026714852674595,0.2,0.2,0.2,0.2,0.2,0.18002217073657875,0.1207489599963668,0.2795668790510149,0.22028890181825486,0.1993730883977847,0.1999999998,0.1999999998,0.1999999998,0.1999999998,0.1999999998
2023-06-02,0.0,20.0,0.0,bull_normal,50.0,50.0,50.0,0.0017427906422791046,0.0018957195241709047,0.00015292888189180013,0.0017427906405363138,0.5017513109292461,0.2,0.2,0.2,0.2,0.2,0.18,0.12,0.28,0.22,0.2,0.1999999998,0.1999999998,0.1999999998,0.1999999998,0.1999999998
2023-06-09,0.0,20.0,0.0,bull_normal,50.0,50.0,50.0,0.0027324087422172854,0.0036382745000109345,0.0009058657577936491,0.0027324087394848765,0.5025049405630804,0.2,0.2,0.2,0.2,0.2,0.18,0.12,0.28,0.22,0.2,0.1999999998,0.1999999998,0.1999999998,0.1999999998,0.1999999998
2023-06-16,0.0,20.0,0.0,bull_normal,50.0,50.0,50.0,0.006647402743862364,0.0038503138535416833,-0.002797088890320681,0.006647402737214961,0.5514006303382907,0.2,0.2,0.2,0.2,0.2,0.17985247257953318,0.1233545235645358,0.27824602705181284,0.22165016836955262,0.19689680843456564,0.1999999998,0.1999999998,0.1999999998,0.1999999998,0.1999999998
2023-06-23,0.0,20.0,0.0,bull_normal,50.0,50.0,50.0,0.0031129585674533567,0.0009829840989918632,-0.0021299744684614933,0.003112958564340398,0.8053140348661031,0.2,0.2,0.2,0.2,0.2,0.1730392561019941,0.1270319213416081,0.2816371902402951,0.23270707651827152,0.1855845557978312,0.1999999998,0.1999999998,0.1999999998,0.1999999998,0.1999999998
2023-06-30,0.0,20.0,0.0,bull_normal,50.0,50.0,50.0,-0.0018645385197560464,-0.0016519541280196825,0.00021258439173636387,-0.0018645385178915077,0.7075514275293908,0.2,0.2,0.2,0.2,0.2,0.18,0.12,0.28,0.22,0.2,0.1999999998,0.1999999998,0.1999999998,0.1999999998,0.1999999998
2023-07-07,0.0,20.0,0.0,bull_normal,50.0,50.0,50.0,0.004759128760184674,0.005343937668285004,0.0005848089081003293,0.0047591287554255455,0.7353182830759821,0.2,0.2,0.2,0.2,0.2,0.1800128233182592,0.12172177244493478,0.27903631417833086,0.22071541037597797,0.1985136796824972,0.1999999998,0.1999999998,0.1999999998,0.1999999998,0.1999999998
2023-07-14,0.0,20.0,0.0,bull_normal,50.0,50.0,50.0,0.004942996047219226,0.003543349650332538,-0.0013996463968866876,0.00494299604227623,0.6709082547310509,0.2,0.2,0.2,0.2,0.2,0.1796392963058194,0.12433110532102488,0.2778843262647284,0.22235229245889374,0.19579297964953354,0.1999999998,0.1999999998,0.1999999998,0.1999999998,0.1999999998
2023-07-21,0.0,20.0,0.0,bull_normal,50.0,50.0,50.0,0.0030332074078051876,0.004486357164098619,0.0014531497562934315,0.00303320740477198,0.6240196322983841,0.2,0.2,0.2,0.2,0.2,0.17952200780201777,0.12460777355317454,0.2776467398965461,0.22283923495649513,0.19538424379176644,0.1999999998,0.1999999998,0.1999999998,0.1999999998,0.1999999998
2023-07-28,0.0,20.0,0.0,bull_normal,50.0,50.0,50.0,0.0057312259711806675,0.0023503270885509367,-0.003380898882629731,0.005731225965449441,0.712696434171089,0.2,0.2,0.2,0.2,0.2,0.18002051479500902,0.12064144181909954,0.27962761898487376,0.22024555707619914,0.19946486732481863,0.1999999998,0.1999999998,0.1999999998,0.1999999998,0.1999999998
2023-08-04,0.0,20.0,0.0,bull_normal,50.0,50.0,50.0,0.0005521467731199305,0.00013394867838011532,-0.00041819809473981516,0.0005521467725677836,0.6069292152466488,0.2,0.2,0.2,0.2,0.2,0.17969271715160415,0.12413192172540738,0.27795231955725686,0.22219276237211633,0.19603027919361532,0.1999999998,0.1999999998,0.1999999998,0.1999999998,0.1999999998
2023-08-11,0.0,20.0,0.0,bull_normal,50.0,50.0,50.0,-0.005741895121486951,-0.004195673450946397,0.001546221670540554,-0.005741895115745056,0.5903844409569584,0.2,0.2,0.2,0.2,0.2,0.17991939041957206,0.12289196044935445,0.27845983540230446,0.22134727092079542,0.19738154280797365,0.1999999998,0.1999999998,0.1999999998,0.1999999998,0.1999999998
2023-08-18,0.0,20.0,0.0,bull_normal,50.0,50.0,50.0,0.00035481333046462186,0.002477197669979415,0.0021223843395147927,0.000354813330109809,0.6311975187546147,0.2,0.2,0.2,0.2,0.2,0.18,0.12,0.28,0.22,0.2,0.1999999998,0.1999999998,0.1999999998,0.1999999998,0.1999999998
2023-08-25,0.0,20.0,0.0,bull_normal,50.0,50.0,50.0,-0.002732829239407702,-0.00229070062591387,0.0004421286134938321,-0.0027328292366748724,0.5830234838356524,0.2,0.2,0.2,0.2,0.2,0.18,0.12,0.28,0.22,0.2,0.1999999998,0.1999999998,0.1999999998,0.1999999998,0.1999999998
2023-09-01,0.0,20.0,0.0,bull_normal,50.0,50.0,50.0,0.0032952738817810107,0.0017320387554170876,-0.001563235126363923,0.0032952738784857365,0.558823661141698,0.2,0.2,0.2,0.2,0.2,0.17853050346513683,0.12656256975045288,0.27756300950707286,0.22481118018526264,0.1925327370920749,0.1999999998,0.1999999998,0.1999999998,0.1999999998,0.1999999998
2023-09-08,0.0,20.0,0.0,bull_normal,50.0,50.0,50.0,-0.005527941467880762,-0.006023737700844398,-0.000495796232963636,-0.00552794146235282,0.5932657881882084,0.2,0.2,0.2,0.2,0.2,0.18,0.12,0.28,0.22,0.2,0.1999999998,0.1999999998,0.1999999998,0.1999999998,0.1999999998
2023-09-15,0.0,20.0,0.0,bull_normal,50.0,50.0,50.0,-0.0010257945577699845,-0.0005135417768984691,0.0005122527808715154,-0.0010257945567441898,0.5349149350107567,0.2,0.2,0.2,0.2,0.2,0.18,0.12,0.28,0.22,0.2,0.1999999998,0.1999999998,0.1999999998,0.1999999998,0.1999999998
2023-09-22,0.0,20.0,0.0,bull_normal,50.0,50.0,50.0,-0.002873442863815972,-0.004001877638162174,-0.0011284347743462024,-0.0028734428609425286,0.5165211829088134,0.2,0.2,0.2,0.2,0.2,0.18,0.12,0.28,0.22,0.2,0.1999999998,0.1999999998,0.1999999998,0.1999999998,0.1999999998
2023-09-29,0.0,20.0,0.0,bull_normal,50.0,50.0,50.0,-0.0049752622059924265,-0.005989804357211564,-0.0010145421512191373,-0.004975262201017164,0.5172328999857737,0.2,0.2,0.2,0.2,0.2,0.18,0.12,0.28,0.22,0.2,0.1999999998,0.1999999998,0.1999999998,0.1999999998,0.1999999998
2023-10-06,0.0,20.0,0.0,bull_normal,50.0,50.0,50.0,-0.0049752622059924265,-0.005989804357211564,-0.0010145421512191373,-0.004975262201017164,0.5178022736473419,0.2,0.2,0.2,0.2,0.2,0.18,0.12,0.28,0.22,0.2,0.1999999998,0.1999999998,0.1999999998,0.1999999998,0.1999999998
2023-10-13,0.0,20.0,0.0,bull_normal,50.0,50.0,50.0,-0.006820445544926853,-0.007242184180211162,-0.00042173863528430916,-0.006820445538106407,0.46600198484737637,0.2,0.2,0.2,0.2,0.2,0.18,0.12,0.28,0.22,0.2,0.1999999998,0.1999999998,0.1999999998,0.1999999998,0.1999999998
2023-10-20,0.0,20.0,0.0,bull_normal,50.0,50.0,50.0,-0.0028427837027975595,-0.0010741082325319536,0.001768675470265606,-0.0028427836999547758,0.7945570423274324,0.2,0.2,0.2,0.2,0.2,0.18,0.12,0.28,0.22,0.2,0.1999999998,0.1999999998,0.1999999998,0.1999999998,0.1999999998
2023-10-27,0.0,20.0,0.0,bull_normal,50.0,50.0,50.0,0.004377357323923979,0.0043270006988777214,-5.035662504625747e-05,0.004377357319546621,0.699703023377627,0.2,0.2,0.2,0.2,0.2,0.18,0.12,0.28,0.22,0.2,0.1999999998,0.1999999998,0.1999999998,0.1999999998,0.1999999998
2023-11-03,0.0,20.0,0.0,bull_normal,50.0,50.0,50.0,0.004655068826742407,0.0051699324037129185,0.0005148635769705113,0.004655068822087338,0.6296692500879829,0.2,0.2,0.2,0.2,0.2,0.17999089538240975,0.12273296273444216,0.2785038729118774,0.22116496488553983,0.1976073040857308,0.1999999998,0.1999999998,0.1999999998,0.1999999998,0.1999999998
2023-11-10,0.0,20.0,0.0,bull_normal,50.0,50.0,50.0,-0.003420512280698256,-0.0037544881839353126,-0.0003339759032370566,-0.0034205122772777434,0.5493110634822447,0.2,0.2,0.2,0.2,0.2,0.18,0.12,0.28,0.22,0.2,0.1999999998,0.1999999998,0.1999999998,0.1999999998,0.1999999998
2023-11-17,0.0,20.0,0.0,bull_normal,50.0,50.0,50.0,2.5452217588464484e-07,0.000792070413110374,0.0007918158909344893,2.5452217563023257e-07,0.5203848087770929,0.2,0.2,0.2,0.2,0.2,0.18,0.12,0.28,0.22,0.2,0.1999999998,0.1999999998,0.1999999998,0.1999999998,0.1999999998
2023-11-24,0.0,20.0,0.0,bull_normal,50.0,50.0,50.0,-0.009094980269055206,-0.010215459709286211,-0.001120479440231005,-0.009094980259960226,0.48236040268638564,0.2,0.2,0.2,0.2,0.2,0.18,0.12,0.28,0.22,0.2,0.1999999998,0.1999999998,0.1999999998,0.1999999998,0.1999999998
2023-12-01,0.0,20.0,0.0,bull_normal,50.0,50.0,50.0,-0.0025848287526156664,-0.0013916918431671902,0.0011931369094484762,-0.0025848287500308364,0.5813799797520703,0.2,0.2,0.2,0.2,0.2,0.18,0.12,0.28,0.22,0.2,0.1999999998,0.1999999998,0.1999999998,0.1999999998,0.1999999998
2023-12-08,0.0,20.0,0.0,bull_normal,50.0,50.0,50.0,-0.004611371678070047,-0.0036777253142879465,0.0009336463637821001,-0.0046113716734586755,0.5796088977610041,0.2,0.2,0.2,0.2,0.2,0.18,0.12,0.28,0.22,0.2,0.1999999998,0.1999999998,0.1999999998,0.1999999998,0.1999999998
2023-12-15,0.0,20.0,0.0,bull_normal,50.0,50.0,50.0,-0.0013205993927386812,0.00021065371788669255,0.0015312531106253737,-0.0013205993914180815,0.6263888270678007,0.2,0.2,0.2,0.2,0.2,0.18,0.12,0.28,0.22,0.2,0.1999999998,0.1999999998,0.1999999998,0.1999999998,0.1999999998
2023-12-22,0.0,20.0,0.0,bull_normal,50.0,50.0,50.0,0.00022606185142761957,0.0007180855665587998,0.0004920237151311803,0.00022606185120155754,0.5771756033352601,0.2,0.2,0.2,0.2,0.2,0.18,0.12,0.28,0.22,0.2,0.1999999998,0.1999999998,0.1999999998,0.1999999998,0.1999999998
2023-12-29,0.0,20.0,0.0,bull_normal,50.0,50.0,50.0,0.010320328015096589,0.010501784030882795,0.00018145601578620565,0.010320328004776261,0.5907248567848864,0.2,0.2,0.2,0.2,0.2,0.18000264236987576,0.12190103110702309,0.2789433110770057,0.22080807027090935,0.19834494517518603,0.1999999998,0.1999999998,0.1999999998,0.1999999998,0.1999999998
2024-01-05,0.0,20.0,0.0,bull_normal,50.0,50.0,50.0,-0.008248687414423675,-0.006657261057248908,0.0015914263571747671,-0.008248687406174987,0.6364213310244491,0.2,0.2,0.2,0.2,0.2,0.1800044045921779,0.12010148017029272,0.2799402000475209,0.22003719206464334,0.1999167231253651,0.1999999998,0.1999999998,0.1999999998,0.1999999998,0.1999999998
2024-01-12,0.0,20.0,0.0,bull_normal,50.0,50.0,50.0,-0.007853247335545129,-0.00774090594373111,0.0001123413918140189,-0.007853247327691881,0.5387822301406252,0.2,0.2,0.2,0.2,0.2,0.1786785479216666,0.1262541944341802,0.27758189415723095,0.22451290307562935,0.19297246041129287,0.1999999998,0.1999999998,0.1999999998,0.1999999998,0.1999999998
2024-01-19,0.0,20.0,0.0,bull_normal,50.0,50.0,50.0,-0.003063605183964894,-0.0027023658781360304,0.0003612393058288637,-0.003063605180901288,0.5078455140492389,0.2,0.2,0.2,0.2,0.2,0.17931940770749175,0.12512433308206772,0.2775251698335897,0.22333787493542634,0.1946932144414244,0.1999999998,0.1999999998,0.1999999998,0.1999999998,0.1999999998
2024-01-26,0.0,20.0,0.0,bull_normal,50.0,50.0,50.0,0.0033897027710922956,0.0026120529525045766,-0.0007776498185877189,0.003389702767702591,0.5023316494829124,0.2,0.2,0.2,0.2,0.2,0.1730392561019941,0.1270319213416081,0.2816371902402951,0.23270707651827152,0.1855845557978312,0.1999999998,0.1999999998,0.1999999998,0.1999999998,0.1999999998
2024-02-02,0.0,20.0,0.0,bull_normal,50.0,50.0,50.0,-0.005527188372232139,-0.0027955298558593397,0.002731658516372799,-0.005527188366704952,0.5705781634743773,0.2,0.2,0.2,0.2,0.2,0.17919609595597655,0.12547380455018536,0.2776030393794487,0.22345812582915564,0.19426893428523373,0.1999999998,0.1999999998,0.1999999998,0.1999999998,0.1999999998
2024-02-09,0.0,20.0,0.0,bull_normal,50.0,50.0,50.0,0.009257074426421137,0.006624232987485469,-0.0026328414389356677,0.00925707441716406,0.6902315819848608,0.2,0.2,0.2,0.2,0.2,0.17621093231490317,0.12750067531564835,0.27885991194490184,0.22847822581564187,0.18895025460890474,0.1999999998,0.1999999998,0.1999999998,0.1999999998,0.1999999998
2024-02-16,0.0,20.0,0.0,bull_normal,50.0,50.0,50.0,0.009257074426421137,0.006624232987485469,-0.0026328414389356677,0.00925707441716406,0.7859543167932473,0.2,0.2,0.2,0.2,0.2,0.17621093231490317,0.12750067531564835,0.27885991194490184,0.22847822581564187,0.18895025460890474,0.1999999998,0.1999999998,0.1999999998,0.1999999998,0.1999999998
2024-02-23,0.0,20.0,0.0,bull_normal,50.0,50.0,50.0,0.00737454600703632,0.006179894697386324,-0.0011946513096499963,0.0073745459996617715,0.7690405065081907,0.2,0.2,0.2,0.2,0.2,0.18001117385593407,0.12170598578498266,0.2790447235769672,0.22071289023312465,0.19852522654899143,0.1999999998,0.1999999998,0.1999999998,0.1999999998,0.1999999998
2024-03-01,0.0,20.0,0.0,bull_normal,50.0,50.0,50.0,0.006030655842812343,0.004833977090014873,-0.0011966787527974698,0.006030655836781687,0.6878850645867076,0.2,0.2,0.2,0.2,0.2,0.17340017216500495,0.12693053666920356,0.28099671494959805,0.23263448945178436,0.18603808676440903,0.1999999998,0.1999999998,0.1999999998,0.1999999998,0.1999999998
2024-03-08,0.0,20.0,0.0,bull_normal,50.0,50.0,50.0,0.011803496514154431,0.012697715269931601,0.0008942187557771705,0.011803496502350932,0.7991042465774838,0.2,0.2,0.2,0.2,0.2,0.18,0.12,0.28,0.22,0.2,0.1999999998,0.1999999998,0.1999999998,0.1999999998,0.1999999998
2024-03-15,0.0,20.0,0.0,bull_normal,50.0,50.0,50.0,-0.00011116488546949342,-0.001725815430001085,-0.0016146505445315915,-0.00011116488535832879,0.7131141401266523,0.2,0.2,0.2,0.2,0.2,0.18,0.12,0.28,0.22,0.2,0.1999999998,0.1999999998,0.1999999998,0.1999999998,0.1999999998
2024-03-22,0.0,20.0,0.0,bull_normal,50.0,50.0,50.0,0.001981029278938564,0.0027586467568023448,0.0007776174778637806,0.001981029276957535,0.623587889610065,0.2,0.2,0.2,0.2,0.2,0.18,0.12,0.28,0.22,0.2,0.1999999998,0.1999999998,0.1999999998,0.1999999998,0.1999999998
2024-03-29,0.0,20.0,0.0,bull_normal,50.0,50.0,50.0,0.002367552918786254,0.0028936698906251454,0.0005261169718388916,0.002367552916418701,0.7608452750595253,0.2,0.2,0.2,0.2,0.2,0.18,0.12,0.28,0.22,0.2,0.1999999998,0.1999999998,0.1999999998,0.1999999998,0.1999999998
2024-04-05,0.0,20.0,0.0,bull_normal,50.0,50.0,50.0,0.010816375705289722,0.011123199792792186,0.0003068240875024643,0.010816375694473345,0.8785949710209633,0.2,0.2,0.2,0.2,0.2,0.17986037204254954,0.12328033956528607,0.27823887728258123,0.2216560941929198,0.19696431691666344,0.1999999998,0.1999999998,0.1999999998,0.1999999998,0.1999999998
2024-04-12,0.0,20.0,0.0,bull_normal,50.0,50.0,50.0,0.005309846617577805,0.008448254633408137,0.0031384080158303324,0.005309846612267958,1.0,0.2,0.2,0.2,0.2,0.2,0.17987284087920777,0.12305060922733473,0.27803096763837815,0.22191714740737772,0.19712843484770176,0.1999999998,0.1999999998,0.1999999998,0.1999999998,0.1999999998
2024-04-19,0.0,20.0,0.0,bull_normal,50.0,50.0,50.0,0.003307712309780281,0.0021511836595674845,-0.0011565286502127963,0.0033077123064725687,0.8866033385617391,0.2,0.2,0.2,0.2,0.2,0.18,0.12,0.28,0.22,0.2,0.1999999998,0.1999999998,0.1999999998,0.1999999998,0.1999999998
2024-04-26,0.0,20.0,0.0,bull_normal,50.0,50.0,50.0,-0.003282624647215621,-0.005509550251332625,-0.002226925604117004,-0.003282624643932996,0.8347804304794746,0.2,0.2,0.2,0.2,0.2,0.18,0.12,0.28,0.22,0.2,0.1999999998,0.1999999998,0.1999999998,0.1999999998,0.1999999998
2024-05-03,0.0,20.0,0.0,bull_normal,50.0,50.0,50.0,0.001054366220658517,-0.002866520789468047,-0.003920887010126564,0.0010543662196041506,0.8356976716909889,0.2,0.2,0.2,0.2,0.2,0.18,0.12,0.28,0.22,0.2,0.1999999998,0.1999999998,0.1999999998,0.1999999998,0.1999999998
2024-05-10,0.0,20.0,0.0,bull_normal,50.0,50.0,50.0,0.008868726765885446,0.00854170785227951,-0.0003270189136059358,0.008868726757016719,0.7198480852505418,0.2,0.2,0.2,0.2,0.2,0.18,0.12,0.28,0.22,0.2,0.1999999998,0.1999999998,0.1999999998,0.1999999998,0.1999999998
2024-05-17,0.0,20.0,0.0,bull_normal,50.0,50.0,50.0,0.0026605948534412726,0.0021679907483055493,-0.0004926041051357233,0.0026605948507806777,0.6184123272410958,0.2,0.2,0.2,0.2,0.2,0.18002165305828535,0.12061033682653535,0.279624912401,0.2202527367905536,0.19949036092362565,0.1999999998,0.1999999998,0.1999999998,0.1999999998,0.1999999998
2024-05-24,0.0,20.0,0.0,bull_normal,50.0,50.0,50.0,-0.006098995477872624,-0.0049695900359435115,0.0011294054419291122,-0.006098995471773628,0.6320346586023875,0.2,0.2,0.2,0.2,0.2,0.18,0.12,0.28,0.22,0.2,0.1999999998,0.1999999998,0.1999999998,0.1999999998,0.1999999998
2024-05-31,0.0,20.0,0.0,bull_normal,50.0,50.0,50.0,-0.002965102428981434,-0.0026560375874524894,0.00030906484152894457,-0.0029651024260163314,0.5595560792903035,0.2,0.2,0.2,0.2,0.2,0.18,0.12,0.28,0.22,0.2,0.1999999998,0.1999999998,0.1999999998,0.1999999998,0.1999999998
2024-06-07,0.0,20.0,0.0,bull_normal,50.0,50.0,50.0,0.0015070293575291502,0.0020561561372047232,0.0005491267796755731,0.0015070293560221209,0.491273628373101,0.2,0.2,0.2,0.2,0.2,0.18,0.12,0.28,0.22,0.2,0.1999999998,0.1999999998,0.1999999998,0.1999999998,0.1999999998
2024-06-14,0.0,20.0,0.0,bull_normal,50.0,50.0,50.0,-0.00741583214607286,-0.007307899304697719,0.00010793284137514125,-0.007415832138657028,0.4627840198123215,0.2,0.2,0.2,0.2,0.2,0.18,0.12,0.28,0.22,0.2,0.1999999998,0.1999999998,0.1999999998,0.1999999998,0.1999999998
2024-06-21,0.0,20.0,0.0,bull_normal,50.0,50.0,50.0,-0.0023158349473376186,-0.0014919324105934042,0.0008239025367442145,-0.002315834945021783,0.5120658132501975,0.2,0.2,0.2,0.2,0.2,0.18,0.12,0.28,0.22,0.2,0.1999999998,0.1999999998,0.1999999998,0.1999999998,0.1999999998
2024-06-28,0.0,20.0,0.0,bull_normal,50.0,50.0,50.0,-0.0003544988904464519,0.0010024302457761558,0.0013569291362226076,-0.0003544988900919529,0.5859325581999122,0.2,0.2,0.2,0.2,0.2,0.18,0.12,0.28,0.22,0.2,0.1999999998,0.1999999998,0.1999999998,0.1999999998,0.1999999998
2024-07-05,0.0,20.0,0.0,bull_normal,50.0,50.0,50.0,-0.0025670709789620983,-0.002656525598726636,-8.945461976453753e-05,-0.002567070976395027,0.5833665209794554,0.2,0.2,0.2,0.2,0.2,0.18,0.12,0.28,0.22,0.2,0.1999999998,0.1999999998,0.1999999998,0.1999999998,0.1999999998
2024-07-12,0.0,20.0,0.0,bull_normal,50.0,50.0,50.0,0.0007631973801968768,8.387073691958599e-05,-0.0006793266432772908,0.0007631973794336791,0.5806625237451513,0.2,0.2,0.2,0.2,0.2,0.17539755885028993,0.12773246647404574,0.279455787848106,0.229621709088634,0.18779247773892435,0.1999999998,0.1999999998,0.1999999998,0.1999999998,0.1999999998
2024-07-19,0.0,20.0,0.0,bull_normal,50.0,50.0,50.0,0.003641436825731113,0.0023763068419092345,-0.0012651299838218784,0.003641436822089676,0.5705138186223075,0.2,0.2,0.2,0.2,0.2,0.18,0.12,0.28,0.22,0.2,0.1999999998,0.1999999998,0.1999999998,0.1999999998,0.1999999998
2024-07-26,0.0,20.0,0.0,bull_normal,50.0,50.0,50.0,-0.005242134635920493,-0.002553340303249419,0.0026887943326710743,-0.005242134630678358,0.7150936856397738,0.2,0.2,0.2,0.2,0.2,0.17981830911571303,0.12358543777433259,0.2780835209571261,0.22186765993931484,0.19664507221351346,0.1999999998,0.1999999998,0.1999999998,0.1999999998,0.1999999998
2024-08-02,0.0,20.0,0.0,bull_normal,50.0,50.0,50.0,0.0029359275583937883,0.004850769796247928,0.00191484223785414,0.0029359275554578603,0.7307791651235824,0.2,0.2,0.2,0.2,0.2,0.17997788752534546,0.12228481585331938,0.27870816307108454,0.22105498836793205,0.19797414518231854,0.1999999998,0.1999999998,0.1999999998,0.1999999998,0.1999999998
2024-08-09,0.0,20.0,0.0,bull_normal,50.0,50.0,50.0,-0.010832850501108828,-0.011659174471428653,-0.0008263239703198248,-0.01083285049027598,0.6360963779040557,0.2,0.2,0.2,0.2,0.2,0.18,0.12,0.28,0.22,0.2,0.1999999998,0.1999999998,0.1999999998,0.1999999998,0.1999999998
2024-08-16,0.0,20.0,0.0,bull_normal,50.0,50.0,50.0,-0.0034595367008833423,-0.0049231090202783425,-0.0014635723193950003,-0.0034595366974238054,0.6013394294889516,0.2,0.2,0.2,0.2,0.2,0.18,0.12,0.28,0.22,0.2,0.1999999998,0.1999999998,0.1999999998,0.1999999998,0.1999999998
2024-08-23,0.0,20.0,0.0,bull_normal,50.0,50.0,50.0,0.0022541396027719648,0.0031747052379575403,0.0009205656351855755,0.002254139600517825,0.5676378342261552,0.2,0.2,0.2,0.2,0.2,0.18,0.12,0.28,0.22,0.2,0.1999999998,0.1999999998,0.1999999998,0.1999999998,0.1999999998
2024-08-30,0.0,20.0,0.0,bull_normal,50.0,50.0,50.0,0.0012136095999162693,0.00027316804165342784,-0.0009404415582628414,0.0012136095987026593,0.6167967383275565,0.2,0.2,0.2,0.2,0.2,0.18,0.12,0.28,0.22,0.2,0.1999999998,0.1999999998,0.1999999998,0.1999999998,0.1999999998
2024-09-06,0.0,20.0,0.0,bull_normal,50.0,50.0,50.0,0.001141001410737201,0.004155355523760124,0.003014354113022923,0.0011410014095961987,0.7330049507959188,0.2,0.2,0.2,0.2,0.2,0.18,0.12,0.28,0.22,0.2,0.1999999998,0.1999999998,0.1999999998,0.1999999998,0.1999999998
2024-09-13,0.0,20.0,0.0,bull_normal,50.0,50.0,50.0,-0.002034958726688388,-0.0001487249557588026,0.0018862337709295855,-0.0020349587246534287,0.7209501464973681,0.2,0.2,0.2,0.2,0.2,0.18,0.12,0.28,0.22,0.2,0.1999999998,0.1999999998,0.1999999998,0.1999999998,0.1999999998
2024-09-20,0.0,20.0,0.0,bull_normal,50.0,50.0,50.0,0.001579599187343958,0.0011788091822936228,-0.0004007900050503352,0.0015795991857643586,0.6733247608596983,0.2,0.2,0.2,0.2,0.2,0.18,0.12,0.28,0.22,0.2,0.1999999998,0.1999999998,0.1999999998,0.1999999998,0.1999999998
2024-09-27,0.0,20.0,0.0,bull_normal,50.0,50.0,50.0,0.03257099345194888,0.021470299419145703,-0.011100694032803178,0.032570993419377886,1.0,0.2,0.2,0.2,0.2,0.2,0.17342530602794706,0.12779524957764665,0.2811621144523839,0.232199156833774,0.1854181731082484,0.1999999998,0.1999999998,0.1999999998,0.1999999998,0.1999999998
2024-10-04,0.0,20.0,0.0,bull_normal,50.0,50.0,50.0,0.042521526456215084,0.026893575249284367,-0.015627951206930717,0.04252152641369355,1.0,0.2,0.2,0.2,0.2,0.2,0.1753058596654457,0.12749073745534326,0.2795793083931411,0.22974298500027335,0.18788110948579662,0.1999999998,0.1999999998,0.1999999998,0.1999999998,0.1999999998
2024-10-11,0.0,20.0,0.0,bull_normal,50.0,50.0,50.0,-3.0977707646698515e-06,-0.00021326282352696817,-0.0002101650527622983,-3.0977707615725718e-06,0.8416289634954564,0.2,0.2,0.2,0.2,0.2,0.17316142352462,0.12727348036531264,0.28148685014006625,0.23254634280331776,0.18553190316668322,0.1999999998,0.1999999998,0.1999999998,0.1999999998,0.1999999998
2024-10-18,0.0,20.0,0.0,bull_normal,50.0,50.0,50.0,0.004528012262540754,0.0044787403129976444,-4.9271949543109976e-05,0.004528012258012742,0.7466595026571071,0.2,0.2,0.2,0.2,0.2,0.17968965610200963,0.12411531997028351,0.2779140328772253,0.22224771355160536,0.19603327749887609,0.1999999998,0.1999999998,0.1999999998,0.1999999998,0.1999999998
2024-10-25,0.0,20.0,0.0,bull_normal,50.0,50.0,50.0,-0.0030511114179900753,-0.0043924149503046465,-0.0013413035323145712,-0.003051111414938964,0.624997907491704,0.2,0.2,0.2,0.2,0.2,0.18,0.12,0.28,0.22,0.2,0.1999999998,0.1999999998,0.1999999998,0.1999999998,0.1999999998
2024-11-01,0.0,20.0,0.0,bull_normal,50.0,50.0,50.0,0.0008795775007573004,0.0021114002671816373,0.0012318227664243368,0.0008795774998777229,0.5506453134566602,0.2,0.2,0.2,0.2,0.2,0.18,0.12,0.28,0.22,0.2,0.1999999998,0.1999999998,0.1999999998,0.1999999998,0.1999999998
2024-11-08,0.0,20.0,0.0,bull_normal,50.0,50.0,50.0,0.005224674884875582,0.0038407761026857954,-0.0013838987821897866,0.005224674879650906,0.49128907429664154,0.2,0.2,0.2,0.2,0.2,0.17996103891572424,0.12235469792691117,0.2785114619900668,0.22130656314934039,0.19786623801795752,0.1999999998,0.1999999998,0.1999999998,0.1999999998,0.1999999998
2024-11-15,0.0,20.0,0.0,bull_normal,50.0,50.0,50.0,-0.008051846970299894,-0.007186167560577112,0.000865679409722782,-0.008051846962248047,0.4807919057317691,0.2,0.2,0.2,0.2,0.2,0.17615049909404856,0.12741795813901963,0.2788140084041316,0.228688995125185,0.1889285392376151,0.1999999998,0.1999999998,0.1999999998,0.1999999998,0.1999999998
2024-11-22,0.0,20.0,0.0,bull_normal,50.0,50.0,50.0,0.0014586862574399158,0.0026309972567822404,0.0011723109993423246,0.0014586862559812302,0.5462389702523371,0.2,0.2,0.2,0.2,0.2,0.18,0.12,0.28,0.22,0.2,0.1999999998,0.1999999998,0.1999999998,0.1999999998,0.1999999998
2024-11-29,0.0,20.0,0.0,bull_normal,50.0,50.0,50.0,0.0004944576091978133,0.00019820020405108649,-0.0002962574051467268,0.0004944576087033556,0.4709682259233858,0.2,0.2,0.2,0.2,0.2,0.18,0.12,0.28,0.22,0.2,0.1999999998,0.1999999998,0.1999999998,0.1999999998,0.1999999998
2024-12-06,0.0,20.0,0.0,bull_normal,50.0,50.0,50.0,-0.002051385347112449,-0.0018184326320562993,0.00023295271505614995,-0.0020513853450610637,0.43753680807892864,0.2,0.2,0.2,0.2,0.2,0.18,0.12,0.28,0.22,0.2,0.1999999998,0.1999999998,0.1999999998,0.1999999998,0.1999999998
2024-12-13,0.0,20.0,0.0,bull_normal,50.0,50.0,50.0,0.0065705414387296456,0.009705672598016439,0.003135131159286793,0.006570541432159104,0.5124234561823482,0.2,0.2,0.2,0.2,0.2,0.18,0.12,0.28,0.22,0.2,0.1999999998,0.1999999998,0.1999999998,0.1999999998,0.1999999998
2024-12-20,0.0,20.0,0.0,bull_normal,50.0,50.0,50.0,-0.0016018524237659264,-0.0012457228477127447,0.00035612957605318167,-0.0016018524221640738,0.4588101332641481,0.2,0.2,0.2,0.2,0.2,0.18,0.12,0.28,0.22,0.2,0.1999999998,0.1999999998,0.1999999998,0.1999999998,0.1999999998
2024-12-27,0.0,20.0,0.0,bull_normal,50.0,50.0,50.0,0.0006115098095512612,-0.0004702539276770258,-0.001081763737228287,0.0006115098089397513,0.4072989623366802,0.2,0.2,0.2,0.2,0.2,0.18,0.12,0.28,0.22,0.2,0.1999999998,0.1999999998,0.1999999998,0.1999999998,0.1999999998
2025-01-03,0.0,20.0,0.0,bull_normal,50.0,50.0,50.0,0.00011976931394653355,0.003246074533085793,0.003126305219139259,0.00011976931382676401,0.4453081238496961,0.2,0.2,0.2,0.2,0.2,0.18,0.12,0.28,0.22,0.2,0.1999999998,0.1999999998,0.1999999998,0.1999999998,0.1999999998
2025-01-10,0.0,20.0,0.0,bull_normal,50.0,50.0,50.0,-0.005887716800733313,-0.007390061053684288,-0.0015023442529509745,-0.005887716794845597,0.41448745375696056,0.2,0.2,0.2,0.2,0.2,0.18,0.12,0.28,0.22,0.2,0.1999999998,0.1999999998,0.1999999998,0.1999999998,0.1999999998
2025-01-17,0.0,20.0,0.0,bull_normal,50.0,50.0,50.0,0.004307522258390968,0.0033860071478639736,-0.0009215151105269942,0.0043075222540834455,0.4197922390077834,0.2,0.2,0.2,0.2,0.2,0.18,0.12,0.28,0.22,0.2,0.1999999998,0.1999999998,0.1999999998,0.1999999998,0.1999999998
2025-01-24,0.0,20.0,0.0,bull_normal,50.0,50.0,50.0,0.0009401637658781249,9.65522845375642e-05,-0.0008436114813405607,0.0009401637649379611,0.386657938354613,0.2,0.2,0.2,0.2,0.2,0.18002669844670272,0.12125688715516063,0.27928487824334913,0.22049557732325292,0.19893595883153462,0.1999999998,0.1999999998,0.1999999998,0.1999999998,0.1999999998
2025-01-31,0.0,20.0,0.0,bull_normal,50.0,50.0,50.0,0.001304844688259733,0.001895584045556193,0.0005907393572964601,0.0013048446869548883,0.32920025304517203,0.2,0.2,0.2,0.2,0.2,0.18,0.12,0.28,0.22,0.2,0.1999999998,0.1999999998,0.1999999998,0.1999999998,0.1999999998
2025-02-07,0.0,20.0,0.0,bull_normal,50.0,50.0,50.0,0.00880987956356523,0.00912649894093945,0.0003166193773742193,0.00880987955475535,0.3093438073220418,0.2,0.2,0.2,0.2,0.2,0.18003208728167366,0.1211440428515596,0.27923123636608604,0.2205694134385849,0.19902322006209586,0.1999999998,0.1999999998,0.1999999998,0.1999999998,0.1999999998
2025-02-14,0.0,20.0,0.0,bull_normal,50.0,50.0,50.0,-0.002265427207689908,-0.004060989116432718,-0.00179556190874281,-0.002265427205424481,0.3278207677657404,0.2,0.2,0.2,0.2,0.2,0.18,0.12,0.28,0.22,0.2,0.1999999998,0.1999999998,0.1999999998,0.1999999998,0.1999999998
2025-02-21,0.0,20.0,0.0,bull_normal,50.0,50.0,50.0,-0.002730405881244418,-0.0044812467458888415,-0.0017508408646444234,-0.0027304058785140124,0.32853198194018013,0.2,0.2,0.2,0.2,0.2,0.18,0.12,0.28,0.22,0.2,0.1999999998,0.1999999998,0.1999999998,0.1999999998,0.1999999998
2025-02-28,0.0,20.0,0.0,bull_normal,50.0,50.0,50.0,-0.007480638853888672,-0.007798030753698628,-0.0003173918998099559,-0.007480638846408032,0.29834959300027686,0.2,0.2,0.2,0.2,0.2,0.18,0.12,0.28,0.22,0.2,0.1999999998,0.1999999998,0.1999999998,0.1999999998,0.1999999998
2025-03-07,0.0,20.0,0.0,bull_normal,50.0,50.0,50.0,-0.001113480367701339,-0.001859265065261115,-0.000745784697559776,-0.0011134803665878584,0.2630409130475832,0.2,0.2,0.2,0.2,0.2,0.18,0.12,0.28,0.22,0.2,0.1999999998,0.1999999998,0.1999999998,0.1999999998,0.1999999998
2025-03-14,0.0,20.0,0.0,bull_normal,50.0,50.0,50.0,0.0021088639691362386,0.0015078321925309712,-0.0006010317766052674,0.0021088639670273743,0.24456095590252247,0.2,0.2,0.2,0.2,0.2,0.18,0.12,0.28,0.22,0.2,0.1999999998,0.1999999998,0.1999999998,0.1999999998,0.1999999998
2025-03-21,0.0,20.0,0.0,bull_normal,50.0,50.0,50.0,-0.004579415959213101,-0.004382398386812538,0.00019701757240056343,-0.0045794159546336845,0.24632289104162847,0.2,0.2,0.2,0.2,0.2,0.18,0.12,0.28,0.22,0.2,0.1999999998,0.1999999998,0.1999999998,0.1999999998,0.1999999998
2025-03-28,0.0,20.0,0.0,bull_normal,50.0,50.0,50.0,0.0011396571558678333,0.0017851253098932335,0.0006454681540254002,0.0011396571547281759,0.24353893670542195,0.2,0.2,0.2,0.2,0.2,0.18,0.12,0.28,0.22,0.2,0.1999999998,0.1999999998,0.1999999998,0.1999999998,0.1999999998
2025-04-04,0.0,20.0,0.0,bull_normal,50.0,50.0,50.0,0.005217138359245075,0.007394399703590223,0.0021772613443451477,0.005217138354027936,0.2663736328195993,0.2,0.2,0.2,0.2,0.2,0.18,0.12,0.28,0.22,0.2,0.1999999998,0.1999999998,0.1999999998,0.1999999998,0.1999999998
2025-04-11,0.0,20.0,0.0,bull_normal,50.0,50.0,50.0,0.0022323106899963326,0.004131084251519071,0.0018987735615227388,0.0022323106877640215,0.2704119132251992,0.2,0.2,0.2,0.2,0.2,0.1800643707636943,0.12181536389468138,0.2788254253265718,0.22081998935995478,0.19847485065509773,0.1999999998,0.1999999998,0.1999999998,0.1999999998,0.1999999998
2025-04-18,0.0,20.0,0.0,bull_normal,50.0,50.0,50.0,0.0009868508197293866,0.0005690239266126476,-0.00041782689311673903,0.000986850818742536,0.30978928189425436,0.2,0.2,0.2,0.2,0.2,0.18,0.12,0.28,0.22,0.2,0.1999999998,0.1999999998,0.1999999998,0.1999999998,0.1999999998
2025-04-25,0.0,20.0,0.0,bull_normal,50.0,50.0,50.0,-0.002522708329664245,-0.003325815315363278,-0.0008031069856990329,-0.0025227083271415363,0.27627949748801806,0.2,0.2,0.2,0.2,0.2,0.18,0.12,0.28,0.22,0.2,0.1999999998,0.1999999998,0.1999999998,0.1999999998,0.1999999998
2025-05-02,0.0,20.0,0.0,bull_normal,50.0,50.0,50.0,-0.003444384249709785,-0.0030629737646737537,0.0003814104850360313,-0.0034443842462654004,0.26544692800463027,0.2,0.2,0.2,0.2,0.2,0.18,0.12,0.28,0.22,0.2,0.1999999998,0.1999999998,0.1999999998,0.1999999998,0.1999999998
2025-05-09,0.0,20.0,0.0,bull_normal,50.0,50.0,50.0,0.001769098404494414,0.0015278283559479497,-0.0002412700485464644,0.0017690984027253155,0.22862981385526246,0.2,0.2,0.2,0.2,0.2,0.18,0.12,0.28,0.22,0.2,0.1999999998,0.1999999998,0.1999999998,0.1999999998,0.1999999998
2025-05-16,0.0,20.0,0.0,bull_normal,50.0,50.0,50.0,-0.0073024671022899924,-0.009222815342024748,-0.0019203482397347552,-0.007302467094987525,0.2397275063078165,0.2,0.2,0.2,0.2,0.2,0.18,0.12,0.28,0.22,0.2,0.1999999998,0.1999999998,0.1999999998,0.1999999998,0.1999999998
2025-05-23,0.0,20.0,0.0,bull_normal,50.0,50.0,50.0,0.004034399049307421,0.0045734289230357555,0.0005390298737283344,0.004034399045273022,0.2530250647177099,0.2,0.2,0.2,0.2,0.2,0.18,0.12,0.28,0.22,0.2,0.1999999998,0.1999999998,0.1999999998,0.1999999998,0.1999999998
2025-05-30,0.0,20.0,0.0,bull_normal,50.0,50.0,50.0,-0.0031210401446029644,-0.0034077508503254647,-0.0002867107057225003,-0.0031210401414819237,0.2363499027702331,0.2,0.2,0.2,0.2,0.2,0.18,0.12,0.28,0.22,0.2,0.1999999998,0.1999999998,0.1999999998,0.1999999998,0.1999999998
2025-06-06,0.0,20.0,0.0,bull_normal,50.0,50.0,50.0,0.005393771008104616,0.006088602362751358,0.0006948313546467416,0.005393771002710844,0.2128440598594027,0.2,0.2,0.2,0.2,0.2,0.18,0.12,0.28,0.22,0.2,0.1999999998,0.1999999998,0.1999999998,0.1999999998,0.1999999998
2025-06-13,0.0,20.0,0.0,bull_normal,50.0,50.0,50.0,0.001039966960128211,0.0010811765380790972,4.120957795088632e-05,0.001039966959088244,0.19533895056024822,0.2,0.2,0.2,0.2,0.2,0.18,0.12,0.28,0.22,0.2,0.1999999998,0.1999999998,0.1999999998,0.1999999998,0.1999999998
2025-06-20,0.0,20.0,0.0,bull_normal,50.0,50.0,50.0,-0.0027579135371613257,-0.002478791018343761,0.00027912251881756457,-0.002757913534403412,0.19700395240370058,0.2,0.2,0.2,0.2,0.2,0.18,0.12,0.28,0.22,0.2,0.1999999998,0.1999999998,0.1999999998,0.1999999998,0.1999999998
2025-06-27,0.0,20.0,0.0,bull_normal,50.0,50.0,50.0,-0.0032493915437633923,-0.004054310464629621,-0.0008049189208662283,-0.0032493915405140007,0.207148532139572,0.2,0.2,0.2,0.2,0.2,0.1791341702807094,0.125589113450928,0.27758834173089153,0.22359369790703493,0.194094676630436,0.1999999998,0.1999999998,0.1999999998,0.1999999998,0.1999999998
2025-07-04,0.0,20.0,0.0,bull_normal,50.0,50.0,50.0,0.002488160066995281,0.0021660413430328743,-0.00032211872396240666,0.0024881600645071207,0.17360329012778583,0.2,0.2,0.2,0.2,0.2,0.18,0.12,0.28,0.22,0.2,0.1999999998,0.1999999998,0.1999999998,0.1999999998,0.1999999998
2025-07-11,0.0,20.0,0.0,bull_normal,50.0,50.0,50.0,-0.0014077171029945078,-0.0025258234004481837,-0.0011181062974536758,-0.0014077171015867908,0.16635583786268152,0.2,0.2,0.2,0.2,0.2,0.18,0.12,0.28,0.22,0.2,0.1999999998,0.1999999998,0.1999999998,0.1999999998,0.1999999998
2025-07-18,0.0,20.0,0.0,bull_normal,50.0,50.0,50.0,0.0024979574052335285,0.00216812657315964,-0.00032983083207388866,0.0024979574027355705,0.1811366206886847,0.2,0.2,0.2,0.2,0.2,0.18,0.12,0.28,0.22,0.2,0.1999999998,0.1999999998,0.1999999998,0.1999999998,0.1999999998
2025-07-25,0.0,20.0,0.0,bull_normal,50.0,50.0,50.0,-0.0030252956519481195,-0.004564433032122759,-0.0015391373801746395,-0.0030252956489228234,0.183011324588896,0.2,0.2,0.2,0.2,0.2,0.18,0.12,0.28,0.22,0.2,0.1999999998,0.1999999998,0.1999999998,0.1999999998,0.1999999998
2025-08-01,0.0,20.0,0.0,bull_normal,50.0,50.0,50.0,-0.002815348114494927,-0.002125470974453018,0.0006898771400419093,-0.002815348111679579,0.18406269872220615,0.2,0.2,0.2,0.2,0.2,0.18,0.12,0.28,0.22,0.2,0.1999999998,0.1999999998,0.1999999998,0.1999999998,0.1999999998
2025-08-08,0.0,20.0,0.0,bull_normal,50.0,50.0,50.0,0.00413699306695676,0.00428041734650245,0.00014342427954569005,0.004136993062819767,0.16398585038048466,0.2,0.2,0.2,0.2,0.2,0.18,0.12,0.28,0.22,0.2,0.1999999998,0.1999999998,0.1999999998,0.1999999998,0.1999999998
2025-08-15,0.0,20.0,0.0,bull_normal,50.0,50.0,50.0,0.0003171834279711641,-0.0009659350672064774,-0.0012831184951776415,0.00031718342765398033,0.16617130478709444,0.2,0.2,0.2,0.2,0.2,0.18,0.12,0.28,0.22,0.2,0.1999999998,0.1999999998,0.1999999998,0.1999999998,0.1999999998
2025-08-22,0.0,20.0,0.0,bull_normal,50.0,50.0,50.0,-0.0005773963463674039,-0.0024437038861835868,-0.0018663075398161828,-0.0005773963457900075,0.19502082226253015,0.2,0.2,0.2,0.2,0.2,0.18,0.12,0.28,0.22,0.2,0.1999999998,0.1999999998,0.1999999998,0.1999999998,0.1999999998
2025-08-29,0.0,20.0,0.0,bull_normal,50.0,50.0,50.0,0.003679668085143343,0.0033451836253833166,-0.0003344844597600264,0.003679668081463675,0.1661718524606333,0.2,0.2,0.2,0.2,0.2,0.18,0.12,0.28,0.22,0.2,0.1999999998,0.1999999998,0.1999999998,0.1999999998,0.1999999998
2025-09-05,0.0,20.0,0.0,bull_normal,50.0,50.0,50.0,0.0014621121095695628,0.002309053068183987,0.000846940958614424,0.0014621121081074505,0.2122985493864263,0.2,0.2,0.2,0.2,0.2,0.1800073561098692,0.12190931172273506,0.27888026297084895,0.22086832877787865,0.19833474041866808,0.1999999998,0.1999999998,0.1999999998,0.1999999998,0.1999999998
2025-09-12,0.0,20.0,0.0,bull_normal,50.0,50.0,50.0,0.0026175017181971016,0.0024525611242317705,-0.00016494059396533105,0.0026175017155795994,0.19716600201886691,0.2,0.2,0.2,0.2,0.2,0.17966567423250315,0.12423537995791878,0.27791644256828707,0.22227464196445365,0.19590786127683735,0.1999999998,0.1999999998,0.1999999998,0.1999999998,0.1999999998
2025-09-19,0.0,20.0,0.0,bull_normal,50.0,50.0,50.0,-0.0033374990439579166,-0.003146887457016342,0.0001906115869415746,-0.0033374990406204175,0.18039402573061672,0.2,0.2,0.2,0.2,0.2,0.18,0.12,0.28,0.22,0.2,0.1999999998,0.1999999998,0.1999999998,0.1999999998,0.1999999998
2025-09-26,0.0,20.0,0.0,bull_normal,50.0,50.0,50.0,-0.007250262080502361,-0.010206158633575423,-0.0029558965530730617,-0.007250262073252098,0.2572695605216195,0.2,0.2,0.2,0.2,0.2,0.18,0.12,0.28,0.22,0.2,0.1999999998,0.1999999998,0.1999999998,0.1999999998,0.1999999998
2025-10-03,0.0,20.0,0.0,bull_normal,50.0,50.0,50.0,0.003562719513251997,0.0033632301252316107,-0.0001994893880203864,0.0035627195096892775,0.22814221128482323,0.2,0.2,0.2,0.2,0.2,0.18,0.12,0.28,0.22,0.2,0.1999999998,0.1999999998,0.1999999998,0.1999999998,0.1999999998
2025-10-10,0.0,20.0,0.0,bull_normal,50.0,50.0,50.0,0.004334164728550701,0.00544576295465754,0.001111598226106839,0.004334164724216536,0.28500650333127214,0.2,0.2,0.2,0.2,0.2,0.18,0.12,0.28,0.22,0.2,0.1999999998,0.1999999998,0.1999999998,0.1999999998,0.1999999998
2025-10-17,0.0,20.0,0.0,bull_normal,50.0,50.0,50.0,0.0052083210802841865,0.007002953066181591,0.0017946319858974042,0.005208321075075865,0.45073103063183373,0.2,0.2,0.2,0.2,0.2,0.18,0.12,0.28,0.22,0.2,0.1999999998,0.1999999998,0.1999999998,0.1999999998,0.1999999998
2025-10-24,0.0,20.0,0.0,bull_normal,50.0,50.0,50.0,4.433203071490438e-05,-0.0020885873963250026,-0.002132919427039907,4.4332030670571404e-05,0.4359778923615588,0.2,0.2,0.2,0.2,0.2,0.18,0.12,0.28,0.22,0.2,0.1999999998,0.1999999998,0.1999999998,0.1999999998,0.1999999998
2025-10-31,0.0,20.0,0.0,bull_normal,50.0,50.0,50.0,-0.0004797211884437688,0.0006751615293537642,0.001154882717797533,-0.00047972118796404733,0.43042309697328895,0.2,0.2,0.2,0.2,0.2,0.18,0.12,0.28,0.22,0.2,0.1999999998,0.1999999998,0.1999999998,0.1999999998,0.1999999998
2025-11-07,0.0,20.0,0.0,bull_normal,50.0,50.0,50.0,0.00016860748190659742,-0.00034819684293964056,-0.000516804324846238,0.0001686074817379899,0.3650486998630651,0.2,0.2,0.2,0.2,0.2,0.18,0.12,0.28,0.22,0.2,0.1999999998,0.1999999998,0.1999999998,0.1999999998,0.1999999998
2025-11-14,0.0,20.0,0.0,bull_normal,50.0,50.0,50.0,1.8877571724937333e-05,0.0008077440678802672,0.0007888664961553299,1.8877571706060076e-05,0.34992378727878765,0.2,0.2,0.2,0.2,0.2,0.18,0.12,0.28,0.22,0.2,0.1999999998,0.1999999998,0.1999999998,0.1999999998,0.1999999998
2025-11-21,0.0,20.0,0.0,bull_normal,50.0,50.0,50.0,-0.011483630652473983,-0.00994060964516324,0.0015430210073107426,-0.011483630640990351,0.34741791052744203,0.2,0.2,0.2,0.2,0.2,0.18,0.12,0.28,0.22,0.2,0.1999999998,0.1999999998,0.1999999998,0.1999999998,0.1999999998
2025-11-28,0.0,20.0,0.0,bull_normal,50.0,50.0,50.0,0.005656167425842437,0.0049485351502308395,-0.0007076322756115975,0.00565616742018627,0.3155834437912761,0.2,0.2,0.2,0.2,0.2,0.18002065885845966,0.12066993668403388,0.27956045201196195,0.2203168157377808,0.19943213670776364,0.1999999998,0.1999999998,0.1999999998,0.1999999998,0.1999999998
2025-12-05,0.0,20.0,0.0,bull_normal,50.0,50.0,50.0,-0.0020485768202593763,-0.002616202815599511,-0.0005676259953401345,-0.0020485768182107993,0.29649509888931963,0.2,0.2,0.2,0.2,0.2,0.17985864498548698,0.12318881726374338,0.27812134785485376,0.22181574040636517,0.1970154494895507,0.1999999998,0.1999999998,0.1999999998,0.1999999998,0.1999999998
2025-12-12,0.0,20.0,0.0,bull_normal,50.0,50.0,50.0,-0.0018893871229660915,-0.0008505166827365564,0.001038870440229535,-0.0018893871210767044,0.26577710010276706,0.2,0.2,0.2,0.2,0.2,0.18019424249273414,0.12207435191469851,0.27884012213072107,0.22044672506556603,0.19844455839628033,0.1999999998,0.1999999998,0.1999999998,0.1999999998,0.1999999998
2025-12-19,0.0,20.0,0.0,bull_normal,50.0,50.0,50.0,-0.0004957099325687705,-1.3584106809120932e-05,0.00048212582575964954,-0.0004957099320730605,0.23825479844433767,0.2,0.2,0.2,0.2,0.2,0.17651421644223605,0.12747817031811248,0.2782938913551191,0.22843594684863003,0.18927777503590235,0.1999999998,0.1999999998,0.1999999998,0.1999999998,0.1999999998
2025-12-26,0.0,20.0,0.0,bull_normal,50.0,50.0,50.0,0.004062545834960922,0.0024122508423265352,-0.001650294992634387,0.004062545830898376,0.22619120778807233,0.2,0.2,0.2,0.2,0.2,0.17998795331631298,0.12209681112047802,0.2787680647817839,0.2210027734228065,0.19814439735861852,0.1999999998,0.1999999998,0.1999999998,0.1999999998,0.1999999998
2026-01-02,0.0,20.0,0.0,bull_normal,50.0,50.0,50.0,-0.008940421318414634,-0.010698462061151222,-0.0017580407427365882,-0.00894042130947421,0.22179716983298992,0.2,0.2,0.2,0.2,0.2,0.18,0.12,0.28,0.22,0.2,0.1999999998,0.1999999998,0.1999999998,0.1999999998,0.1999999998
2026-01-09,0.0,20.0,0.0,bull_normal,50.0,50.0,50.0,0.007326819171402259,0.00588238173977925,-0.0014444374316230088,0.007326819164075439,0.20836546696247754,0.2,0.2,0.2,0.2,0.2,0.18,0.12,0.28,0.22,0.2,0.1999999998,0.1999999998,0.1999999998,0.1999999998,0.1999999998
2026-01-16,0.0,20.0,0.0,bull_normal,50.0,50.0,50.0,-0.0003638300658973202,0.0010301476824628323,0.0013939777483601525,-0.0003638300655334902,0.2256303432559153,0.2,0.2,0.2,0.2,0.2,0.1790921308487537,0.12569992722360826,0.2775675856743086,0.22369121448440446,0.1939491417689251,0.1999999998,0.1999999998,0.1999999998,0.1999999998,0.1999999998
2026-01-23,0.0,20.0,0.0,bull_normal,50.0,50.0,50.0,0.0007496827830314651,0.00241938266448869,0.001669699881457225,0.0007496827822817834,0.3230620248504413,0.2,0.2,0.2,0.2,0.2,0.1799477846995592,0.12254934858688306,0.27849445976281073,0.22131509452906215,0.19769331242168495,0.1999999998,0.1999999998,0.1999999998,0.1999999998,0.1999999998
2026-01-30,0.0,20.0,0.0,bull_normal,50.0,50.0,50.0,0.0024267620802736504,0.002891836025082339,0.0004650739448086886,0.0024267620778468885,0.29292427775026464,0.2,0.2,0.2,0.2,0.2,0.1800079316840423,0.1201885082170972,0.2798686128310898,0.2200931585378312,0.19984178872993955,0.1999999998,0.1999999998,0.1999999998,0.1999999998,0.1999999998
2026-02-06,0.0,20.0,0.0,bull_normal,50.0,50.0,50.0,-0.007115920409923692,-0.006308399094835532,0.0008075213150881598,-0.007115920402807772,0.3045021718273633,0.2,0.2,0.2,0.2,0.2,0.18,0.12,0.28,0.22,0.2,0.1999999998,0.1999999998,0.1999999998,0.1999999998,0.1999999998
2026-02-13,0.0,20.0,0.0,bull_normal,50.0,50.0,50.0,0.00309164092635008,0.0037563754388222743,0.0006647345124721942,0.0030916409232584386,0.268132673617216,0.2,0.2,0.2,0.2,0.2,0.18,0.12,0.28,0.22,0.2,0.1999999998,0.1999999998,0.1999999998,0.1999999998,0.1999999998
2026-02-20,0.0,20.0,0.0,bull_normal,50.0,50.0,50.0,0.00309164092635008,0.0037563754388222743,0.0006647345124721942,0.0030916409232584386,0.23903707504909813,0.2,0.2,0.2,0.2,0.2,0.18,0.12,0.28,0.22,0.2,0.1999999998,0.1999999998,0.1999999998,0.1999999998,0.1999999998
2026-02-27,0.0,20.0,0.0,bull_normal,50.0,50.0,50.0,0.0008679812081819752,0.001011111282057782,0.00014313007387580672,0.0008679812073139942,0.23704103360350431,0.2,0.2,0.2,0.2,0.2,0.18,0.12,0.28,0.22,0.2,0.1999999998,0.1999999998,0.1999999998,0.1999999998,0.1999999998
2026-03-06,0.0,20.0,0.0,bull_normal,50.0,50.0,50.0,0.003430541032490648,0.004504361919098366,0.0010738208866077183,0.003430541029060106,0.36590208415382863,0.2,0.2,0.2,0.2,0.2,0.18000012721487815,0.12186575305174274,0.2788591678691919,0.22091882782944647,0.19835612403474076,0.1999999998,0.1999999998,0.1999999998,0.1999999998,0.1999999998
2026-03-13,0.0,20.0,0.0,bull_normal,50.0,50.0,50.0,0.007380966668572925,0.006760519403531808,-0.0006204472650411172,0.007380966661191958,0.5321008971273152,0.2,0.2,0.2,0.2,0.2,0.17933773976915918,0.12509590218223052,0.2775496451161311,0.2232732310973429,0.19474348183513626,0.1999999998,0.1999999998,0.1999999998,0.1999999998,0.1999999998
2026-03-20,0.0,20.0,0.0,bull_normal,50.0,50.0,50.0,-0.015599633131796499,-0.014752931543399137,0.0008467015883973621,-0.015599633116196865,0.5320180404598375,0.2,0.2,0.2,0.2,0.2,0.18003157163702482,0.12149732775049045,0.279075686990721,0.220674679472859,0.19872073414890468,0.1999999998,0.1999999998,0.1999999998,0.1999999998,0.1999999998
2026-03-27,0.0,20.0,0.0,bull_normal,50.0,50.0,50.0,-0.012999445641194133,-0.01342287226734294,-0.00042342662614880747,-0.012999445628194686,0.4519095987662834,0.2,0.2,0.2,0.2,0.2,0.18,0.12,0.28,0.22,0.2,0.1999999998,0.1999999998,0.1999999998,0.1999999998,0.1999999998
2026-04-03,0.0,20.0,0.0,bull_normal,50.0,50.0,50.0,-0.003934035567366705,-0.002853489755720711,0.0010805458116459935,-0.0039340355634326675,0.4281383418248589,0.2,0.2,0.2,0.2,0.2,0.18,0.12,0.28,0.22,0.2,0.1999999998,0.1999999998,0.1999999998,0.1999999998,0.1999999998
2026-04-10,0.0,20.0,0.0,bull_normal,50.0,50.0,50.0,0.007239418070024938,0.0057569726353712426,-0.0014824454346536956,0.007239418062785518,0.39794845190768774,0.2,0.2,0.2,0.2,0.2,0.17725937232156108,0.12698014039747352,0.2777446264301192,0.2274536388027113,0.190562222048135,0.1999999998,0.1999999998,0.1999999998,0.1999999998,0.1999999998
2026-04-17,0.0,20.0,0.0,bull_normal,50.0,50.0,50.0,0.014272106317358584,0.01133421970994011,-0.002937886607418474,0.01427210630308648,0.4044999367105626,0.2,0.2,0.2,0.2,0.2,0.17326743501617617,0.12663750505687182,0.28076400121984674,0.23327395278335356,0.1860571059237517,0.1999999998,0.1999999998,0.1999999998,0.1999999998,0.1999999998
2026-04-24,0.0,20.0,0.0,bull_normal,50.0,50.0,50.0,0.014272106317358584,0.01133421970994011,-0.002937886607418474,0.01427210630308648,0.40974112455286255,0.2,0.2,0.2,0.2,0.2,0.17326743501617617,0.12663750505687182,0.28076400121984674,0.23327395278335356,0.1860571059237517,0.1999999998,0.1999999998,0.1999999998,0.1999999998,0.1999999998
