date,code,weight
2015-01-02,000300.SH,0.1999999998
2015-01-02,000852.SH,0.1999999998
2015-01-02,CBA02701.CS,0.1999999998
2015-01-02,AU9999.SGE,0.1999999998
2015-01-02,NH0100.NHF,0.1999999998
2015-01-09,000300.SH,0.1999999998
2015-01-09,000852.SH,0.1999999998
2015-01-09,CBA02701.CS,0.1999999998
2015-01-09,AU9999.SGE,0.1999999998
2015-01-09,NH0100.NHF,0.1999999998
2015-01-16,000300.SH,0.1999999998
2015-01-16,000852.SH,0.1999999998
2015-01-16,CBA02701.CS,0.1999999998
2015-01-16,AU9999.SGE,0.1999999998
2015-01-16,NH0100.NHF,0.1999999998
2015-01-23,000300.SH,0.1999999998
2015-01-23,000852.SH,0.1999999998
2015-01-23,CBA02701.CS,0.1999999998
2015-01-23,AU9999.SGE,0.1999999998
2015-01-23,NH0100.NHF,0.1999999998
2015-01-30,000300.SH,0.1999999998
2015-01-30,000852.SH,0.1999999998
2015-01-30,CBA02701.CS,0.1999999998
2015-01-30,AU9999.SGE,0.1999999998
2015-01-30,NH0100.NHF,0.1999999998
2015-02-06,000300.SH,0.1999999998
2015-02-06,000852.SH,0.1999999998
2015-02-06,CBA02701.CS,0.1999999998
2015-02-06,AU9999.SGE,0.1999999998
2015-02-06,NH0100.NHF,0.1999999998
2015-02-13,000300.SH,0.1999999998
2015-02-13,000852.SH,0.1999999998
2015-02-13,CBA02701.CS,0.1999999998
2015-02-13,AU9999.SGE,0.1999999998
2015-02-13,NH0100.NHF,0.1999999998
2015-02-20,000300.SH,0.1999999998
2015-02-20,000852.SH,0.1999999998
2015-02-20,CBA02701.CS,0.1999999998
2015-02-20,AU9999.SGE,0.1999999998
2015-02-20,NH0100.NHF,0.1999999998
2015-02-27,000300.SH,0.1999999998
2015-02-27,000852.SH,0.1999999998
2015-02-27,CBA02701.CS,0.1999999998
2015-02-27,AU9999.SGE,0.1999999998
2015-02-27,NH0100.NHF,0.1999999998
2015-03-06,000300.SH,0.1999999998
2015-03-06,000852.SH,0.1999999998
2015-03-06,CBA02701.CS,0.1999999998
2015-03-06,AU9999.SGE,0.1999999998
2015-03-06,NH0100.NHF,0.1999999998
2015-03-13,000300.SH,0.1999999998
2015-03-13,000852.SH,0.1999999998
2015-03-13,CBA02701.CS,0.1999999998
2015-03-13,AU9999.SGE,0.1999999998
2015-03-13,NH0100.NHF,0.1999999998
2015-03-20,000300.SH,0.1999999998
2015-03-20,000852.SH,0.1999999998
2015-03-20,CBA02701.CS,0.1999999998
2015-03-20,AU9999.SGE,0.1999999998
2015-03-20,NH0100.NHF,0.1999999998
2015-03-27,000300.SH,0.1999999998
2015-03-27,000852.SH,0.1999999998
2015-03-27,CBA02701.CS,0.1999999998
2015-03-27,AU9999.SGE,0.1999999998
2015-03-27,NH0100.NHF,0.1999999998
2015-04-03,000300.SH,0.1999999998
2015-04-03,000852.SH,0.1999999998
2015-04-03,CBA02701.CS,0.1999999998
2015-04-03,AU9999.SGE,0.1999999998
2015-04-03,NH0100.NHF,0.1999999998
2015-04-10,000300.SH,0.1999999998
2015-04-10,000852.SH,0.1999999998
2015-04-10,CBA02701.CS,0.1999999998
2015-04-10,AU9999.SGE,0.1999999998
2015-04-10,NH0100.NHF,0.1999999998
2015-04-17,000300.SH,0.1999999998
2015-04-17,000852.SH,0.1999999998
2015-04-17,CBA02701.CS,0.1999999998
2015-04-17,AU9999.SGE,0.1999999998
2015-04-17,NH0100.NHF,0.1999999998
2015-04-24,000300.SH,0.1999999998
2015-04-24,000852.SH,0.1999999998
2015-04-24,CBA02701.CS,0.1999999998
2015-04-24,AU9999.SGE,0.1999999998
2015-04-24,NH0100.NHF,0.1999999998
2015-05-01,000300.SH,0.1999999998
2015-05-01,000852.SH,0.1999999998
2015-05-01,CBA02701.CS,0.1999999998
2015-05-01,AU9999.SGE,0.1999999998
2015-05-01,NH0100.NHF,0.1999999998
2015-05-08,000300.SH,0.1999999998
2015-05-08,000852.SH,0.1999999998
2015-05-08,CBA02701.CS,0.1999999998
2015-05-08,AU9999.SGE,0.1999999998
2015-05-08,NH0100.NHF,0.1999999998
2015-05-15,000300.SH,0.1999999998
2015-05-15,000852.SH,0.1999999998
2015-05-15,CBA02701.CS,0.1999999998
2015-05-15,AU9999.SGE,0.1999999998
2015-05-15,NH0100.NHF,0.1999999998
2015-05-22,000300.SH,0.1999999998
2015-05-22,000852.SH,0.1999999998
2015-05-22,CBA02701.CS,0.1999999998
2015-05-22,AU9999.SGE,0.1999999998
2015-05-22,NH0100.NHF,0.1999999998
2015-05-29,000300.SH,0.1999999998
2015-05-29,000852.SH,0.1999999998
2015-05-29,CBA02701.CS,0.1999999998
2015-05-29,AU9999.SGE,0.1999999998
2015-05-29,NH0100.NHF,0.1999999998
2015-06-05,000300.SH,0.1999999998
2015-06-05,000852.SH,0.1999999998
2015-06-05,CBA02701.CS,0.1999999998
2015-06-05,AU9999.SGE,0.1999999998
2015-06-05,NH0100.NHF,0.1999999998
2015-06-12,000300.SH,0.1999999998
2015-06-12,000852.SH,0.1999999998
2015-06-12,CBA02701.CS,0.1999999998
2015-06-12,AU9999.SGE,0.1999999998
2015-06-12,NH0100.NHF,0.1999999998
2015-06-19,000300.SH,0.1999999998
2015-06-19,000852.SH,0.1999999998
2015-06-19,CBA02701.CS,0.1999999998
2015-06-19,AU9999.SGE,0.1999999998
2015-06-19,NH0100.NHF,0.1999999998
2015-06-26,000300.SH,0.1999999998
2015-06-26,000852.SH,0.1999999998
2015-06-26,CBA02701.CS,0.1999999998
2015-06-26,AU9999.SGE,0.1999999998
2015-06-26,NH0100.NHF,0.1999999998
2015-07-03,000300.SH,0.1999999998
2015-07-03,000852.SH,0.1999999998
2015-07-03,CBA02701.CS,0.1999999998
2015-07-03,AU9999.SGE,0.1999999998
2015-07-03,NH0100.NHF,0.1999999998
2015-07-10,000300.SH,0.1999999998
2015-07-10,000852.SH,0.1999999998
2015-07-10,CBA02701.CS,0.1999999998
2015-07-10,AU9999.SGE,0.1999999998
2015-07-10,NH0100.NHF,0.1999999998
2015-07-17,000300.SH,0.1999999998
2015-07-17,000852.SH,0.1999999998
2015-07-17,CBA02701.CS,0.1999999998
2015-07-17,AU9999.SGE,0.1999999998
2015-07-17,NH0100.NHF,0.1999999998
2015-07-24,000300.SH,0.1999999998
2015-07-24,000852.SH,0.1999999998
2015-07-24,CBA02701.CS,0.1999999998
2015-07-24,AU9999.SGE,0.1999999998
2015-07-24,NH0100.NHF,0.1999999998
2015-07-31,000300.SH,0.1999999998
2015-07-31,000852.SH,0.1999999998
2015-07-31,CBA02701.CS,0.1999999998
2015-07-31,AU9999.SGE,0.1999999998
2015-07-31,NH0100.NHF,0.1999999998
2015-08-07,000300.SH,0.1999999998
2015-08-07,000852.SH,0.1999999998
2015-08-07,CBA02701.CS,0.1999999998
2015-08-07,AU9999.SGE,0.1999999998
2015-08-07,NH0100.NHF,0.1999999998
2015-08-14,000300.SH,0.1999999998
2015-08-14,000852.SH,0.1999999998
2015-08-14,CBA02701.CS,0.1999999998
2015-08-14,AU9999.SGE,0.1999999998
2015-08-14,NH0100.NHF,0.1999999998
2015-08-21,000300.SH,0.1999999998
2015-08-21,000852.SH,0.1999999998
2015-08-21,CBA02701.CS,0.1999999998
2015-08-21,AU9999.SGE,0.1999999998
2015-08-21,NH0100.NHF,0.1999999998
2015-08-28,000300.SH,0.1999999998
2015-08-28,000852.SH,0.1999999998
2015-08-28,CBA02701.CS,0.1999999998
2015-08-28,AU9999.SGE,0.1999999998
2015-08-28,NH0100.NHF,0.1999999998
2015-09-04,000300.SH,0.1999999998
2015-09-04,000852.SH,0.1999999998
2015-09-04,CBA02701.CS,0.1999999998
2015-09-04,AU9999.SGE,0.1999999998
2015-09-04,NH0100.NHF,0.1999999998
2015-09-11,000300.SH,0.1999999998
2015-09-11,000852.SH,0.1999999998
2015-09-11,CBA02701.CS,0.1999999998
2015-09-11,AU9999.SGE,0.1999999998
2015-09-11,NH0100.NHF,0.1999999998
2015-09-18,000300.SH,0.1999999998
2015-09-18,000852.SH,0.1999999998
2015-09-18,CBA02701.CS,0.1999999998
2015-09-18,AU9999.SGE,0.1999999998
2015-09-18,NH0100.NHF,0.1999999998
2015-09-25,000300.SH,0.1999999998
2015-09-25,000852.SH,0.1999999998
2015-09-25,CBA02701.CS,0.1999999998
2015-09-25,AU9999.SGE,0.1999999998
2015-09-25,NH0100.NHF,0.1999999998
2015-10-02,000300.SH,0.1999999998
2015-10-02,000852.SH,0.1999999998
2015-10-02,CBA02701.CS,0.1999999998
2015-10-02,AU9999.SGE,0.1999999998
2015-10-02,NH0100.NHF,0.1999999998
2015-10-09,000300.SH,0.1999999998
2015-10-09,000852.SH,0.1999999998
2015-10-09,CBA02701.CS,0.1999999998
2015-10-09,AU9999.SGE,0.1999999998
2015-10-09,NH0100.NHF,0.1999999998
2015-10-16,000300.SH,0.1999999998
2015-10-16,000852.SH,0.1999999998
2015-10-16,CBA02701.CS,0.1999999998
2015-10-16,AU9999.SGE,0.1999999998
2015-10-16,NH0100.NHF,0.1999999998
2015-10-23,000300.SH,0.1999999998
2015-10-23,000852.SH,0.1999999998
2015-10-23,CBA02701.CS,0.1999999998
2015-10-23,AU9999.SGE,0.1999999998
2015-10-23,NH0100.NHF,0.1999999998
2015-10-30,000300.SH,0.1999999998
2015-10-30,000852.SH,0.1999999998
2015-10-30,CBA02701.CS,0.1999999998
2015-10-30,AU9999.SGE,0.1999999998
2015-10-30,NH0100.NHF,0.1999999998
2015-11-06,000300.SH,0.1999999998
2015-11-06,000852.SH,0.1999999998
2015-11-06,CBA02701.CS,0.1999999998
2015-11-06,AU9999.SGE,0.1999999998
2015-11-06,NH0100.NHF,0.1999999998
2015-11-13,000300.SH,0.1999999998
2015-11-13,000852.SH,0.1999999998
2015-11-13,CBA02701.CS,0.1999999998
2015-11-13,AU9999.SGE,0.1999999998
2015-11-13,NH0100.NHF,0.1999999998
2015-11-20,000300.SH,0.1999999998
2015-11-20,000852.SH,0.1999999998
2015-11-20,CBA02701.CS,0.1999999998
2015-11-20,AU9999.SGE,0.1999999998
2015-11-20,NH0100.NHF,0.1999999998
2015-11-27,000300.SH,0.1999999998
2015-11-27,000852.SH,0.1999999998
2015-11-27,CBA02701.CS,0.1999999998
2015-11-27,AU9999.SGE,0.1999999998
2015-11-27,NH0100.NHF,0.1999999998
2015-12-04,000300.SH,0.1999999998
2015-12-04,000852.SH,0.1999999998
2015-12-04,CBA02701.CS,0.1999999998
2015-12-04,AU9999.SGE,0.1999999998
2015-12-04,NH0100.NHF,0.1999999998
2015-12-11,000300.SH,0.1999999998
2015-12-11,000852.SH,0.1999999998
2015-12-11,CBA02701.CS,0.1999999998
2015-12-11,AU9999.SGE,0.1999999998
2015-12-11,NH0100.NHF,0.1999999998
2015-12-18,000300.SH,0.1999999998
2015-12-18,000852.SH,0.1999999998
2015-12-18,CBA02701.CS,0.1999999998
2015-12-18,AU9999.SGE,0.1999999998
2015-12-18,NH0100.NHF,0.1999999998
2015-12-25,000300.SH,0.1999999998
2015-12-25,000852.SH,0.1999999998
2015-12-25,CBA02701.CS,0.1999999998
2015-12-25,AU9999.SGE,0.1999999998
2015-12-25,NH0100.NHF,0.1999999998
2016-01-01,000300.SH,0.1999999998
2016-01-01,000852.SH,0.1999999998
2016-01-01,CBA02701.CS,0.1999999998
2016-01-01,AU9999.SGE,0.1999999998
2016-01-01,NH0100.NHF,0.1999999998
2016-01-08,000300.SH,0.1999999998
2016-01-08,000852.SH,0.1999999998
2016-01-08,CBA02701.CS,0.1999999998
2016-01-08,AU9999.SGE,0.1999999998
2016-01-08,NH0100.NHF,0.1999999998
2016-01-15,000300.SH,0.1999999998
2016-01-15,000852.SH,0.1999999998
2016-01-15,CBA02701.CS,0.1999999998
2016-01-15,AU9999.SGE,0.1999999998
2016-01-15,NH0100.NHF,0.1999999998
2016-01-22,000300.SH,0.1999999998
2016-01-22,000852.SH,0.1999999998
2016-01-22,CBA02701.CS,0.1999999998
2016-01-22,AU9999.SGE,0.1999999998
2016-01-22,NH0100.NHF,0.1999999998
2016-01-29,000300.SH,0.1999999998
2016-01-29,000852.SH,0.1999999998
2016-01-29,CBA02701.CS,0.1999999998
2016-01-29,AU9999.SGE,0.1999999998
2016-01-29,NH0100.NHF,0.1999999998
2016-02-05,000300.SH,0.1999999998
2016-02-05,000852.SH,0.1999999998
2016-02-05,CBA02701.CS,0.1999999998
2016-02-05,AU9999.SGE,0.1999999998
2016-02-05,NH0100.NHF,0.1999999998
2016-02-12,000300.SH,0.1999999998
2016-02-12,000852.SH,0.1999999998
2016-02-12,CBA02701.CS,0.1999999998
2016-02-12,AU9999.SGE,0.1999999998
2016-02-12,NH0100.NHF,0.1999999998
2016-02-19,000300.SH,0.1999999998
2016-02-19,000852.SH,0.1999999998
2016-02-19,CBA02701.CS,0.1999999998
2016-02-19,AU9999.SGE,0.1999999998
2016-02-19,NH0100.NHF,0.1999999998
2016-02-26,000300.SH,0.1999999998
2016-02-26,000852.SH,0.1999999998
2016-02-26,CBA02701.CS,0.1999999998
2016-02-26,AU9999.SGE,0.1999999998
2016-02-26,NH0100.NHF,0.1999999998
2016-03-04,000300.SH,0.1999999998
2016-03-04,000852.SH,0.1999999998
2016-03-04,CBA02701.CS,0.1999999998
2016-03-04,AU9999.SGE,0.1999999998
2016-03-04,NH0100.NHF,0.1999999998
2016-03-11,000300.SH,0.1999999998
2016-03-11,000852.SH,0.1999999998
2016-03-11,CBA02701.CS,0.1999999998
2016-03-11,AU9999.SGE,0.1999999998
2016-03-11,NH0100.NHF,0.1999999998
2016-03-18,000300.SH,0.1999999998
2016-03-18,000852.SH,0.1999999998
2016-03-18,CBA02701.CS,0.1999999998
2016-03-18,AU9999.SGE,0.1999999998
2016-03-18,NH0100.NHF,0.1999999998
2016-03-25,000300.SH,0.1999999998
2016-03-25,000852.SH,0.1999999998
2016-03-25,CBA02701.CS,0.1999999998
2016-03-25,AU9999.SGE,0.1999999998
2016-03-25,NH0100.NHF,0.1999999998
2016-04-01,000300.SH,0.1999999998
2016-04-01,000852.SH,0.1999999998
2016-04-01,CBA02701.CS,0.1999999998
2016-04-01,AU9999.SGE,0.1999999998
2016-04-01,NH0100.NHF,0.1999999998
2016-04-08,000300.SH,0.1999999998
2016-04-08,000852.SH,0.1999999998
2016-04-08,CBA02701.CS,0.1999999998
2016-04-08,AU9999.SGE,0.1999999998
2016-04-08,NH0100.NHF,0.1999999998
2016-04-15,000300.SH,0.1999999998
2016-04-15,000852.SH,0.1999999998
2016-04-15,CBA02701.CS,0.1999999998
2016-04-15,AU9999.SGE,0.1999999998
2016-04-15,NH0100.NHF,0.1999999998
2016-04-22,000300.SH,0.1999999998
2016-04-22,000852.SH,0.1999999998
2016-04-22,CBA02701.CS,0.1999999998
2016-04-22,AU9999.SGE,0.1999999998
2016-04-22,NH0100.NHF,0.1999999998
2016-04-29,000300.SH,0.1999999998
2016-04-29,000852.SH,0.1999999998
2016-04-29,CBA02701.CS,0.1999999998
2016-04-29,AU9999.SGE,0.1999999998
2016-04-29,NH0100.NHF,0.1999999998
2016-05-06,000300.SH,0.1999999998
2016-05-06,000852.SH,0.1999999998
2016-05-06,CBA02701.CS,0.1999999998
2016-05-06,AU9999.SGE,0.1999999998
2016-05-06,NH0100.NHF,0.1999999998
2016-05-13,000300.SH,0.1999999998
2016-05-13,000852.SH,0.1999999998
2016-05-13,CBA02701.CS,0.1999999998
2016-05-13,AU9999.SGE,0.1999999998
2016-05-13,NH0100.NHF,0.1999999998
2016-05-20,000300.SH,0.1999999998
2016-05-20,000852.SH,0.1999999998
2016-05-20,CBA02701.CS,0.1999999998
2016-05-20,AU9999.SGE,0.1999999998
2016-05-20,NH0100.NHF,0.1999999998
2016-05-27,000300.SH,0.1999999998
2016-05-27,000852.SH,0.1999999998
2016-05-27,CBA02701.CS,0.1999999998
2016-05-27,AU9999.SGE,0.1999999998
2016-05-27,NH0100.NHF,0.1999999998
2016-06-03,000300.SH,0.1999999998
2016-06-03,000852.SH,0.1999999998
2016-06-03,CBA02701.CS,0.1999999998
2016-06-03,AU9999.SGE,0.1999999998
2016-06-03,NH0100.NHF,0.1999999998
2016-06-10,000300.SH,0.1999999998
2016-06-10,000852.SH,0.1999999998
2016-06-10,CBA02701.CS,0.1999999998
2016-06-10,AU9999.SGE,0.1999999998
2016-06-10,NH0100.NHF,0.1999999998
2016-06-17,000300.SH,0.1999999998
2016-06-17,000852.SH,0.1999999998
2016-06-17,CBA02701.CS,0.1999999998
2016-06-17,AU9999.SGE,0.1999999998
2016-06-17,NH0100.NHF,0.1999999998
2016-06-24,000300.SH,0.1999999998
2016-06-24,000852.SH,0.1999999998
2016-06-24,CBA02701.CS,0.1999999998
2016-06-24,AU9999.SGE,0.1999999998
2016-06-24,NH0100.NHF,0.1999999998
2016-07-01,000300.SH,0.1999999998
2016-07-01,000852.SH,0.1999999998
2016-07-01,CBA02701.CS,0.1999999998
2016-07-01,AU9999.SGE,0.1999999998
2016-07-01,NH0100.NHF,0.1999999998
2016-07-08,000300.SH,0.1999999998
2016-07-08,000852.SH,0.1999999998
2016-07-08,CBA02701.CS,0.1999999998
2016-07-08,AU9999.SGE,0.1999999998
2016-07-08,NH0100.NHF,0.1999999998
2016-07-15,000300.SH,0.1999999998
2016-07-15,000852.SH,0.1999999998
2016-07-15,CBA02701.CS,0.1999999998
2016-07-15,AU9999.SGE,0.1999999998
2016-07-15,NH0100.NHF,0.1999999998
2016-07-22,000300.SH,0.1999999998
2016-07-22,000852.SH,0.1999999998
2016-07-22,CBA02701.CS,0.1999999998
2016-07-22,AU9999.SGE,0.1999999998
2016-07-22,NH0100.NHF,0.1999999998
2016-07-29,000300.SH,0.1999999998
2016-07-29,000852.SH,0.1999999998
2016-07-29,CBA02701.CS,0.1999999998
2016-07-29,AU9999.SGE,0.1999999998
2016-07-29,NH0100.NHF,0.1999999998
2016-08-05,000300.SH,0.1999999998
2016-08-05,000852.SH,0.1999999998
2016-08-05,CBA02701.CS,0.1999999998
2016-08-05,AU9999.SGE,0.1999999998
2016-08-05,NH0100.NHF,0.1999999998
2016-08-12,000300.SH,0.1999999998
2016-08-12,000852.SH,0.1999999998
2016-08-12,CBA02701.CS,0.1999999998
2016-08-12,AU9999.SGE,0.1999999998
2016-08-12,NH0100.NHF,0.1999999998
2016-08-19,000300.SH,0.1999999998
2016-08-19,000852.SH,0.1999999998
2016-08-19,CBA02701.CS,0.1999999998
2016-08-19,AU9999.SGE,0.1999999998
2016-08-19,NH0100.NHF,0.1999999998
2016-08-26,000300.SH,0.1999999998
2016-08-26,000852.SH,0.1999999998
2016-08-26,CBA02701.CS,0.1999999998
2016-08-26,AU9999.SGE,0.1999999998
2016-08-26,NH0100.NHF,0.1999999998
2016-09-02,000300.SH,0.1999999998
2016-09-02,000852.SH,0.1999999998
2016-09-02,CBA02701.CS,0.1999999998
2016-09-02,AU9999.SGE,0.1999999998
2016-09-02,NH0100.NHF,0.1999999998
2016-09-09,000300.SH,0.1999999998
2016-09-09,000852.SH,0.1999999998
2016-09-09,CBA02701.CS,0.1999999998
2016-09-09,AU9999.SGE,0.1999999998
2016-09-09,NH0100.NHF,0.1999999998
2016-09-16,000300.SH,0.1999999998
2016-09-16,000852.SH,0.1999999998
2016-09-16,CBA02701.CS,0.1999999998
2016-09-16,AU9999.SGE,0.1999999998
2016-09-16,NH0100.NHF,0.1999999998
2016-09-23,000300.SH,0.1999999998
2016-09-23,000852.SH,0.1999999998
2016-09-23,CBA02701.CS,0.1999999998
2016-09-23,AU9999.SGE,0.1999999998
2016-09-23,NH0100.NHF,0.1999999998
2016-09-30,000300.SH,0.1999999998
2016-09-30,000852.SH,0.1999999998
2016-09-30,CBA02701.CS,0.1999999998
2016-09-30,AU9999.SGE,0.1999999998
2016-09-30,NH0100.NHF,0.1999999998
2016-10-07,000300.SH,0.1999999998
2016-10-07,000852.SH,0.1999999998
2016-10-07,CBA02701.CS,0.1999999998
2016-10-07,AU9999.SGE,0.1999999998
2016-10-07,NH0100.NHF,0.1999999998
2016-10-14,000300.SH,0.1999999998
2016-10-14,000852.SH,0.1999999998
2016-10-14,CBA02701.CS,0.1999999998
2016-10-14,AU9999.SGE,0.1999999998
2016-10-14,NH0100.NHF,0.1999999998
2016-10-21,000300.SH,0.1999999998
2016-10-21,000852.SH,0.1999999998
2016-10-21,CBA02701.CS,0.1999999998
2016-10-21,AU9999.SGE,0.1999999998
2016-10-21,NH0100.NHF,0.1999999998
2016-10-28,000300.SH,0.1999999998
2016-10-28,000852.SH,0.1999999998
2016-10-28,CBA02701.CS,0.1999999998
2016-10-28,AU9999.SGE,0.1999999998
2016-10-28,NH0100.NHF,0.1999999998
2016-11-04,000300.SH,0.1999999998
2016-11-04,000852.SH,0.1999999998
2016-11-04,CBA02701.CS,0.1999999998
2016-11-04,AU9999.SGE,0.1999999998
2016-11-04,NH0100.NHF,0.1999999998
2016-11-11,000300.SH,0.1999999998
2016-11-11,000852.SH,0.1999999998
2016-11-11,CBA02701.CS,0.1999999998
2016-11-11,AU9999.SGE,0.1999999998
2016-11-11,NH0100.NHF,0.1999999998
2016-11-18,000300.SH,0.1999999998
2016-11-18,000852.SH,0.1999999998
2016-11-18,CBA02701.CS,0.1999999998
2016-11-18,AU9999.SGE,0.1999999998
2016-11-18,NH0100.NHF,0.1999999998
2016-11-25,000300.SH,0.1999999998
2016-11-25,000852.SH,0.1999999998
2016-11-25,CBA02701.CS,0.1999999998
2016-11-25,AU9999.SGE,0.1999999998
2016-11-25,NH0100.NHF,0.1999999998
2016-12-02,000300.SH,0.1999999998
2016-12-02,000852.SH,0.1999999998
2016-12-02,CBA02701.CS,0.1999999998
2016-12-02,AU9999.SGE,0.1999999998
2016-12-02,NH0100.NHF,0.1999999998
2016-12-09,000300.SH,0.1999999998
2016-12-09,000852.SH,0.1999999998
2016-12-09,CBA02701.CS,0.1999999998
2016-12-09,AU9999.SGE,0.1999999998
2016-12-09,NH0100.NHF,0.1999999998
2016-12-16,000300.SH,0.1999999998
2016-12-16,000852.SH,0.1999999998
2016-12-16,CBA02701.CS,0.1999999998
2016-12-16,AU9999.SGE,0.1999999998
2016-12-16,NH0100.NHF,0.1999999998
2016-12-23,000300.SH,0.1999999998
2016-12-23,000852.SH,0.1999999998
2016-12-23,CBA02701.CS,0.1999999998
2016-12-23,AU9999.SGE,0.1999999998
2016-12-23,NH0100.NHF,0.1999999998
2016-12-30,000300.SH,0.1999999998
2016-12-30,000852.SH,0.1999999998
2016-12-30,CBA02701.CS,0.1999999998
2016-12-30,AU9999.SGE,0.1999999998
2016-12-30,NH0100.NHF,0.1999999998
2017-01-06,000300.SH,0.1999999998
2017-01-06,000852.SH,0.1999999998
2017-01-06,CBA02701.CS,0.1999999998
2017-01-06,AU9999.SGE,0.1999999998
2017-01-06,NH0100.NHF,0.1999999998
2017-01-13,000300.SH,0.1999999998
2017-01-13,000852.SH,0.1999999998
2017-01-13,CBA02701.CS,0.1999999998
2017-01-13,AU9999.SGE,0.1999999998
2017-01-13,NH0100.NHF,0.1999999998
2017-01-20,000300.SH,0.1999999998
2017-01-20,000852.SH,0.1999999998
2017-01-20,CBA02701.CS,0.1999999998
2017-01-20,AU9999.SGE,0.1999999998
2017-01-20,NH0100.NHF,0.1999999998
2017-01-27,000300.SH,0.1999999998
2017-01-27,000852.SH,0.1999999998
2017-01-27,CBA02701.CS,0.1999999998
2017-01-27,AU9999.SGE,0.1999999998
2017-01-27,NH0100.NHF,0.1999999998
2017-02-03,000300.SH,0.1999999998
2017-02-03,000852.SH,0.1999999998
2017-02-03,CBA02701.CS,0.1999999998
2017-02-03,AU9999.SGE,0.1999999998
2017-02-03,NH0100.NHF,0.1999999998
2017-02-10,000300.SH,0.1999999998
2017-02-10,000852.SH,0.1999999998
2017-02-10,CBA02701.CS,0.1999999998
2017-02-10,AU9999.SGE,0.1999999998
2017-02-10,NH0100.NHF,0.1999999998
2017-02-17,000300.SH,0.1999999998
2017-02-17,000852.SH,0.1999999998
2017-02-17,CBA02701.CS,0.1999999998
2017-02-17,AU9999.SGE,0.1999999998
2017-02-17,NH0100.NHF,0.1999999998
2017-02-24,000300.SH,0.1999999998
2017-02-24,000852.SH,0.1999999998
2017-02-24,CBA02701.CS,0.1999999998
2017-02-24,AU9999.SGE,0.1999999998
2017-02-24,NH0100.NHF,0.1999999998
2017-03-03,000300.SH,0.1999999998
2017-03-03,000852.SH,0.1999999998
2017-03-03,CBA02701.CS,0.1999999998
2017-03-03,AU9999.SGE,0.1999999998
2017-03-03,NH0100.NHF,0.1999999998
2017-03-10,000300.SH,0.1999999998
2017-03-10,000852.SH,0.1999999998
2017-03-10,CBA02701.CS,0.1999999998
2017-03-10,AU9999.SGE,0.1999999998
2017-03-10,NH0100.NHF,0.1999999998
2017-03-17,000300.SH,0.1999999998
2017-03-17,000852.SH,0.1999999998
2017-03-17,CBA02701.CS,0.1999999998
2017-03-17,AU9999.SGE,0.1999999998
2017-03-17,NH0100.NHF,0.1999999998
2017-03-24,000300.SH,0.1999999998
2017-03-24,000852.SH,0.1999999998
2017-03-24,CBA02701.CS,0.1999999998
2017-03-24,AU9999.SGE,0.1999999998
2017-03-24,NH0100.NHF,0.1999999998
2017-03-31,000300.SH,0.1999999998
2017-03-31,000852.SH,0.1999999998
2017-03-31,CBA02701.CS,0.1999999998
2017-03-31,AU9999.SGE,0.1999999998
2017-03-31,NH0100.NHF,0.1999999998
2017-04-07,000300.SH,0.1999999998
2017-04-07,000852.SH,0.1999999998
2017-04-07,CBA02701.CS,0.1999999998
2017-04-07,AU9999.SGE,0.1999999998
2017-04-07,NH0100.NHF,0.1999999998
2017-04-14,000300.SH,0.1999999998
2017-04-14,000852.SH,0.1999999998
2017-04-14,CBA02701.CS,0.1999999998
2017-04-14,AU9999.SGE,0.1999999998
2017-04-14,NH0100.NHF,0.1999999998
2017-04-21,000300.SH,0.1999999998
2017-04-21,000852.SH,0.1999999998
2017-04-21,CBA02701.CS,0.1999999998
2017-04-21,AU9999.SGE,0.1999999998
2017-04-21,NH0100.NHF,0.1999999998
2017-04-28,000300.SH,0.1999999998
2017-04-28,000852.SH,0.1999999998
2017-04-28,CBA02701.CS,0.1999999998
2017-04-28,AU9999.SGE,0.1999999998
2017-04-28,NH0100.NHF,0.1999999998
2017-05-05,000300.SH,0.1999999998
2017-05-05,000852.SH,0.1999999998
2017-05-05,CBA02701.CS,0.1999999998
2017-05-05,AU9999.SGE,0.1999999998
2017-05-05,NH0100.NHF,0.1999999998
2017-05-12,000300.SH,0.1999999998
2017-05-12,000852.SH,0.1999999998
2017-05-12,CBA02701.CS,0.1999999998
2017-05-12,AU9999.SGE,0.1999999998
2017-05-12,NH0100.NHF,0.1999999998
2017-05-19,000300.SH,0.1999999998
2017-05-19,000852.SH,0.1999999998
2017-05-19,CBA02701.CS,0.1999999998
2017-05-19,AU9999.SGE,0.1999999998
2017-05-19,NH0100.NHF,0.1999999998
2017-05-26,000300.SH,0.1999999998
2017-05-26,000852.SH,0.1999999998
2017-05-26,CBA02701.CS,0.1999999998
2017-05-26,AU9999.SGE,0.1999999998
2017-05-26,NH0100.NHF,0.1999999998
2017-06-02,000300.SH,0.1999999998
2017-06-02,000852.SH,0.1999999998
2017-06-02,CBA02701.CS,0.1999999998
2017-06-02,AU9999.SGE,0.1999999998
2017-06-02,NH0100.NHF,0.1999999998
2017-06-09,000300.SH,0.1999999998
2017-06-09,000852.SH,0.1999999998
2017-06-09,CBA02701.CS,0.1999999998
2017-06-09,AU9999.SGE,0.1999999998
2017-06-09,NH0100.NHF,0.1999999998
2017-06-16,000300.SH,0.1999999998
2017-06-16,000852.SH,0.1999999998
2017-06-16,CBA02701.CS,0.1999999998
2017-06-16,AU9999.SGE,0.1999999998
2017-06-16,NH0100.NHF,0.1999999998
2017-06-23,000300.SH,0.1999999998
2017-06-23,000852.SH,0.1999999998
2017-06-23,CBA02701.CS,0.1999999998
2017-06-23,AU9999.SGE,0.1999999998
2017-06-23,NH0100.NHF,0.1999999998
2017-06-30,000300.SH,0.1999999998
2017-06-30,000852.SH,0.1999999998
2017-06-30,CBA02701.CS,0.1999999998
2017-06-30,AU9999.SGE,0.1999999998
2017-06-30,NH0100.NHF,0.1999999998
2017-07-07,000300.SH,0.1999999998
2017-07-07,000852.SH,0.1999999998
2017-07-07,CBA02701.CS,0.1999999998
2017-07-07,AU9999.SGE,0.1999999998
2017-07-07,NH0100.NHF,0.1999999998
2017-07-14,000300.SH,0.1999999998
2017-07-14,000852.SH,0.1999999998
2017-07-14,CBA02701.CS,0.1999999998
2017-07-14,AU9999.SGE,0.1999999998
2017-07-14,NH0100.NHF,0.1999999998
2017-07-21,000300.SH,0.1999999998
2017-07-21,000852.SH,0.1999999998
2017-07-21,CBA02701.CS,0.1999999998
2017-07-21,AU9999.SGE,0.1999999998
2017-07-21,NH0100.NHF,0.1999999998
2017-07-28,000300.SH,0.1999999998
2017-07-28,000852.SH,0.1999999998
2017-07-28,CBA02701.CS,0.1999999998
2017-07-28,AU9999.SGE,0.1999999998
2017-07-28,NH0100.NHF,0.1999999998
2017-08-04,000300.SH,0.1999999998
2017-08-04,000852.SH,0.1999999998
2017-08-04,CBA02701.CS,0.1999999998
2017-08-04,AU9999.SGE,0.1999999998
2017-08-04,NH0100.NHF,0.1999999998
2017-08-11,000300.SH,0.1999999998
2017-08-11,000852.SH,0.1999999998
2017-08-11,CBA02701.CS,0.1999999998
2017-08-11,AU9999.SGE,0.1999999998
2017-08-11,NH0100.NHF,0.1999999998
2017-08-18,000300.SH,0.1999999998
2017-08-18,000852.SH,0.1999999998
2017-08-18,CBA02701.CS,0.1999999998
2017-08-18,AU9999.SGE,0.1999999998
2017-08-18,NH0100.NHF,0.1999999998
2017-08-25,000300.SH,0.1999999998
2017-08-25,000852.SH,0.1999999998
2017-08-25,CBA02701.CS,0.1999999998
2017-08-25,AU9999.SGE,0.1999999998
2017-08-25,NH0100.NHF,0.1999999998
2017-09-01,000300.SH,0.1999999998
2017-09-01,000852.SH,0.1999999998
2017-09-01,CBA02701.CS,0.1999999998
2017-09-01,AU9999.SGE,0.1999999998
2017-09-01,NH0100.NHF,0.1999999998
2017-09-08,000300.SH,0.1999999998
2017-09-08,000852.SH,0.1999999998
2017-09-08,CBA02701.CS,0.1999999998
2017-09-08,AU9999.SGE,0.1999999998
2017-09-08,NH0100.NHF,0.1999999998
2017-09-15,000300.SH,0.1999999998
2017-09-15,000852.SH,0.1999999998
2017-09-15,CBA02701.CS,0.1999999998
2017-09-15,AU9999.SGE,0.1999999998
2017-09-15,NH0100.NHF,0.1999999998
2017-09-22,000300.SH,0.1999999998
2017-09-22,000852.SH,0.1999999998
2017-09-22,CBA02701.CS,0.1999999998
2017-09-22,AU9999.SGE,0.1999999998
2017-09-22,NH0100.NHF,0.1999999998
2017-09-29,000300.SH,0.1999999998
2017-09-29,000852.SH,0.1999999998
2017-09-29,CBA02701.CS,0.1999999998
2017-09-29,AU9999.SGE,0.1999999998
2017-09-29,NH0100.NHF,0.1999999998
2017-10-06,000300.SH,0.1999999998
2017-10-06,000852.SH,0.1999999998
2017-10-06,CBA02701.CS,0.1999999998
2017-10-06,AU9999.SGE,0.1999999998
2017-10-06,NH0100.NHF,0.1999999998
2017-10-13,000300.SH,0.1999999998
2017-10-13,000852.SH,0.1999999998
2017-10-13,CBA02701.CS,0.1999999998
2017-10-13,AU9999.SGE,0.1999999998
2017-10-13,NH0100.NHF,0.1999999998
2017-10-20,000300.SH,0.1999999998
2017-10-20,000852.SH,0.1999999998
2017-10-20,CBA02701.CS,0.1999999998
2017-10-20,AU9999.SGE,0.1999999998
2017-10-20,NH0100.NHF,0.1999999998
2017-10-27,000300.SH,0.1999999998
2017-10-27,000852.SH,0.1999999998
2017-10-27,CBA02701.CS,0.1999999998
2017-10-27,AU9999.SGE,0.1999999998
2017-10-27,NH0100.NHF,0.1999999998
2017-11-03,000300.SH,0.1999999998
2017-11-03,000852.SH,0.1999999998
2017-11-03,CBA02701.CS,0.1999999998
2017-11-03,AU9999.SGE,0.1999999998
2017-11-03,NH0100.NHF,0.1999999998
2017-11-10,000300.SH,0.1999999998
2017-11-10,000852.SH,0.1999999998
2017-11-10,CBA02701.CS,0.1999999998
2017-11-10,AU9999.SGE,0.1999999998
2017-11-10,NH0100.NHF,0.1999999998
2017-11-17,000300.SH,0.1999999998
2017-11-17,000852.SH,0.1999999998
2017-11-17,CBA02701.CS,0.1999999998
2017-11-17,AU9999.SGE,0.1999999998
2017-11-17,NH0100.NHF,0.1999999998
2017-11-24,000300.SH,0.1999999998
2017-11-24,000852.SH,0.1999999998
2017-11-24,CBA02701.CS,0.1999999998
2017-11-24,AU9999.SGE,0.1999999998
2017-11-24,NH0100.NHF,0.1999999998
2017-12-01,000300.SH,0.1999999998
2017-12-01,000852.SH,0.1999999998
2017-12-01,CBA02701.CS,0.1999999998
2017-12-01,AU9999.SGE,0.1999999998
2017-12-01,NH0100.NHF,0.1999999998
2017-12-08,000300.SH,0.1999999998
2017-12-08,000852.SH,0.1999999998
2017-12-08,CBA02701.CS,0.1999999998
2017-12-08,AU9999.SGE,0.1999999998
2017-12-08,NH0100.NHF,0.1999999998
2017-12-15,000300.SH,0.1999999998
2017-12-15,000852.SH,0.1999999998
2017-12-15,CBA02701.CS,0.1999999998
2017-12-15,AU9999.SGE,0.1999999998
2017-12-15,NH0100.NHF,0.1999999998
2017-12-22,000300.SH,0.1999999998
2017-12-22,000852.SH,0.1999999998
2017-12-22,CBA02701.CS,0.1999999998
2017-12-22,AU9999.SGE,0.1999999998
2017-12-22,NH0100.NHF,0.1999999998
2017-12-29,000300.SH,0.1999999998
2017-12-29,000852.SH,0.1999999998
2017-12-29,CBA02701.CS,0.1999999998
2017-12-29,AU9999.SGE,0.1999999998
2017-12-29,NH0100.NHF,0.1999999998
2018-01-05,000300.SH,0.1999999998
2018-01-05,000852.SH,0.1999999998
2018-01-05,CBA02701.CS,0.1999999998
2018-01-05,AU9999.SGE,0.1999999998
2018-01-05,NH0100.NHF,0.1999999998
2018-01-12,000300.SH,0.1999999998
2018-01-12,000852.SH,0.1999999998
2018-01-12,CBA02701.CS,0.1999999998
2018-01-12,AU9999.SGE,0.1999999998
2018-01-12,NH0100.NHF,0.1999999998
2018-01-19,000300.SH,0.1999999998
2018-01-19,000852.SH,0.1999999998
2018-01-19,CBA02701.CS,0.1999999998
2018-01-19,AU9999.SGE,0.1999999998
2018-01-19,NH0100.NHF,0.1999999998
2018-01-26,000300.SH,0.1999999998
2018-01-26,000852.SH,0.1999999998
2018-01-26,CBA02701.CS,0.1999999998
2018-01-26,AU9999.SGE,0.1999999998
2018-01-26,NH0100.NHF,0.1999999998
2018-02-02,000300.SH,0.1999999998
2018-02-02,000852.SH,0.1999999998
2018-02-02,CBA02701.CS,0.1999999998
2018-02-02,AU9999.SGE,0.1999999998
2018-02-02,NH0100.NHF,0.1999999998
2018-02-09,000300.SH,0.1999999998
2018-02-09,000852.SH,0.1999999998
2018-02-09,CBA02701.CS,0.1999999998
2018-02-09,AU9999.SGE,0.1999999998
2018-02-09,NH0100.NHF,0.1999999998
2018-02-16,000300.SH,0.1999999998
2018-02-16,000852.SH,0.1999999998
2018-02-16,CBA02701.CS,0.1999999998
2018-02-16,AU9999.SGE,0.1999999998
2018-02-16,NH0100.NHF,0.1999999998
2018-02-23,000300.SH,0.1999999998
2018-02-23,000852.SH,0.1999999998
2018-02-23,CBA02701.CS,0.1999999998
2018-02-23,AU9999.SGE,0.1999999998
2018-02-23,NH0100.NHF,0.1999999998
2018-03-02,000300.SH,0.1999999998
2018-03-02,000852.SH,0.1999999998
2018-03-02,CBA02701.CS,0.1999999998
2018-03-02,AU9999.SGE,0.1999999998
2018-03-02,NH0100.NHF,0.1999999998
2018-03-09,000300.SH,0.1999999998
2018-03-09,000852.SH,0.1999999998
2018-03-09,CBA02701.CS,0.1999999998
2018-03-09,AU9999.SGE,0.1999999998
2018-03-09,NH0100.NHF,0.1999999998
2018-03-16,000300.SH,0.1999999998
2018-03-16,000852.SH,0.1999999998
2018-03-16,CBA02701.CS,0.1999999998
2018-03-16,AU9999.SGE,0.1999999998
2018-03-16,NH0100.NHF,0.1999999998
2018-03-23,000300.SH,0.1999999998
2018-03-23,000852.SH,0.1999999998
2018-03-23,CBA02701.CS,0.1999999998
2018-03-23,AU9999.SGE,0.1999999998
2018-03-23,NH0100.NHF,0.1999999998
2018-03-30,000300.SH,0.1999999998
2018-03-30,000852.SH,0.1999999998
2018-03-30,CBA02701.CS,0.1999999998
2018-03-30,AU9999.SGE,0.1999999998
2018-03-30,NH0100.NHF,0.1999999998
2018-04-06,000300.SH,0.1999999998
2018-04-06,000852.SH,0.1999999998
2018-04-06,CBA02701.CS,0.1999999998
2018-04-06,AU9999.SGE,0.1999999998
2018-04-06,NH0100.NHF,0.1999999998
2018-04-13,000300.SH,0.1999999998
2018-04-13,000852.SH,0.1999999998
2018-04-13,CBA02701.CS,0.1999999998
2018-04-13,AU9999.SGE,0.1999999998
2018-04-13,NH0100.NHF,0.1999999998
2018-04-20,000300.SH,0.1999999998
2018-04-20,000852.SH,0.1999999998
2018-04-20,CBA02701.CS,0.1999999998
2018-04-20,AU9999.SGE,0.1999999998
2018-04-20,NH0100.NHF,0.1999999998
2018-04-27,000300.SH,0.1999999998
2018-04-27,000852.SH,0.1999999998
2018-04-27,CBA02701.CS,0.1999999998
2018-04-27,AU9999.SGE,0.1999999998
2018-04-27,NH0100.NHF,0.1999999998
2018-05-04,000300.SH,0.1999999998
2018-05-04,000852.SH,0.1999999998
2018-05-04,CBA02701.CS,0.1999999998
2018-05-04,AU9999.SGE,0.1999999998
2018-05-04,NH0100.NHF,0.1999999998
2018-05-11,000300.SH,0.1999999998
2018-05-11,000852.SH,0.1999999998
2018-05-11,CBA02701.CS,0.1999999998
2018-05-11,AU9999.SGE,0.1999999998
2018-05-11,NH0100.NHF,0.1999999998
2018-05-18,000300.SH,0.1999999998
2018-05-18,000852.SH,0.1999999998
2018-05-18,CBA02701.CS,0.1999999998
2018-05-18,AU9999.SGE,0.1999999998
2018-05-18,NH0100.NHF,0.1999999998
2018-05-25,000300.SH,0.1999999998
2018-05-25,000852.SH,0.1999999998
2018-05-25,CBA02701.CS,0.1999999998
2018-05-25,AU9999.SGE,0.1999999998
2018-05-25,NH0100.NHF,0.1999999998
2018-06-01,000300.SH,0.1999999998
2018-06-01,000852.SH,0.1999999998
2018-06-01,CBA02701.CS,0.1999999998
2018-06-01,AU9999.SGE,0.1999999998
2018-06-01,NH0100.NHF,0.1999999998
2018-06-08,000300.SH,0.1999999998
2018-06-08,000852.SH,0.1999999998
2018-06-08,CBA02701.CS,0.1999999998
2018-06-08,AU9999.SGE,0.1999999998
2018-06-08,NH0100.NHF,0.1999999998
2018-06-15,000300.SH,0.1999999998
2018-06-15,000852.SH,0.1999999998
2018-06-15,CBA02701.CS,0.1999999998
2018-06-15,AU9999.SGE,0.1999999998
2018-06-15,NH0100.NHF,0.1999999998
2018-06-22,000300.SH,0.1999999998
2018-06-22,000852.SH,0.1999999998
2018-06-22,CBA02701.CS,0.1999999998
2018-06-22,AU9999.SGE,0.1999999998
2018-06-22,NH0100.NHF,0.1999999998
2018-06-29,000300.SH,0.1999999998
2018-06-29,000852.SH,0.1999999998
2018-06-29,CBA02701.CS,0.1999999998
2018-06-29,AU9999.SGE,0.1999999998
2018-06-29,NH0100.NHF,0.1999999998
2018-07-06,000300.SH,0.1999999998
2018-07-06,000852.SH,0.1999999998
2018-07-06,CBA02701.CS,0.1999999998
2018-07-06,AU9999.SGE,0.1999999998
2018-07-06,NH0100.NHF,0.1999999998
2018-07-13,000300.SH,0.1999999998
2018-07-13,000852.SH,0.1999999998
2018-07-13,CBA02701.CS,0.1999999998
2018-07-13,AU9999.SGE,0.1999999998
2018-07-13,NH0100.NHF,0.1999999998
2018-07-20,000300.SH,0.1999999998
2018-07-20,000852.SH,0.1999999998
2018-07-20,CBA02701.CS,0.1999999998
2018-07-20,AU9999.SGE,0.1999999998
2018-07-20,NH0100.NHF,0.1999999998
2018-07-27,000300.SH,0.1999999998
2018-07-27,000852.SH,0.1999999998
2018-07-27,CBA02701.CS,0.1999999998
2018-07-27,AU9999.SGE,0.1999999998
2018-07-27,NH0100.NHF,0.1999999998
2018-08-03,000300.SH,0.1999999998
2018-08-03,000852.SH,0.1999999998
2018-08-03,CBA02701.CS,0.1999999998
2018-08-03,AU9999.SGE,0.1999999998
2018-08-03,NH0100.NHF,0.1999999998
2018-08-10,000300.SH,0.1999999998
2018-08-10,000852.SH,0.1999999998
2018-08-10,CBA02701.CS,0.1999999998
2018-08-10,AU9999.SGE,0.1999999998
2018-08-10,NH0100.NHF,0.1999999998
2018-08-17,000300.SH,0.1999999998
2018-08-17,000852.SH,0.1999999998
2018-08-17,CBA02701.CS,0.1999999998
2018-08-17,AU9999.SGE,0.1999999998
2018-08-17,NH0100.NHF,0.1999999998
2018-08-24,000300.SH,0.1999999998
2018-08-24,000852.SH,0.1999999998
2018-08-24,CBA02701.CS,0.1999999998
2018-08-24,AU9999.SGE,0.1999999998
2018-08-24,NH0100.NHF,0.1999999998
2018-08-31,000300.SH,0.1999999998
2018-08-31,000852.SH,0.1999999998
2018-08-31,CBA02701.CS,0.1999999998
2018-08-31,AU9999.SGE,0.1999999998
2018-08-31,NH0100.NHF,0.1999999998
2018-09-07,000300.SH,0.1999999998
2018-09-07,000852.SH,0.1999999998
2018-09-07,CBA02701.CS,0.1999999998
2018-09-07,AU9999.SGE,0.1999999998
2018-09-07,NH0100.NHF,0.1999999998
2018-09-14,000300.SH,0.1999999998
2018-09-14,000852.SH,0.1999999998
2018-09-14,CBA02701.CS,0.1999999998
2018-09-14,AU9999.SGE,0.1999999998
2018-09-14,NH0100.NHF,0.1999999998
2018-09-21,000300.SH,0.1999999998
2018-09-21,000852.SH,0.1999999998
2018-09-21,CBA02701.CS,0.1999999998
2018-09-21,AU9999.SGE,0.1999999998
2018-09-21,NH0100.NHF,0.1999999998
2018-09-28,000300.SH,0.1999999998
2018-09-28,000852.SH,0.1999999998
2018-09-28,CBA02701.CS,0.1999999998
2018-09-28,AU9999.SGE,0.1999999998
2018-09-28,NH0100.NHF,0.1999999998
2018-10-05,000300.SH,0.1999999998
2018-10-05,000852.SH,0.1999999998
2018-10-05,CBA02701.CS,0.1999999998
2018-10-05,AU9999.SGE,0.1999999998
2018-10-05,NH0100.NHF,0.1999999998
2018-10-12,000300.SH,0.1999999998
2018-10-12,000852.SH,0.1999999998
2018-10-12,CBA02701.CS,0.1999999998
2018-10-12,AU9999.SGE,0.1999999998
2018-10-12,NH0100.NHF,0.1999999998
2018-10-19,000300.SH,0.1999999998
2018-10-19,000852.SH,0.1999999998
2018-10-19,CBA02701.CS,0.1999999998
2018-10-19,AU9999.SGE,0.1999999998
2018-10-19,NH0100.NHF,0.1999999998
2018-10-26,000300.SH,0.1999999998
2018-10-26,000852.SH,0.1999999998
2018-10-26,CBA02701.CS,0.1999999998
2018-10-26,AU9999.SGE,0.1999999998
2018-10-26,NH0100.NHF,0.1999999998
2018-11-02,000300.SH,0.1999999998
2018-11-02,000852.SH,0.1999999998
2018-11-02,CBA02701.CS,0.1999999998
2018-11-02,AU9999.SGE,0.1999999998
2018-11-02,NH0100.NHF,0.1999999998
2018-11-09,000300.SH,0.1999999998
2018-11-09,000852.SH,0.1999999998
2018-11-09,CBA02701.CS,0.1999999998
2018-11-09,AU9999.SGE,0.1999999998
2018-11-09,NH0100.NHF,0.1999999998
2018-11-16,000300.SH,0.1999999998
2018-11-16,000852.SH,0.1999999998
2018-11-16,CBA02701.CS,0.1999999998
2018-11-16,AU9999.SGE,0.1999999998
2018-11-16,NH0100.NHF,0.1999999998
2018-11-23,000300.SH,0.1999999998
2018-11-23,000852.SH,0.1999999998
2018-11-23,CBA02701.CS,0.1999999998
2018-11-23,AU9999.SGE,0.1999999998
2018-11-23,NH0100.NHF,0.1999999998
2018-11-30,000300.SH,0.1999999998
2018-11-30,000852.SH,0.1999999998
2018-11-30,CBA02701.CS,0.1999999998
2018-11-30,AU9999.SGE,0.1999999998
2018-11-30,NH0100.NHF,0.1999999998
2018-12-07,000300.SH,0.1999999998
2018-12-07,000852.SH,0.1999999998
2018-12-07,CBA02701.CS,0.1999999998
2018-12-07,AU9999.SGE,0.1999999998
2018-12-07,NH0100.NHF,0.1999999998
2018-12-14,000300.SH,0.1999999998
2018-12-14,000852.SH,0.1999999998
2018-12-14,CBA02701.CS,0.1999999998
2018-12-14,AU9999.SGE,0.1999999998
2018-12-14,NH0100.NHF,0.1999999998
2018-12-21,000300.SH,0.1999999998
2018-12-21,000852.SH,0.1999999998
2018-12-21,CBA02701.CS,0.1999999998
2018-12-21,AU9999.SGE,0.1999999998
2018-12-21,NH0100.NHF,0.1999999998
2018-12-28,000300.SH,0.1999999998
2018-12-28,000852.SH,0.1999999998
2018-12-28,CBA02701.CS,0.1999999998
2018-12-28,AU9999.SGE,0.1999999998
2018-12-28,NH0100.NHF,0.1999999998
2019-01-04,000300.SH,0.1999999998
2019-01-04,000852.SH,0.1999999998
2019-01-04,CBA02701.CS,0.1999999998
2019-01-04,AU9999.SGE,0.1999999998
2019-01-04,NH0100.NHF,0.1999999998
2019-01-11,000300.SH,0.1999999998
2019-01-11,000852.SH,0.1999999998
2019-01-11,CBA02701.CS,0.1999999998
2019-01-11,AU9999.SGE,0.1999999998
2019-01-11,NH0100.NHF,0.1999999998
2019-01-18,000300.SH,0.1999999998
2019-01-18,000852.SH,0.1999999998
2019-01-18,CBA02701.CS,0.1999999998
2019-01-18,AU9999.SGE,0.1999999998
2019-01-18,NH0100.NHF,0.1999999998
2019-01-25,000300.SH,0.1999999998
2019-01-25,000852.SH,0.1999999998
2019-01-25,CBA02701.CS,0.1999999998
2019-01-25,AU9999.SGE,0.1999999998
2019-01-25,NH0100.NHF,0.1999999998
2019-02-01,000300.SH,0.1999999998
2019-02-01,000852.SH,0.1999999998
2019-02-01,CBA02701.CS,0.1999999998
2019-02-01,AU9999.SGE,0.1999999998
2019-02-01,NH0100.NHF,0.1999999998
2019-02-08,000300.SH,0.1999999998
2019-02-08,000852.SH,0.1999999998
2019-02-08,CBA02701.CS,0.1999999998
2019-02-08,AU9999.SGE,0.1999999998
2019-02-08,NH0100.NHF,0.1999999998
2019-02-15,000300.SH,0.1999999998
2019-02-15,000852.SH,0.1999999998
2019-02-15,CBA02701.CS,0.1999999998
2019-02-15,AU9999.SGE,0.1999999998
2019-02-15,NH0100.NHF,0.1999999998
2019-02-22,000300.SH,0.1999999998
2019-02-22,000852.SH,0.1999999998
2019-02-22,CBA02701.CS,0.1999999998
2019-02-22,AU9999.SGE,0.1999999998
2019-02-22,NH0100.NHF,0.1999999998
2019-03-01,000300.SH,0.1999999998
2019-03-01,000852.SH,0.1999999998
2019-03-01,CBA02701.CS,0.1999999998
2019-03-01,AU9999.SGE,0.1999999998
2019-03-01,NH0100.NHF,0.1999999998
2019-03-08,000300.SH,0.1999999998
2019-03-08,000852.SH,0.1999999998
2019-03-08,CBA02701.CS,0.1999999998
2019-03-08,AU9999.SGE,0.1999999998
2019-03-08,NH0100.NHF,0.1999999998
2019-03-15,000300.SH,0.1999999998
2019-03-15,000852.SH,0.1999999998
2019-03-15,CBA02701.CS,0.1999999998
2019-03-15,AU9999.SGE,0.1999999998
2019-03-15,NH0100.NHF,0.1999999998
2019-03-22,000300.SH,0.1999999998
2019-03-22,000852.SH,0.1999999998
2019-03-22,CBA02701.CS,0.1999999998
2019-03-22,AU9999.SGE,0.1999999998
2019-03-22,NH0100.NHF,0.1999999998
2019-03-29,000300.SH,0.1999999998
2019-03-29,000852.SH,0.1999999998
2019-03-29,CBA02701.CS,0.1999999998
2019-03-29,AU9999.SGE,0.1999999998
2019-03-29,NH0100.NHF,0.1999999998
2019-04-05,000300.SH,0.1999999998
2019-04-05,000852.SH,0.1999999998
2019-04-05,CBA02701.CS,0.1999999998
2019-04-05,AU9999.SGE,0.1999999998
2019-04-05,NH0100.NHF,0.1999999998
2019-04-12,000300.SH,0.1999999998
2019-04-12,000852.SH,0.1999999998
2019-04-12,CBA02701.CS,0.1999999998
2019-04-12,AU9999.SGE,0.1999999998
2019-04-12,NH0100.NHF,0.1999999998
2019-04-19,000300.SH,0.1999999998
2019-04-19,000852.SH,0.1999999998
2019-04-19,CBA02701.CS,0.1999999998
2019-04-19,AU9999.SGE,0.1999999998
2019-04-19,NH0100.NHF,0.1999999998
2019-04-26,000300.SH,0.1999999998
2019-04-26,000852.SH,0.1999999998
2019-04-26,CBA02701.CS,0.1999999998
2019-04-26,AU9999.SGE,0.1999999998
2019-04-26,NH0100.NHF,0.1999999998
2019-05-03,000300.SH,0.1999999998
2019-05-03,000852.SH,0.1999999998
2019-05-03,CBA02701.CS,0.1999999998
2019-05-03,AU9999.SGE,0.1999999998
2019-05-03,NH0100.NHF,0.1999999998
2019-05-10,000300.SH,0.1999999998
2019-05-10,000852.SH,0.1999999998
2019-05-10,CBA02701.CS,0.1999999998
2019-05-10,AU9999.SGE,0.1999999998
2019-05-10,NH0100.NHF,0.1999999998
2019-05-17,000300.SH,0.1999999998
2019-05-17,000852.SH,0.1999999998
2019-05-17,CBA02701.CS,0.1999999998
2019-05-17,AU9999.SGE,0.1999999998
2019-05-17,NH0100.NHF,0.1999999998
2019-05-24,000300.SH,0.1999999998
2019-05-24,000852.SH,0.1999999998
2019-05-24,CBA02701.CS,0.1999999998
2019-05-24,AU9999.SGE,0.1999999998
2019-05-24,NH0100.NHF,0.1999999998
2019-05-31,000300.SH,0.1999999998
2019-05-31,000852.SH,0.1999999998
2019-05-31,CBA02701.CS,0.1999999998
2019-05-31,AU9999.SGE,0.1999999998
2019-05-31,NH0100.NHF,0.1999999998
2019-06-07,000300.SH,0.1999999998
2019-06-07,000852.SH,0.1999999998
2019-06-07,CBA02701.CS,0.1999999998
2019-06-07,AU9999.SGE,0.1999999998
2019-06-07,NH0100.NHF,0.1999999998
2019-06-14,000300.SH,0.1999999998
2019-06-14,000852.SH,0.1999999998
2019-06-14,CBA02701.CS,0.1999999998
2019-06-14,AU9999.SGE,0.1999999998
2019-06-14,NH0100.NHF,0.1999999998
2019-06-21,000300.SH,0.1999999998
2019-06-21,000852.SH,0.1999999998
2019-06-21,CBA02701.CS,0.1999999998
2019-06-21,AU9999.SGE,0.1999999998
2019-06-21,NH0100.NHF,0.1999999998
2019-06-28,000300.SH,0.1999999998
2019-06-28,000852.SH,0.1999999998
2019-06-28,CBA02701.CS,0.1999999998
2019-06-28,AU9999.SGE,0.1999999998
2019-06-28,NH0100.NHF,0.1999999998
2019-07-05,000300.SH,0.1999999998
2019-07-05,000852.SH,0.1999999998
2019-07-05,CBA02701.CS,0.1999999998
2019-07-05,AU9999.SGE,0.1999999998
2019-07-05,NH0100.NHF,0.1999999998
2019-07-12,000300.SH,0.1999999998
2019-07-12,000852.SH,0.1999999998
2019-07-12,CBA02701.CS,0.1999999998
2019-07-12,AU9999.SGE,0.1999999998
2019-07-12,NH0100.NHF,0.1999999998
2019-07-19,000300.SH,0.1999999998
2019-07-19,000852.SH,0.1999999998
2019-07-19,CBA02701.CS,0.1999999998
2019-07-19,AU9999.SGE,0.1999999998
2019-07-19,NH0100.NHF,0.1999999998
2019-07-26,000300.SH,0.1999999998
2019-07-26,000852.SH,0.1999999998
2019-07-26,CBA02701.CS,0.1999999998
2019-07-26,AU9999.SGE,0.1999999998
2019-07-26,NH0100.NHF,0.1999999998
2019-08-02,000300.SH,0.1999999998
2019-08-02,000852.SH,0.1999999998
2019-08-02,CBA02701.CS,0.1999999998
2019-08-02,AU9999.SGE,0.1999999998
2019-08-02,NH0100.NHF,0.1999999998
2019-08-09,000300.SH,0.1999999998
2019-08-09,000852.SH,0.1999999998
2019-08-09,CBA02701.CS,0.1999999998
2019-08-09,AU9999.SGE,0.1999999998
2019-08-09,NH0100.NHF,0.1999999998
2019-08-16,000300.SH,0.1999999998
2019-08-16,000852.SH,0.1999999998
2019-08-16,CBA02701.CS,0.1999999998
2019-08-16,AU9999.SGE,0.1999999998
2019-08-16,NH0100.NHF,0.1999999998
2019-08-23,000300.SH,0.1999999998
2019-08-23,000852.SH,0.1999999998
2019-08-23,CBA02701.CS,0.1999999998
2019-08-23,AU9999.SGE,0.1999999998
2019-08-23,NH0100.NHF,0.1999999998
2019-08-30,000300.SH,0.1999999998
2019-08-30,000852.SH,0.1999999998
2019-08-30,CBA02701.CS,0.1999999998
2019-08-30,AU9999.SGE,0.1999999998
2019-08-30,NH0100.NHF,0.1999999998
2019-09-06,000300.SH,0.1999999998
2019-09-06,000852.SH,0.1999999998
2019-09-06,CBA02701.CS,0.1999999998
2019-09-06,AU9999.SGE,0.1999999998
2019-09-06,NH0100.NHF,0.1999999998
2019-09-13,000300.SH,0.1999999998
2019-09-13,000852.SH,0.1999999998
2019-09-13,CBA02701.CS,0.1999999998
2019-09-13,AU9999.SGE,0.1999999998
2019-09-13,NH0100.NHF,0.1999999998
2019-09-20,000300.SH,0.1999999998
2019-09-20,000852.SH,0.1999999998
2019-09-20,CBA02701.CS,0.1999999998
2019-09-20,AU9999.SGE,0.1999999998
2019-09-20,NH0100.NHF,0.1999999998
2019-09-27,000300.SH,0.1999999998
2019-09-27,000852.SH,0.1999999998
2019-09-27,CBA02701.CS,0.1999999998
2019-09-27,AU9999.SGE,0.1999999998
2019-09-27,NH0100.NHF,0.1999999998
2019-10-04,000300.SH,0.1999999998
2019-10-04,000852.SH,0.1999999998
2019-10-04,CBA02701.CS,0.1999999998
2019-10-04,AU9999.SGE,0.1999999998
2019-10-04,NH0100.NHF,0.1999999998
2019-10-11,000300.SH,0.1999999998
2019-10-11,000852.SH,0.1999999998
2019-10-11,CBA02701.CS,0.1999999998
2019-10-11,AU9999.SGE,0.1999999998
2019-10-11,NH0100.NHF,0.1999999998
2019-10-18,000300.SH,0.1999999998
2019-10-18,000852.SH,0.1999999998
2019-10-18,CBA02701.CS,0.1999999998
2019-10-18,AU9999.SGE,0.1999999998
2019-10-18,NH0100.NHF,0.1999999998
2019-10-25,000300.SH,0.1999999998
2019-10-25,000852.SH,0.1999999998
2019-10-25,CBA02701.CS,0.1999999998
2019-10-25,AU9999.SGE,0.1999999998
2019-10-25,NH0100.NHF,0.1999999998
2019-11-01,000300.SH,0.1999999998
2019-11-01,000852.SH,0.1999999998
2019-11-01,CBA02701.CS,0.1999999998
2019-11-01,AU9999.SGE,0.1999999998
2019-11-01,NH0100.NHF,0.1999999998
2019-11-08,000300.SH,0.1999999998
2019-11-08,000852.SH,0.1999999998
2019-11-08,CBA02701.CS,0.1999999998
2019-11-08,AU9999.SGE,0.1999999998
2019-11-08,NH0100.NHF,0.1999999998
2019-11-15,000300.SH,0.1999999998
2019-11-15,000852.SH,0.1999999998
2019-11-15,CBA02701.CS,0.1999999998
2019-11-15,AU9999.SGE,0.1999999998
2019-11-15,NH0100.NHF,0.1999999998
2019-11-22,000300.SH,0.1999999998
2019-11-22,000852.SH,0.1999999998
2019-11-22,CBA02701.CS,0.1999999998
2019-11-22,AU9999.SGE,0.1999999998
2019-11-22,NH0100.NHF,0.1999999998
2019-11-29,000300.SH,0.1999999998
2019-11-29,000852.SH,0.1999999998
2019-11-29,CBA02701.CS,0.1999999998
2019-11-29,AU9999.SGE,0.1999999998
2019-11-29,NH0100.NHF,0.1999999998
2019-12-06,000300.SH,0.1999999998
2019-12-06,000852.SH,0.1999999998
2019-12-06,CBA02701.CS,0.1999999998
2019-12-06,AU9999.SGE,0.1999999998
2019-12-06,NH0100.NHF,0.1999999998
2019-12-13,000300.SH,0.1999999998
2019-12-13,000852.SH,0.1999999998
2019-12-13,CBA02701.CS,0.1999999998
2019-12-13,AU9999.SGE,0.1999999998
2019-12-13,NH0100.NHF,0.1999999998
2019-12-20,000300.SH,0.1999999998
2019-12-20,000852.SH,0.1999999998
2019-12-20,CBA02701.CS,0.1999999998
2019-12-20,AU9999.SGE,0.1999999998
2019-12-20,NH0100.NHF,0.1999999998
2019-12-27,000300.SH,0.1999999998
2019-12-27,000852.SH,0.1999999998
2019-12-27,CBA02701.CS,0.1999999998
2019-12-27,AU9999.SGE,0.1999999998
2019-12-27,NH0100.NHF,0.1999999998
2020-01-03,000300.SH,0.1999999998
2020-01-03,000852.SH,0.1999999998
2020-01-03,CBA02701.CS,0.1999999998
2020-01-03,AU9999.SGE,0.1999999998
2020-01-03,NH0100.NHF,0.1999999998
2020-01-10,000300.SH,0.1999999998
2020-01-10,000852.SH,0.1999999998
2020-01-10,CBA02701.CS,0.1999999998
2020-01-10,AU9999.SGE,0.1999999998
2020-01-10,NH0100.NHF,0.1999999998
2020-01-17,000300.SH,0.1999999998
2020-01-17,000852.SH,0.1999999998
2020-01-17,CBA02701.CS,0.1999999998
2020-01-17,AU9999.SGE,0.1999999998
2020-01-17,NH0100.NHF,0.1999999998
2020-01-24,000300.SH,0.1999999998
2020-01-24,000852.SH,0.1999999998
2020-01-24,CBA02701.CS,0.1999999998
2020-01-24,AU9999.SGE,0.1999999998
2020-01-24,NH0100.NHF,0.1999999998
2020-01-31,000300.SH,0.1999999998
2020-01-31,000852.SH,0.1999999998
2020-01-31,CBA02701.CS,0.1999999998
2020-01-31,AU9999.SGE,0.1999999998
2020-01-31,NH0100.NHF,0.1999999998
2020-02-07,000300.SH,0.1999999998
2020-02-07,000852.SH,0.1999999998
2020-02-07,CBA02701.CS,0.1999999998
2020-02-07,AU9999.SGE,0.1999999998
2020-02-07,NH0100.NHF,0.1999999998
2020-02-14,000300.SH,0.1999999998
2020-02-14,000852.SH,0.1999999998
2020-02-14,CBA02701.CS,0.1999999998
2020-02-14,AU9999.SGE,0.1999999998
2020-02-14,NH0100.NHF,0.1999999998
2020-02-21,000300.SH,0.1999999998
2020-02-21,000852.SH,0.1999999998
2020-02-21,CBA02701.CS,0.1999999998
2020-02-21,AU9999.SGE,0.1999999998
2020-02-21,NH0100.NHF,0.1999999998
2020-02-28,000300.SH,0.1999999998
2020-02-28,000852.SH,0.1999999998
2020-02-28,CBA02701.CS,0.1999999998
2020-02-28,AU9999.SGE,0.1999999998
2020-02-28,NH0100.NHF,0.1999999998
2020-03-06,000300.SH,0.1999999998
2020-03-06,000852.SH,0.1999999998
2020-03-06,CBA02701.CS,0.1999999998
2020-03-06,AU9999.SGE,0.1999999998
2020-03-06,NH0100.NHF,0.1999999998
2020-03-13,000300.SH,0.1999999998
2020-03-13,000852.SH,0.1999999998
2020-03-13,CBA02701.CS,0.1999999998
2020-03-13,AU9999.SGE,0.1999999998
2020-03-13,NH0100.NHF,0.1999999998
2020-03-20,000300.SH,0.1999999998
2020-03-20,000852.SH,0.1999999998
2020-03-20,CBA02701.CS,0.1999999998
2020-03-20,AU9999.SGE,0.1999999998
2020-03-20,NH0100.NHF,0.1999999998
2020-03-27,000300.SH,0.1999999998
2020-03-27,000852.SH,0.1999999998
2020-03-27,CBA02701.CS,0.1999999998
2020-03-27,AU9999.SGE,0.1999999998
2020-03-27,NH0100.NHF,0.1999999998
2020-04-03,000300.SH,0.1999999998
2020-04-03,000852.SH,0.1999999998
2020-04-03,CBA02701.CS,0.1999999998
2020-04-03,AU9999.SGE,0.1999999998
2020-04-03,NH0100.NHF,0.1999999998
2020-04-10,000300.SH,0.1999999998
2020-04-10,000852.SH,0.1999999998
2020-04-10,CBA02701.CS,0.1999999998
2020-04-10,AU9999.SGE,0.1999999998
2020-04-10,NH0100.NHF,0.1999999998
2020-04-17,000300.SH,0.1999999998
2020-04-17,000852.SH,0.1999999998
2020-04-17,CBA02701.CS,0.1999999998
2020-04-17,AU9999.SGE,0.1999999998
2020-04-17,NH0100.NHF,0.1999999998
2020-04-24,000300.SH,0.1999999998
2020-04-24,000852.SH,0.1999999998
2020-04-24,CBA02701.CS,0.1999999998
2020-04-24,AU9999.SGE,0.1999999998
2020-04-24,NH0100.NHF,0.1999999998
2020-05-01,000300.SH,0.1999999998
2020-05-01,000852.SH,0.1999999998
2020-05-01,CBA02701.CS,0.1999999998
2020-05-01,AU9999.SGE,0.1999999998
2020-05-01,NH0100.NHF,0.1999999998
2020-05-08,000300.SH,0.1999999998
2020-05-08,000852.SH,0.1999999998
2020-05-08,CBA02701.CS,0.1999999998
2020-05-08,AU9999.SGE,0.1999999998
2020-05-08,NH0100.NHF,0.1999999998
2020-05-15,000300.SH,0.1999999998
2020-05-15,000852.SH,0.1999999998
2020-05-15,CBA02701.CS,0.1999999998
2020-05-15,AU9999.SGE,0.1999999998
2020-05-15,NH0100.NHF,0.1999999998
2020-05-22,000300.SH,0.1999999998
2020-05-22,000852.SH,0.1999999998
2020-05-22,CBA02701.CS,0.1999999998
2020-05-22,AU9999.SGE,0.1999999998
2020-05-22,NH0100.NHF,0.1999999998
2020-05-29,000300.SH,0.1999999998
2020-05-29,000852.SH,0.1999999998
2020-05-29,CBA02701.CS,0.1999999998
2020-05-29,AU9999.SGE,0.1999999998
2020-05-29,NH0100.NHF,0.1999999998
2020-06-05,000300.SH,0.1999999998
2020-06-05,000852.SH,0.1999999998
2020-06-05,CBA02701.CS,0.1999999998
2020-06-05,AU9999.SGE,0.1999999998
2020-06-05,NH0100.NHF,0.1999999998
2020-06-12,000300.SH,0.1999999998
2020-06-12,000852.SH,0.1999999998
2020-06-12,CBA02701.CS,0.1999999998
2020-06-12,AU9999.SGE,0.1999999998
2020-06-12,NH0100.NHF,0.1999999998
2020-06-19,000300.SH,0.1999999998
2020-06-19,000852.SH,0.1999999998
2020-06-19,CBA02701.CS,0.1999999998
2020-06-19,AU9999.SGE,0.1999999998
2020-06-19,NH0100.NHF,0.1999999998
2020-06-26,000300.SH,0.1999999998
2020-06-26,000852.SH,0.1999999998
2020-06-26,CBA02701.CS,0.1999999998
2020-06-26,AU9999.SGE,0.1999999998
2020-06-26,NH0100.NHF,0.1999999998
2020-07-03,000300.SH,0.1999999998
2020-07-03,000852.SH,0.1999999998
2020-07-03,CBA02701.CS,0.1999999998
2020-07-03,AU9999.SGE,0.1999999998
2020-07-03,NH0100.NHF,0.1999999998
2020-07-10,000300.SH,0.1999999998
2020-07-10,000852.SH,0.1999999998
2020-07-10,CBA02701.CS,0.1999999998
2020-07-10,AU9999.SGE,0.1999999998
2020-07-10,NH0100.NHF,0.1999999998
2020-07-17,000300.SH,0.1999999998
2020-07-17,000852.SH,0.1999999998
2020-07-17,CBA02701.CS,0.1999999998
2020-07-17,AU9999.SGE,0.1999999998
2020-07-17,NH0100.NHF,0.1999999998
2020-07-24,000300.SH,0.1999999998
2020-07-24,000852.SH,0.1999999998
2020-07-24,CBA02701.CS,0.1999999998
2020-07-24,AU9999.SGE,0.1999999998
2020-07-24,NH0100.NHF,0.1999999998
2020-07-31,000300.SH,0.1999999998
2020-07-31,000852.SH,0.1999999998
2020-07-31,CBA02701.CS,0.1999999998
2020-07-31,AU9999.SGE,0.1999999998
2020-07-31,NH0100.NHF,0.1999999998
2020-08-07,000300.SH,0.1999999998
2020-08-07,000852.SH,0.1999999998
2020-08-07,CBA02701.CS,0.1999999998
2020-08-07,AU9999.SGE,0.1999999998
2020-08-07,NH0100.NHF,0.1999999998
2020-08-14,000300.SH,0.1999999998
2020-08-14,000852.SH,0.1999999998
2020-08-14,CBA02701.CS,0.1999999998
2020-08-14,AU9999.SGE,0.1999999998
2020-08-14,NH0100.NHF,0.1999999998
2020-08-21,000300.SH,0.1999999998
2020-08-21,000852.SH,0.1999999998
2020-08-21,CBA02701.CS,0.1999999998
2020-08-21,AU9999.SGE,0.1999999998
2020-08-21,NH0100.NHF,0.1999999998
2020-08-28,000300.SH,0.1999999998
2020-08-28,000852.SH,0.1999999998
2020-08-28,CBA02701.CS,0.1999999998
2020-08-28,AU9999.SGE,0.1999999998
2020-08-28,NH0100.NHF,0.1999999998
2020-09-04,000300.SH,0.1999999998
2020-09-04,000852.SH,0.1999999998
2020-09-04,CBA02701.CS,0.1999999998
2020-09-04,AU9999.SGE,0.1999999998
2020-09-04,NH0100.NHF,0.1999999998
2020-09-11,000300.SH,0.1999999998
2020-09-11,000852.SH,0.1999999998
2020-09-11,CBA02701.CS,0.1999999998
2020-09-11,AU9999.SGE,0.1999999998
2020-09-11,NH0100.NHF,0.1999999998
2020-09-18,000300.SH,0.1999999998
2020-09-18,000852.SH,0.1999999998
2020-09-18,CBA02701.CS,0.1999999998
2020-09-18,AU9999.SGE,0.1999999998
2020-09-18,NH0100.NHF,0.1999999998
2020-09-25,000300.SH,0.1999999998
2020-09-25,000852.SH,0.1999999998
2020-09-25,CBA02701.CS,0.1999999998
2020-09-25,AU9999.SGE,0.1999999998
2020-09-25,NH0100.NHF,0.1999999998
2020-10-02,000300.SH,0.1999999998
2020-10-02,000852.SH,0.1999999998
2020-10-02,CBA02701.CS,0.1999999998
2020-10-02,AU9999.SGE,0.1999999998
2020-10-02,NH0100.NHF,0.1999999998
2020-10-09,000300.SH,0.1999999998
2020-10-09,000852.SH,0.1999999998
2020-10-09,CBA02701.CS,0.1999999998
2020-10-09,AU9999.SGE,0.1999999998
2020-10-09,NH0100.NHF,0.1999999998
2020-10-16,000300.SH,0.1999999998
2020-10-16,000852.SH,0.1999999998
2020-10-16,CBA02701.CS,0.1999999998
2020-10-16,AU9999.SGE,0.1999999998
2020-10-16,NH0100.NHF,0.1999999998
2020-10-23,000300.SH,0.1999999998
2020-10-23,000852.SH,0.1999999998
2020-10-23,CBA02701.CS,0.1999999998
2020-10-23,AU9999.SGE,0.1999999998
2020-10-23,NH0100.NHF,0.1999999998
2020-10-30,000300.SH,0.1999999998
2020-10-30,000852.SH,0.1999999998
2020-10-30,CBA02701.CS,0.1999999998
2020-10-30,AU9999.SGE,0.1999999998
2020-10-30,NH0100.NHF,0.1999999998
2020-11-06,000300.SH,0.1999999998
2020-11-06,000852.SH,0.1999999998
2020-11-06,CBA02701.CS,0.1999999998
2020-11-06,AU9999.SGE,0.1999999998
2020-11-06,NH0100.NHF,0.1999999998
2020-11-13,000300.SH,0.1999999998
2020-11-13,000852.SH,0.1999999998
2020-11-13,CBA02701.CS,0.1999999998
2020-11-13,AU9999.SGE,0.1999999998
2020-11-13,NH0100.NHF,0.1999999998
2020-11-20,000300.SH,0.1999999998
2020-11-20,000852.SH,0.1999999998
2020-11-20,CBA02701.CS,0.1999999998
2020-11-20,AU9999.SGE,0.1999999998
2020-11-20,NH0100.NHF,0.1999999998
2020-11-27,000300.SH,0.1999999998
2020-11-27,000852.SH,0.1999999998
2020-11-27,CBA02701.CS,0.1999999998
2020-11-27,AU9999.SGE,0.1999999998
2020-11-27,NH0100.NHF,0.1999999998
2020-12-04,000300.SH,0.1999999998
2020-12-04,000852.SH,0.1999999998
2020-12-04,CBA02701.CS,0.1999999998
2020-12-04,AU9999.SGE,0.1999999998
2020-12-04,NH0100.NHF,0.1999999998
2020-12-11,000300.SH,0.1999999998
2020-12-11,000852.SH,0.1999999998
2020-12-11,CBA02701.CS,0.1999999998
2020-12-11,AU9999.SGE,0.1999999998
2020-12-11,NH0100.NHF,0.1999999998
2020-12-18,000300.SH,0.1999999998
2020-12-18,000852.SH,0.1999999998
2020-12-18,CBA02701.CS,0.1999999998
2020-12-18,AU9999.SGE,0.1999999998
2020-12-18,NH0100.NHF,0.1999999998
2020-12-25,000300.SH,0.1999999998
2020-12-25,000852.SH,0.1999999998
2020-12-25,CBA02701.CS,0.1999999998
2020-12-25,AU9999.SGE,0.1999999998
2020-12-25,NH0100.NHF,0.1999999998
2021-01-01,000300.SH,0.1999999998
2021-01-01,000852.SH,0.1999999998
2021-01-01,CBA02701.CS,0.1999999998
2021-01-01,AU9999.SGE,0.1999999998
2021-01-01,NH0100.NHF,0.1999999998
2021-01-08,000300.SH,0.1999999998
2021-01-08,000852.SH,0.1999999998
2021-01-08,CBA02701.CS,0.1999999998
2021-01-08,AU9999.SGE,0.1999999998
2021-01-08,NH0100.NHF,0.1999999998
2021-01-15,000300.SH,0.1999999998
2021-01-15,000852.SH,0.1999999998
2021-01-15,CBA02701.CS,0.1999999998
2021-01-15,AU9999.SGE,0.1999999998
2021-01-15,NH0100.NHF,0.1999999998
2021-01-22,000300.SH,0.1999999998
2021-01-22,000852.SH,0.1999999998
2021-01-22,CBA02701.CS,0.1999999998
2021-01-22,AU9999.SGE,0.1999999998
2021-01-22,NH0100.NHF,0.1999999998
2021-01-29,000300.SH,0.1999999998
2021-01-29,000852.SH,0.1999999998
2021-01-29,CBA02701.CS,0.1999999998
2021-01-29,AU9999.SGE,0.1999999998
2021-01-29,NH0100.NHF,0.1999999998
2021-02-05,000300.SH,0.1999999998
2021-02-05,000852.SH,0.1999999998
2021-02-05,CBA02701.CS,0.1999999998
2021-02-05,AU9999.SGE,0.1999999998
2021-02-05,NH0100.NHF,0.1999999998
2021-02-12,000300.SH,0.1999999998
2021-02-12,000852.SH,0.1999999998
2021-02-12,CBA02701.CS,0.1999999998
2021-02-12,AU9999.SGE,0.1999999998
2021-02-12,NH0100.NHF,0.1999999998
2021-02-19,000300.SH,0.1999999998
2021-02-19,000852.SH,0.1999999998
2021-02-19,CBA02701.CS,0.1999999998
2021-02-19,AU9999.SGE,0.1999999998
2021-02-19,NH0100.NHF,0.1999999998
2021-02-26,000300.SH,0.1999999998
2021-02-26,000852.SH,0.1999999998
2021-02-26,CBA02701.CS,0.1999999998
2021-02-26,AU9999.SGE,0.1999999998
2021-02-26,NH0100.NHF,0.1999999998
2021-03-05,000300.SH,0.1999999998
2021-03-05,000852.SH,0.1999999998
2021-03-05,CBA02701.CS,0.1999999998
2021-03-05,AU9999.SGE,0.1999999998
2021-03-05,NH0100.NHF,0.1999999998
2021-03-12,000300.SH,0.1999999998
2021-03-12,000852.SH,0.1999999998
2021-03-12,CBA02701.CS,0.1999999998
2021-03-12,AU9999.SGE,0.1999999998
2021-03-12,NH0100.NHF,0.1999999998
2021-03-19,000300.SH,0.1999999998
2021-03-19,000852.SH,0.1999999998
2021-03-19,CBA02701.CS,0.1999999998
2021-03-19,AU9999.SGE,0.1999999998
2021-03-19,NH0100.NHF,0.1999999998
2021-03-26,000300.SH,0.1999999998
2021-03-26,000852.SH,0.1999999998
2021-03-26,CBA02701.CS,0.1999999998
2021-03-26,AU9999.SGE,0.1999999998
2021-03-26,NH0100.NHF,0.1999999998
2021-04-02,000300.SH,0.1999999998
2021-04-02,000852.SH,0.1999999998
2021-04-02,CBA02701.CS,0.1999999998
2021-04-02,AU9999.SGE,0.1999999998
2021-04-02,NH0100.NHF,0.1999999998
2021-04-09,000300.SH,0.1999999998
2021-04-09,000852.SH,0.1999999998
2021-04-09,CBA02701.CS,0.1999999998
2021-04-09,AU9999.SGE,0.1999999998
2021-04-09,NH0100.NHF,0.1999999998
2021-04-16,000300.SH,0.1999999998
2021-04-16,000852.SH,0.1999999998
2021-04-16,CBA02701.CS,0.1999999998
2021-04-16,AU9999.SGE,0.1999999998
2021-04-16,NH0100.NHF,0.1999999998
2021-04-23,000300.SH,0.1999999998
2021-04-23,000852.SH,0.1999999998
2021-04-23,CBA02701.CS,0.1999999998
2021-04-23,AU9999.SGE,0.1999999998
2021-04-23,NH0100.NHF,0.1999999998
2021-04-30,000300.SH,0.1999999998
2021-04-30,000852.SH,0.1999999998
2021-04-30,CBA02701.CS,0.1999999998
2021-04-30,AU9999.SGE,0.1999999998
2021-04-30,NH0100.NHF,0.1999999998
2021-05-07,000300.SH,0.1999999998
2021-05-07,000852.SH,0.1999999998
2021-05-07,CBA02701.CS,0.1999999998
2021-05-07,AU9999.SGE,0.1999999998
2021-05-07,NH0100.NHF,0.1999999998
2021-05-14,000300.SH,0.1999999998
2021-05-14,000852.SH,0.1999999998
2021-05-14,CBA02701.CS,0.1999999998
2021-05-14,AU9999.SGE,0.1999999998
2021-05-14,NH0100.NHF,0.1999999998
2021-05-21,000300.SH,0.1999999998
2021-05-21,000852.SH,0.1999999998
2021-05-21,CBA02701.CS,0.1999999998
2021-05-21,AU9999.SGE,0.1999999998
2021-05-21,NH0100.NHF,0.1999999998
2021-05-28,000300.SH,0.1999999998
2021-05-28,000852.SH,0.1999999998
2021-05-28,CBA02701.CS,0.1999999998
2021-05-28,AU9999.SGE,0.1999999998
2021-05-28,NH0100.NHF,0.1999999998
2021-06-04,000300.SH,0.1999999998
2021-06-04,000852.SH,0.1999999998
2021-06-04,CBA02701.CS,0.1999999998
2021-06-04,AU9999.SGE,0.1999999998
2021-06-04,NH0100.NHF,0.1999999998
2021-06-11,000300.SH,0.1999999998
2021-06-11,000852.SH,0.1999999998
2021-06-11,CBA02701.CS,0.1999999998
2021-06-11,AU9999.SGE,0.1999999998
2021-06-11,NH0100.NHF,0.1999999998
2021-06-18,000300.SH,0.1999999998
2021-06-18,000852.SH,0.1999999998
2021-06-18,CBA02701.CS,0.1999999998
2021-06-18,AU9999.SGE,0.1999999998
2021-06-18,NH0100.NHF,0.1999999998
2021-06-25,000300.SH,0.1999999998
2021-06-25,000852.SH,0.1999999998
2021-06-25,CBA02701.CS,0.1999999998
2021-06-25,AU9999.SGE,0.1999999998
2021-06-25,NH0100.NHF,0.1999999998
2021-07-02,000300.SH,0.1999999998
2021-07-02,000852.SH,0.1999999998
2021-07-02,CBA02701.CS,0.1999999998
2021-07-02,AU9999.SGE,0.1999999998
2021-07-02,NH0100.NHF,0.1999999998
2021-07-09,000300.SH,0.1999999998
2021-07-09,000852.SH,0.1999999998
2021-07-09,CBA02701.CS,0.1999999998
2021-07-09,AU9999.SGE,0.1999999998
2021-07-09,NH0100.NHF,0.1999999998
2021-07-16,000300.SH,0.1999999998
2021-07-16,000852.SH,0.1999999998
2021-07-16,CBA02701.CS,0.1999999998
2021-07-16,AU9999.SGE,0.1999999998
2021-07-16,NH0100.NHF,0.1999999998
2021-07-23,000300.SH,0.1999999998
2021-07-23,000852.SH,0.1999999998
2021-07-23,CBA02701.CS,0.1999999998
2021-07-23,AU9999.SGE,0.1999999998
2021-07-23,NH0100.NHF,0.1999999998
2021-07-30,000300.SH,0.1999999998
2021-07-30,000852.SH,0.1999999998
2021-07-30,CBA02701.CS,0.1999999998
2021-07-30,AU9999.SGE,0.1999999998
2021-07-30,NH0100.NHF,0.1999999998
2021-08-06,000300.SH,0.1999999998
2021-08-06,000852.SH,0.1999999998
2021-08-06,CBA02701.CS,0.1999999998
2021-08-06,AU9999.SGE,0.1999999998
2021-08-06,NH0100.NHF,0.1999999998
2021-08-13,000300.SH,0.1999999998
2021-08-13,000852.SH,0.1999999998
2021-08-13,CBA02701.CS,0.1999999998
2021-08-13,AU9999.SGE,0.1999999998
2021-08-13,NH0100.NHF,0.1999999998
2021-08-20,000300.SH,0.1999999998
2021-08-20,000852.SH,0.1999999998
2021-08-20,CBA02701.CS,0.1999999998
2021-08-20,AU9999.SGE,0.1999999998
2021-08-20,NH0100.NHF,0.1999999998
2021-08-27,000300.SH,0.1999999998
2021-08-27,000852.SH,0.1999999998
2021-08-27,CBA02701.CS,0.1999999998
2021-08-27,AU9999.SGE,0.1999999998
2021-08-27,NH0100.NHF,0.1999999998
2021-09-03,000300.SH,0.1999999998
2021-09-03,000852.SH,0.1999999998
2021-09-03,CBA02701.CS,0.1999999998
2021-09-03,AU9999.SGE,0.1999999998
2021-09-03,NH0100.NHF,0.1999999998
2021-09-10,000300.SH,0.1999999998
2021-09-10,000852.SH,0.1999999998
2021-09-10,CBA02701.CS,0.1999999998
2021-09-10,AU9999.SGE,0.1999999998
2021-09-10,NH0100.NHF,0.1999999998
2021-09-17,000300.SH,0.1999999998
2021-09-17,000852.SH,0.1999999998
2021-09-17,CBA02701.CS,0.1999999998
2021-09-17,AU9999.SGE,0.1999999998
2021-09-17,NH0100.NHF,0.1999999998
2021-09-24,000300.SH,0.1999999998
2021-09-24,000852.SH,0.1999999998
2021-09-24,CBA02701.CS,0.1999999998
2021-09-24,AU9999.SGE,0.1999999998
2021-09-24,NH0100.NHF,0.1999999998
2021-10-01,000300.SH,0.1999999998
2021-10-01,000852.SH,0.1999999998
2021-10-01,CBA02701.CS,0.1999999998
2021-10-01,AU9999.SGE,0.1999999998
2021-10-01,NH0100.NHF,0.1999999998
2021-10-08,000300.SH,0.1999999998
2021-10-08,000852.SH,0.1999999998
2021-10-08,CBA02701.CS,0.1999999998
2021-10-08,AU9999.SGE,0.1999999998
2021-10-08,NH0100.NHF,0.1999999998
2021-10-15,000300.SH,0.1999999998
2021-10-15,000852.SH,0.1999999998
2021-10-15,CBA02701.CS,0.1999999998
2021-10-15,AU9999.SGE,0.1999999998
2021-10-15,NH0100.NHF,0.1999999998
2021-10-22,000300.SH,0.1999999998
2021-10-22,000852.SH,0.1999999998
2021-10-22,CBA02701.CS,0.1999999998
2021-10-22,AU9999.SGE,0.1999999998
2021-10-22,NH0100.NHF,0.1999999998
2021-10-29,000300.SH,0.1999999998
2021-10-29,000852.SH,0.1999999998
2021-10-29,CBA02701.CS,0.1999999998
2021-10-29,AU9999.SGE,0.1999999998
2021-10-29,NH0100.NHF,0.1999999998
2021-11-05,000300.SH,0.1999999998
2021-11-05,000852.SH,0.1999999998
2021-11-05,CBA02701.CS,0.1999999998
2021-11-05,AU9999.SGE,0.1999999998
2021-11-05,NH0100.NHF,0.1999999998
2021-11-12,000300.SH,0.1999999998
2021-11-12,000852.SH,0.1999999998
2021-11-12,CBA02701.CS,0.1999999998
2021-11-12,AU9999.SGE,0.1999999998
2021-11-12,NH0100.NHF,0.1999999998
2021-11-19,000300.SH,0.1999999998
2021-11-19,000852.SH,0.1999999998
2021-11-19,CBA02701.CS,0.1999999998
2021-11-19,AU9999.SGE,0.1999999998
2021-11-19,NH0100.NHF,0.1999999998
2021-11-26,000300.SH,0.1999999998
2021-11-26,000852.SH,0.1999999998
2021-11-26,CBA02701.CS,0.1999999998
2021-11-26,AU9999.SGE,0.1999999998
2021-11-26,NH0100.NHF,0.1999999998
2021-12-03,000300.SH,0.1999999998
2021-12-03,000852.SH,0.1999999998
2021-12-03,CBA02701.CS,0.1999999998
2021-12-03,AU9999.SGE,0.1999999998
2021-12-03,NH0100.NHF,0.1999999998
2021-12-10,000300.SH,0.1999999998
2021-12-10,000852.SH,0.1999999998
2021-12-10,CBA02701.CS,0.1999999998
2021-12-10,AU9999.SGE,0.1999999998
2021-12-10,NH0100.NHF,0.1999999998
2021-12-17,000300.SH,0.1999999998
2021-12-17,000852.SH,0.1999999998
2021-12-17,CBA02701.CS,0.1999999998
2021-12-17,AU9999.SGE,0.1999999998
2021-12-17,NH0100.NHF,0.1999999998
2021-12-24,000300.SH,0.1999999998
2021-12-24,000852.SH,0.1999999998
2021-12-24,CBA02701.CS,0.1999999998
2021-12-24,AU9999.SGE,0.1999999998
2021-12-24,NH0100.NHF,0.1999999998
2021-12-31,000300.SH,0.1999999998
2021-12-31,000852.SH,0.1999999998
2021-12-31,CBA02701.CS,0.1999999998
2021-12-31,AU9999.SGE,0.1999999998
2021-12-31,NH0100.NHF,0.1999999998
2022-01-07,000300.SH,0.1999999998
2022-01-07,000852.SH,0.1999999998
2022-01-07,CBA02701.CS,0.1999999998
2022-01-07,AU9999.SGE,0.1999999998
2022-01-07,NH0100.NHF,0.1999999998
2022-01-14,000300.SH,0.1999999998
2022-01-14,000852.SH,0.1999999998
2022-01-14,CBA02701.CS,0.1999999998
2022-01-14,AU9999.SGE,0.1999999998
2022-01-14,NH0100.NHF,0.1999999998
2022-01-21,000300.SH,0.1999999998
2022-01-21,000852.SH,0.1999999998
2022-01-21,CBA02701.CS,0.1999999998
2022-01-21,AU9999.SGE,0.1999999998
2022-01-21,NH0100.NHF,0.1999999998
2022-01-28,000300.SH,0.1999999998
2022-01-28,000852.SH,0.1999999998
2022-01-28,CBA02701.CS,0.1999999998
2022-01-28,AU9999.SGE,0.1999999998
2022-01-28,NH0100.NHF,0.1999999998
2022-02-04,000300.SH,0.1999999998
2022-02-04,000852.SH,0.1999999998
2022-02-04,CBA02701.CS,0.1999999998
2022-02-04,AU9999.SGE,0.1999999998
2022-02-04,NH0100.NHF,0.1999999998
2022-02-11,000300.SH,0.1999999998
2022-02-11,000852.SH,0.1999999998
2022-02-11,CBA02701.CS,0.1999999998
2022-02-11,AU9999.SGE,0.1999999998
2022-02-11,NH0100.NHF,0.1999999998
2022-02-18,000300.SH,0.1999999998
2022-02-18,000852.SH,0.1999999998
2022-02-18,CBA02701.CS,0.1999999998
2022-02-18,AU9999.SGE,0.1999999998
2022-02-18,NH0100.NHF,0.1999999998
2022-02-25,000300.SH,0.1999999998
2022-02-25,000852.SH,0.1999999998
2022-02-25,CBA02701.CS,0.1999999998
2022-02-25,AU9999.SGE,0.1999999998
2022-02-25,NH0100.NHF,0.1999999998
2022-03-04,000300.SH,0.1999999998
2022-03-04,000852.SH,0.1999999998
2022-03-04,CBA02701.CS,0.1999999998
2022-03-04,AU9999.SGE,0.1999999998
2022-03-04,NH0100.NHF,0.1999999998
2022-03-11,000300.SH,0.1999999998
2022-03-11,000852.SH,0.1999999998
2022-03-11,CBA02701.CS,0.1999999998
2022-03-11,AU9999.SGE,0.1999999998
2022-03-11,NH0100.NHF,0.1999999998
2022-03-18,000300.SH,0.1999999998
2022-03-18,000852.SH,0.1999999998
2022-03-18,CBA02701.CS,0.1999999998
2022-03-18,AU9999.SGE,0.1999999998
2022-03-18,NH0100.NHF,0.1999999998
2022-03-25,000300.SH,0.1999999998
2022-03-25,000852.SH,0.1999999998
2022-03-25,CBA02701.CS,0.1999999998
2022-03-25,AU9999.SGE,0.1999999998
2022-03-25,NH0100.NHF,0.1999999998
2022-04-01,000300.SH,0.1999999998
2022-04-01,000852.SH,0.1999999998
2022-04-01,CBA02701.CS,0.1999999998
2022-04-01,AU9999.SGE,0.1999999998
2022-04-01,NH0100.NHF,0.1999999998
2022-04-08,000300.SH,0.1999999998
2022-04-08,000852.SH,0.1999999998
2022-04-08,CBA02701.CS,0.1999999998
2022-04-08,AU9999.SGE,0.1999999998
2022-04-08,NH0100.NHF,0.1999999998
2022-04-15,000300.SH,0.1999999998
2022-04-15,000852.SH,0.1999999998
2022-04-15,CBA02701.CS,0.1999999998
2022-04-15,AU9999.SGE,0.1999999998
2022-04-15,NH0100.NHF,0.1999999998
2022-04-22,000300.SH,0.1999999998
2022-04-22,000852.SH,0.1999999998
2022-04-22,CBA02701.CS,0.1999999998
2022-04-22,AU9999.SGE,0.1999999998
2022-04-22,NH0100.NHF,0.1999999998
2022-04-29,000300.SH,0.1999999998
2022-04-29,000852.SH,0.1999999998
2022-04-29,CBA02701.CS,0.1999999998
2022-04-29,AU9999.SGE,0.1999999998
2022-04-29,NH0100.NHF,0.1999999998
2022-05-06,000300.SH,0.1999999998
2022-05-06,000852.SH,0.1999999998
2022-05-06,CBA02701.CS,0.1999999998
2022-05-06,AU9999.SGE,0.1999999998
2022-05-06,NH0100.NHF,0.1999999998
2022-05-13,000300.SH,0.1999999998
2022-05-13,000852.SH,0.1999999998
2022-05-13,CBA02701.CS,0.1999999998
2022-05-13,AU9999.SGE,0.1999999998
2022-05-13,NH0100.NHF,0.1999999998
2022-05-20,000300.SH,0.1999999998
2022-05-20,000852.SH,0.1999999998
2022-05-20,CBA02701.CS,0.1999999998
2022-05-20,AU9999.SGE,0.1999999998
2022-05-20,NH0100.NHF,0.1999999998
2022-05-27,000300.SH,0.1999999998
2022-05-27,000852.SH,0.1999999998
2022-05-27,CBA02701.CS,0.1999999998
2022-05-27,AU9999.SGE,0.1999999998
2022-05-27,NH0100.NHF,0.1999999998
2022-06-03,000300.SH,0.1999999998
2022-06-03,000852.SH,0.1999999998
2022-06-03,CBA02701.CS,0.1999999998
2022-06-03,AU9999.SGE,0.1999999998
2022-06-03,NH0100.NHF,0.1999999998
2022-06-10,000300.SH,0.1999999998
2022-06-10,000852.SH,0.1999999998
2022-06-10,CBA02701.CS,0.1999999998
2022-06-10,AU9999.SGE,0.1999999998
2022-06-10,NH0100.NHF,0.1999999998
2022-06-17,000300.SH,0.1999999998
2022-06-17,000852.SH,0.1999999998
2022-06-17,CBA02701.CS,0.1999999998
2022-06-17,AU9999.SGE,0.1999999998
2022-06-17,NH0100.NHF,0.1999999998
2022-06-24,000300.SH,0.1999999998
2022-06-24,000852.SH,0.1999999998
2022-06-24,CBA02701.CS,0.1999999998
2022-06-24,AU9999.SGE,0.1999999998
2022-06-24,NH0100.NHF,0.1999999998
2022-07-01,000300.SH,0.1999999998
2022-07-01,000852.SH,0.1999999998
2022-07-01,CBA02701.CS,0.1999999998
2022-07-01,AU9999.SGE,0.1999999998
2022-07-01,NH0100.NHF,0.1999999998
2022-07-08,000300.SH,0.1999999998
2022-07-08,000852.SH,0.1999999998
2022-07-08,CBA02701.CS,0.1999999998
2022-07-08,AU9999.SGE,0.1999999998
2022-07-08,NH0100.NHF,0.1999999998
2022-07-15,000300.SH,0.1999999998
2022-07-15,000852.SH,0.1999999998
2022-07-15,CBA02701.CS,0.1999999998
2022-07-15,AU9999.SGE,0.1999999998
2022-07-15,NH0100.NHF,0.1999999998
2022-07-22,000300.SH,0.1999999998
2022-07-22,000852.SH,0.1999999998
2022-07-22,CBA02701.CS,0.1999999998
2022-07-22,AU9999.SGE,0.1999999998
2022-07-22,NH0100.NHF,0.1999999998
2022-07-29,000300.SH,0.1999999998
2022-07-29,000852.SH,0.1999999998
2022-07-29,CBA02701.CS,0.1999999998
2022-07-29,AU9999.SGE,0.1999999998
2022-07-29,NH0100.NHF,0.1999999998
2022-08-05,000300.SH,0.1999999998
2022-08-05,000852.SH,0.1999999998
2022-08-05,CBA02701.CS,0.1999999998
2022-08-05,AU9999.SGE,0.1999999998
2022-08-05,NH0100.NHF,0.1999999998
2022-08-12,000300.SH,0.1999999998
2022-08-12,000852.SH,0.1999999998
2022-08-12,CBA02701.CS,0.1999999998
2022-08-12,AU9999.SGE,0.1999999998
2022-08-12,NH0100.NHF,0.1999999998
2022-08-19,000300.SH,0.1999999998
2022-08-19,000852.SH,0.1999999998
2022-08-19,CBA02701.CS,0.1999999998
2022-08-19,AU9999.SGE,0.1999999998
2022-08-19,NH0100.NHF,0.1999999998
2022-08-26,000300.SH,0.1999999998
2022-08-26,000852.SH,0.1999999998
2022-08-26,CBA02701.CS,0.1999999998
2022-08-26,AU9999.SGE,0.1999999998
2022-08-26,NH0100.NHF,0.1999999998
2022-09-02,000300.SH,0.1999999998
2022-09-02,000852.SH,0.1999999998
2022-09-02,CBA02701.CS,0.1999999998
2022-09-02,AU9999.SGE,0.1999999998
2022-09-02,NH0100.NHF,0.1999999998
2022-09-09,000300.SH,0.1999999998
2022-09-09,000852.SH,0.1999999998
2022-09-09,CBA02701.CS,0.1999999998
2022-09-09,AU9999.SGE,0.1999999998
2022-09-09,NH0100.NHF,0.1999999998
2022-09-16,000300.SH,0.1999999998
2022-09-16,000852.SH,0.1999999998
2022-09-16,CBA02701.CS,0.1999999998
2022-09-16,AU9999.SGE,0.1999999998
2022-09-16,NH0100.NHF,0.1999999998
2022-09-23,000300.SH,0.1999999998
2022-09-23,000852.SH,0.1999999998
2022-09-23,CBA02701.CS,0.1999999998
2022-09-23,AU9999.SGE,0.1999999998
2022-09-23,NH0100.NHF,0.1999999998
2022-09-30,000300.SH,0.1999999998
2022-09-30,000852.SH,0.1999999998
2022-09-30,CBA02701.CS,0.1999999998
2022-09-30,AU9999.SGE,0.1999999998
2022-09-30,NH0100.NHF,0.1999999998
2022-10-07,000300.SH,0.1999999998
2022-10-07,000852.SH,0.1999999998
2022-10-07,CBA02701.CS,0.1999999998
2022-10-07,AU9999.SGE,0.1999999998
2022-10-07,NH0100.NHF,0.1999999998
2022-10-14,000300.SH,0.1999999998
2022-10-14,000852.SH,0.1999999998
2022-10-14,CBA02701.CS,0.1999999998
2022-10-14,AU9999.SGE,0.1999999998
2022-10-14,NH0100.NHF,0.1999999998
2022-10-21,000300.SH,0.1999999998
2022-10-21,000852.SH,0.1999999998
2022-10-21,CBA02701.CS,0.1999999998
2022-10-21,AU9999.SGE,0.1999999998
2022-10-21,NH0100.NHF,0.1999999998
2022-10-28,000300.SH,0.1999999998
2022-10-28,000852.SH,0.1999999998
2022-10-28,CBA02701.CS,0.1999999998
2022-10-28,AU9999.SGE,0.1999999998
2022-10-28,NH0100.NHF,0.1999999998
2022-11-04,000300.SH,0.1999999998
2022-11-04,000852.SH,0.1999999998
2022-11-04,CBA02701.CS,0.1999999998
2022-11-04,AU9999.SGE,0.1999999998
2022-11-04,NH0100.NHF,0.1999999998
2022-11-11,000300.SH,0.1999999998
2022-11-11,000852.SH,0.1999999998
2022-11-11,CBA02701.CS,0.1999999998
2022-11-11,AU9999.SGE,0.1999999998
2022-11-11,NH0100.NHF,0.1999999998
2022-11-18,000300.SH,0.1999999998
2022-11-18,000852.SH,0.1999999998
2022-11-18,CBA02701.CS,0.1999999998
2022-11-18,AU9999.SGE,0.1999999998
2022-11-18,NH0100.NHF,0.1999999998
2022-11-25,000300.SH,0.1999999998
2022-11-25,000852.SH,0.1999999998
2022-11-25,CBA02701.CS,0.1999999998
2022-11-25,AU9999.SGE,0.1999999998
2022-11-25,NH0100.NHF,0.1999999998
2022-12-02,000300.SH,0.1999999998
2022-12-02,000852.SH,0.1999999998
2022-12-02,CBA02701.CS,0.1999999998
2022-12-02,AU9999.SGE,0.1999999998
2022-12-02,NH0100.NHF,0.1999999998
2022-12-09,000300.SH,0.1999999998
2022-12-09,000852.SH,0.1999999998
2022-12-09,CBA02701.CS,0.1999999998
2022-12-09,AU9999.SGE,0.1999999998
2022-12-09,NH0100.NHF,0.1999999998
2022-12-16,000300.SH,0.1999999998
2022-12-16,000852.SH,0.1999999998
2022-12-16,CBA02701.CS,0.1999999998
2022-12-16,AU9999.SGE,0.1999999998
2022-12-16,NH0100.NHF,0.1999999998
2022-12-23,000300.SH,0.1999999998
2022-12-23,000852.SH,0.1999999998
2022-12-23,CBA02701.CS,0.1999999998
2022-12-23,AU9999.SGE,0.1999999998
2022-12-23,NH0100.NHF,0.1999999998
2022-12-30,000300.SH,0.1999999998
2022-12-30,000852.SH,0.1999999998
2022-12-30,CBA02701.CS,0.1999999998
2022-12-30,AU9999.SGE,0.1999999998
2022-12-30,NH0100.NHF,0.1999999998
2023-01-06,000300.SH,0.1999999998
2023-01-06,000852.SH,0.1999999998
2023-01-06,CBA02701.CS,0.1999999998
2023-01-06,AU9999.SGE,0.1999999998
2023-01-06,NH0100.NHF,0.1999999998
2023-01-13,000300.SH,0.1999999998
2023-01-13,000852.SH,0.1999999998
2023-01-13,CBA02701.CS,0.1999999998
2023-01-13,AU9999.SGE,0.1999999998
2023-01-13,NH0100.NHF,0.1999999998
2023-01-20,000300.SH,0.1999999998
2023-01-20,000852.SH,0.1999999998
2023-01-20,CBA02701.CS,0.1999999998
2023-01-20,AU9999.SGE,0.1999999998
2023-01-20,NH0100.NHF,0.1999999998
2023-01-27,000300.SH,0.1999999998
2023-01-27,000852.SH,0.1999999998
2023-01-27,CBA02701.CS,0.1999999998
2023-01-27,AU9999.SGE,0.1999999998
2023-01-27,NH0100.NHF,0.1999999998
2023-02-03,000300.SH,0.1999999998
2023-02-03,000852.SH,0.1999999998
2023-02-03,CBA02701.CS,0.1999999998
2023-02-03,AU9999.SGE,0.1999999998
2023-02-03,NH0100.NHF,0.1999999998
2023-02-10,000300.SH,0.1999999998
2023-02-10,000852.SH,0.1999999998
2023-02-10,CBA02701.CS,0.1999999998
2023-02-10,AU9999.SGE,0.1999999998
2023-02-10,NH0100.NHF,0.1999999998
2023-02-17,000300.SH,0.1999999998
2023-02-17,000852.SH,0.1999999998
2023-02-17,CBA02701.CS,0.1999999998
2023-02-17,AU9999.SGE,0.1999999998
2023-02-17,NH0100.NHF,0.1999999998
2023-02-24,000300.SH,0.1999999998
2023-02-24,000852.SH,0.1999999998
2023-02-24,CBA02701.CS,0.1999999998
2023-02-24,AU9999.SGE,0.1999999998
2023-02-24,NH0100.NHF,0.1999999998
2023-03-03,000300.SH,0.1999999998
2023-03-03,000852.SH,0.1999999998
2023-03-03,CBA02701.CS,0.1999999998
2023-03-03,AU9999.SGE,0.1999999998
2023-03-03,NH0100.NHF,0.1999999998
2023-03-10,000300.SH,0.1999999998
2023-03-10,000852.SH,0.1999999998
2023-03-10,CBA02701.CS,0.1999999998
2023-03-10,AU9999.SGE,0.1999999998
2023-03-10,NH0100.NHF,0.1999999998
2023-03-17,000300.SH,0.1999999998
2023-03-17,000852.SH,0.1999999998
2023-03-17,CBA02701.CS,0.1999999998
2023-03-17,AU9999.SGE,0.1999999998
2023-03-17,NH0100.NHF,0.1999999998
2023-03-24,000300.SH,0.1999999998
2023-03-24,000852.SH,0.1999999998
2023-03-24,CBA02701.CS,0.1999999998
2023-03-24,AU9999.SGE,0.1999999998
2023-03-24,NH0100.NHF,0.1999999998
2023-03-31,000300.SH,0.1999999998
2023-03-31,000852.SH,0.1999999998
2023-03-31,CBA02701.CS,0.1999999998
2023-03-31,AU9999.SGE,0.1999999998
2023-03-31,NH0100.NHF,0.1999999998
2023-04-07,000300.SH,0.1999999998
2023-04-07,000852.SH,0.1999999998
2023-04-07,CBA02701.CS,0.1999999998
2023-04-07,AU9999.SGE,0.1999999998
2023-04-07,NH0100.NHF,0.1999999998
2023-04-14,000300.SH,0.1999999998
2023-04-14,000852.SH,0.1999999998
2023-04-14,CBA02701.CS,0.1999999998
2023-04-14,AU9999.SGE,0.1999999998
2023-04-14,NH0100.NHF,0.1999999998
2023-04-21,000300.SH,0.1999999998
2023-04-21,000852.SH,0.1999999998
2023-04-21,CBA02701.CS,0.1999999998
2023-04-21,AU9999.SGE,0.1999999998
2023-04-21,NH0100.NHF,0.1999999998
2023-04-28,000300.SH,0.1999999998
2023-04-28,000852.SH,0.1999999998
2023-04-28,CBA02701.CS,0.1999999998
2023-04-28,AU9999.SGE,0.1999999998
2023-04-28,NH0100.NHF,0.1999999998
2023-05-05,000300.SH,0.1999999998
2023-05-05,000852.SH,0.1999999998
2023-05-05,CBA02701.CS,0.1999999998
2023-05-05,AU9999.SGE,0.1999999998
2023-05-05,NH0100.NHF,0.1999999998
2023-05-12,000300.SH,0.1999999998
2023-05-12,000852.SH,0.1999999998
2023-05-12,CBA02701.CS,0.1999999998
2023-05-12,AU9999.SGE,0.1999999998
2023-05-12,NH0100.NHF,0.1999999998
2023-05-19,000300.SH,0.1999999998
2023-05-19,000852.SH,0.1999999998
2023-05-19,CBA02701.CS,0.1999999998
2023-05-19,AU9999.SGE,0.1999999998
2023-05-19,NH0100.NHF,0.1999999998
2023-05-26,000300.SH,0.1999999998
2023-05-26,000852.SH,0.1999999998
2023-05-26,CBA02701.CS,0.1999999998
2023-05-26,AU9999.SGE,0.1999999998
2023-05-26,NH0100.NHF,0.1999999998
2023-06-02,000300.SH,0.1999999998
2023-06-02,000852.SH,0.1999999998
2023-06-02,CBA02701.CS,0.1999999998
2023-06-02,AU9999.SGE,0.1999999998
2023-06-02,NH0100.NHF,0.1999999998
2023-06-09,000300.SH,0.1999999998
2023-06-09,000852.SH,0.1999999998
2023-06-09,CBA02701.CS,0.1999999998
2023-06-09,AU9999.SGE,0.1999999998
2023-06-09,NH0100.NHF,0.1999999998
2023-06-16,000300.SH,0.1999999998
2023-06-16,000852.SH,0.1999999998
2023-06-16,CBA02701.CS,0.1999999998
2023-06-16,AU9999.SGE,0.1999999998
2023-06-16,NH0100.NHF,0.1999999998
2023-06-23,000300.SH,0.1999999998
2023-06-23,000852.SH,0.1999999998
2023-06-23,CBA02701.CS,0.1999999998
2023-06-23,AU9999.SGE,0.1999999998
2023-06-23,NH0100.NHF,0.1999999998
2023-06-30,000300.SH,0.1999999998
2023-06-30,000852.SH,0.1999999998
2023-06-30,CBA02701.CS,0.1999999998
2023-06-30,AU9999.SGE,0.1999999998
2023-06-30,NH0100.NHF,0.1999999998
2023-07-07,000300.SH,0.1999999998
2023-07-07,000852.SH,0.1999999998
2023-07-07,CBA02701.CS,0.1999999998
2023-07-07,AU9999.SGE,0.1999999998
2023-07-07,NH0100.NHF,0.1999999998
2023-07-14,000300.SH,0.1999999998
2023-07-14,000852.SH,0.1999999998
2023-07-14,CBA02701.CS,0.1999999998
2023-07-14,AU9999.SGE,0.1999999998
2023-07-14,NH0100.NHF,0.1999999998
2023-07-21,000300.SH,0.1999999998
2023-07-21,000852.SH,0.1999999998
2023-07-21,CBA02701.CS,0.1999999998
2023-07-21,AU9999.SGE,0.1999999998
2023-07-21,NH0100.NHF,0.1999999998
2023-07-28,000300.SH,0.1999999998
2023-07-28,000852.SH,0.1999999998
2023-07-28,CBA02701.CS,0.1999999998
2023-07-28,AU9999.SGE,0.1999999998
2023-07-28,NH0100.NHF,0.1999999998
2023-08-04,000300.SH,0.1999999998
2023-08-04,000852.SH,0.1999999998
2023-08-04,CBA02701.CS,0.1999999998
2023-08-04,AU9999.SGE,0.1999999998
2023-08-04,NH0100.NHF,0.1999999998
2023-08-11,000300.SH,0.1999999998
2023-08-11,000852.SH,0.1999999998
2023-08-11,CBA02701.CS,0.1999999998
2023-08-11,AU9999.SGE,0.1999999998
2023-08-11,NH0100.NHF,0.1999999998
2023-08-18,000300.SH,0.1999999998
2023-08-18,000852.SH,0.1999999998
2023-08-18,CBA02701.CS,0.1999999998
2023-08-18,AU9999.SGE,0.1999999998
2023-08-18,NH0100.NHF,0.1999999998
2023-08-25,000300.SH,0.1999999998
2023-08-25,000852.SH,0.1999999998
2023-08-25,CBA02701.CS,0.1999999998
2023-08-25,AU9999.SGE,0.1999999998
2023-08-25,NH0100.NHF,0.1999999998
2023-09-01,000300.SH,0.1999999998
2023-09-01,000852.SH,0.1999999998
2023-09-01,CBA02701.CS,0.1999999998
2023-09-01,AU9999.SGE,0.1999999998
2023-09-01,NH0100.NHF,0.1999999998
2023-09-08,000300.SH,0.1999999998
2023-09-08,000852.SH,0.1999999998
2023-09-08,CBA02701.CS,0.1999999998
2023-09-08,AU9999.SGE,0.1999999998
2023-09-08,NH0100.NHF,0.1999999998
2023-09-15,000300.SH,0.1999999998
2023-09-15,000852.SH,0.1999999998
2023-09-15,CBA02701.CS,0.1999999998
2023-09-15,AU9999.SGE,0.1999999998
2023-09-15,NH0100.NHF,0.1999999998
2023-09-22,000300.SH,0.1999999998
2023-09-22,000852.SH,0.1999999998
2023-09-22,CBA02701.CS,0.1999999998
2023-09-22,AU9999.SGE,0.1999999998
2023-09-22,NH0100.NHF,0.1999999998
2023-09-29,000300.SH,0.1999999998
2023-09-29,000852.SH,0.1999999998
2023-09-29,CBA02701.CS,0.1999999998
2023-09-29,AU9999.SGE,0.1999999998
2023-09-29,NH0100.NHF,0.1999999998
2023-10-06,000300.SH,0.1999999998
2023-10-06,000852.SH,0.1999999998
2023-10-06,CBA02701.CS,0.1999999998
2023-10-06,AU9999.SGE,0.1999999998
2023-10-06,NH0100.NHF,0.1999999998
2023-10-13,000300.SH,0.1999999998
2023-10-13,000852.SH,0.1999999998
2023-10-13,CBA02701.CS,0.1999999998
2023-10-13,AU9999.SGE,0.1999999998
2023-10-13,NH0100.NHF,0.1999999998
2023-10-20,000300.SH,0.1999999998
2023-10-20,000852.SH,0.1999999998
2023-10-20,CBA02701.CS,0.1999999998
2023-10-20,AU9999.SGE,0.1999999998
2023-10-20,NH0100.NHF,0.1999999998
2023-10-27,000300.SH,0.1999999998
2023-10-27,000852.SH,0.1999999998
2023-10-27,CBA02701.CS,0.1999999998
2023-10-27,AU9999.SGE,0.1999999998
2023-10-27,NH0100.NHF,0.1999999998
2023-11-03,000300.SH,0.1999999998
2023-11-03,000852.SH,0.1999999998
2023-11-03,CBA02701.CS,0.1999999998
2023-11-03,AU9999.SGE,0.1999999998
2023-11-03,NH0100.NHF,0.1999999998
2023-11-10,000300.SH,0.1999999998
2023-11-10,000852.SH,0.1999999998
2023-11-10,CBA02701.CS,0.1999999998
2023-11-10,AU9999.SGE,0.1999999998
2023-11-10,NH0100.NHF,0.1999999998
2023-11-17,000300.SH,0.1999999998
2023-11-17,000852.SH,0.1999999998
2023-11-17,CBA02701.CS,0.1999999998
2023-11-17,AU9999.SGE,0.1999999998
2023-11-17,NH0100.NHF,0.1999999998
2023-11-24,000300.SH,0.1999999998
2023-11-24,000852.SH,0.1999999998
2023-11-24,CBA02701.CS,0.1999999998
2023-11-24,AU9999.SGE,0.1999999998
2023-11-24,NH0100.NHF,0.1999999998
2023-12-01,000300.SH,0.1999999998
2023-12-01,000852.SH,0.1999999998
2023-12-01,CBA02701.CS,0.1999999998
2023-12-01,AU9999.SGE,0.1999999998
2023-12-01,NH0100.NHF,0.1999999998
2023-12-08,000300.SH,0.1999999998
2023-12-08,000852.SH,0.1999999998
2023-12-08,CBA02701.CS,0.1999999998
2023-12-08,AU9999.SGE,0.1999999998
2023-12-08,NH0100.NHF,0.1999999998
2023-12-15,000300.SH,0.1999999998
2023-12-15,000852.SH,0.1999999998
2023-12-15,CBA02701.CS,0.1999999998
2023-12-15,AU9999.SGE,0.1999999998
2023-12-15,NH0100.NHF,0.1999999998
2023-12-22,000300.SH,0.1999999998
2023-12-22,000852.SH,0.1999999998
2023-12-22,CBA02701.CS,0.1999999998
2023-12-22,AU9999.SGE,0.1999999998
2023-12-22,NH0100.NHF,0.1999999998
2023-12-29,000300.SH,0.1999999998
2023-12-29,000852.SH,0.1999999998
2023-12-29,CBA02701.CS,0.1999999998
2023-12-29,AU9999.SGE,0.1999999998
2023-12-29,NH0100.NHF,0.1999999998
2024-01-05,000300.SH,0.1999999998
2024-01-05,000852.SH,0.1999999998
2024-01-05,CBA02701.CS,0.1999999998
2024-01-05,AU9999.SGE,0.1999999998
2024-01-05,NH0100.NHF,0.1999999998
2024-01-12,000300.SH,0.1999999998
2024-01-12,000852.SH,0.1999999998
2024-01-12,CBA02701.CS,0.1999999998
2024-01-12,AU9999.SGE,0.1999999998
2024-01-12,NH0100.NHF,0.1999999998
2024-01-19,000300.SH,0.1999999998
2024-01-19,000852.SH,0.1999999998
2024-01-19,CBA02701.CS,0.1999999998
2024-01-19,AU9999.SGE,0.1999999998
2024-01-19,NH0100.NHF,0.1999999998
2024-01-26,000300.SH,0.1999999998
2024-01-26,000852.SH,0.1999999998
2024-01-26,CBA02701.CS,0.1999999998
2024-01-26,AU9999.SGE,0.1999999998
2024-01-26,NH0100.NHF,0.1999999998
2024-02-02,000300.SH,0.1999999998
2024-02-02,000852.SH,0.1999999998
2024-02-02,CBA02701.CS,0.1999999998
2024-02-02,AU9999.SGE,0.1999999998
2024-02-02,NH0100.NHF,0.1999999998
2024-02-09,000300.SH,0.1999999998
2024-02-09,000852.SH,0.1999999998
2024-02-09,CBA02701.CS,0.1999999998
2024-02-09,AU9999.SGE,0.1999999998
2024-02-09,NH0100.NHF,0.1999999998
2024-02-16,000300.SH,0.1999999998
2024-02-16,000852.SH,0.1999999998
2024-02-16,CBA02701.CS,0.1999999998
2024-02-16,AU9999.SGE,0.1999999998
2024-02-16,NH0100.NHF,0.1999999998
2024-02-23,000300.SH,0.1999999998
2024-02-23,000852.SH,0.1999999998
2024-02-23,CBA02701.CS,0.1999999998
2024-02-23,AU9999.SGE,0.1999999998
2024-02-23,NH0100.NHF,0.1999999998
2024-03-01,000300.SH,0.1999999998
2024-03-01,000852.SH,0.1999999998
2024-03-01,CBA02701.CS,0.1999999998
2024-03-01,AU9999.SGE,0.1999999998
2024-03-01,NH0100.NHF,0.1999999998
2024-03-08,000300.SH,0.1999999998
2024-03-08,000852.SH,0.1999999998
2024-03-08,CBA02701.CS,0.1999999998
2024-03-08,AU9999.SGE,0.1999999998
2024-03-08,NH0100.NHF,0.1999999998
2024-03-15,000300.SH,0.1999999998
2024-03-15,000852.SH,0.1999999998
2024-03-15,CBA02701.CS,0.1999999998
2024-03-15,AU9999.SGE,0.1999999998
2024-03-15,NH0100.NHF,0.1999999998
2024-03-22,000300.SH,0.1999999998
2024-03-22,000852.SH,0.1999999998
2024-03-22,CBA02701.CS,0.1999999998
2024-03-22,AU9999.SGE,0.1999999998
2024-03-22,NH0100.NHF,0.1999999998
2024-03-29,000300.SH,0.1999999998
2024-03-29,000852.SH,0.1999999998
2024-03-29,CBA02701.CS,0.1999999998
2024-03-29,AU9999.SGE,0.1999999998
2024-03-29,NH0100.NHF,0.1999999998
2024-04-05,000300.SH,0.1999999998
2024-04-05,000852.SH,0.1999999998
2024-04-05,CBA02701.CS,0.1999999998
2024-04-05,AU9999.SGE,0.1999999998
2024-04-05,NH0100.NHF,0.1999999998
2024-04-12,000300.SH,0.1999999998
2024-04-12,000852.SH,0.1999999998
2024-04-12,CBA02701.CS,0.1999999998
2024-04-12,AU9999.SGE,0.1999999998
2024-04-12,NH0100.NHF,0.1999999998
2024-04-19,000300.SH,0.1999999998
2024-04-19,000852.SH,0.1999999998
2024-04-19,CBA02701.CS,0.1999999998
2024-04-19,AU9999.SGE,0.1999999998
2024-04-19,NH0100.NHF,0.1999999998
2024-04-26,000300.SH,0.1999999998
2024-04-26,000852.SH,0.1999999998
2024-04-26,CBA02701.CS,0.1999999998
2024-04-26,AU9999.SGE,0.1999999998
2024-04-26,NH0100.NHF,0.1999999998
2024-05-03,000300.SH,0.1999999998
2024-05-03,000852.SH,0.1999999998
2024-05-03,CBA02701.CS,0.1999999998
2024-05-03,AU9999.SGE,0.1999999998
2024-05-03,NH0100.NHF,0.1999999998
2024-05-10,000300.SH,0.1999999998
2024-05-10,000852.SH,0.1999999998
2024-05-10,CBA02701.CS,0.1999999998
2024-05-10,AU9999.SGE,0.1999999998
2024-05-10,NH0100.NHF,0.1999999998
2024-05-17,000300.SH,0.1999999998
2024-05-17,000852.SH,0.1999999998
2024-05-17,CBA02701.CS,0.1999999998
2024-05-17,AU9999.SGE,0.1999999998
2024-05-17,NH0100.NHF,0.1999999998
2024-05-24,000300.SH,0.1999999998
2024-05-24,000852.SH,0.1999999998
2024-05-24,CBA02701.CS,0.1999999998
2024-05-24,AU9999.SGE,0.1999999998
2024-05-24,NH0100.NHF,0.1999999998
2024-05-31,000300.SH,0.1999999998
2024-05-31,000852.SH,0.1999999998
2024-05-31,CBA02701.CS,0.1999999998
2024-05-31,AU9999.SGE,0.1999999998
2024-05-31,NH0100.NHF,0.1999999998
2024-06-07,000300.SH,0.1999999998
2024-06-07,000852.SH,0.1999999998
2024-06-07,CBA02701.CS,0.1999999998
2024-06-07,AU9999.SGE,0.1999999998
2024-06-07,NH0100.NHF,0.1999999998
2024-06-14,000300.SH,0.1999999998
2024-06-14,000852.SH,0.1999999998
2024-06-14,CBA02701.CS,0.1999999998
2024-06-14,AU9999.SGE,0.1999999998
2024-06-14,NH0100.NHF,0.1999999998
2024-06-21,000300.SH,0.1999999998
2024-06-21,000852.SH,0.1999999998
2024-06-21,CBA02701.CS,0.1999999998
2024-06-21,AU9999.SGE,0.1999999998
2024-06-21,NH0100.NHF,0.1999999998
2024-06-28,000300.SH,0.1999999998
2024-06-28,000852.SH,0.1999999998
2024-06-28,CBA02701.CS,0.1999999998
2024-06-28,AU9999.SGE,0.1999999998
2024-06-28,NH0100.NHF,0.1999999998
2024-07-05,000300.SH,0.1999999998
2024-07-05,000852.SH,0.1999999998
2024-07-05,CBA02701.CS,0.1999999998
2024-07-05,AU9999.SGE,0.1999999998
2024-07-05,NH0100.NHF,0.1999999998
2024-07-12,000300.SH,0.1999999998
2024-07-12,000852.SH,0.1999999998
2024-07-12,CBA02701.CS,0.1999999998
2024-07-12,AU9999.SGE,0.1999999998
2024-07-12,NH0100.NHF,0.1999999998
2024-07-19,000300.SH,0.1999999998
2024-07-19,000852.SH,0.1999999998
2024-07-19,CBA02701.CS,0.1999999998
2024-07-19,AU9999.SGE,0.1999999998
2024-07-19,NH0100.NHF,0.1999999998
2024-07-26,000300.SH,0.1999999998
2024-07-26,000852.SH,0.1999999998
2024-07-26,CBA02701.CS,0.1999999998
2024-07-26,AU9999.SGE,0.1999999998
2024-07-26,NH0100.NHF,0.1999999998
2024-08-02,000300.SH,0.1999999998
2024-08-02,000852.SH,0.1999999998
2024-08-02,CBA02701.CS,0.1999999998
2024-08-02,AU9999.SGE,0.1999999998
2024-08-02,NH0100.NHF,0.1999999998
2024-08-09,000300.SH,0.1999999998
2024-08-09,000852.SH,0.1999999998
2024-08-09,CBA02701.CS,0.1999999998
2024-08-09,AU9999.SGE,0.1999999998
2024-08-09,NH0100.NHF,0.1999999998
2024-08-16,000300.SH,0.1999999998
2024-08-16,000852.SH,0.1999999998
2024-08-16,CBA02701.CS,0.1999999998
2024-08-16,AU9999.SGE,0.1999999998
2024-08-16,NH0100.NHF,0.1999999998
2024-08-23,000300.SH,0.1999999998
2024-08-23,000852.SH,0.1999999998
2024-08-23,CBA02701.CS,0.1999999998
2024-08-23,AU9999.SGE,0.1999999998
2024-08-23,NH0100.NHF,0.1999999998
2024-08-30,000300.SH,0.1999999998
2024-08-30,000852.SH,0.1999999998
2024-08-30,CBA02701.CS,0.1999999998
2024-08-30,AU9999.SGE,0.1999999998
2024-08-30,NH0100.NHF,0.1999999998
2024-09-06,000300.SH,0.1999999998
2024-09-06,000852.SH,0.1999999998
2024-09-06,CBA02701.CS,0.1999999998
2024-09-06,AU9999.SGE,0.1999999998
2024-09-06,NH0100.NHF,0.1999999998
2024-09-13,000300.SH,0.1999999998
2024-09-13,000852.SH,0.1999999998
2024-09-13,CBA02701.CS,0.1999999998
2024-09-13,AU9999.SGE,0.1999999998
2024-09-13,NH0100.NHF,0.1999999998
2024-09-20,000300.SH,0.1999999998
2024-09-20,000852.SH,0.1999999998
2024-09-20,CBA02701.CS,0.1999999998
2024-09-20,AU9999.SGE,0.1999999998
2024-09-20,NH0100.NHF,0.1999999998
2024-09-27,000300.SH,0.1999999998
2024-09-27,000852.SH,0.1999999998
2024-09-27,CBA02701.CS,0.1999999998
2024-09-27,AU9999.SGE,0.1999999998
2024-09-27,NH0100.NHF,0.1999999998
2024-10-04,000300.SH,0.1999999998
2024-10-04,000852.SH,0.1999999998
2024-10-04,CBA02701.CS,0.1999999998
2024-10-04,AU9999.SGE,0.1999999998
2024-10-04,NH0100.NHF,0.1999999998
2024-10-11,000300.SH,0.1999999998
2024-10-11,000852.SH,0.1999999998
2024-10-11,CBA02701.CS,0.1999999998
2024-10-11,AU9999.SGE,0.1999999998
2024-10-11,NH0100.NHF,0.1999999998
2024-10-18,000300.SH,0.1999999998
2024-10-18,000852.SH,0.1999999998
2024-10-18,CBA02701.CS,0.1999999998
2024-10-18,AU9999.SGE,0.1999999998
2024-10-18,NH0100.NHF,0.1999999998
2024-10-25,000300.SH,0.1999999998
2024-10-25,000852.SH,0.1999999998
2024-10-25,CBA02701.CS,0.1999999998
2024-10-25,AU9999.SGE,0.1999999998
2024-10-25,NH0100.NHF,0.1999999998
2024-11-01,000300.SH,0.1999999998
2024-11-01,000852.SH,0.1999999998
2024-11-01,CBA02701.CS,0.1999999998
2024-11-01,AU9999.SGE,0.1999999998
2024-11-01,NH0100.NHF,0.1999999998
2024-11-08,000300.SH,0.1999999998
2024-11-08,000852.SH,0.1999999998
2024-11-08,CBA02701.CS,0.1999999998
2024-11-08,AU9999.SGE,0.1999999998
2024-11-08,NH0100.NHF,0.1999999998
2024-11-15,000300.SH,0.1999999998
2024-11-15,000852.SH,0.1999999998
2024-11-15,CBA02701.CS,0.1999999998
2024-11-15,AU9999.SGE,0.1999999998
2024-11-15,NH0100.NHF,0.1999999998
2024-11-22,000300.SH,0.1999999998
2024-11-22,000852.SH,0.1999999998
2024-11-22,CBA02701.CS,0.1999999998
2024-11-22,AU9999.SGE,0.1999999998
2024-11-22,NH0100.NHF,0.1999999998
2024-11-29,000300.SH,0.1999999998
2024-11-29,000852.SH,0.1999999998
2024-11-29,CBA02701.CS,0.1999999998
2024-11-29,AU9999.SGE,0.1999999998
2024-11-29,NH0100.NHF,0.1999999998
2024-12-06,000300.SH,0.1999999998
2024-12-06,000852.SH,0.1999999998
2024-12-06,CBA02701.CS,0.1999999998
2024-12-06,AU9999.SGE,0.1999999998
2024-12-06,NH0100.NHF,0.1999999998
2024-12-13,000300.SH,0.1999999998
2024-12-13,000852.SH,0.1999999998
2024-12-13,CBA02701.CS,0.1999999998
2024-12-13,AU9999.SGE,0.1999999998
2024-12-13,NH0100.NHF,0.1999999998
2024-12-20,000300.SH,0.1999999998
2024-12-20,000852.SH,0.1999999998
2024-12-20,CBA02701.CS,0.1999999998
2024-12-20,AU9999.SGE,0.1999999998
2024-12-20,NH0100.NHF,0.1999999998
2024-12-27,000300.SH,0.1999999998
2024-12-27,000852.SH,0.1999999998
2024-12-27,CBA02701.CS,0.1999999998
2024-12-27,AU9999.SGE,0.1999999998
2024-12-27,NH0100.NHF,0.1999999998
2025-01-03,000300.SH,0.1999999998
2025-01-03,000852.SH,0.1999999998
2025-01-03,CBA02701.CS,0.1999999998
2025-01-03,AU9999.SGE,0.1999999998
2025-01-03,NH0100.NHF,0.1999999998
2025-01-10,000300.SH,0.1999999998
2025-01-10,000852.SH,0.1999999998
2025-01-10,CBA02701.CS,0.1999999998
2025-01-10,AU9999.SGE,0.1999999998
2025-01-10,NH0100.NHF,0.1999999998
2025-01-17,000300.SH,0.1999999998
2025-01-17,000852.SH,0.1999999998
2025-01-17,CBA02701.CS,0.1999999998
2025-01-17,AU9999.SGE,0.1999999998
2025-01-17,NH0100.NHF,0.1999999998
2025-01-24,000300.SH,0.1999999998
2025-01-24,000852.SH,0.1999999998
2025-01-24,CBA02701.CS,0.1999999998
2025-01-24,AU9999.SGE,0.1999999998
2025-01-24,NH0100.NHF,0.1999999998
2025-01-31,000300.SH,0.1999999998
2025-01-31,000852.SH,0.1999999998
2025-01-31,CBA02701.CS,0.1999999998
2025-01-31,AU9999.SGE,0.1999999998
2025-01-31,NH0100.NHF,0.1999999998
2025-02-07,000300.SH,0.1999999998
2025-02-07,000852.SH,0.1999999998
2025-02-07,CBA02701.CS,0.1999999998
2025-02-07,AU9999.SGE,0.1999999998
2025-02-07,NH0100.NHF,0.1999999998
2025-02-14,000300.SH,0.1999999998
2025-02-14,000852.SH,0.1999999998
2025-02-14,CBA02701.CS,0.1999999998
2025-02-14,AU9999.SGE,0.1999999998
2025-02-14,NH0100.NHF,0.1999999998
2025-02-21,000300.SH,0.1999999998
2025-02-21,000852.SH,0.1999999998
2025-02-21,CBA02701.CS,0.1999999998
2025-02-21,AU9999.SGE,0.1999999998
2025-02-21,NH0100.NHF,0.1999999998
2025-02-28,000300.SH,0.1999999998
2025-02-28,000852.SH,0.1999999998
2025-02-28,CBA02701.CS,0.1999999998
2025-02-28,AU9999.SGE,0.1999999998
2025-02-28,NH0100.NHF,0.1999999998
2025-03-07,000300.SH,0.1999999998
2025-03-07,000852.SH,0.1999999998
2025-03-07,CBA02701.CS,0.1999999998
2025-03-07,AU9999.SGE,0.1999999998
2025-03-07,NH0100.NHF,0.1999999998
2025-03-14,000300.SH,0.1999999998
2025-03-14,000852.SH,0.1999999998
2025-03-14,CBA02701.CS,0.1999999998
2025-03-14,AU9999.SGE,0.1999999998
2025-03-14,NH0100.NHF,0.1999999998
2025-03-21,000300.SH,0.1999999998
2025-03-21,000852.SH,0.1999999998
2025-03-21,CBA02701.CS,0.1999999998
2025-03-21,AU9999.SGE,0.1999999998
2025-03-21,NH0100.NHF,0.1999999998
2025-03-28,000300.SH,0.1999999998
2025-03-28,000852.SH,0.1999999998
2025-03-28,CBA02701.CS,0.1999999998
2025-03-28,AU9999.SGE,0.1999999998
2025-03-28,NH0100.NHF,0.1999999998
2025-04-04,000300.SH,0.1999999998
2025-04-04,000852.SH,0.1999999998
2025-04-04,CBA02701.CS,0.1999999998
2025-04-04,AU9999.SGE,0.1999999998
2025-04-04,NH0100.NHF,0.1999999998
2025-04-11,000300.SH,0.1999999998
2025-04-11,000852.SH,0.1999999998
2025-04-11,CBA02701.CS,0.1999999998
2025-04-11,AU9999.SGE,0.1999999998
2025-04-11,NH0100.NHF,0.1999999998
2025-04-18,000300.SH,0.1999999998
2025-04-18,000852.SH,0.1999999998
2025-04-18,CBA02701.CS,0.1999999998
2025-04-18,AU9999.SGE,0.1999999998
2025-04-18,NH0100.NHF,0.1999999998
2025-04-25,000300.SH,0.1999999998
2025-04-25,000852.SH,0.1999999998
2025-04-25,CBA02701.CS,0.1999999998
2025-04-25,AU9999.SGE,0.1999999998
2025-04-25,NH0100.NHF,0.1999999998
2025-05-02,000300.SH,0.1999999998
2025-05-02,000852.SH,0.1999999998
2025-05-02,CBA02701.CS,0.1999999998
2025-05-02,AU9999.SGE,0.1999999998
2025-05-02,NH0100.NHF,0.1999999998
2025-05-09,000300.SH,0.1999999998
2025-05-09,000852.SH,0.1999999998
2025-05-09,CBA02701.CS,0.1999999998
2025-05-09,AU9999.SGE,0.1999999998
2025-05-09,NH0100.NHF,0.1999999998
2025-05-16,000300.SH,0.1999999998
2025-05-16,000852.SH,0.1999999998
2025-05-16,CBA02701.CS,0.1999999998
2025-05-16,AU9999.SGE,0.1999999998
2025-05-16,NH0100.NHF,0.1999999998
2025-05-23,000300.SH,0.1999999998
2025-05-23,000852.SH,0.1999999998
2025-05-23,CBA02701.CS,0.1999999998
2025-05-23,AU9999.SGE,0.1999999998
2025-05-23,NH0100.NHF,0.1999999998
2025-05-30,000300.SH,0.1999999998
2025-05-30,000852.SH,0.1999999998
2025-05-30,CBA02701.CS,0.1999999998
2025-05-30,AU9999.SGE,0.1999999998
2025-05-30,NH0100.NHF,0.1999999998
2025-06-06,000300.SH,0.1999999998
2025-06-06,000852.SH,0.1999999998
2025-06-06,CBA02701.CS,0.1999999998
2025-06-06,AU9999.SGE,0.1999999998
2025-06-06,NH0100.NHF,0.1999999998
2025-06-13,000300.SH,0.1999999998
2025-06-13,000852.SH,0.1999999998
2025-06-13,CBA02701.CS,0.1999999998
2025-06-13,AU9999.SGE,0.1999999998
2025-06-13,NH0100.NHF,0.1999999998
2025-06-20,000300.SH,0.1999999998
2025-06-20,000852.SH,0.1999999998
2025-06-20,CBA02701.CS,0.1999999998
2025-06-20,AU9999.SGE,0.1999999998
2025-06-20,NH0100.NHF,0.1999999998
2025-06-27,000300.SH,0.1999999998
2025-06-27,000852.SH,0.1999999998
2025-06-27,CBA02701.CS,0.1999999998
2025-06-27,AU9999.SGE,0.1999999998
2025-06-27,NH0100.NHF,0.1999999998
2025-07-04,000300.SH,0.1999999998
2025-07-04,000852.SH,0.1999999998
2025-07-04,CBA02701.CS,0.1999999998
2025-07-04,AU9999.SGE,0.1999999998
2025-07-04,NH0100.NHF,0.1999999998
2025-07-11,000300.SH,0.1999999998
2025-07-11,000852.SH,0.1999999998
2025-07-11,CBA02701.CS,0.1999999998
2025-07-11,AU9999.SGE,0.1999999998
2025-07-11,NH0100.NHF,0.1999999998
2025-07-18,000300.SH,0.1999999998
2025-07-18,000852.SH,0.1999999998
2025-07-18,CBA02701.CS,0.1999999998
2025-07-18,AU9999.SGE,0.1999999998
2025-07-18,NH0100.NHF,0.1999999998
2025-07-25,000300.SH,0.1999999998
2025-07-25,000852.SH,0.1999999998
2025-07-25,CBA02701.CS,0.1999999998
2025-07-25,AU9999.SGE,0.1999999998
2025-07-25,NH0100.NHF,0.1999999998
2025-08-01,000300.SH,0.1999999998
2025-08-01,000852.SH,0.1999999998
2025-08-01,CBA02701.CS,0.1999999998
2025-08-01,AU9999.SGE,0.1999999998
2025-08-01,NH0100.NHF,0.1999999998
2025-08-08,000300.SH,0.1999999998
2025-08-08,000852.SH,0.1999999998
2025-08-08,CBA02701.CS,0.1999999998
2025-08-08,AU9999.SGE,0.1999999998
2025-08-08,NH0100.NHF,0.1999999998
2025-08-15,000300.SH,0.1999999998
2025-08-15,000852.SH,0.1999999998
2025-08-15,CBA02701.CS,0.1999999998
2025-08-15,AU9999.SGE,0.1999999998
2025-08-15,NH0100.NHF,0.1999999998
2025-08-22,000300.SH,0.1999999998
2025-08-22,000852.SH,0.1999999998
2025-08-22,CBA02701.CS,0.1999999998
2025-08-22,AU9999.SGE,0.1999999998
2025-08-22,NH0100.NHF,0.1999999998
2025-08-29,000300.SH,0.1999999998
2025-08-29,000852.SH,0.1999999998
2025-08-29,CBA02701.CS,0.1999999998
2025-08-29,AU9999.SGE,0.1999999998
2025-08-29,NH0100.NHF,0.1999999998
2025-09-05,000300.SH,0.1999999998
2025-09-05,000852.SH,0.1999999998
2025-09-05,CBA02701.CS,0.1999999998
2025-09-05,AU9999.SGE,0.1999999998
2025-09-05,NH0100.NHF,0.1999999998
2025-09-12,000300.SH,0.1999999998
2025-09-12,000852.SH,0.1999999998
2025-09-12,CBA02701.CS,0.1999999998
2025-09-12,AU9999.SGE,0.1999999998
2025-09-12,NH0100.NHF,0.1999999998
2025-09-19,000300.SH,0.1999999998
2025-09-19,000852.SH,0.1999999998
2025-09-19,CBA02701.CS,0.1999999998
2025-09-19,AU9999.SGE,0.1999999998
2025-09-19,NH0100.NHF,0.1999999998
2025-09-26,000300.SH,0.1999999998
2025-09-26,000852.SH,0.1999999998
2025-09-26,CBA02701.CS,0.1999999998
2025-09-26,AU9999.SGE,0.1999999998
2025-09-26,NH0100.NHF,0.1999999998
2025-10-03,000300.SH,0.1999999998
2025-10-03,000852.SH,0.1999999998
2025-10-03,CBA02701.CS,0.1999999998
2025-10-03,AU9999.SGE,0.1999999998
2025-10-03,NH0100.NHF,0.1999999998
2025-10-10,000300.SH,0.1999999998
2025-10-10,000852.SH,0.1999999998
2025-10-10,CBA02701.CS,0.1999999998
2025-10-10,AU9999.SGE,0.1999999998
2025-10-10,NH0100.NHF,0.1999999998
2025-10-17,000300.SH,0.1999999998
2025-10-17,000852.SH,0.1999999998
2025-10-17,CBA02701.CS,0.1999999998
2025-10-17,AU9999.SGE,0.1999999998
2025-10-17,NH0100.NHF,0.1999999998
2025-10-24,000300.SH,0.1999999998
2025-10-24,000852.SH,0.1999999998
2025-10-24,CBA02701.CS,0.1999999998
2025-10-24,AU9999.SGE,0.1999999998
2025-10-24,NH0100.NHF,0.1999999998
2025-10-31,000300.SH,0.1999999998
2025-10-31,000852.SH,0.1999999998
2025-10-31,CBA02701.CS,0.1999999998
2025-10-31,AU9999.SGE,0.1999999998
2025-10-31,NH0100.NHF,0.1999999998
2025-11-07,000300.SH,0.1999999998
2025-11-07,000852.SH,0.1999999998
2025-11-07,CBA02701.CS,0.1999999998
2025-11-07,AU9999.SGE,0.1999999998
2025-11-07,NH0100.NHF,0.1999999998
2025-11-14,000300.SH,0.1999999998
2025-11-14,000852.SH,0.1999999998
2025-11-14,CBA02701.CS,0.1999999998
2025-11-14,AU9999.SGE,0.1999999998
2025-11-14,NH0100.NHF,0.1999999998
2025-11-21,000300.SH,0.1999999998
2025-11-21,000852.SH,0.1999999998
2025-11-21,CBA02701.CS,0.1999999998
2025-11-21,AU9999.SGE,0.1999999998
2025-11-21,NH0100.NHF,0.1999999998
2025-11-28,000300.SH,0.1999999998
2025-11-28,000852.SH,0.1999999998
2025-11-28,CBA02701.CS,0.1999999998
2025-11-28,AU9999.SGE,0.1999999998
2025-11-28,NH0100.NHF,0.1999999998
2025-12-05,000300.SH,0.1999999998
2025-12-05,000852.SH,0.1999999998
2025-12-05,CBA02701.CS,0.1999999998
2025-12-05,AU9999.SGE,0.1999999998
2025-12-05,NH0100.NHF,0.1999999998
2025-12-12,000300.SH,0.1999999998
2025-12-12,000852.SH,0.1999999998
2025-12-12,CBA02701.CS,0.1999999998
2025-12-12,AU9999.SGE,0.1999999998
2025-12-12,NH0100.NHF,0.1999999998
2025-12-19,000300.SH,0.1999999998
2025-12-19,000852.SH,0.1999999998
2025-12-19,CBA02701.CS,0.1999999998
2025-12-19,AU9999.SGE,0.1999999998
2025-12-19,NH0100.NHF,0.1999999998
2025-12-26,000300.SH,0.1999999998
2025-12-26,000852.SH,0.1999999998
2025-12-26,CBA02701.CS,0.1999999998
2025-12-26,AU9999.SGE,0.1999999998
2025-12-26,NH0100.NHF,0.1999999998
2026-01-02,000300.SH,0.1999999998
2026-01-02,000852.SH,0.1999999998
2026-01-02,CBA02701.CS,0.1999999998
2026-01-02,AU9999.SGE,0.1999999998
2026-01-02,NH0100.NHF,0.1999999998
2026-01-09,000300.SH,0.1999999998
2026-01-09,000852.SH,0.1999999998
2026-01-09,CBA02701.CS,0.1999999998
2026-01-09,AU9999.SGE,0.1999999998
2026-01-09,NH0100.NHF,0.1999999998
2026-01-16,000300.SH,0.1999999998
2026-01-16,000852.SH,0.1999999998
2026-01-16,CBA02701.CS,0.1999999998
2026-01-16,AU9999.SGE,0.1999999998
2026-01-16,NH0100.NHF,0.1999999998
2026-01-23,000300.SH,0.1999999998
2026-01-23,000852.SH,0.1999999998
2026-01-23,CBA02701.CS,0.1999999998
2026-01-23,AU9999.SGE,0.1999999998
2026-01-23,NH0100.NHF,0.1999999998
2026-01-30,000300.SH,0.1999999998
2026-01-30,000852.SH,0.1999999998
2026-01-30,CBA02701.CS,0.1999999998
2026-01-30,AU9999.SGE,0.1999999998
2026-01-30,NH0100.NHF,0.1999999998
2026-02-06,000300.SH,0.1999999998
2026-02-06,000852.SH,0.1999999998
2026-02-06,CBA02701.CS,0.1999999998
2026-02-06,AU9999.SGE,0.1999999998
2026-02-06,NH0100.NHF,0.1999999998
2026-02-13,000300.SH,0.1999999998
2026-02-13,000852.SH,0.1999999998
2026-02-13,CBA02701.CS,0.1999999998
2026-02-13,AU9999.SGE,0.1999999998
2026-02-13,NH0100.NHF,0.1999999998
2026-02-20,000300.SH,0.1999999998
2026-02-20,000852.SH,0.1999999998
2026-02-20,CBA02701.CS,0.1999999998
2026-02-20,AU9999.SGE,0.1999999998
2026-02-20,NH0100.NHF,0.1999999998
2026-02-27,000300.SH,0.1999999998
2026-02-27,000852.SH,0.1999999998
2026-02-27,CBA02701.CS,0.1999999998
2026-02-27,AU9999.SGE,0.1999999998
2026-02-27,NH0100.NHF,0.1999999998
2026-03-06,000300.SH,0.1999999998
2026-03-06,000852.SH,0.1999999998
2026-03-06,CBA02701.CS,0.1999999998
2026-03-06,AU9999.SGE,0.1999999998
2026-03-06,NH0100.NHF,0.1999999998
2026-03-13,000300.SH,0.1999999998
2026-03-13,000852.SH,0.1999999998
2026-03-13,CBA02701.CS,0.1999999998
2026-03-13,AU9999.SGE,0.1999999998
2026-03-13,NH0100.NHF,0.1999999998
2026-03-20,000300.SH,0.1999999998
2026-03-20,000852.SH,0.1999999998
2026-03-20,CBA02701.CS,0.1999999998
2026-03-20,AU9999.SGE,0.1999999998
2026-03-20,NH0100.NHF,0.1999999998
2026-03-27,000300.SH,0.1999999998
2026-03-27,000852.SH,0.1999999998
2026-03-27,CBA02701.CS,0.1999999998
2026-03-27,AU9999.SGE,0.1999999998
2026-03-27,NH0100.NHF,0.1999999998
2026-04-03,000300.SH,0.1999999998
2026-04-03,000852.SH,0.1999999998
2026-04-03,CBA02701.CS,0.1999999998
2026-04-03,AU9999.SGE,0.1999999998
2026-04-03,NH0100.NHF,0.1999999998
2026-04-10,000300.SH,0.1999999998
2026-04-10,000852.SH,0.1999999998
2026-04-10,CBA02701.CS,0.1999999998
2026-04-10,AU9999.SGE,0.1999999998
2026-04-10,NH0100.NHF,0.1999999998
2026-04-17,000300.SH,0.1999999998
2026-04-17,000852.SH,0.1999999998
2026-04-17,CBA02701.CS,0.1999999998
2026-04-17,AU9999.SGE,0.1999999998
2026-04-17,NH0100.NHF,0.1999999998
2026-04-24,000300.SH,0.1999999998
2026-04-24,000852.SH,0.1999999998
2026-04-24,CBA02701.CS,0.1999999998
2026-04-24,AU9999.SGE,0.1999999998
2026-04-24,NH0100.NHF,0.1999999998
