date,theta,tau,ae_error,regime_label,llm_macro,llm_sentiment,llm_risk,r_event,edge_event_minus_normal,week_return_fused,regret_ema_norm,w_event_broad,w_event_satellite,w_event_fi,w_event_safe,w_event_cash,w_fused_broad,w_fused_satellite,w_fused_fi,w_fused_safe,w_fused_cash
2021-01-01,1.3599478900432587,15.0,11.72562026977539,bull_normal,60.5,64.3,50.75,0.008126121403680317,0.008126121403680317,0.008126121395554195,1.0,0.12460194265703059,0.1325643027784192,0.24071575306834125,0.3021180010983445,0.20000000039786442,0.12460194253242864,0.1325643026458549,0.24071575282762547,0.30211800079622647,0.2000000001978644
2021-01-08,1.3199012875556946,15.0,11.150801658630371,bull_normal,58.5,60.5,47.25,0.005707781310113664,0.005707781310113664,0.005707781304405882,1.0,0.1299842046889816,0.13783120945342173,0.2453038129943998,0.2868807725264822,0.20000000033671458,0.1299842045589974,0.1378312093155905,0.24530381274909596,0.2868807722396014,0.20000000013671457
2021-01-15,1.5910581350326538,15.0,18.64406967163086,event_stress,58.1,59.6,49.599999999999994,0.0012052509900602876,0.0012052509900602876,0.0012052509888550366,1.0,0.06479868949566067,0.06778850761856588,0.2674128019249715,0.4000000006405346,0.2000000003202673,0.06479868943086198,0.06778850755077737,0.2674128016575587,0.40000000024053456,0.20000000012026728
2021-01-22,1.554027795791626,15.0,17.28256607055664,event_stress,58.220000000000006,58.120000000000005,50.25,-0.005204464344109984,-0.005204464344109984,-0.00520446433890552,1.0,0.07400208006793718,0.0743754354901685,0.2529750282770435,0.3986474553423019,0.2000000008225489,0.0740020799939351,0.07437543541579307,0.25297502802406846,0.3986474549436544,0.20000000062254888
2021-01-29,1.6377003192901611,15.0,20.938508987426758,event_stress,53.5,52.5,47.25,-0.005670804378226475,-0.005670804378226475,-0.005670804372555672,0.9120761499464308,0.05678109970554406,0.054679392893195296,0.2885395064686853,0.4000000006217168,0.2000000003108584,0.05678109964876297,0.05467939283851591,0.28853950618014584,0.4000000002217169,0.20000000011085844
2021-02-05,1.2660814225673676,15.0,9.665470123291016,bull_normal,56.0,52.5,49.75,-0.0008602602237776279,-0.0008602602237776279,-0.0008602602229173679,0.9693177680712026,0.1322558773058686,0.14076283795828748,0.24767844516939805,0.27930283918823273,0.2000000003782131,0.1322558771736127,0.14076283781752463,0.2476784449217196,0.2793028389089299,0.2000000001782131
2021-02-12,1.281188815832138,15.0,10.595335960388184,bull_normal,57.5,59.5,39.0,0.0047038799894124714,0.0047038799894124714,0.00470387998470859,1.0,0.14798662877867289,0.14568404510300384,0.236744120014022,0.26958520583380857,0.2000000002704927,0.14798662863068623,0.1456840449573198,0.23674411977727786,0.26958520556422333,0.20000000007049268
2021-02-19,1.3471322655677795,15.0,12.112592697143555,bull_normal,57.529999999999994,59.470000000000006,41.045,-0.0004054345482627038,-0.0004054345482627038,-0.000405434547857269,1.0,0.12889391521341118,0.12450076486639547,0.2322130988082152,0.291573756359048,0.2228184647529302,0.12889391508451725,0.1245007647418947,0.23221309857600209,0.2915737560674742,0.22281846453011173
2021-02-26,1.4616851210594177,15.0,14.848400115966797,bull_normal,55.879999999999995,56.42999999999999,43.125,-0.006377342198595336,-0.006377342198595336,-0.006377342192217995,1.0,0.08960787645155585,0.10525600568850711,0.2905282124348323,0.314607905103116,0.20000000032198875,0.08960787636194799,0.10525600558325113,0.29052821214430413,0.31460790478850814,0.2000000001219888
2021-03-05,1.3512759506702423,15.0,11.65086555480957,bull_normal,58.0,57.3,40.75,-0.004802683340391622,-0.004802683340391622,-0.004802683335588939,1.0,0.127916684671513,0.1364151368792137,0.258280094160268,0.2773880840622443,0.20000000022676093,0.1279166845435963,0.13641513674279857,0.2582800939019879,0.27738808378485624,0.20000000002676097
2021-03-12,1.6219245791435242,15.0,19.23153305053711,event_stress,58.3,55.9,44.0,-0.0038074169761016328,-0.0038074169761016328,-0.0038074169722942166,0.9986535900828707,0.06386486157342522,0.06417952798790864,0.2719556095191071,0.4000000006130393,0.20000000030651965,0.06386486150956036,0.06417952792372912,0.2719556092471515,0.4000000002130394,0.2000000001065197
2021-03-19,1.5971847176551819,15.0,18.381820678710938,event_stress,59.3,59.8,43.75,0.0008088848421216931,0.0008088848421216931,0.000808884841312808,0.9105157888164254,0.06478722699650731,0.07371693250902733,0.28645422283213956,0.37504161719029677,0.2000000004720291,0.06478722693172008,0.0737169324353104,0.2864542225456853,0.3750416168152551,0.20000000027202908
2021-03-26,1.6113219261169434,15.0,19.139707565307617,event_stress,57.5,56.0,45.25,0.0023694752997521188,0.0023694752997521188,0.0023694752973826435,0.8800216605556743,0.06415335670553844,0.0645776465786881,0.2712689957668797,0.4000000006325959,0.20000000031629794,0.06415335664138508,0.06457764651411045,0.2712689954956107,0.40000000023259585,0.20000000011629793
2021-04-02,1.1959994733333588,15.0,8.678933143615723,bull_normal,53.0,54.0,43.75,0.005065559785595049,0.005065559785595049,0.005065559780529488,0.7471393520732742,0.1471567928884532,0.15262663410986715,0.24269377424294333,0.25752279847912657,0.20000000027960962,0.1471567927412964,0.15262663395724052,0.24269377400024955,0.25752279822160373,0.2000000000796096
2021-04-09,0.9847485404461622,15.0,4.77430534362793,bull_normal,52.0,54.8,40.25,-0.0012479571963875096,-0.0012479571963875096,-0.001247957195139552,0.756938849001438,0.18187941982872777,0.17798760091772242,0.21748742428602527,0.2226455545152138,0.20000000045231078,0.18187941964684834,0.1779876007397348,0.21748742406853783,0.22264555429256824,0.20000000025231077
2021-04-16,0.9971853420138359,15.0,3.9492101669311523,bull_normal,55.7,53.8,47.25,-0.00022959818825385732,-0.00022959818825385732,-0.00022959818802425916,0.8179311149139221,0.18033977770531734,0.17737726367298762,0.21188622529329612,0.23039673265020646,0.2000000006781924,0.18033977752497754,0.17737726349561034,0.2118862250814099,0.2303967324198097,0.20000000047819239
2021-04-23,1.042236015200615,15.0,5.882108211517334,bull_normal,53.0,51.5,41.75,0.00822723769121928,0.00822723769121928,0.00822723768299204,0.729685154465959,0.1643282661056391,0.1748839253950505,0.23810911205185653,0.22267869550195074,0.20000000094550321,0.16432826594131078,0.17488392522016652,0.23810911181374736,0.22267869527927198,0.20000000074550314
2021-04-30,1.1052280440926552,15.0,6.945184230804443,bull_normal,53.5,56.0,46.75,-0.005133344521431987,-0.005133344521431987,-0.0051333445162986425,0.6394093816636534,0.16308336664840917,0.16160428478614505,0.22261090925467292,0.2527014389932693,0.2000000003175036,0.1630833664853258,0.16160428462454077,0.222610909032062,0.25270143874056783,0.20000000011750357
2021-05-07,1.2326729446649551,15.0,9.664274215698242,bull_normal,53.05,54.55,49.25,0.0009377050041811982,0.0009377050041811982,0.0009377050032434932,0.6702015214466363,0.13865903251683717,0.13707277193086345,0.2334461451448192,0.2908220498192331,0.2000000005882471,0.13865903237817812,0.13707277179379068,0.23344614491137305,0.290822049528411,0.20000000038824708
2021-05-14,1.2458883672952652,15.0,10.07521915435791,bull_normal,53.5,54.5,45.75,0.0006686876551290319,0.0006686876551290319,0.0006686876544603443,0.6411738881038784,0.1396425634378133,0.13732298848344915,0.23663681895081956,0.2863976286037734,0.20000000052414468,0.13964256329817074,0.13732298834612616,0.2366368187141827,0.28639762831737575,0.20000000032414467
2021-05-21,1.1310207396745682,15.0,7.520413875579834,bull_normal,52.5,55.0,48.75,0.003502127801026303,0.003502127801026303,0.003502127797524175,0.7309504423881784,0.15570761068013095,0.15384270307653813,0.2248979916549089,0.26555169414224045,0.20000000044618163,0.15570761052442333,0.15384270292269542,0.22489799143001088,0.26555169387668875,0.20000000024618161
2021-05-28,1.3315439224243164,15.0,11.550996780395508,bull_normal,57.0,55.0,45.25,0.0005233941911813215,0.0005233941911813215,0.0005233941906579272,0.7562209648595012,0.1291407667347907,0.12717378696191414,0.2416220403689541,0.3020634054096248,0.20000000052471634,0.1291407666056499,0.12717378683474034,0.24162204012733204,0.30206340510756136,0.20000000032471632
2021-06-04,0.9940240089781582,15.0,4.906940937042236,bull_normal,50.7,49.8,45.25,-0.004024958379165171,-0.004024958379165171,-0.004024958375140213,0.6629210218729331,0.162332101085334,0.17426138622147672,0.23773618770311702,0.22567032451238755,0.2000000004776848,0.16233210092300188,0.1742613860472153,0.2377361874653808,0.2256703242867172,0.20000000027768478
2021-06-11,1.0908988788723946,15.0,7.228706359863281,bull_normal,49.769999999999996,48.68,46.849999999999994,0.0007093726653503172,0.0007093726653503172,0.0007093726646409446,0.6863534261110946,0.1529121837484414,0.1525842012224649,0.2346599227819797,0.2598436917997034,0.2000000004474105,0.15291218359552922,0.1525842010698807,0.23465992254731977,0.2598436915398597,0.2000000002474105
2021-06-18,1.3102887570858002,15.0,12.689493179321289,bull_normal,50.5,51.0,38.5,-0.012618318181530228,-0.012618318181530228,-0.012618318168911907,0.8437323080064031,0.12037191069140449,0.11841815688093575,0.2572653078287713,0.30394462399668487,0.20000000060220377,0.12037191057103254,0.11841815676251756,0.2572653075715059,0.30394462369274017,0.2000000004022037
2021-06-25,1.0856402590870857,15.0,7.219579696655273,bull_normal,51.5,50.5,45.25,0.003271716488529775,0.003271716488529775,0.0032717164852580577,0.7605984704605971,0.1572076863211585,0.1574501962157254,0.23298665384927464,0.2523554632722075,0.20000000034163398,0.1572076861639508,0.15745019605827518,0.23298665361628795,0.252355463019852,0.20000000014163397
2021-07-02,1.5887219905853271,15.0,20.258277893066406,event_stress,51.5,48.5,40.25,0.0076719652706157705,0.0076719652706157705,0.007671965262943805,1.0,0.05931138445036833,0.05880584631701848,0.28188276796106354,0.4000000008476998,0.2000000004238499,0.05931138439105694,0.058805846258212634,0.28188276767918075,0.4000000004476998,0.2000000002238499
2021-07-09,1.1330384463071823,15.0,8.364113807678223,bull_normal,51.3,48.5,40.25,0.0011988768341063634,0.0011988768341063634,0.0011988768329074864,0.9429504741723309,0.15388224549639024,0.15193044790339835,0.2405160165853032,0.253671289689134,0.20000000032577425,0.15388224534250797,0.15193044775146788,0.24051601634478717,0.2536712894354627,0.20000000012577424
2021-07-16,1.1368601024150848,15.0,8.105576515197754,bull_normal,52.15,48.9,42.25,0.003719029264504276,0.003719029264504276,0.0037190292607852463,0.7794759616856773,0.1542419708544859,0.1524143136041244,0.23778040637661646,0.2555633088264486,0.2000000003383247,0.15424197070024392,0.15241431345171008,0.23778040613883603,0.2555633085708853,0.2000000001383247
2021-07-23,1.1912497133016586,15.0,9.735071182250977,bull_normal,51.5,49.5,38.5,-0.0009761265973007439,-0.0009761265973007439,-0.000976126596324617,0.7675544361240767,0.14609884699997247,0.1436945107100847,0.24584876568234593,0.2643578762332876,0.20000000037430934,0.1460988468538736,0.14369451056639015,0.24584876543649709,0.2643578759689296,0.20000000017430927
2021-07-30,1.5743841528892517,15.0,18.857484817504883,event_stress,53.6,53.5,42.7,0.0036832219711886117,0.0036832219711886117,0.0036832219675053887,0.8427174638594621,0.061670106255627244,0.06688804749280211,0.28214807845426954,0.3892937671485443,0.20000000064875698,0.06167010619395712,0.06688804742591405,0.2821480781721214,0.3892937667592504,0.2000000004487569
2021-08-06,1.4178997576236725,15.0,14.318501472473145,bull_normal,52.5,51.5,40.25,-0.0007306308357554567,-0.0007306308357554567,-0.0007306308350248262,0.8622185215866665,0.09233574429532293,0.10926010567905732,0.29884323005539065,0.2995609196847608,0.2000000002854684,0.09233574420298715,0.10926010556979718,0.2988432297565473,0.2995609193851998,0.20000000008546834
2021-08-13,1.2241620570421219,15.0,9.545022964477539,bull_normal,53.2,52.8,39.0,-0.002632112942269544,-0.002632112942269544,-0.002632112939637431,0.8455111985848711,0.14982060920751625,0.14635769980828056,0.24011003029893901,0.2637116603457289,0.20000000033953544,0.14982060905769562,0.14635769966192286,0.24011003005882897,0.26371166008201724,0.20000000013953542
2021-08-20,1.4604673087596893,15.0,14.811031341552734,bull_normal,53.8,50.5,43.75,0.002030150338884962,0.002030150338884962,0.0020301503368548115,0.8895582450486716,0.09486254077643887,0.09363715079518252,0.2600248394223443,0.3514754682429695,0.2000000007630648,0.09486254068157635,0.09363715070154538,0.2600248391623195,0.3514754678914941,0.20000000056306483
2021-08-27,1.1344355642795563,15.0,7.650520324707031,bull_normal,51.5,49.0,45.0,-0.0017816989036693216,-0.0017816989036693216,-0.0017816989018876223,0.837233324593834,0.152559563025006,0.15242042412361698,0.23694235216366305,0.2580776603075372,0.2000000003801768,0.15255956287244643,0.15242042397119654,0.23694235192672067,0.25807766004945953,0.20000000018017677
2021-09-03,1.11266428232193,15.0,6.776712894439697,bull_normal,51.0,48.5,53.75,0.0022658787833499026,0.0022658787833499026,0.0022658787810840237,0.7732425197212319,0.14763494279325357,0.14850972414216773,0.23023115663980856,0.27362417585266063,0.20000000057210957,0.1476349426456186,0.148509723993658,0.2302311564095774,0.27362417557903645,0.20000000037210955
2021-09-10,1.3176456689834595,15.0,12.47283935546875,bull_normal,49.3,58.0,45.25,-0.0011213722668432828,-0.0011213722668432828,-0.00112137226572191,0.8445149530854122,0.11867367896842493,0.11685546677799925,0.24481468053789732,0.3196561729561727,0.2000000007595058,0.11867367884975125,0.11685546666114378,0.24481468029308262,0.3196561726365165,0.2000000005595058
2021-09-17,1.5012009143829346,15.0,17.13650131225586,event_stress,51.8,57.0,45.7,-0.006588715313121823,-0.006588715313121823,-0.0065887153065331055,0.9214795695954141,0.07124344662962537,0.08222098166844531,0.28917920021901944,0.35735637092437567,0.20000000055853434,0.07124344655838191,0.08222098158622432,0.2891791999298402,0.35735637056701924,0.20000000035853432
2021-09-24,1.0988876223564148,15.0,7.267731666564941,bull_normal,51.03,55.92999999999999,47.209999999999994,-0.0033892404494694547,-0.0033892404494694547,-0.003389240446080214,0.8574813399522824,0.15912002484521853,0.15703934599916117,0.22425092308438183,0.2595897056494268,0.2000000004218117,0.15912002468609848,0.1570393458421218,0.22425092286013087,0.25958970538983706,0.2000000002218117
2021-10-01,1.153436541557312,15.0,8.505867958068848,bull_normal,53.0,52.5,43.25,-0.0014802378259590038,-0.0014802378259590038,-0.0014802378244787656,0.8919283802019808,0.15400986613954215,0.15147802458554613,0.23351855052913525,0.2609935583809827,0.2000000003647939,0.15400986598553223,0.15147802443406805,0.23351855029561663,0.2609935581199891,0.20000000016479383
2021-10-08,1.1597033888101578,15.0,8.629081726074219,bull_normal,51.3,58.1,48.3,-0.00025747752963286246,-0.00025747752963286246,-0.00025747752937538477,0.8126590747706427,0.15006654121045682,0.14782822041139226,0.226136912048058,0.2759683258022342,0.20000000052785874,0.15006654106039027,0.14782822026356404,0.22613691182192105,0.2759683255262658,0.20000000032785872
2021-10-15,1.341932237148285,15.0,12.838614463806152,bull_normal,50.7,57.4,52.27499999999999,-0.0030125144678703818,-0.0030125144678703818,-0.003012514464857868,0.8565798130597053,0.10921785875065824,0.10840762838328688,0.2409443244406707,0.34143018753761434,0.20000000088776973,0.1092178586414404,0.10840762827487926,0.24094432419972642,0.3414301871961842,0.20000000068776977
2021-10-22,1.2895388305187225,15.0,11.219841003417969,bull_normal,52.0,55.3,54.2,-0.003334278416033037,-0.003334278416033037,-0.003334278412698759,0.7767466916742959,0.12041238961938029,0.11991329381187583,0.23595429918726613,0.32372001656642735,0.20000000081505045,0.12041238949896789,0.11991329369196253,0.2359542989513118,0.3237200162427073,0.20000000061505044
2021-10-29,1.1744941473007202,15.0,8.675018310546875,bull_normal,53.3,52.2,48.25,-0.0009258636474671057,-0.0009258636474671057,-0.0009258636465412422,0.7332324697898767,0.1467452287862113,0.14529635942650318,0.23249993558824453,0.2754584757095886,0.2000000004894524,0.14674522863946607,0.14529635928120682,0.23249993535574456,0.2754584754341301,0.2000000002894524
2021-11-05,1.2390313297510147,15.0,9.888456344604492,bull_normal,54.0,57.5,51.75,-0.001318880200340487,-0.001318880200340487,-0.0013188801990216062,0.8080348166420156,0.1358279751259803,0.13687703823858396,0.23211397023867827,0.29518101580739786,0.20000000058935968,0.1358279749901523,0.13687703810170693,0.23211397000656428,0.2951810155122168,0.20000000038935967
2021-11-12,1.34274622797966,15.0,12.442238807678223,bull_normal,54.0,55.2,50.0,0.007525301372903309,0.007525301372903309,0.007525301365378009,0.8212727377531143,0.11536775700574156,0.11398786216625527,0.24197756983075888,0.3286668102425524,0.20000000075469185,0.11536775689037382,0.11398786205226742,0.24197756958878133,0.32866680991388564,0.2000000005546919
2021-11-19,1.2734774053096771,15.0,10.905198097229004,bull_normal,52.8,58.3,51.75,0.002147383902540733,0.002147383902540733,0.0021473839003933494,0.7115019269416575,0.12856766795264638,0.12696220930503618,0.2321041392990437,0.3123659827174886,0.20000000072578508,0.12856766782407872,0.126962209178074,0.23210413906693958,0.31236598240512264,0.20000000052578512
2021-11-26,1.2537212669849396,15.0,10.473247528076172,bull_normal,53.0,58.5,51.75,-0.002287147255973027,-0.002287147255973027,-0.0022871472536858794,0.8691649898227619,0.13270504929488408,0.13096870963971938,0.23001562011720225,0.30631062025524075,0.20000000069295343,0.13270504916217904,0.1309687095087507,0.23001561988718666,0.30631061994893016,0.20000000049295347
2021-12-03,1.2777886092662811,15.0,11.794157028198242,bull_normal,52.3,54.0,42.25,-0.0062938035308845765,-0.0062938035308845765,-0.006293803524590774,0.8817670631007701,0.12845767279478126,0.12615218952032625,0.24647475668311128,0.2989153804189728,0.20000000058280834,0.1284576726663236,0.12615218939417408,0.24647475643663655,0.2989153801200575,0.20000000038280838
2021-12-10,1.2577616274356842,15.0,10.771622657775879,bull_normal,51.0,57.3,52.25,0.005219932604734365,0.005219932604734365,0.005219932599514431,0.8344828432442966,0.1266062370513615,0.12684750105474787,0.2355548012474295,0.31099145990216875,0.20000000074429242,0.12660623692475526,0.12684750092790037,0.23555480101187468,0.31099145959117724,0.2000000005442924
2021-12-17,1.4086673259735107,15.0,14.492128372192383,bull_normal,52.2,53.8,47.25,0.0058559588755465845,0.0058559588755465845,0.005855958869690626,0.7877290320402265,0.09246418929422477,0.10122606627039768,0.2733718502113305,0.33293789361401976,0.20000000061002737,0.09246418920176057,0.10122606616917161,0.2733718499379586,0.33293789328108186,0.20000000041002736
2021-12-24,1.2428194284439087,15.0,10.4898099899292,bull_normal,52.8,57.3,43.75,0.00044057332469027617,0.00044057332469027617,0.0004405733242497029,0.7703207176372362,0.14052406746299473,0.13748322582159928,0.2359956192605678,0.2859970869363341,0.20000000051850408,0.14052406732247064,0.13748322568411603,0.23599561902457217,0.28599708665033696,0.20000000031850407
2021-12-31,1.376341849565506,15.0,12.066535949707031,bull_normal,58.5,56.5,54.0,0.0036990625704688552,0.0036990625704688552,0.0036990625667697925,0.9067547083493024,0.11711651614717888,0.1153667849731318,0.2336374327030889,0.33387926544865953,0.20000000072794097,0.11711651603006236,0.115366784857765,0.23363743246945146,0.3338792651147802,0.20000000052794095
2022-01-07,1.2258139252662659,15.0,9.949871063232422,bull_normal,52.8,46.5,45.25,-0.005308336245397727,-0.005308336245397727,-0.005308336240089389,0.7830585563000513,0.1352056693607344,0.1344668167560461,0.2470743736594225,0.28325313970758614,0.200000000516211,0.13520566922552868,0.13446681662157925,0.24707437341234806,0.28325313942433294,0.20000000031621093
2022-01-14,1.2914636731147766,15.0,10.766008377075195,bull_normal,54.5,54.6,51.2,0.005475261022963698,0.005475261022963698,0.005475261017488437,0.8977530293401368,0.12816400940174877,0.12678218489838344,0.23562339037559435,0.3094304146516764,0.20000000067259702,0.12816400927358476,0.12678218477160125,0.23562339013997094,0.309430414342246,0.200000000472597
2022-01-21,1.7157957553863525,15.0,23.864078521728516,event_stress,60.0,54.0,44.25,0.008735289385518197,0.008735289385518197,0.008735289376782909,0.8671601874205107,0.06088336508516561,0.04430152518660609,0.29481510823148616,0.40000000099782806,0.20000000049891403,0.060883365024282245,0.044301525142304565,0.29481510793667104,0.40000000059782803,0.20000000029891402
2022-01-28,1.837413489818573,15.0,31.716732025146484,event_stress,60.370000000000005,54.3,47.15,-0.005768485962524972,-0.005768485962524972,-0.005768485956756485,1.0,0.06807791811499739,0.026242456601492912,0.305679623791803,0.4000000009944711,0.20000000049723554,0.06807791804691947,0.026242456575250452,0.3056796234861234,0.40000000059447105,0.20000000029723553
2022-02-04,1.8240897059440613,15.0,31.716732025146484,event_stress,54.5,57.0,43.75,-0.005767256558125058,-0.005767256558125058,-0.0057672565523578,1.0,0.019748970056374264,0.01964567010256298,0.2255981240492552,0.5106388606787151,0.2243683751130925,0.01974897003662529,0.01964567008291731,0.22559812382365704,0.5106388601680762,0.2243683748887241
2022-02-11,1.9463644623756409,15.0,54.30877685546875,event_stress,52.0,44.5,45.25,0.006443578094574638,0.006443578094574638,0.006443578088131059,1.0,0.07337126311653709,0.016964801280545054,0.3096639344458244,0.4000000007713957,0.20000000038569785,0.07337126304316582,0.016964801263580253,0.30966393413616045,0.40000000037139566,0.20000000018569783
2022-02-18,1.8218204975128174,15.0,30.878299713134766,event_stress,55.5,58.6,53.199999999999996,0.007323538075650403,0.007323538075650403,0.007323538068326864,0.9851364806034038,0.06836580750187811,0.02732998104601957,0.30430421054282514,0.4000000006061848,0.2000000003030924,0.0683658074335123,0.027329981018689588,0.3043042102385209,0.40000000020618476,0.20000000010309238
2022-02-25,1.9118779301643372,15.0,42.31946563720703,event_stress,56.1,54.6,61.199999999999996,0.0023153070572151943,0.0023153070572151943,0.0023153070548998862,0.8820932682776403,0.07227325939079458,0.018931201512370478,0.3087955379941028,0.4000000007351548,0.2000000003675774,0.0722732593185213,0.01893120149343927,0.30879553768530715,0.40000000033515465,0.20000000016757732
2022-03-04,1.7241747975349426,15.0,23.796424865722656,event_stress,56.720000000000006,53.85,63.849999999999994,-0.0026875936982613726,-0.0026875936982613726,-0.0026875936955737785,0.8171912286311368,0.06519940889304002,0.04159129028796871,0.293209299564806,0.4000000008361235,0.20000000041806176,0.0651994088278406,0.041591290246377415,0.29320929927159667,0.4000000004361235,0.20000000021806175
2022-03-11,1.9632976055145264,15.0,65.63652038574219,event_stress,52.6,54.2,46.8,0.011447232951774924,0.011447232951774924,0.01144723294032769,0.7792854871483065,0.07389526023303082,0.016354099491839167,0.3097506390920939,0.4000000007886908,0.2000000003943454,0.07389526015913556,0.016354099475485065,0.3097506387823432,0.40000000038869077,0.20000000019434538
2022-03-18,1.736696481704712,15.0,24.431076049804688,event_stress,53.05,53.85,46.3,-0.006010709922969574,-0.006010709922969574,-0.006010709916958864,0.7608269486702637,0.06255651988516454,0.04057282181028856,0.2968706572684406,0.40000000069073754,0.20000000034536877,0.06255651982260801,0.04057282176971574,0.2968706569715699,0.4000000002907375,0.20000000014536876
2022-03-25,1.480746567249298,15.0,14.502569198608398,bull_normal,53.6,54.3,48.2,0.0016779571236564626,0.0016779571236564626,0.0016779571219785049,0.6778673804136701,0.09162643326616272,0.095006717547073,0.26151888374114596,0.3518479647105998,0.20000000073501858,0.09162643317453627,0.09500671745206625,0.261518883479627,0.35184796435875176,0.2000000005350185
2022-04-01,1.8639078736305237,15.0,33.73080825805664,event_stress,55.05,55.15,50.5,-0.01064247130544306,-0.01064247130544306,-0.010642471294800587,0.8265910705610523,0.06959862846317842,0.023560460690447375,0.30684090987606094,0.40000000064687546,0.20000000032343773,0.06959862839357979,0.023560460666886912,0.30684090956922,0.40000000024687543,0.20000000012343772
2022-04-08,1.6376621723175049,15.0,19.408540725708008,event_stress,55.010000000000005,56.010000000000005,52.5,0.0016816750467242847,0.0016816750467242847,0.0016816750450426097,0.8110312603056016,0.06166308614488032,0.06115308347684695,0.2771838291753292,0.40000000080196235,0.20000000040098118,0.06166308608321723,0.06115308341569386,0.27718382889814536,0.4000000004019623,0.20000000020098116
2022-04-15,1.6518397331237793,15.0,20.482284545898438,event_stress,58.0,53.0,47.75,0.003476711286249432,0.003476711286249432,0.00347671128277272,0.7820684677995696,0.05846154178576969,0.05743395814798169,0.2841044989025694,0.4000000007757861,0.20000000038789306,0.05846154172730814,0.05743395809054773,0.2841044986184649,0.4000000003757861,0.20000000018789305
2022-04-22,1.6923956274986267,15.0,23.552757263183594,event_stress,50.7,51.3,44.75,-0.0030941547723618125,-0.0030941547723618125,-0.0030941547692676574,0.7968436806439794,0.060022867581817047,0.04385790912291996,0.2961192219168614,0.4000000009189344,0.2000000004594672,0.06002286752179417,0.04385790907906205,0.29611922162074217,0.40000000051893436,0.20000000025946718
2022-04-29,1.6938918232917786,15.0,22.038829803466797,event_stress,57.5,58.5,47.75,-0.001100556585050568,-0.001100556585050568,-0.0011005565839500113,0.6917387420097992,0.05548174564556077,0.05006611473353552,0.29445213836443584,0.40000000083764525,0.20000000041882263,0.05548174559007902,0.0500661146834694,0.29445213806998366,0.4000000004376452,0.2000000002188226
2022-05-06,1.888704776763916,15.0,37.247283935546875,event_stress,58.25,59.35,50.05,0.0006924107405911562,0.0006924107405911562,0.0006924107398987453,0.7414783209314334,0.06961802755609107,0.02113802321361754,0.30924394825901774,0.40000000064751573,0.20000000032375786,0.06961802748647304,0.021138023192479514,0.3092439479497738,0.4000000002475157,0.20000000012375785
2022-05-13,1.9290794134140015,15.0,47.258583068847656,event_stress,52.8,54.5,37.75,0.0029136541032041595,0.0029136541032041595,0.002913654100290504,0.7056200718422985,0.07259274614708228,0.017879566995994342,0.30952768573837364,0.4000000007456998,0.2000000003728499,0.07259274607448953,0.017879566978114773,0.3095276854288459,0.40000000034569977,0.20000000017284988
2022-05-20,1.8722298741340637,15.0,36.15251922607422,event_stress,53.9,57.85,40.1,0.0016852760627312868,0.0016852760627312868,0.0016852760610460108,0.705391311711578,0.0698623023188139,0.022179971623013373,0.3079577250748053,0.4000000006555784,0.2000000003277892,0.06986230224895158,0.0221799716008334,0.3079577247668475,0.40000000025557836,0.20000000012778918
2022-05-27,1.7191309332847595,15.0,24.84544563293457,event_stress,53.77,58.470000000000006,40.75,0.003621938260466166,0.003621938260466166,0.003621938256844227,0.602343113963863,0.06105907234661554,0.04149487008218137,0.2974460566586593,0.40000000060836255,0.20000000030418127,0.061059072285556466,0.0414948700406865,0.29744605636121324,0.4000000002083625,0.20000000010418126
2022-06-03,1.679944634437561,15.0,23.096370697021484,event_stress,54.029999999999994,58.17999999999999,42.45,-0.0069282490036373014,-0.0069282490036373014,-0.00692824899670905,0.7508153806638009,0.05994687043805477,0.047900408345959315,0.2921527198480359,0.4000000009119667,0.20000000045598335,0.059946870378107885,0.047900408298058895,0.2921527195558831,0.40000000051196655,0.20000000025598327
2022-06-10,1.5302987098693848,15.0,17.683603286743164,event_stress,53.839999999999996,58.45,43.45,0.0020749771600866366,0.0020749771600866366,0.002074977158011659,0.8170065870042861,0.07561099285415843,0.07413064961258099,0.25616312049337336,0.39409523617736536,0.20000000086252184,0.07561099277854742,0.07413064953845033,0.2561631202372102,0.3940952357832701,0.20000000066252183
2022-06-17,1.655195415019989,15.0,21.331897735595703,event_stress,58.5,56.3,42.25,-0.0010164133768665311,-0.0010164133768665311,-0.001016413375850118,0.7850463674733206,0.058022360109516544,0.05581676077724115,0.28616087800996187,0.4000000007355203,0.20000000036776014,0.05802236005149419,0.0558167607214244,0.28616087772380105,0.40000000033552036,0.20000000016776018
2022-06-24,1.8537869453430176,15.0,34.1256103515625,event_stress,59.6,60.15,41.75,-0.008153278487482913,-0.008153278487482913,-0.008153278479329635,0.8750486928886599,0.06887662608909996,0.024119797238653217,0.3070035757376794,0.4000000006230449,0.20000000031152246,0.06887662602022335,0.024119797214533424,0.30700357543067586,0.400000000223045,0.2000000001115225
2022-07-01,1.6296837329864502,15.0,20.271034240722656,event_stress,59.15,59.75,43.75,-0.0008203159970449853,-0.0008203159970449853,-0.0008203159962246691,0.8340909732587222,0.061816987401438386,0.061459086072488775,0.2767239250524782,0.4000000009823964,0.2000000004911982,0.0618169873396214,0.06145908601102969,0.2767239247757543,0.4000000005823964,0.2000000002911982
2022-07-08,1.7869272232055664,15.0,28.362918853759766,event_stress,57.86999999999999,58.58,45.75,-0.012675304963382022,-0.012675304963382022,-0.012675304950706715,0.8513076051694141,0.06583130192957161,0.03217298252024806,0.30199571424385413,0.4000000008708841,0.20000000043544205,0.0658313018637403,0.032172982488075076,0.30199571394185837,0.4000000004708841,0.20000000023544204
2022-07-15,1.6869116425514221,15.0,22.901622772216797,event_stress,56.029999999999994,55.839999999999996,47.75,-0.001108784206370207,-0.001108784206370207,-0.0011087842052614227,0.8759195388210937,0.061198660856998745,0.04761354202524473,0.29118779619369456,0.40000000061604135,0.20000000030802068,0.06119866079580008,0.04761354197763119,0.29118779590250676,0.4000000002160413,0.20000000010802066
2022-07-22,1.5614145398139954,15.0,18.951004028320312,event_stress,51.5,52.0,45.75,-0.0004068341048449619,-0.0004068341048449619,-0.0004068341044381276,0.772991216795225,0.062017233637144356,0.06418842675217892,0.27379433824306865,0.4000000009117387,0.20000000045586935,0.06201723357512712,0.06418842668799049,0.27379433796927427,0.4000000005117387,0.20000000025586934
2022-07-29,1.4476567804813385,15.0,15.230358123779297,event_stress,54.2,54.7,46.349999999999994,0.011026409219080322,0.011026409219080322,0.011026409208053912,0.6822357144795707,0.09319681974500012,0.09181778470936913,0.2534612239775649,0.361524170748499,0.200000000819567,0.09319681965180326,0.09181778461755132,0.25346122372410357,0.36152417038697476,0.20000000061956694
2022-08-05,1.4752247631549835,15.0,15.754016876220703,event_stress,54.339999999999996,55.510000000000005,47.25,0.005453410820186864,0.005453410820186864,0.005453410814733452,0.5681171714633106,0.08679720543150307,0.08753759125954104,0.2576631581828255,0.3680020443249748,0.20000000080115568,0.08679720534470584,0.08753759117200342,0.25766315792516226,0.36800204395697267,0.2000000006011556
2022-08-12,1.2026438117027283,15.0,9.633398056030273,bull_normal,53.0,54.5,38.75,0.0008219558019625128,0.0008219558019625128,0.0008219558011405569,0.5193526092473852,0.15077573637960087,0.14821190736293466,0.23927305897487403,0.2617392969604023,0.20000000032218812,0.15077573622882512,0.14821190721472274,0.23927305873560095,0.261739296698663,0.2000000001221881
2022-08-19,1.6228958368301392,15.0,20.913097381591797,event_stress,54.32000000000001,55.35,41.05,0.0032707948000324717,0.0032707948000324717,0.003270794796761677,0.7364962658203756,0.05857091221755813,0.057656270316751614,0.2837728164393521,0.4000000006842254,0.2000000003421127,0.05857091215898721,0.05765627025909534,0.28377281615557925,0.4000000002842254,0.2000000001421127
2022-08-26,1.0958640947937965,15.0,6.315332412719727,bull_normal,52.8,53.7,50.75,-0.0010018983065030824,-0.0010018983065030824,-0.0010018983055011834,0.6719641346855574,0.16001455076084903,0.15874086881780927,0.22142709911032726,0.2598174808902131,0.20000000042080135,0.16001455060083447,0.1587408686590684,0.22142709888890014,0.2598174806303956,0.20000000022080133
2022-09-02,1.3521141707897186,15.0,12.419425964355469,bull_normal,52.5,52.879999999999995,52.75,-0.00322983496929902,-0.00322983496929902,-0.0032298349660691847,0.7015752568793614,0.10964476752814285,0.10926515314177267,0.2437929203092553,0.33729715818021216,0.20000000084061706,0.10964476741849807,0.1092651530325075,0.24379292006546238,0.337297157842915,0.20000000064061704
2022-09-09,1.3064194023609161,15.0,11.644625663757324,bull_normal,53.0,51.0,47.25,0.003257061223774437,0.003257061223774437,0.003257061220517375,0.6492607069792051,0.12169320684313813,0.12060703646509048,0.2468082043160607,0.3108915517069571,0.2000000006687535,0.12169320672144494,0.12060703634448346,0.24680820406925255,0.31089155139606556,0.20000000046875355
2022-09-16,1.6380459070205688,15.0,21.406509399414062,event_stress,51.54,49.059999999999995,49.599999999999994,-0.008970170911819864,-0.008970170911819864,-0.008970170902849694,0.7686597608116109,0.059052245673158116,0.05169281441121456,0.28925493867071117,0.400000000829944,0.200000000414972,0.05905224561410588,0.05169281435952175,0.2892549383814563,0.4000000004299441,0.20000000021497205
2022-09-23,1.5323869585990906,15.0,18.110055923461914,event_stress,49.470000000000006,47.910000000000004,50.5,0.0020097773692572003,0.0020097773692572003,0.002009777367247423,0.6811219278036315,0.06569107103248117,0.06589962696197631,0.26840930066451657,0.4000000008940173,0.20000000044700866,0.0656910709667901,0.06589962689607667,0.2684093003961072,0.4000000004940173,0.20000000024700865
2022-09-30,1.81959730386734,15.0,31.09019660949707,event_stress,52.3,48.3,56.699999999999996,-0.005155787180314011,-0.005155787180314011,-0.005155787175158225,0.6319983273429562,0.06829519027874388,0.02638653924033209,0.305318269575143,0.400000000603854,0.200000000301927,0.06829519021044869,0.02638653921394555,0.30531826926982475,0.40000000020385396,0.20000000010192698
2022-10-07,1.7991108894348145,15.0,31.09019660949707,event_stress,50.0,57.0,36.25,-0.003305320476019248,-0.003305320476019248,-0.0033053204727139266,0.6000635697888569,0.021263889894248184,0.021125733265185943,0.23000001824992994,0.501514589845626,0.22609576874500992,0.021263889872984294,0.021125733244060207,0.2300000180199299,0.5015145893441114,0.22609576851891414
2022-10-14,1.6833217144012451,15.0,22.84967041015625,event_stress,53.0,58.0,50.75,0.0088029510858425,0.0088029510858425,0.008802951077039548,0.6467748012357368,0.06139565862036629,0.04727659766431944,0.2913277427749969,0.40000000062687824,0.20000000031343912,0.061395658558970626,0.047276597617042844,0.29132774248366916,0.4000000002268782,0.2000000001134391
2022-10-21,1.5764701962471008,15.0,18.69554901123047,event_stress,54.25,59.32000000000001,50.05,-0.009282240146268687,-0.009282240146268687,-0.009282240136986447,0.534106375875615,0.06773474728435755,0.06707572736013928,0.2651895240065308,0.40000000089931487,0.20000000044965743,0.0677347472166228,0.06707572729306355,0.26518952374134125,0.40000000049931483,0.20000000024965742
2022-10-28,1.500424087047577,15.0,16.14579963684082,event_stress,52.120000000000005,56.36,52.209999999999994,0.0017018823539774366,0.0017018823539774366,0.0017018823522755545,0.49963217835378626,0.07931067985284776,0.07908043456931496,0.25016389608012196,0.3914449885339827,0.20000000096373274,0.07931067977353705,0.0790804344902345,0.250163895829958,0.3914449881425376,0.20000000076373267
2022-11-04,1.9568519592285156,15.0,59.28550720214844,event_stress,52.71,56.96999999999999,51.98,4.563379259114365e-05,4.563379259114365e-05,4.563379254550957e-05,0.766613012857966,0.07364876202152668,0.016587079155599274,0.30976415765204185,0.40000000078055487,0.20000000039027743,0.07364876194787791,0.016587079139012195,0.3097641573422777,0.40000000038055483,0.20000000019027742
2022-11-11,1.465019851922989,15.0,14.795099258422852,bull_normal,53.5,56.5,46.7,0.00580500449294909,0.00580500449294909,0.005805004487144086,0.8585278250372619,0.0920897330729086,0.09641818587714315,0.2635834434156334,0.34790863694120805,0.20000000069310697,0.09208973298081886,0.09641818578072496,0.2635834431520499,0.3479086365932994,0.20000000049310696
2022-11-18,1.560024082660675,15.0,18.505207061767578,event_stress,51.3,53.2,38.3,-0.008172209127869126,-0.008172209127869126,-0.008172209119696915,0.8435469403539635,0.0687169999230095,0.06761095432235636,0.2665651724758159,0.39710687244295756,0.20000000083586078,0.0687169998542925,0.0676109542547454,0.2665651722092507,0.39710687204585066,0.20000000063586076
2022-11-25,1.353702187538147,15.0,12.618608474731445,bull_normal,54.0,59.5,38.3,0.004706354363106289,0.004706354363106289,0.004706354358399934,0.7638493730633373,0.12766142185870516,0.12352928307637541,0.24535188197844296,0.303457412548986,0.20000000053749056,0.12766142173104372,0.12352928295284611,0.24535188173309105,0.3034574122455286,0.20000000033749055
2022-12-02,1.5767088532447815,15.0,19.17981719970703,event_stress,55.5,57.7,36.8,-0.0021569643769854766,-0.0021569643769854766,-0.0021569643748285128,0.7805338791375391,0.06845637703552604,0.06677247206316891,0.2647711499902067,0.40000000060739893,0.20000000030369947,0.06845637696706966,0.06677247199639644,0.26477114972543553,0.4000000002073989,0.20000000010369945
2022-12-09,1.5003631114959717,15.0,16.75348663330078,event_stress,56.0,57.95,38.099999999999994,-0.001308112403216687,-0.001308112403216687,-0.0013081124019085747,0.8450625072289105,0.08720980863234862,0.08615464739118685,0.2625653301691427,0.364070213108451,0.2000000006988709,0.0872098085451388,0.0861546473050322,0.2625653299065773,0.3640702127443808,0.20000000049887087
2022-12-16,1.391582041978836,15.0,13.090609550476074,bull_normal,60.0,63.2,41.2,-0.0031903540614323157,-0.0031903540614323157,-0.0031903540582419614,0.7099637376502121,0.12712537091723636,0.12192018148787727,0.23704498894953904,0.3139094581385682,0.20000000050677916,0.12712537079011096,0.12192018136595707,0.23704498871249405,0.3139094578246587,0.20000000030677914
2022-12-23,1.3378761410713196,15.0,11.866836547851562,bull_normal,55.5,57.2,46.7,-0.00014494035891263475,-0.00014494035891263475,-0.00014494035876769413,0.632594074274396,0.12563892901351828,0.12296515597396585,0.2388614272847175,0.3125344871016016,0.20000000062619674,0.12563892888787936,0.12296515585100071,0.23886142704585608,0.31253448678906715,0.20000000042619678
2022-12-30,1.3246779143810272,15.0,11.592909812927246,bull_normal,57.5,60.5,47.25,0.00786685926961598,0.00786685926961598,0.00786685926174912,0.5569746760745363,0.12663373461641325,0.13266709949847127,0.2454396688584664,0.2952594966107401,0.20000000041590904,0.12663373448977952,0.13266709936580418,0.2454396686130267,0.29525949631548054,0.20000000021590902
2023-01-06,1.2271147668361664,15.0,9.99757194519043,bull_normal,59.0,63.3,33.7,0.0026835531130622293,0.0026835531130622293,0.002683553110378675,0.6129404640846481,0.15971425384612223,0.16499310453156268,0.24017629087756484,0.23798837606589257,0.1971279746788578,0.15971425368640796,0.16499310436656955,0.24017629063738852,0.23798837582790416,0.1971279744817298
2023-01-13,1.0820332542061806,15.0,6.9903154373168945,bull_normal,53.9,57.5,40.55,0.005473008775589694,0.005473008775589694,0.005473008770116684,0.5687994646750794,0.17307423077663436,0.1682982762751795,0.22046801472041563,0.23815947736822055,0.20000000085955005,0.17307423060356011,0.1682982761068812,0.2204680144999476,0.23815947713006105,0.20000000065955004
2023-01-20,1.3127329647541046,15.0,12.118915557861328,bull_normal,55.25,58.85,43.45,0.0035867121293170707,0.0035867121293170707,0.003586712125730359,0.5545449969185614,0.12921716109794562,0.1257905396415605,0.23944424397996542,0.3055480547071143,0.20000000057341408,0.12921716096872848,0.12579053951577,0.2394442437405212,0.3055480544015663,0.20000000037341412
2023-01-27,1.2708223760128021,15.0,12.118915557861328,bull_normal,52.0,64.0,37.75,0.0031931244928674277,0.0031931244928674277,0.0031931244896743027,0.5423139331180685,0.13319763852808278,0.128539995948678,0.23069321129341455,0.2830413476486859,0.2245278065811388,0.13319763839488513,0.12853999582013798,0.2306932110627213,0.2830413473656445,0.224527806356611
2023-02-03,1.2604131996631622,15.0,11.611235618591309,bull_normal,52.55,64.45,38.5,-0.001723787128371305,-0.001723787128371305,-0.0017237871266475172,0.5055812446610078,0.14196661471592784,0.136866645398732,0.23445663672994815,0.2867101026703955,0.20000000048499658,0.14196661457396118,0.13686664526186532,0.23445663649549145,0.2867101023836853,0.2000000002849965
2023-02-10,1.0401008576154709,15.0,6.392075538635254,bull_normal,54.9,62.6,35.3,-0.004982210243413742,-0.004982210243413742,-0.004982210238431531,0.4923740610005272,0.18721315455020074,0.18279558567045767,0.21511087182499342,0.21775094401194087,0.19712944394240728,0.18721315436298758,0.18279558548766206,0.21511087160988251,0.2177509437941899,0.19712944374527783
2023-02-17,1.0948563367128372,15.0,7.576375484466553,bull_normal,52.0,57.0,40.75,-0.0033410407375669545,-0.0033410407375669545,-0.003341040734225913,0.4382401321569201,0.16317101933224443,0.1652177406508552,0.23130974933888493,0.24030148975957624,0.20000000091843934,0.16317101916907337,0.16521774048563742,0.2313097491075751,0.24030148951927469,0.20000000071843926
2023-02-24,1.288488656282425,15.0,11.402806282043457,bull_normal,52.8,58.5,43.65,0.0008805770260161657,0.0008805770260161657,0.0008805770251355886,0.3877911288143579,0.128091594073134,0.1334687956215783,0.2506740583903532,0.287765551471477,0.20000000044345756,0.1280915939450424,0.13346879548810947,0.25067405813967913,0.2877655511837114,0.20000000024345754
2023-03-03,1.2151471078395844,15.0,10.203221321105957,bull_normal,52.8,62.0,37.25,0.00015564299999563773,0.00015564299999563773,0.00015564299983999522,0.4039586168447407,0.13727326557951347,0.16147052895869662,0.26827410943027435,0.23629183868201245,0.19669025734950293,0.13727326544224022,0.16147052879722612,0.2682741091620003,0.23629183844572066,0.19669025715281271
2023-03-10,1.2560455203056335,15.0,10.918230056762695,bull_normal,53.25,61.4,39.55,-0.0009392280920077742,-0.0009392280920077742,-0.0009392280910685455,0.4715019056607241,0.13962675447338857,0.1439237125013195,0.24590061934181615,0.27054891337273507,0.20000000031074078,0.13962675433376182,0.14392371235739576,0.2459006190959155,0.27054891310218615,0.20000000011074076
2023-03-17,1.5530427694320679,15.0,18.720111846923828,event_stress,53.92,62.02,41.2,0.007629579842803339,0.007629579842803339,0.007629579835173758,0.6117664477298982,0.07138680166533304,0.06967742519716273,0.2589357718781284,0.40000000083958387,0.20000000041979193,0.07138680159394623,0.0696774251274853,0.25893577161919257,0.40000000043958384,0.20000000021979192
2023-03-24,1.8032358288764954,15.0,30.247432708740234,event_stress,54.5,57.0,47.25,0.00022626189000686864,0.00022626189000686864,0.00022626188978060652,0.6398409281719595,0.06713134759277849,0.02869706994658589,0.3041715810470356,0.40000000094240007,0.20000000047120003,0.06713134752564713,0.02869706991788882,0.304171580742864,0.40000000054240004,0.20000000027120002
2023-03-31,1.652449607849121,15.0,21.684391021728516,event_stress,55.870000000000005,58.4,49.25,0.0006666381616295283,0.0006666381616295283,0.0006666381609628903,0.5391714387365611,0.06045524707977621,0.05352413877906168,0.28602061270329726,0.4000000009585765,0.20000000047928826,0.06045524701932097,0.05352413872553755,0.28602061241727667,0.4000000005585766,0.2000000002792883
2023-04-07,1.705755352973938,15.0,25.522829055786133,event_stress,53.1,58.3,32.3,0.007165646424927308,0.007165646424927308,0.0071656464177616615,0.5058364937809307,0.061063114798949235,0.041149375910818124,0.2977875083773553,0.4000000006085849,0.20000000030429246,0.061063114737886115,0.04114937586966874,0.2977875080795678,0.4000000002085849,0.20000000010429245
2023-04-14,1.5918914675712585,15.0,20.735706329345703,event_stress,53.9,56.45,35.2,0.0011428675933865136,0.0011428675933865136,0.0011428675922436462,0.4543827408672204,0.06149391320602667,0.06020436562054464,0.27830171996672404,0.40000000080446974,0.20000000040223487,0.06149391314453275,0.06020436556034027,0.2783017196884223,0.4000000004044697,0.20000000020223485
2023-04-21,1.3510805368423462,15.0,12.674759864807129,bull_normal,57.3,59.0,40.75,-0.008870657694019318,-0.008870657694019318,-0.00887065768514866,0.536652717304293,0.12766722417969245,0.12349941043098302,0.2421224690815732,0.3067108957895071,0.20000000051824435,0.1276672240520252,0.1234994103074836,0.2421224688394507,0.3067108954827962,0.20000000031824433
2023-04-28,1.3711351156234741,15.0,12.092916488647461,bull_normal,58.5,57.0,52.25,0.003802368801259127,0.003802368801259127,0.003802368797456758,0.5038278702000624,0.11922351990563719,0.11726608295888719,0.2346123321399377,0.3288980643059355,0.20000000068960253,0.11922351978641366,0.1172660828416211,0.23461233190532535,0.3288980639770374,0.2000000004896025
2023-05-05,1.41210475564003,15.0,13.136809349060059,bull_normal,59.1,57.5,51.75,0.013170611894125394,0.013170611894125394,0.013170611880954778,0.4847228946575052,0.11085278207575343,0.10869749404371475,0.23747762769295605,0.3429720954571152,0.20000000073046068,0.11085278196490062,0.10869749393501722,0.23747762745547835,0.342972095114143,0.2000000005304606
2023-05-12,1.049340520054102,15.0,5.676356315612793,bull_normal,55.8,53.0,40.75,-0.003697244045470182,-0.003697244045470182,-0.0036972440417729372,0.5304544641275812,0.17610974764313286,0.17618224047964098,0.22384320772272404,0.22386480377487733,0.20000000037962484,0.1761097474670231,0.17618224030345872,0.22384320749888081,0.22386480355101251,0.20000000017962483
2023-05-19,1.1243597641587257,15.0,7.348682880401611,bull_normal,56.15,54.1,39.949999999999996,-0.003992281975994499,-0.003992281975994499,-0.003992281972002217,0.4939265570104805,0.1702900285072961,0.16559462076245762,0.22500260228350438,0.2391127477714917,0.20000000067525014,0.17029002833700607,0.165594620596863,0.22500260205850175,0.23911274753237893,0.20000000047525013
2023-05-26,1.0610305182635784,15.0,5.9107208251953125,bull_normal,55.71,53.31,41.55,-0.00367409678495284,-0.00367409678495284,-0.0036740967812787426,0.5234446721507366,0.175680675553683,0.17302163690539393,0.22156594570044438,0.22973174143609984,0.20000000040437893,0.1756806753780023,0.17302163673237228,0.22156594547887842,0.22973174120636808,0.2000000002043789
2023-06-02,1.1187806725502014,15.0,7.648532867431641,bull_normal,54.6,61.5,38.2,0.002035720494768283,0.002035720494768283,0.0020357204927325626,0.5252316559818246,0.175193334499852,0.16868980309358367,0.2181432851866028,0.2379735765387727,0.2000000006811888,0.17519333432465864,0.16868980292489386,0.2181432849684595,0.23797357630079913,0.2000000004811888
2023-06-09,1.0029407991096377,15.0,4.925376892089844,bull_normal,55.489999999999995,62.17999999999999,39.5,0.0027921542760949787,0.0027921542760949787,0.002792154273302824,0.5284950027551629,0.19219694496299675,0.18515223536691328,0.20578401334353116,0.2178593242913917,0.19900748203516702,0.1921969447707998,0.18515223518176102,0.20578401313774713,0.21785932407353237,0.19900748183615952
2023-06-16,1.4077757596969604,15.0,14.67980670928955,bull_normal,53.5,59.0,37.75,0.0021419900380344687,0.0021419900380344687,0.0021419900358924785,0.5947379075161034,0.10582926300740086,0.1066668322740676,0.26155530841097185,0.32594859571988605,0.20000000058767364,0.10582926290157159,0.10666683216740076,0.2615553081494165,0.32594859539393745,0.20000000038767363
2023-06-23,1.5845820903778076,15.0,19.981809616088867,event_stress,54.05,59.7,37.75,0.0005434247484202461,0.0005434247484202461,0.000543424747876821,0.9004913628788797,0.05812539113011448,0.06496679599674304,0.28963920790720354,0.38726860442634925,0.2000000005395898,0.05812539107198907,0.06496679593177623,0.28963920761756423,0.38726860403908053,0.20000000033958973
2023-06-30,1.2196406722068787,15.0,9.843460083007812,bull_normal,54.410000000000004,59.81,39.75,-0.001969394102140939,-0.001969394102140939,-0.001969394100171545,0.7939385182186318,0.15399803958398067,0.14898434743202404,0.2303755771845379,0.2666420354571716,0.20000000034228582,0.1539980394299826,0.1489843472830397,0.2303755769541623,0.26664203519052954,0.2000000001422858
2023-07-07,1.5710747838020325,15.0,17.522512435913086,event_stress,61.3,60.0,51.3,0.005264932747110016,0.005264932747110016,0.005264932741845083,0.817774613921668,0.0745117330585385,0.0740987985346684,0.2513894671476716,0.40000000083941434,0.20000000041970717,0.07451173298402676,0.07409879846056959,0.2513894668962821,0.4000000004394143,0.20000000021970715
2023-07-14,1.4813820719718933,15.0,14.594808578491211,bull_normal,60.739999999999995,59.25,52.074999999999996,0.002834379201364909,0.002834379201364909,0.002834379198530529,0.7792848385992582,0.09549108651329448,0.09851659751405915,0.24956283791692394,0.35642947738989184,0.20000000066583057,0.09549108641780338,0.09851659741554254,0.24956283766736106,0.35642947703346234,0.20000000046583055
2023-07-21,1.669000267982483,15.0,21.4157772064209,event_stress,60.96,59.77,52.9,0.007459274285999568,0.007459274285999568,0.007459274278540295,0.6759732509763652,0.05932528785075922,0.05457703304088805,0.28609767782588624,0.4000000008549776,0.2000000004274888,0.05932528779143394,0.05457703298631102,0.2860976775397886,0.4000000004549777,0.20000000022748884
2023-07-28,1.5692304372787476,15.0,17.502717971801758,event_stress,59.7,61.6,48.2,-0.0029929643710834156,-0.0029929643710834156,-0.002992964368090452,0.9116989686546646,0.07614791252024947,0.07468757318231561,0.24916451318889538,0.4000000007390263,0.20000000036951315,0.07614791244410156,0.07468757310762805,0.2491645129397309,0.4000000003390264,0.2000000001695132
2023-08-04,1.3360861837863922,15.0,12.580978393554688,bull_normal,54.5,62.0,35.3,-0.0002711925487774855,-0.0002711925487774855,-0.00027119254850629297,0.7926381885611266,0.13008043290800275,0.13158326166492776,0.25281014640885996,0.28552615866726205,0.20000000035094742,0.13008043277792233,0.13158326153334451,0.25281014615604985,0.28552615838173595,0.20000000015094746
2023-08-11,1.3621158301830292,15.0,10.699954986572266,bull_normal,62.5,65.2,52.25,-0.003806454839921337,-0.003806454839921337,-0.0038064548361148812,0.7197880902901437,0.1376003191710049,0.13778120434661775,0.22211629883300832,0.30250217721142497,0.20000000043794408,0.13760031903340458,0.13778120420883655,0.222116298610892,0.3025021769089228,0.20000000023794406
2023-08-18,1.4977247714996338,15.0,14.360876083374023,bull_normal,61.3,63.8,55.75,0.0027280723582118215,0.0027280723582118215,0.002728072355483749,0.7302358739473176,0.09878682509624155,0.09633050439381512,0.22976629654730762,0.37511637313147544,0.20000000083116032,0.09878682499745471,0.0963305042974846,0.2297662963175413,0.37511637275635906,0.2000000006311603
2023-08-25,1.1837265640497208,15.0,7.645887851715088,bull_normal,58.7,59.6,49.25,-0.002048356733766041,-0.002048356733766041,-0.0020483567317176837,0.6447707215927255,0.16340675324853085,0.15900112588839824,0.21405811696474233,0.26353400358398676,0.20000000031434195,0.1634067530851241,0.1590011257293971,0.2140581167506842,0.26353400332045274,0.20000000011434194
2023-09-01,1.4781181812286377,15.0,14.92121696472168,bull_normal,59.4,61.1,48.75,0.001367898577528041,0.001367898577528041,0.0013678985761601424,0.625779409468942,0.09387304604674142,0.10038383208138436,0.26002222240126743,0.34572089890380536,0.20000000056680156,0.09387304595286837,0.10038383198100052,0.2600222221412452,0.3457208985580844,0.20000000036680154
2023-09-08,1.4501802921295166,15.0,14.61082649230957,bull_normal,54.5,56.5,52.25,-0.003900128139536332,-0.003900128139536332,-0.003900128135636203,0.6450563179760457,0.09371137559158757,0.0927002407015903,0.24510726619453438,0.3684811166184843,0.20000000089380346,0.09371137549787618,0.09270024060889005,0.24510726594942708,0.3684811162500032,0.20000000069380344
2023-09-15,1.1829415708780289,15.0,7.95086669921875,bull_normal,55.45,58.08,51.27499999999999,-0.0008279121506031605,-0.0008279121506031605,-0.0008279121497752483,0.5762189113623132,0.15417986069490644,0.1515242724753407,0.21928490571003983,0.2750109606525878,0.20000000046712524,0.15417986054072658,0.1515242723238164,0.2192849054907549,0.27501096037757683,0.20000000026712522
2023-09-22,1.2996563911437988,15.0,10.45500373840332,bull_normal,56.5,59.9,52.25,-0.0037465852978387777,-0.0037465852978387777,-0.003746585294092193,0.567004733694067,0.13460249904715593,0.13195941799818167,0.22569261558162548,0.307745466738321,0.20000000063471593,0.13460249891255346,0.13195941786622228,0.2256926153559329,0.30774546643057554,0.20000000043471597
2023-09-29,1.8069849610328674,15.0,28.579421997070312,event_stress,68.5,68.8,47.0,-0.012453934267257513,-0.012453934267257513,-0.012453934254803577,0.6214665704321903,0.06683752016259255,0.03278317084492994,0.3003793076031228,0.40000000092623644,0.20000000046311822,0.06683752009575503,0.03278317081214677,0.3003793073027435,0.4000000005262364,0.2000000002631182
2023-10-06,1.8081188797950745,15.0,28.579421997070312,event_stress,68.44,67.78,48.074999999999996,-0.012454172833529675,-0.012454172833529675,-0.0124541728210755,0.7135727628106808,0.06693307561652291,0.03259811955648382,0.30046880342975374,0.400000000931493,0.2000000004657465,0.06693307554958983,0.032598119523885694,0.3004688031292849,0.400000000531493,0.2000000002657465
2023-10-13,1.5927987694740295,15.0,18.229501724243164,event_stress,62.0,62.5,53.75,-0.00811194511454247,-0.00811194511454247,-0.008111945106430523,0.647795716901412,0.07274077691409556,0.07117914337964272,0.2560800783246786,0.4000000009210554,0.2000000004605277,0.07274077684135477,0.07117914330846357,0.2560800780685985,0.4000000005210554,0.2000000002605277
2023-10-20,1.8663250207901,15.0,34.35128402709961,event_stress,63.6,59.15,52.949999999999996,0.008240603170487295,0.008240603170487295,0.00824060316224669,0.8379145418942469,0.07005758387042527,0.023470423691850217,0.3064719914446888,0.4000000006620238,0.2000000003310119,0.07005758380036768,0.02347042366837979,0.30647199113821677,0.40000000026202376,0.20000000013101188
2023-10-27,1.6486737132072449,15.0,19.56792640686035,event_stress,63.910000000000004,58.760000000000005,53.5,0.002486080393872564,0.002486080393872564,0.0024860803913864826,0.7657247649258074,0.06449946988120883,0.06331364762693668,0.2721868813009468,0.40000000079393855,0.20000000039696927,0.06449946981670934,0.06331364756362301,0.2721868810287599,0.4000000003939384,0.2000000001969692
2023-11-03,1.6164265275001526,15.0,18.612539291381836,event_stress,68.3,65.5,42.7,0.004308016713932865,0.004308016713932865,0.004308016709624848,0.6921900867685576,0.07433054454963818,0.07303178088153045,0.25263767353147587,0.40000000069157027,0.20000000034578513,0.07433054447530765,0.07303178080849868,0.25263767327883824,0.40000000029157035,0.20000000014578517
2023-11-10,1.4335887432098389,15.0,14.733528137207031,bull_normal,53.5,54.0,45.25,-0.005328671517039963,-0.005328671517039963,-0.0053286715117112915,0.6377431675004743,0.09740845503815675,0.09596835580473094,0.2544111538386034,0.35221203452470234,0.2000000007938066,0.09740845494074829,0.09596835570876258,0.25441115358419225,0.3522120341724903,0.20000000059380657
2023-11-17,1.3330125212669373,15.0,10.714683532714844,bull_normal,66.6,63.3,42.25,0.00040442246360901076,0.00040442246360901076,0.0004044224632045882,0.5862296207366584,0.15651038052654445,0.14836351819824803,0.2194550925884022,0.2756710077569023,0.20000000092990297,0.15651038037003406,0.14836351804988449,0.21945509236894709,0.27567100748123124,0.20000000072990295
2023-11-24,1.630251705646515,15.0,19.72258949279785,event_stress,67.32000000000001,62.65,41.75,-0.011991737815038843,-0.011991737815038843,-0.011991737803047103,0.5558860092530542,0.06926138617168903,0.06680594314964625,0.2639326695506137,0.4000000007520341,0.20000000037601706,0.06926138610242764,0.0668059430828403,0.26393266928668097,0.4000000003520341,0.20000000017601705
2023-12-01,1.3093221783638,15.0,10.297637939453125,bull_normal,67.56,62.760000000000005,40.849999999999994,-0.0010631999219902135,-0.0010631999219902135,-0.0010631999209270134,0.5946002551359734,0.16330498059243828,0.1543894844111083,0.21754379286801012,0.26476174165244165,0.2000000004760017,0.1633049804291333,0.1543894842567188,0.2175437926504663,0.2647617413876799,0.20000000027600168
2023-12-08,1.5472208857536316,15.0,17.09111785888672,event_stress,61.4,60.0,51.75,-0.0022739953322485577,-0.0022739953322485577,-0.002273995329974562,0.591018608092242,0.07841133250095497,0.07671843405122862,0.24487023243102155,0.4000000006778633,0.20000000033893164,0.07841133242254361,0.07671843397451017,0.24487023218615123,0.40000000027786314,0.20000000013893157
2023-12-15,1.1485565900802612,15.0,7.0100908279418945,bull_normal,61.5,62.3,45.3,-0.0010348769459548976,-0.0010348769459548976,-0.0010348769449200204,0.6300979942943642,0.17878209179230467,0.17167338426946002,0.20641581403326825,0.24312870942746168,0.20000000047750544,0.17878209161352257,0.17167338409778662,0.20641581382685242,0.24312870918433294,0.20000000027750542
2023-12-22,1.2432130575180054,15.0,8.874263763427734,bull_normal,62.5,61.7,46.8,0.0004962407285525756,0.0004962407285525756,0.0004962407280563345,0.5856273965587846,0.16261480339995774,0.15633624319216832,0.21405924683521052,0.2669897063291883,0.20000000024347508,0.16261480323734295,0.1563362430358321,0.2140592466211513,0.26698970606219863,0.20000000004347512
2023-12-29,1.5945736169815063,15.0,17.769758224487305,event_stress,63.95,64.15,45.949999999999996,0.007659985161338752,0.007659985161338752,0.007659985153678767,0.6227473056270274,0.07666750564805849,0.07538489673767991,0.24865213091842728,0.39929546597654136,0.20000000071929308,0.07666750557139099,0.075384896662295,0.24865213066977512,0.3992954655772459,0.20000000051929306
2024-01-05,1.4114292562007904,15.0,12.151544570922852,bull_normal,65.31,65.51,44.8,-0.006718614373793834,-0.006718614373793834,-0.00671861436707522,0.6387913726636762,0.13768561396116688,0.13108161316525893,0.224299779181468,0.30693299329854756,0.2000000003935586,0.1376856138234813,0.13108161303417734,0.22429977895716827,0.30693299299161464,0.20000000019355865
2024-01-12,1.7868757843971252,15.0,26.5919132232666,event_stress,64.8,60.0,54.25,-0.007705367800044987,-0.007705367800044987,-0.007705367792339619,0.5427009584848052,0.06410727064163478,0.03543447057149713,0.300458257622801,0.40000000077604475,0.20000000038802238,0.0641072705775275,0.035434470536062655,0.3004582573223427,0.4000000003760447,0.20000000018802236
2024-01-19,1.7938240766525269,15.0,26.694313049316406,event_stress,65.5,61.2,53.39999999999999,-0.002093082845521643,-0.002093082845521643,-0.002093082843428561,0.5053852745445923,0.06466814073882397,0.03527198540610048,0.300059872644728,0.4000000008068983,0.20000000040344915,0.06466814067415584,0.0352719853708285,0.3000598723446682,0.40000000040689837,0.20000000020344919
2024-01-26,1.6258305311203003,15.0,18.67559814453125,event_stress,60.5,63.0,52.5,-0.00021477595614325886,-0.00021477595614325886,-0.00021477595592848286,0.5612805123677135,0.05917920814729535,0.06758302552547832,0.27466270392332215,0.3985750618403163,0.2000000005635879,0.059179208088116136,0.06758302545789528,0.2746627036486594,0.3985750614417412,0.2000000003635879
2024-02-02,1.514085292816162,15.0,15.84172248840332,event_stress,54.0,59.3,50.25,0.0008657455463858646,0.0008657455463858646,0.000865745545520119,0.532420509979264,0.08132401129399386,0.08581234556694413,0.2609895494005028,0.37187409297132806,0.20000000076723118,0.08132401121266984,0.08581234548113177,0.2609895491395132,0.3718740925994539,0.20000000056723116
2024-02-09,1.8801114559173584,15.0,34.72543716430664,event_stress,66.5,68.1,44.25,0.0003118658225023445,0.0003118658225023445,0.0003118658221904784,0.7759038322745907,0.06869663540648746,0.02325138067611184,0.3080519829917446,0.40000000061710417,0.20000000030855208,0.06869663533779082,0.023251380652860455,0.30805198268369255,0.40000000021710413,0.20000000010855207
2024-02-16,1.8667982816696167,15.0,34.72543716430664,event_stress,53.0,55.0,40.75,0.0002830623699022314,0.0002830623699022314,0.000283062369619169,0.9999129894616793,0.06793653893012241,0.02290798837774477,0.3091554712120921,0.40000000098669375,0.20000000049334687,0.06793653886218588,0.022907988354836786,0.30915547090293666,0.4000000005866938,0.2000000002933469
2024-02-23,1.8510499596595764,15.0,31.359092712402344,event_stress,65.3,61.3,47.5,0.0013112198960096243,0.0013112198960096243,0.001311219894698404,1.0,0.06819281119919977,0.026704659751969628,0.3051025281481184,0.4000000006004749,0.20000000030023746,0.06819281113100696,0.026704659725264965,0.30510252784301584,0.4000000002004749,0.20000000010023744
2024-03-01,1.7573428750038147,15.0,24.144302368164062,event_stress,65.8,61.029999999999994,49.449999999999996,0.0038435876324924554,0.0038435876324924554,0.0038435876286488676,0.9068749661134047,0.05869234110730798,0.042844196725848535,0.2984634609714235,0.40000000079694664,0.20000000039847332,0.058692341048615634,0.042844196683004335,0.29846346067296003,0.4000000003969466,0.2000000001984733
2024-03-08,1.8621414303779602,15.0,34.14191436767578,event_stress,63.7,64.8,37.75,0.018184007769007995,0.018184007769007995,0.018184007750823985,0.905934656956474,0.06903070861846218,0.024231519680169452,0.30673777075917247,0.4000000006281306,0.2000000003140653,0.06903070854943147,0.02423151965593793,0.30673777045243467,0.4000000002281306,0.2000000001140653
2024-03-15,1.5398035645484924,15.0,16.96316146850586,event_stress,63.410000000000004,63.2,38.35,-0.0018942402243558416,-0.0018942402243558416,-0.0018942402224616012,0.8421864558636628,0.09094636261212341,0.08714424287869722,0.25108265747362835,0.37082673639541636,0.20000000064013462,0.09094636252117703,0.08714424279155297,0.2510826572225457,0.3708267360245896,0.2000000004401346
2024-03-22,1.5213687419891357,15.0,16.277950286865234,event_stress,58.7,60.2,50.75,0.0034882146369987757,0.0034882146369987757,0.0034882146335105603,0.7110155550722855,0.08407427229850507,0.08232259431419492,0.24415034012825393,0.3894527924041017,0.2000000008549444,0.0840742722144308,0.08232259423187231,0.24415033988410356,0.3894527920146489,0.2000000006549444
2024-03-29,1.7428792119026184,15.0,25.489974975585938,event_stress,60.7,58.8,49.25,0.007260895581771673,0.007260895581771673,0.007260895574510779,0.7861664054949914,0.06402659925339142,0.03946030333397711,0.29651309625522093,0.40000000077160697,0.20000000038580348,0.06402659918936483,0.039460303294516816,0.2965130959587079,0.40000000037160705,0.20000000018580352
2024-04-05,1.688978672027588,15.0,23.560142517089844,event_stress,57.5,62.0,40.75,0.015076787696278513,0.015076787696278513,0.01507678768120173,0.8594511345990604,0.05988407714783608,0.04761686821928639,0.2924990532735632,0.4000000009062095,0.20000000045310476,0.05988407708795201,0.047616868171669526,0.29249905298106416,0.4000000005062096,0.2000000002531048
2024-04-12,1.7581009268760681,15.0,27.169830322265625,event_stress,59.2,61.8,37.75,0.01698311906125253,0.01698311906125253,0.016983119044269405,0.8919118274087586,0.06305856611012899,0.03615208976306614,0.3007893430492721,0.4000000007183552,0.2000000003591776,0.06305856604707041,0.03615208972691405,0.3007893427484827,0.40000000031835514,0.20000000015917757
2024-04-19,1.6694700121879578,15.0,21.603342056274414,event_stress,61.4,62.27,40.05,-0.00109797622377446,-0.00109797622377446,-0.0010979762226764839,0.8688637224713481,0.05883472724457001,0.056796510505252445,0.2843687610351757,0.40000000081000114,0.20000000040500057,0.05883472718573529,0.05679651044845594,0.284368760750807,0.4000000004100012,0.2000000002050006
2024-04-26,1.7201029658317566,15.0,23.49871063232422,event_stress,62.0,63.0,47.25,-0.010538990687340606,-0.010538990687340606,-0.01053899067680162,0.9267390550452745,0.06237357200026345,0.04692597925947365,0.29070044771925263,0.4000000006806735,0.20000000034033674,0.062373571937889886,0.04692597921254768,0.2907004474285522,0.40000000028067356,0.20000000014033678
2024-05-03,1.8922584056854248,15.0,38.07362747192383,event_stress,63.92,64.95,46.449999999999996,-0.006162240057151132,-0.006162240057151132,-0.006162240050988892,1.0,0.07111095637022807,0.021030442794412352,0.3078585997901722,0.40000000069679165,0.20000000034839582,0.07111095629911711,0.021030442773381907,0.3078585994823136,0.4000000002967916,0.2000000001483958
2024-05-10,1.7155539393424988,15.0,23.418354034423828,event_stress,61.5,59.8,43.55,0.008193374477242329,0.008193374477242329,0.008193374469048954,0.8654101327992975,0.061296197881210365,0.047098539784616665,0.29160526140206267,0.40000000062140684,0.20000000031070342,0.06129619781991416,0.047098539737518125,0.29160526111045737,0.4000000002214068,0.2000000001107034
2024-05-17,1.429626613855362,15.0,13.979268074035645,bull_normal,59.6,63.3,45.2,0.0023336229800527564,0.0023336229800527564,0.002333622977719134,0.7474360452104373,0.11306043051379812,0.10987053547171179,0.23951319682577862,0.3375558365500085,0.20000000063870293,0.11306043040073771,0.10987053536184127,0.23951319658626546,0.33755583621245266,0.20000000043870297
2024-05-24,1.577807366847992,15.0,17.988637924194336,event_stress,61.5,61.0,47.25,-0.0062239260187933396,-0.0062239260187933396,-0.006223926012569414,0.7478565255356454,0.07488323262739828,0.07291241558627352,0.25220435033794747,0.4000000009655872,0.2000000004827936,0.07488323255251504,0.0729124155133611,0.2522043500857431,0.40000000056558715,0.20000000028279358
2024-05-31,1.2613702714443207,15.0,10.14683723449707,bull_normal,57.5,57.7,45.5,-0.0026884765578950144,-0.0026884765578950144,-0.0026884765552065374,0.6492126539983226,0.14540040016984176,0.14150123163468994,0.2297662576783434,0.2833321100871646,0.2000000004299603,0.14540040002444135,0.1415012314931887,0.22976625744857712,0.28333210980383244,0.20000000022996028
2024-06-07,1.3627889752388,15.0,13.17904281616211,bull_normal,57.3,66.4,44.25,0.0022069404568366862,0.0022069404568366862,0.002206940454629746,0.5601633925810245,0.1244310152346977,0.11985300602150128,0.23316871169522826,0.3225472664240554,0.20000000062451728,0.1244310151102667,0.1198530059016483,0.23316871146205959,0.3225472661015082,0.20000000042451732
2024-06-14,1.4664108157157898,15.0,14.338066101074219,bull_normal,63.2,56.3,51.25,-0.009022928184517921,-0.009022928184517921,-0.009022928175494995,0.5402658516203467,0.10202453394542212,0.09967632023410909,0.24077398112827259,0.35752516399231815,0.200000000699878,0.1020245338433976,0.09967632013443278,0.24077398088749863,0.35752516363479303,0.20000000049987804
2024-06-21,1.5221226215362549,15.0,17.327558517456055,event_stress,57.3,61.8,50.75,0.0008081683316345052,0.0008081683316345052,0.0008081683308263363,0.5542870434357272,0.07752704804482087,0.07601525908180201,0.2464576916633592,0.40000000080667864,0.20000000040333932,0.07752704796729382,0.07601525900578675,0.2464576914169015,0.4000000004066786,0.2000000002033393
2024-06-28,1.7185079455375671,15.0,25.482322692871094,event_stress,59.5,60.0,37.25,-3.169360242100875e-05,-3.169360242100875e-05,-3.1693602389315895e-05,0.6432783315994354,0.06190536827334566,0.04146346161837765,0.29663116912590043,0.4000000006549175,0.20000000032745874,0.061905368211440284,0.04146346157691418,0.2966311688292692,0.40000000025491744,0.20000000012745872
2024-07-05,1.5402344465255737,15.0,17.7886905670166,event_stress,64.8,66.0,36.25,-0.0009137499276459811,-0.0009137499276459811,-0.0009137499267322309,0.6171419848950059,0.08771575440364018,0.08371600878052474,0.251098963272486,0.3774692729083134,0.20000000063503576,0.08771575431592442,0.08371600869680872,0.251098963021387,0.3774692725308441,0.20000000043503574
2024-07-12,1.634470522403717,15.0,20.161067962646484,event_stress,63.7,60.6,45.75,-0.001244762172206795,-0.001244762172206795,-0.001244762170962033,0.6380555281676606,0.057105161597832514,0.06238438503685823,0.2805104524304708,0.40000000062322566,0.20000000031161283,0.057105161540727346,0.06238438497447384,0.28051045214996034,0.4000000002232256,0.2000000001116128
2024-07-19,1.520828127861023,15.0,15.781641006469727,event_stress,65.22,61.02,48.05,0.00013023394134990392,0.00013023394134990392,0.0001302339412196697,0.6835396108283606,0.09446754077822246,0.09132179909368207,0.24145842439163967,0.37275223504797,0.20000000068848586,0.09446754068375492,0.09132179900236026,0.24145842415018123,0.37275223467521773,0.20000000048848585
2024-07-26,1.4345276653766632,15.0,14.253905296325684,bull_normal,59.6,59.2,39.5,-0.0025899433092231726,-0.0025899433092231726,-0.0025899433066332296,0.7962089972431403,0.11092192076913182,0.11160823057621934,0.25648379547611305,0.3209860527066775,0.20000000047185829,0.1109219206582099,0.1116082304646111,0.2564837952196292,0.32098605238569144,0.20000000027185827
2024-08-02,1.4325680136680603,15.0,13.373557090759277,bull_normal,60.8,59.7,42.4,0.005881862787990503,0.005881862787990503,0.005881862782108639,0.7684372840181608,0.11805587748460859,0.11688839311606952,0.2468312224523363,0.3182245064676854,0.2000000004793001,0.11805587736655271,0.11688839299918112,0.24683122220550505,0.31822450614946085,0.2000000002793001
2024-08-09,1.4343957006931305,15.0,13.455743789672852,bull_normal,59.7,59.3,47.25,-0.012116023538536956,-0.012116023538536956,-0.012116023526420931,0.6865949433353359,0.11312868189765508,0.10993182428234141,0.23963854406482255,0.33730094909901026,0.20000000065617063,0.1131286817845264,0.10993182417240958,0.23963854382518399,0.3373009487617093,0.2000000004561706
2024-08-16,1.439598172903061,15.0,13.440649032592773,bull_normal,62.2,60.8,44.25,-0.004246682760856296,-0.004246682760856296,-0.004246682756609613,0.6605751022979656,0.11910000915040256,0.11465189462670682,0.2383568929462715,0.3278912027285152,0.20000000054810396,0.11910000903130254,0.11465189451205492,0.23835689270791457,0.32789120240062397,0.20000000034810395
2024-08-23,1.2443672865629196,15.0,8.606009483337402,bull_normal,62.7,60.95,45.55,0.0026279414914776745,0.0026279414914776745,0.0026279414888497332,0.6113836722030503,0.1656720743203759,0.15903938567148876,0.2142063993576072,0.261082139697243,0.2000000009532851,0.16567207415470384,0.1590393855124494,0.21420639914340084,0.2610821394361609,0.20000000075328514
2024-08-30,1.5600266456604004,15.0,18.099489212036133,event_stress,59.3,59.5,45.25,0.00021722617769421638,0.00021722617769421638,0.0002172261774769898,0.6698485039635433,0.073970193780132,0.07218875915004455,0.25384104568311167,0.4000000009244746,0.2000000004622373,0.0739701937061618,0.07218875907785578,0.2538410454292706,0.40000000052447454,0.20000000026223727
2024-09-06,1.5806403160095215,15.0,18.387165069580078,event_stress,60.55,60.45,44.449999999999996,0.005172808264607333,0.005172808264607333,0.0051728082594345234,0.7452364878275665,0.07303477252236419,0.07107455824396647,0.2558906678070941,0.4000000009510502,0.2000000004755251,0.07303477244932942,0.0710745581728919,0.2558906675512034,0.40000000055105017,0.20000000027552509
2024-09-13,1.3388923108577728,15.0,11.201461791992188,bull_normal,59.2,59.7,52.25,0.0004924904868103433,0.0004924904868103433,0.0004924904863178528,0.6836448049385059,0.13001645237781512,0.1270368903958128,0.22697479439336157,0.31597186221131257,0.20000000062169798,0.13001645224779865,0.1270368902687759,0.22697479416638677,0.31597186189534066,0.20000000042169797
2024-09-20,1.5662553906440735,15.0,17.48356819152832,event_stress,64.0,62.0,42.25,0.002605071605751181,0.002605071605751181,0.0026050716031461095,0.6433264087984877,0.08259003522393217,0.0796041114146597,0.2497734260928198,0.38803242656972714,0.20000000069886126,0.08259003514134212,0.07960411133505559,0.24977342584304635,0.3880324261816947,0.20000000049886124
2024-09-27,1.9868360757827759,15.0,260.9962463378906,event_stress,66.5,64.5,43.75,0.0018448503463125191,0.0018448503463125191,0.00184485034446767,1.0,0.07439897469543365,0.01573497573426745,0.30986604836232423,0.40000000080531645,0.20000000040265822,0.07439897462103469,0.01573497571853248,0.3098660480524582,0.4000000004053165,0.20000000020265826
2024-10-04,1.9863327741622925,15.0,614.296875,event_stress,63.0,63.5,48.5,-0.0008237744038063085,-0.0008237744038063085,-0.0008237744029825364,1.0,0.07438916238175852,0.01574675920679699,0.30986407720395565,0.40000000080499265,0.20000000040249633,0.07438916230736935,0.015746759191050227,0.30986407689409157,0.4000000004049926,0.2000000002024963
2024-10-11,1.9863271117210388,15.0,161.60044860839844,event_stress,62.8,64.0,38.0,-0.0014779077244558966,-0.0014779077244558966,-0.0014779077229779888,0.8376073164670388,0.07438905174519153,0.015746892010042042,0.30986405503728304,0.400000000804989,0.2000000004024945,0.07438905167080247,0.01574689199429515,0.30986405472741896,0.40000000040498895,0.20000000020249448
2024-10-18,1.9821014404296875,15.0,100.46243286132812,event_stress,66.0,59.0,42.5,0.006911062202898748,0.006911062202898748,0.006911062195987685,0.7140121868895781,0.07430613337435214,0.015846790720001433,0.3098470747022683,0.4000000008022522,0.2000000004011261,0.074306133300046,0.01584679070415464,0.3098470743924212,0.40000000040225214,0.20000000020112607
2024-10-25,1.9672346115112305,15.0,64.41007995605469,event_stress,67.6,64.7,48.75,-0.004838556968164055,-0.004838556968164055,-0.0048385569633255,0.599835319691338,0.07397206993004839,0.01628097082277393,0.30974695806033875,0.40000000079122594,0.20000000039561297,0.07397206985607632,0.01628097080649296,0.30974695775059186,0.400000000391226,0.200000000195613
2024-11-01,1.8453500270843506,15.0,30.276988983154297,event_stress,67.34,64.62,48.849999999999994,0.003498066192322286,0.003498066192322286,0.0034980661888242195,0.5054286632803955,0.0682040961491018,0.028415875480307825,0.3033800274693194,0.4000000006008473,0.20000000030042364,0.06820409608089771,0.028415875451891948,0.30338002716593937,0.40000000020084725,0.20000000010042362
2024-11-08,1.425019919872284,15.0,12.932819366455078,bull_normal,62.5,61.2,42.25,0.0014458458781845258,0.0014458458781845258,0.0014458458767386798,0.47418547366885366,0.12471776131082944,0.12323775821185042,0.24257536429966875,0.30946911577370834,0.20000000040394325,0.12471776118611164,0.12323775808861262,0.24257536405709332,0.3094691154642391,0.20000000020394318
2024-11-15,1.7647494077682495,15.0,26.15738296508789,event_stress,61.95,60.9,42.849999999999994,-0.008975909372407598,-0.008975909372407598,-0.008975909363431692,0.4479182728689339,0.06076531099088145,0.0376155211089237,0.3016191664196882,0.4000000009870044,0.2000000004935022,0.06076531093011615,0.03761552107130819,0.3016191661180691,0.40000000058700447,0.20000000029350223
2024-11-22,1.5805601477622986,15.0,18.60196304321289,event_stress,59.0,58.0,36.25,0.008704224622495562,0.008704224622495562,0.008704224613791337,0.444172563811978,0.07328620732803978,0.07105211278858403,0.26159652026490837,0.39406515889489296,0.2000000007235749,0.07328620725475357,0.07105211271753191,0.26159652000331185,0.3940651585008278,0.2000000005235749
2024-11-29,1.5958424806594849,15.0,17.544212341308594,event_stress,65.3,60.0,47.0,-0.0021321832578772245,-0.0021321832578772245,-0.002132183255745041,0.3921013412872474,0.07749714582837085,0.0751081279007011,0.24739472492914338,0.40000000089452314,0.20000000044726157,0.0774971457508737,0.07510812782559297,0.24739472468174864,0.4000000004945231,0.20000000024726156
2024-12-06,1.4804021716117859,15.0,13.8783597946167,bull_normal,67.05,63.6,46.5,-0.0029640657789217844,-0.0029640657789217844,-0.0029640657759577188,0.36479780764793573,0.11717866029934064,0.11199178992019675,0.2321766679135036,0.33865288134330496,0.20000000052365396,0.117178660182162,0.11199178980820497,0.23217666768132697,0.33865288100465213,0.200000000323654
2024-12-13,1.6676971912384033,15.0,20.8692684173584,event_stress,66.0,68.1,44.0,0.011128112213561562,0.011128112213561562,0.011128112202433448,0.40177646561040187,0.06387595885336848,0.06168071701213997,0.274443322949542,0.40000000078996634,0.20000000039498317,0.06387595878949252,0.06168071695045925,0.27444332267509863,0.4000000003899663,0.20000000019498315
2024-12-20,1.5604164600372314,15.0,16.56230354309082,event_stress,66.8,66.2,47.25,-0.0034560993675026787,-0.0034560993675026787,-0.00345609936404658,0.3656894448700112,0.09018052946684607,0.08650052940251739,0.2381961629625087,0.38512277747488893,0.20000000069323887,0.09018052937666556,0.08650052931601687,0.23819616272431257,0.3851227770897662,0.2000000004932389
2024-12-27,1.426836758852005,15.0,13.134681701660156,bull_normal,60.5,61.4,52.75,0.00013238728135847643,0.00013238728135847643,0.00013238728122608913,0.32515550853179936,0.11276457624907921,0.10991587203430377,0.2312832246312915,0.34603632635886905,0.2000000007264564,0.11276457613631465,0.10991587192438791,0.2312832244000083,0.3460363260128328,0.20000000052645645
2025-01-03,1.5444830656051636,15.0,15.018041610717773,event_stress,71.2,69.4,52.75,0.004225823495335948,0.004225823495335948,0.004225823491110124,0.3316845354011611,0.10461120834780631,0.09964299259687116,0.22287469421838688,0.37287110421122105,0.20000000062571466,0.10461120824319509,0.09964299249722816,0.22287469399551216,0.3728711038383499,0.20000000042571464
2025-01-10,1.5908092856407166,15.0,16.748523712158203,event_stress,70.6,69.22,52.849999999999994,-0.004996170679335663,-0.004996170679335663,-0.004996170674339492,0.30498962006071917,0.08696001994590405,0.08327310133726427,0.229766877514921,0.40000000080127385,0.20000000040063692,0.08696001985894403,0.08327310125399116,0.2297668772851541,0.4000000004012738,0.2000000002006369
2025-01-17,1.6717022061347961,15.0,21.246646881103516,event_stress,61.5,57.5,48.2,0.0025661812849205024,0.0025661812849205024,0.0025661812823543216,0.31491928178713524,0.0598282963040933,0.05569204645611515,0.2844796558881485,0.40000000090109533,0.20000000045054767,0.059828296244265014,0.055692046400423106,0.2844796556036689,0.4000000005010954,0.2000000002505477
2025-01-24,1.617320954799652,15.0,18.95172119140625,event_stress,63.540000000000006,64.32000000000001,47.25,0.0008177126172530648,0.0008177126172530648,0.0008177126164353523,0.29155569740144205,0.07054884783139104,0.06915346200583153,0.26029768899153366,0.4000000007808292,0.2000000003904146,0.07054884776084218,0.06915346193667807,0.26029768873123593,0.40000000038082917,0.20000000019041458
2025-01-31,1.4169841408729553,15.0,11.761834144592285,bull_normal,68.5,68.0,50.0,0.0019490162275991472,0.0019490162275991472,0.0019490162256501308,0.24191011074130023,0.14044216497882464,0.13329082689718597,0.2134734027241254,0.31279360499937126,0.2000000004004927,0.14044216483838246,0.13329082676389511,0.21347340251065197,0.31279360468657763,0.2000000002004927
2025-02-07,1.4498670995235443,15.0,12.766868591308594,bull_normal,69.5,65.8,47.0,0.010167363915172933,0.010167363915172933,0.010167363905005567,0.22196571425791534,0.13138669872556136,0.12639518725099935,0.22492156898671506,0.3172965446671858,0.2000000003695384,0.13138669859417465,0.12639518712460415,0.22492156876179348,0.31729654434988924,0.2000000001695384
2025-02-14,1.6854294538497925,15.0,21.88327980041504,event_stress,65.0,63.0,42.5,-0.0025045905424567437,-0.0025045905424567437,-0.0025045905399521534,0.23527417782815624,0.059675480093347597,0.055690204467590605,0.2846343141084349,0.40000000088708454,0.20000000044354227,0.05967548003367211,0.055690204411900396,0.2846343138238006,0.4000000004870845,0.20000000024354225
2025-02-21,1.801917552947998,15.0,28.244722366333008,event_stress,68.3,64.3,42.95,-0.006326215864356048,-0.006326215864356048,-0.0063262158580298326,0.2522386219747011,0.06578640690626887,0.03337492987794468,0.3008386619131647,0.4000000008684144,0.2000000004342072,0.06578640684048247,0.03337492984456975,0.3008386616123261,0.4000000004684145,0.20000000023420725
2025-02-28,1.7761414051055908,15.0,26.10434341430664,event_stress,70.6,66.6,42.449999999999996,-0.008976923251948155,-0.008976923251948155,-0.008976923242971233,0.2349935439089577,0.06412437007408309,0.03950680523687931,0.29636882352355953,0.40000000077698533,0.20000000038849267,0.06412437000995873,0.039506805197372506,0.29636882322719077,0.4000000003769854,0.2000000001884927
2025-03-07,1.5366448760032654,15.0,14.623218536376953,bull_normal,71.4,65.7,55.75,-0.001192747303978134,-0.001192747303978134,-0.0011927473027853867,0.2094922763456252,0.10377899458673287,0.09959486047966988,0.22282532279340234,0.373800821495472,0.2000000006447229,0.10377899448295387,0.099594860380075,0.222825322570577,0.3738008211216711,0.20000000044472288
2025-03-14,1.6900224089622498,15.0,21.11408805847168,event_stress,69.9,66.2,47.75,0.002304554627773703,0.002304554627773703,0.002304554625469148,0.19051136449635694,0.062024175029988485,0.06000245988719781,0.27797336370270875,0.40000000092007,0.200000000460035,0.06202417496796431,0.06000245982719535,0.2779733634247354,0.40000000052006995,0.20000000026003498
2025-03-21,1.6559786796569824,15.0,19.42805290222168,event_stress,68.0,59.5,52.75,-0.002408615086579484,-0.002408615086579484,-0.002408615084170868,0.18040970638347426,0.06664993881039402,0.06504628508997505,0.26830377501227604,0.40000000072490327,0.20000000036245164,0.06664993874374407,0.06504628502492876,0.2683037747439722,0.40000000032490324,0.20000000016245162
2025-03-28,1.4866856932640076,15.0,14.109771728515625,bull_normal,70.1,63.5,40.75,0.0025520761800449532,0.0025520761800449532,0.002552076177492877,0.16849719336321475,0.12313679784763443,0.11640341810097864,0.23530862743357323,0.3251511562446285,0.2000000003731852,0.12313679772449762,0.11640341798457521,0.2353086271982646,0.3251511559194773,0.20000000017318517
2025-04-04,1.5619683265686035,15.0,17.260820388793945,event_stress,65.0,57.0,38.75,0.010594944154198168,0.010594944154198168,0.010594944143603223,0.1712956226943172,0.08530926700106331,0.08222650949792222,0.2568185681872735,0.3756456546943929,0.20000000061934806,0.08530926691575404,0.0822265094156957,0.25681856793045493,0.37564565431874725,0.20000000041934804
2025-04-11,1.4160549640655518,15.0,11.621089935302734,bull_normal,70.6,74.1,42.7,0.003896368229417343,0.003896368229417343,0.0038963682255209755,0.1611387573346018,0.15624437756940746,0.14832078350336259,0.21085821480605457,0.28457662347379914,0.20000000064737625,0.1562443774131631,0.1483207833550418,0.21085821459519638,0.28457662318922256,0.20000000044737629
2025-04-18,1.6641101241111755,15.0,19.801822662353516,event_stress,71.64000000000001,72.42,42.8,0.003450368278281815,0.003450368278281815,0.0034503682748314463,0.19326393995464383,0.07258091824148744,0.06910492477975796,0.25831415562163734,0.40000000090474486,0.20000000045237243,0.07258091816890651,0.06910492471065303,0.25831415536332314,0.4000000005047448,0.2000000002523724
2025-04-25,1.805233120918274,15.0,28.35647964477539,event_stress,61.2,55.6,51.2,-0.004755832712657446,-0.004755832712657446,-0.004755832707901613,0.1841750374263094,0.06656768310559709,0.031280669821715505,0.3021516457055985,0.40000000091139265,0.20000000045569633,0.06656768303902941,0.03128066979043483,0.3021516454034468,0.4000000005113926,0.2000000002556963
2025-05-02,1.73598974943161,15.0,23.643070220947266,event_stress,62.64000000000001,57.27,53.199999999999996,-0.003576493971411042,-0.003576493971411042,-0.0035764939678345478,0.180765552428091,0.06330706844558767,0.04423633567870392,0.2924565947776702,0.4000000007320254,0.2000000003660127,0.0633070683822806,0.044236335634467584,0.2924565944852136,0.4000000003320254,0.2000000001660127
2025-05-09,1.7897456288337708,15.0,27.61412239074707,event_stress,68.0,65.2,42.5,0.00029601662644291893,0.00029601662644291893,0.0002960166261469022,0.16328969343592298,0.06524231606855165,0.03510473563453315,0.2996529470391894,0.40000000083848386,0.20000000041924193,0.06524231600330932,0.035104735599428415,0.2996529467395364,0.4000000004384838,0.2000000002192419
2025-05-16,1.8334909677505493,15.0,31.062053680419922,event_stress,67.52000000000001,65.12,45.05,-0.014417902449037012,-0.014417902449037012,-0.014417902434619106,0.20451058991248527,0.06795670563324137,0.028051107535303235,0.3039921853497507,0.4000000009878032,0.2000000004939016,0.06795670556528466,0.028051107507252124,0.3039921850457585,0.40000000058780316,0.20000000029390158
2025-05-23,1.6752313375473022,15.0,21.5279541015625,event_stress,66.0,65.5,42.5,0.007254166659568523,0.007254166659568523,0.007254166652314356,0.19446412165135707,0.06035930435195791,0.05845012232425047,0.28119057204461295,0.40000000085278575,0.20000000042639288,0.0603593042915986,0.05845012226580034,0.2811905717634224,0.4000000004527857,0.20000000022639286
2025-05-30,1.4567872285842896,15.0,13.998858451843262,bull_normal,66.02000000000001,66.79,41.9,-0.0038891434331909235,-0.0038891434331909235,-0.003889143429301779,0.1865384702573468,0.12292782598354653,0.11658530978449712,0.2326499532791051,0.3278369104838717,0.20000000046897967,0.12292782586061866,0.11658530966791178,0.23264995304645508,0.32783691015603467,0.2000000002689796
2025-06-06,1.4359626471996307,15.0,14.363164901733398,bull_normal,61.2,66.4,39.25,0.006614475092476579,0.006614475092476579,0.006614475085862102,0.161696338272944,0.11858643083872349,0.113047030762531,0.23933193565448993,0.3290346022026553,0.20000000054160047,0.11858643072013703,0.11304703064948393,0.23933193541515793,0.3290346018736206,0.2000000003416004
2025-06-13,1.3489263951778412,15.0,10.996870040893555,bull_normal,62.3,60.0,52.25,0.0015149136006455365,0.0015149136006455365,0.0015149135991306228,0.14557639759420793,0.1344849388484919,0.13071741130311382,0.22347809193070037,0.3113195573799552,0.20000000053773875,0.13448493871400694,0.1307174111723964,0.22347809170722227,0.3113195570686356,0.20000000033773874
2025-06-20,1.3518650233745575,15.0,10.527689933776855,bull_normal,64.32000000000001,59.95,54.099999999999994,-0.0034882080937581827,-0.0034882080937581827,-0.003488208090269975,0.14997559364713614,0.13791249977914397,0.1339298096268927,0.2189001005440881,0.3092575895489629,0.2000000005009123,0.13791249964123148,0.1339298094929629,0.21890010032518803,0.3092575892397053,0.20000000030091233
2025-06-27,1.104523628950119,15.0,4.751461029052734,bull_normal,62.94,58.8,54.699999999999996,-0.003873614527744832,-0.003873614527744832,-0.0038736145238712173,0.16466841318803618,0.16994745997126018,0.1809886495354279,0.21311914432248197,0.23594474563129253,0.20000000053953731,0.1699474598013127,0.18098864935443923,0.2131191441093628,0.23594474539534777,0.2000000003395373
2025-07-04,1.1743069291114807,15.0,7.976075172424316,bull_normal,59.7,60.8,39.25,0.002357245381914472,0.002357245381914472,0.0023572453795572264,0.13811120626652484,0.1758957207000357,0.16833446532585908,0.2159130491416996,0.2398567645125728,0.20000000031983298,0.17589572052413996,0.1683344651575246,0.21591304892578653,0.23985676427271602,0.20000000011983296
2025-07-11,1.217638060450554,15.0,6.842781066894531,bull_normal,65.8,60.7,56.0,-0.0019047530424162542,-0.0019047530424162542,-0.0019047530405115005,0.13309509574268832,0.1682528690247287,0.1630981152620846,0.20043636025698822,0.26821265520514515,0.2000000002510535,0.16825286885647578,0.16309811509898642,0.2004363600565518,0.2682126549369324,0.20000000005105342
2025-07-18,1.1589877307415009,15.0,5.404947280883789,bull_normal,67.32000000000001,62.15,55.75,0.0023325415267848293,0.0023325415267848293,0.0023325415244522876,0.14339816945561015,0.18145956741730704,0.17507023117720946,0.1920800891591021,0.2513901116996056,0.2000000005467757,0.18145956723584747,0.17507023100213923,0.192080088967022,0.2513901114482155,0.20000000034677567
2025-07-25,1.2209011614322662,15.0,8.925098419189453,bull_normal,60.3,59.3,42.25,-0.0037422576316613683,-0.0037422576316613683,-0.0037422576279191105,0.14383568185640172,0.163822886614683,0.157632795132977,0.22100022415630863,0.2575440931222181,0.20000000097381326,0.1638228864508601,0.15763279497534421,0.22100022393530838,0.257544092864674,0.20000000077381325
2025-08-01,1.217574030160904,15.0,8.225475311279297,bull_normal,62.120000000000005,58.75,45.15,-0.002723451899584326,-0.002723451899584326,-0.002723451896860874,0.1424988642918755,0.16698164658205375,0.1608933990442648,0.2160366963362096,0.2560882571863091,0.2000000008511627,0.1669816464150721,0.1608933988833714,0.21603669612017287,0.25608825693022086,0.2000000006511627
2025-08-08,1.234213873744011,15.0,7.234727382659912,bull_normal,65.8,61.2,57.25,0.004488424087807147,0.004488424087807147,0.004488424083318723,0.12524822200918173,0.16414307954706295,0.1592950506696041,0.200738344342666,0.2758235251329548,0.20000000030771217,0.16414307938291986,0.159295050510309,0.20073834414192762,0.2758235248571313,0.20000000010771216
2025-08-15,1.1694362163543701,15.0,6.238668441772461,bull_normal,69.2,61.1,42.25,-6.919198311176196e-05,-6.919198311176196e-05,-6.919198304257045e-05,0.1315230674975524,0.1986057958751657,0.18768221923609993,0.2005164777863683,0.22439666764843647,0.18879883945392942,0.19860579567655992,0.18768221904841773,0.20051647758585187,0.22439666742403983,0.1887988392651306
2025-08-22,1.1288008093833923,15.0,5.241056442260742,bull_normal,69.24000000000001,59.95,41.75,-0.0005313641485593867,-0.0005313641485593867,-0.0005313641480280228,0.1521659830598962,0.20541079754917235,0.1943471009419335,0.1989727565250103,0.21597983514679944,0.18528950983708437,0.20541079734376153,0.19434710074758638,0.19897275632603753,0.2159798349308196,0.18528950965179483
2025-08-29,1.0703725069761276,15.0,4.36397647857666,bull_normal,64.5,61.1,45.5,0.0036775412237368063,0.0036775412237368063,0.003677541220059265,0.1291865437356244,0.19829294854882495,0.18990366131060948,0.1969161023836074,0.22122453788913243,0.1936627498678258,0.198292948350532,0.1899036611207058,0.19691610218669128,0.22122453766790787,0.19366274967416305
2025-09-05,1.1212923973798752,15.0,6.463550090789795,bull_normal,58.0,57.0,43.75,0.0022468477670143055,0.0022468477670143055,0.002246847764767458,0.16082690181102446,0.17318375167398856,0.17214810618147022,0.21906273772073473,0.2356054040452015,0.20000000037860494,0.17318375150080478,0.1721481060093221,0.21906273750167196,0.23560540380959608,0.20000000017860492
2025-09-12,1.1058847606182098,15.0,5.523102760314941,bull_normal,61.6,56.6,42.949999999999996,0.002643827446803955,0.002643827446803955,0.002643827444160127,0.14850345095648507,0.18132867391989116,0.18557122768300796,0.2203708725711113,0.22026503722367488,0.19246418860231476,0.18132867373856246,0.1855712274974367,0.2203708723507404,0.22026503700340982,0.19246418840985055
2025-09-19,1.0215076450258493,15.0,4.7755608558654785,bull_normal,58.8,55.5,34.25,-0.00329470343798661,-0.00329470343798661,-0.003294703434691906,0.1356593056983527,0.1991874889590782,0.1912359484696152,0.21398066310787434,0.2062192625797109,0.18937663688372136,0.1991874887598907,0.19123594827837923,0.21398066289389364,0.2062192623734916,0.1893766366943447
2025-09-26,1.8924620747566223,15.0,38.296531677246094,event_stress,62.5,56.4,45.5,-0.00939801295745223,-0.00939801295745223,-0.009398012948054216,0.1942615054893373,0.07093177796975214,0.020774183478372586,0.30829403751555884,0.4000000006908777,0.20000000034543886,0.07093177789882035,0.020774183457598402,0.3082940372072648,0.4000000002908777,0.20000000014543884
2025-10-03,1.7302873134613037,15.0,24.008583068847656,event_stress,61.67,55.10999999999999,47.345,0.0037661429135998014,0.0037661429135998014,0.003766142909833658,0.1713376972241317,0.06221963555129361,0.043509180078336034,0.2942711833620622,0.4000000006722054,0.2000000003361027,0.06221963548907397,0.04350918003482685,0.294271183067791,0.4000000002722054,0.2000000001361027
2025-10-10,1.8412023186683655,15.0,31.567935943603516,event_stress,67.2,67.1,45.2,0.011391386462431406,0.011391386462431406,0.01139138645104002,0.18996130632011216,0.0201928277865114,0.0199545295440817,0.2224576925585267,0.5145857652146605,0.22280918489621973,0.02019282776631857,0.019954529524127167,0.222457692336069,0.5145857647000747,0.22280918467341052
2025-10-17,1.912857472896576,15.0,41.91748809814453,event_stress,68.9,67.6,42.3,0.016171699937686718,0.016171699937686718,0.016171699921515015,0.2469353058648523,0.0719624532849985,0.019374864452366167,0.308662681175291,0.4000000007248963,0.20000000036244814,0.07196245321303604,0.0193748644329913,0.3086626808666283,0.40000000032489624,0.20000000016244812
2025-10-24,1.8227622509002686,15.0,30.05729866027832,event_stress,70.2,74.8,40.55,-0.009931439247009684,-0.009931439247009684,-0.009931439237078246,0.29889469454370116,0.06732002855744669,0.03067741250260962,0.3020025575107746,0.4000000009527794,0.2000000004763897,0.06732002849012667,0.030677412471932213,0.30200255720877206,0.40000000055277946,0.20000000027638973
2025-10-31,1.5255943536758423,15.0,15.441778182983398,event_stress,66.1,64.3,45.05,-0.0008889981504727327,-0.0008889981504727327,-0.0008889981495837348,0.29829113126385753,0.10181240497916279,0.09746698586360163,0.23900917280636552,0.36171143573438774,0.20000000061648235,0.10181240487735037,0.09746698576613463,0.23900917256735632,0.3617114353726763,0.20000000041648233
2025-11-07,1.4172875583171844,15.0,13.207138061523438,bull_normal,61.0,57.5,42.75,-0.0006476892575077919,-0.0006476892575077919,-0.0006476892568601026,0.2585153937387793,0.12040848681160364,0.11637986727344622,0.24310394358711523,0.32010770180417036,0.2000000005236645,0.12040848669119514,0.11637986715706634,0.24310394334401128,0.32010770148406265,0.2000000003236645
2025-11-14,1.424934208393097,15.0,12.085710525512695,bull_normal,68.0,58.5,47.75,0.0020497153132848773,0.0020497153132848773,0.0020497153112351615,0.2398529502615477,0.1319845721525592,0.12672196893641302,0.22895989246701512,0.31233356605092955,0.2000000003930832,0.13198457202057462,0.12672196880969105,0.2289598922380552,0.31233356573859594,0.20000000019308317
2025-11-21,1.4256582260131836,15.0,12.60196304321289,bull_normal,63.1,56.8,49.7,-0.010198040978054029,-0.010198040978054029,-0.01019804096785599,0.23726570974528574,0.11943233692703585,0.11615751239810532,0.23550330853467638,0.32890684156274247,0.20000000057743997,0.11943233680760353,0.11615751228194782,0.2355033082991731,0.3289068412338357,0.20000000037744
2025-11-28,1.4384206533432007,15.0,13.462798118591309,bull_normal,56.5,53.5,59.25,0.0053694682942067775,0.0053694682942067775,0.005369468288837308,0.21902264790317597,0.09542808328750838,0.09608778159827609,0.24001856343478928,0.3684655707632893,0.200000000916137,0.09542808319208028,0.0960877815021883,0.2400185631947707,0.3684655703948237,0.200000000716137
2025-12-05,1.2401740998029709,15.0,10.849811553955078,bull_normal,54.5,56.0,29.5,-0.0026680685481158574,-0.0026680685481158574,-0.0026680685454477885,0.21345119870781012,0.15006565319392498,0.1501201285959312,0.251415305778072,0.2483989118937441,0.20000000053832778,0.15006565304385933,0.15012012844581107,0.25141530552665664,0.24839891164534517,0.20000000033832777
2025-12-12,1.1883450746536255,15.0,9.410663604736328,bull_normal,54.19,53.69,34.84,-0.0012132839039497025,-0.0012132839039497025,-0.0012132839027364185,0.18860742419702725,0.15657075963750652,0.15482420135081487,0.24163143630067901,0.24697360188487555,0.20000000082612407,0.15657075948093574,0.15482420119599066,0.24163143605904755,0.24697360163790194,0.20000000062612405
2025-12-19,1.2593353688716888,15.0,9.18536376953125,bull_normal,59.3,53.1,51.2,-5.312413546516182e-05,-5.312413546516182e-05,-5.312413541203779e-05,0.16852679531389053,0.13085386275707966,0.15126822316394758,0.2569432682647182,0.260934645192996,0.2000000006212586,0.13085386262622578,0.15126822301267934,0.2569432680077749,0.2609346449320613,0.2000000004212586
2025-12-26,1.5459824204444885,15.0,16.54559898376465,event_stress,60.2,50.5,54.45,0.0031674741544078125,0.0031674741544078125,0.003167474151240338,0.16644609641683436,0.07444805070090163,0.07555924740349391,0.2545886396615334,0.39540406142143747,0.20000000081263367,0.07444805062645357,0.07555924732793466,0.2545886394069447,0.39540406102603337,0.20000000061263365
2026-01-02,1.5982936024665833,15.0,19.414474487304688,event_stress,60.0,60.5,40.75,-0.013057945570164353,-0.013057945570164353,-0.013057945557106406,0.1808977694492768,0.06859194519453535,0.06667877790072053,0.2647292754259965,0.4000000009858317,0.20000000049291586,0.0685919451259434,0.06667877783404175,0.2647292751612672,0.4000000005858317,0.20000000029291584
2026-01-09,1.3528438210487366,15.0,11.625614166259766,bull_normal,61.34000000000001,61.720000000000006,42.75,0.006415009429975708,0.006415009429975708,0.006415009423560698,0.1764179738514256,0.14018711228984054,0.13445742193883914,0.23026185943769764,0.2950936059367381,0.2000000003968846,0.14018711214965343,0.1344574218043817,0.23026185920743578,0.2950936056416445,0.20000000019688458
2026-01-16,1.5417637825012207,15.0,17.040992736816406,event_stress,61.739999999999995,62.73,43.65,0.0024259986251192836,0.0024259986251192836,0.002425998622693285,0.17830706378693428,0.08229925741903964,0.0851440995202051,0.26198941392683117,0.3705672285376732,0.20000000059625084,0.08229925733674037,0.085144099435061,0.26198941366484174,0.37056722816710597,0.20000000039625082
2026-01-23,1.767164707183838,15.0,26.412689208984375,event_stress,61.34000000000001,60.85,45.949999999999996,0.009601235433201044,0.009601235433201044,0.009601235423599808,0.2158354663712095,0.06388895629385347,0.03694699902512567,0.2991640435349681,0.4000000007640352,0.2000000003820176,0.0638889562299645,0.036946998988178666,0.29916404323580403,0.40000000036403516,0.20000000018201758
2026-01-30,1.8379452228546143,15.0,32.2911262512207,event_stress,58.8,52.0,37.75,0.0046712501682263236,0.0046712501682263236,0.004671250163555073,0.18837731705617952,0.06739357344798672,0.02579861234306809,0.30680781277370756,0.40000000095682514,0.20000000047841257,0.06739357338059314,0.025798612317269477,0.3068078124668997,0.4000000005568251,0.20000000027841255
2026-02-06,1.876237154006958,15.0,35.58478546142578,event_stress,64.2,66.8,53.55,-0.008309921946544263,-0.008309921946544263,-0.008309921938234339,0.20827917968540915,0.07078585083373597,0.022646601169359137,0.3065675469678132,0.4000000006860611,0.20000000034303056,0.0707858507629501,0.022646601146712533,0.30656754666124564,0.4000000002860611,0.20000000014303054
2026-02-13,1.80302894115448,15.0,27.665264129638672,event_stress,65.6,65.7,55.55,0.004438134006678275,0.004438134006678275,0.004438134002240142,0.1785761312238494,0.06739518742054652,0.03354048681314486,0.29906432433093777,0.40000000095691385,0.20000000047845692,0.06739518735315135,0.033540486779604375,0.2990643240318735,0.4000000005569139,0.20000000027845696
2026-02-20,1.8046019673347473,15.0,27.665264129638672,event_stress,66.22,64.47999999999999,55.05,0.004329245953062408,0.004329245953062408,0.004329245948733161,0.1550852186694504,0.025176615395245707,0.024875535983546096,0.2225085313898067,0.49903251211738475,0.22840680511401684,0.025176615370069082,0.024875535958670553,0.2225085311672981,0.4990325116183521,0.22840680488560997
2026-02-27,1.6156044602394104,15.0,18.004833221435547,event_stress,64.46000000000001,61.77,57.05,0.0019274032218717179,0.0019274032218717179,0.001927403219944314,0.14975528246031655,0.07289357417213349,0.07139890356740877,0.2557075213196907,0.40000000062717805,0.20000000031358903,0.0728935740992399,0.07139890349600984,0.2557075210639831,0.4000000002271779,0.20000000011358895
2026-03-06,1.7957441806793213,15.0,26.89455795288086,event_stress,66.2,62.3,56.25,0.005379368735288684,0.005379368735288684,0.005379368729909315,0.24493554243327176,0.0663342802122902,0.034912408716713625,0.29875330972316655,0.40000000089855314,0.20000000044927657,0.06633428014595591,0.03491240868180121,0.2987533094244132,0.4000000004985531,0.20000000024927655
2026-03-13,1.9365066289901733,15.0,49.55207824707031,event_stress,59.3,64.1,54.2,0.006075153650311791,0.006075153650311791,0.006075153644236637,0.37986628265279937,0.07306400004387346,0.01751239330671604,0.3094236055075294,0.4000000007612541,0.20000000038062704,0.07306399997080947,0.017512393289203645,0.30942360519810574,0.40000000036125405,0.20000000018062702
2026-03-20,1.9380241632461548,15.0,49.86677169799805,event_stress,60.220000000000006,63.1,56.86,-0.01710400484014534,-0.01710400484014534,-0.01710400482304133,0.389803112825631,0.07320577003929364,0.017447946549414076,0.3093462822623923,0.4000000007659334,0.2000000003829667,0.07320576996608785,0.017447946531966123,0.3093462819530459,0.40000000036593325,0.20000000018296663
2026-03-27,1.913236379623413,15.0,41.9107666015625,event_stress,62.1,64.8,54.9,-0.014257253264878294,-0.014257253264878294,-0.014257253250621044,0.33707274336865517,0.07231667180982813,0.019182222579234562,0.30850110450605583,0.4000000007365876,0.2000000003682938,0.07231667173751147,0.019182222560052344,0.3085011041975548,0.40000000033658767,0.20000000016829383
2026-04-03,1.8270249366760254,15.0,30.00213623046875,event_stress,62.5,64.0,55.15,-4.698223369290089e-05,-4.698223369290089e-05,-4.698223364591855e-05,0.30154949629571676,0.06854969843639792,0.028799270047640116,0.30265103059758053,0.4000000006122544,0.2000000003061272,0.06854969836784822,0.028799270018840844,0.30265103029492946,0.40000000021225435,0.20000000010612717
2026-04-10,1.8569416403770447,15.0,32.401092529296875,event_stress,64.1,65.52000000000001,54.949999999999996,0.0030507631140265913,0.0030507631140265913,0.003050763110975828,0.30101490381336204,0.06822983548744867,0.02535123131961874,0.3064189322903873,0.4000000006016968,0.2000000003008484,0.06822983541921883,0.025351231294267505,0.30641893198396836,0.4000000002016968,0.2000000001008484
2026-04-17,1.866596519947052,15.0,34.855133056640625,event_stress,58.1,67.0,47.75,0.005971808949294582,0.005971808949294582,0.005971808943322772,0.34191367377611315,0.0683749497948751,0.023198056804990725,0.3084269924904044,0.40000000060648655,0.20000000030324327,0.06837494972650014,0.023198056781792667,0.3084269921819774,0.4000000002064865,0.20000000010324326
2026-04-24,1.864824891090393,15.0,34.855133056640625,event_stress,55.19,63.65999999999999,50.12,0.005968027276641948,0.005968027276641948,0.005968027270673921,0.37488986030325827,0.06841767390420499,0.02302305336671719,0.3085592718172328,0.4000000006078967,0.20000000030394835,0.06841767383578731,0.023023053343694134,0.3085592715086735,0.40000000020789667,0.20000000010394833
