date,alpha,tau,ae_error,regime_label,llm_macro,llm_sentiment,llm_risk,r_normal,r_event,edge_event_minus_normal,week_return_fused,regret_ema_norm,w_normal_broad,w_normal_satellite,w_normal_fi,w_normal_safe,w_normal_cash,w_event_broad,w_event_satellite,w_event_fi,w_event_safe,w_event_cash,w_fused_broad,w_fused_satellite,w_fused_fi,w_fused_safe,w_fused_cash
2020-05-08,0.0,20.0,22.480093002319336,event_stress,57.0,57.2,33.0,0.0003314439477795142,-0.0010387327378153467,-0.001370176685594861,0.0003314439474480706,1.0,0.2,0.2,0.2,0.2,0.2,0.19083474984686363,0.16174280367257976,0.2553674546771085,0.21445281984374368,0.17760217195970449,0.1999999998,0.1999999998,0.1999999998,0.1999999998,0.1999999998
2020-05-15,0.0,20.0,18.325870513916016,bull_normal,57.45,57.4,34.72,-0.0028234730604965283,-0.00241672606532137,0.00040674699517515836,-0.0028234730576730555,1.0,0.2,0.2,0.2,0.2,0.2,0.1883499600387692,0.15575503963477697,0.2588553873907586,0.21745522708785672,0.17958438584783837,0.1999999998,0.1999999998,0.1999999998,0.1999999998,0.1999999998
2020-05-22,0.0,20.0,12.185969352722168,bull_normal,57.61,57.410000000000004,36.125,-0.0033464683827753223,-0.003655276264055844,-0.00030880788128052157,-0.003346468379428854,1.0,0.2,0.2,0.2,0.2,0.2,0.18772794595357617,0.1535295562328367,0.26013258416786844,0.21789540131261315,0.18071451233310556,0.1999999998,0.1999999998,0.1999999998,0.1999999998,0.1999999998
2020-05-29,0.0,20.0,14.688297271728516,bull_normal,61.0,61.0,47.25,-0.0020281855317475514,-0.0035897524251969457,-0.0015615668934493942,-0.0020281855297193657,1.0,0.2,0.2,0.2,0.2,0.2,0.1860361971470867,0.1452978650924572,0.26467096606477736,0.21832884646879566,0.185666125226883,0.1999999998,0.1999999998,0.1999999998,0.1999999998,0.1999999998
2020-06-05,0.0,20.0,16.467313766479492,bull_normal,61.470000000000006,61.67,49.48,0.00016669058836199011,-0.0019260058765618675,-0.0020926964649238575,0.00016669058819529942,1.0,0.2,0.2,0.2,0.2,0.2,0.18627309208078455,0.14914923884376127,0.26340402007911684,0.2184189330736934,0.18275471592264395,0.1999999998,0.1999999998,0.1999999998,0.1999999998,0.1999999998
2020-06-12,0.0008246608078479739,20.0,9.892292022705078,bull_normal,61.0,59.5,44.25,0.0004384023119326199,0.0008712023016852124,0.0004327999897525925,0.0004387592246830466,0.9502464895963606,0.2,0.2,0.2,0.2,0.2,0.18695816989409117,0.14875196299190058,0.2627765720409121,0.21764450210296915,0.183868792970127,0.19998924471385982,0.19995773755244253,0.2000517691785614,0.20001455052934375,0.19998669702579247
2020-06-19,0.0,20.0,16.091083526611328,bull_normal,64.12,62.379999999999995,43.449999999999996,-0.0026101457095259258,-0.0037949843665819583,-0.0011848386570560325,-0.0026101457069157797,1.0,0.2,0.2,0.2,0.2,0.2,0.19050973039847652,0.15955515265738646,0.25628917433059484,0.21460870492182943,0.17903723769171276,0.1999999998,0.1999999998,0.1999999998,0.1999999998,0.1999999998
2020-06-26,0.0,20.0,15.091196060180664,bull_normal,63.23,61.980000000000004,44.94,0.0042504439861097126,0.003643182066681743,-0.0006072619194279695,0.004250443981859268,0.9975261944283185,0.2,0.2,0.2,0.2,0.2,0.1890263901373829,0.15480843007033598,0.25913403077112646,0.21577046171159417,0.18126068730956044,0.1999999998,0.1999999998,0.1999999998,0.1999999998,0.1999999998
2020-07-03,0.0,20.0,26.05910873413086,event_stress,59.5,61.5,36.25,0.01075329834166771,0.009727485112188818,-0.0010258132294788912,0.01075329833091441,1.0,0.2,0.2,0.2,0.2,0.2,0.19040031574612434,0.16958780849362068,0.2530554940195812,0.2164479298820681,0.17050845185860578,0.1999999998,0.1999999998,0.1999999998,0.1999999998,0.1999999998
2020-07-10,0.0,20.0,40.52382278442383,event_stress,59.7,63.6,36.7,0.0040173934704818975,0.0028301304268187806,-0.001187263043663117,0.004017393466464503,1.0,0.2,0.2,0.2,0.2,0.2,0.19131883123272722,0.17494266413824644,0.25101393703842106,0.21553348440817083,0.16719108318243453,0.1999999998,0.1999999998,0.1999999998,0.1999999998,0.1999999998
2020-07-17,0.0,20.0,21.38831329345703,event_stress,58.95,62.45,37.699999999999996,-0.004871491997339028,-0.003927864046676846,0.0009436279506621816,-0.004871491992467534,1.0,0.2,0.2,0.2,0.2,0.2,0.18930820327911724,0.16919779217358535,0.2543118459263461,0.21760601913969277,0.16957613948125866,0.1999999998,0.1999999998,0.1999999998,0.1999999998,0.1999999998
2020-07-24,0.0,20.0,23.901744842529297,event_stress,59.8,53.3,39.25,0.005658073571756514,0.006490656068087018,0.0008325824963305037,0.005658073566098441,1.0,0.2,0.2,0.2,0.2,0.2,0.1819616305473307,0.15145142456878502,0.26363213051803314,0.22764019573292046,0.1753146186329307,0.1999999998,0.1999999998,0.1999999998,0.1999999998,0.1999999998
2020-07-31,0.0,20.0,15.238004684448242,bull_normal,58.0,63.3,34.25,0.000522190226528042,0.000137729927771194,-0.000384460298756848,0.0005221902260058522,0.9744420794355371,0.2,0.2,0.2,0.2,0.2,0.19312454215130606,0.16916256157445544,0.2512458820388566,0.2123272549905882,0.17413975924479363,0.1999999998,0.1999999998,0.1999999998,0.1999999998,0.1999999998
2020-08-07,0.0,20.0,14.925023078918457,bull_normal,59.0,57.0,44.25,-0.0014853741647511682,-0.001139890769430864,0.0003454833953203042,-0.001485374163265794,1.0,0.2,0.2,0.2,0.2,0.2,0.18456091958042437,0.141120948220028,0.26667868256789207,0.220318114486306,0.18732133514534946,0.1999999998,0.1999999998,0.1999999998,0.1999999998,0.1999999998
2020-08-14,0.0,20.0,13.823225021362305,bull_normal,58.5,58.8,39.25,-0.005818645591243921,-0.006470653873961791,-0.0006520082827178699,-0.005818645585425274,0.9754340692135868,0.2,0.2,0.2,0.2,0.2,0.18707467896891466,0.14987206773624162,0.26073704258710956,0.21949396047757067,0.18282225023016344,0.1999999998,0.1999999998,0.1999999998,0.1999999998,0.1999999998
2020-08-21,0.0,20.0,12.165945053100586,bull_normal,57.3,58.2,41.724999999999994,-0.002283213732234899,-0.002266748004914519,1.6465727320379934e-05,-0.002283213729951685,0.7867563767805081,0.2,0.2,0.2,0.2,0.2,0.18535903628313252,0.14391020734652957,0.2646145644798767,0.22025967761047704,0.18585651427998418,0.1999999998,0.1999999998,0.1999999998,0.1999999998,0.1999999998
2020-08-28,0.0,20.0,14.585526466369629,bull_normal,58.0,59.2,34.5,0.001056797219276877,7.9304074796319e-05,-0.000977493144480558,0.0010567972182200798,0.738526969123623,0.2,0.2,0.2,0.2,0.2,0.18961597893837204,0.15916183444010185,0.25620997301457427,0.2168536293426653,0.17815858426428652,0.1999999998,0.1999999998,0.1999999998,0.1999999998,0.1999999998
2020-09-04,0.0,20.0,15.925451278686523,bull_normal,53.5,53.5,40.75,-0.0021964158173613103,-0.0016840186232741623,0.000512397194087148,-0.002196415815164894,0.7836169928261161,0.2,0.2,0.2,0.2,0.2,0.18258178320102125,0.13560763728283654,0.27076644859767596,0.221354115907232,0.1896900150112342,0.1999999998,0.1999999998,0.1999999998,0.1999999998,0.1999999998
2020-09-11,0.0036600723862647982,20.0,10.068678855895996,bull_normal,51.7,55.0,37.75,-0.0012730171180150508,-0.00034223324045137783,0.000930783877563673,-0.0012696103803775884,0.8845327831357871,0.2,0.2,0.2,0.2,0.2,0.18331200710734416,0.1390450972029744,0.26871369137599743,0.22130042159153906,0.18762878272214498,0.19993892053809248,0.19977690044368823,0.20025149688411212,0.200077960884805,0.1999547202493021
2020-09-18,0.0,20.0,14.900884628295898,bull_normal,51.15,55.5,39.4,0.002616911545528097,0.002497652581186962,-0.00011925896434113485,0.002616911542911185,0.9407885551852123,0.2,0.2,0.2,0.2,0.2,0.1817973686942792,0.14142405308717262,0.2690471164760386,0.22390948266507543,0.1838219790774341,0.1999999998,0.1999999998,0.1999999998,0.1999999998,0.1999999998
2020-09-25,0.0,20.0,14.763071060180664,bull_normal,57.0,56.5,42.25,-0.00984698650647858,-0.008813308564425092,0.0010336779420534875,-0.009846986496631592,1.0,0.2,0.2,0.2,0.2,0.2,0.18432464814150668,0.1409649753436072,0.26702622798904097,0.22049640615730048,0.18718774236854469,0.1999999998,0.1999999998,0.1999999998,0.1999999998,0.1999999998
2020-10-02,0.0,20.0,11.913022994995117,bull_normal,57.3,56.3,43.97,-0.003423128105068492,-0.0033961968252080423,2.6931279860449922e-05,-0.003423128101645364,0.9238677638435309,0.2,0.2,0.2,0.2,0.2,0.18377983658643482,0.13874330719704178,0.2684337014339316,0.22060632459093557,0.18843683019165625,0.1999999998,0.1999999998,0.1999999998,0.1999999998,0.1999999998
2020-10-09,0.0,20.0,24.261320114135742,event_stress,56.58,55.029999999999994,45.849999999999994,0.006642974957390334,0.0055866773873554,-0.0010562975700349336,0.006642974950747358,1.0,0.2,0.2,0.2,0.2,0.2,0.18253290022103463,0.133892934229067,0.2713782202981552,0.221127829883928,0.191068115367815,0.1999999998,0.1999999998,0.1999999998,0.1999999998,0.1999999998
2020-10-16,0.0,20.0,16.474544525146484,bull_normal,52.3,60.0,44.25,0.0011996179423844084,0.0007857742963712916,-0.0004138436460131168,0.00119961794118479,0.8639784411925439,0.2,0.2,0.2,0.2,0.2,0.18313708166787607,0.13777685618679736,0.2691059955554809,0.22152389693678573,0.1884561696530599,0.1999999998,0.1999999998,0.1999999998,0.1999999998,0.1999999998
2020-10-23,0.0,20.0,12.734755516052246,bull_normal,54.3,54.3,40.75,-0.0030620904034858103,-0.002223838017020284,0.0008382523864655261,-0.0030620904004237193,0.8461413160982595,0.2,0.2,0.2,0.2,0.2,0.18305944628790075,0.1390288730206047,0.2690304702887767,0.2215219915055533,0.1873592188971645,0.1999999998,0.1999999998,0.1999999998,0.1999999998,0.1999999998
2020-10-30,0.0,20.0,11.300322532653809,bull_normal,56.5,56.0,40.75,-0.004099074211701901,-0.0036300392809517886,0.0004690349307501125,-0.004099074207602827,0.7936792407297264,0.2,0.2,0.2,0.2,0.2,0.18456970528963035,0.14242460797274956,0.2666553691556322,0.2200446625325065,0.18630565504948146,0.1999999998,0.1999999998,0.1999999998,0.1999999998,0.1999999998
2020-11-06,0.0,20.0,15.468669891357422,bull_normal,57.05,55.45,43.25,0.00719318054916979,0.00646123752464328,-0.0007319430245265098,0.007193180541976608,0.6819524859175911,0.2,0.2,0.2,0.2,0.2,0.18387851225516164,0.1406161503622408,0.2676215190743312,0.22091525957077243,0.186968558737494,0.1999999998,0.1999999998,0.1999999998,0.1999999998,0.1999999998
2020-11-13,0.0,20.0,14.71613883972168,bull_normal,57.0,54.5,40.5,-0.005067924297959409,-0.005505019768019457,-0.00043709547006004837,-0.005067924292891483,0.6460869199845811,0.2,0.2,0.2,0.2,0.2,0.18411317364329807,0.14118724928490767,0.26658959704838187,0.22144334976103527,0.18666663026237715,0.1999999998,0.1999999998,0.1999999998,0.1999999998,0.1999999998
2020-11-20,0.0,20.0,14.838322639465332,bull_normal,59.3,55.5,47.25,0.0014890360451505387,0.0009580032604583247,-0.000531032784692214,0.0014890360436615028,0.6161449120805889,0.2,0.2,0.2,0.2,0.2,0.1831752266131113,0.13578457413869352,0.27012486029437127,0.22068478444170056,0.19023055451212337,0.1999999998,0.1999999998,0.1999999998,0.1999999998,0.1999999998
2020-11-27,0.0,20.0,11.840664863586426,bull_normal,58.9,54.779999999999994,50.08,-0.0024050593064937707,-0.0024414028928446425,-3.6343586350871815e-05,-0.002405059304088711,0.5888842085737487,0.2,0.2,0.2,0.2,0.2,0.18200755503473146,0.13092332729024878,0.2730386497372079,0.22106070525723173,0.1929697626805802,0.1999999998,0.1999999998,0.1999999998,0.1999999998,0.1999999998
2020-12-04,0.0,20.0,12.943492889404297,bull_normal,57.7,58.7,39.25,-0.000628285533186892,-0.00025446617915913627,0.00037381935402775574,-0.0006282855325586068,0.5572615065700168,0.2,0.2,0.2,0.2,0.2,0.18656723732370978,0.14831516163382194,0.26160357154183544,0.22000044386934198,0.18351358563129086,0.1999999998,0.1999999998,0.1999999998,0.1999999998,0.1999999998
2020-12-11,0.12400358617305755,20.0,7.790973663330078,bull_normal,53.8,56.8,46.8,-0.007273477720693138,-0.006282885415449291,0.0009905923052438478,-0.007150640715256824,0.5471759976069149,0.2,0.2,0.2,0.2,0.2,0.18188309573910108,0.13454207040132693,0.2713581626205743,0.22251568483251097,0.18970098640648675,0.19775343870354115,0.19188298179441804,0.20884866785882278,0.20279202546158168,0.19872288518163642
2020-12-18,0.09155245274305343,20.0,9.832808494567871,bull_normal,60.0,64.5,44.25,0.006117158315098432,0.005783023754244862,-0.00033413456085357,0.006086567470419496,0.5372823033443878,0.2,0.2,0.2,0.2,0.2,0.18596348154547834,0.1633684121088608,0.25799641573688875,0.22233738215704407,0.17033430845172792,0.19871492210880048,0.19664628808404716,0.20530971390570824,0.20204504192229125,0.19728403297915278
2020-12-25,0.1135558322072029,20.0,9.054994583129883,bull_normal,58.65,64.3,46.599999999999994,0.005074600405854416,0.005484359549245249,0.00040975914339083305,0.005121130941265542,0.5700104707660779,0.2,0.2,0.2,0.2,0.2,0.18660029135692374,0.14700066092695113,0.2633833237730977,0.218147125007897,0.18486859893513022,0.19847838473522303,0.19398161575114659,0.20719754587191513,0.20206071168037917,0.19828174096133602
2021-01-01,0.0,20.0,19.242372512817383,bull_normal,60.5,64.3,50.75,0.009430650655586544,0.008533794070401737,-0.0008968565851848066,0.009430650646155891,0.6757963108548838,0.2,0.2,0.2,0.2,0.2,0.1855890220754666,0.15396812965405962,0.26227396956314364,0.2202745311633099,0.17789434754402025,0.1999999998,0.1999999998,0.1999999998,0.1999999998,0.1999999998
2021-01-08,0.0,20.0,23.21727752685547,event_stress,58.5,60.5,47.25,0.007228603952611971,0.0064896114381184635,-0.0007389925144935076,0.007228603945383368,0.6591280552013052,0.2,0.2,0.2,0.2,0.2,0.1840799193071102,0.14872942567651878,0.2650558769189915,0.22167445652462872,0.1804603215727507,0.1999999998,0.1999999998,0.1999999998,0.1999999998,0.1999999998
2021-01-15,0.0,20.0,25.394426345825195,event_stress,58.1,59.6,49.599999999999994,0.0013282724158093218,0.0015743573408894874,0.0002460849250801656,0.0013282724144810494,0.858931388865535,0.2,0.2,0.2,0.2,0.2,0.1827469742347418,0.14226024727421618,0.2673050667121687,0.22354736296465627,0.18414034881421704,0.1999999998,0.1999999998,0.1999999998,0.1999999998,0.1999999998
2021-01-22,0.0,20.0,19.092498779296875,bull_normal,58.220000000000006,58.120000000000005,50.25,-0.005061269393529692,-0.004920530029730562,0.00014073936379912968,-0.005061269388468422,0.8383049829452424,0.2,0.2,0.2,0.2,0.2,0.18290161185016668,0.13688230955516723,0.27016669708922614,0.22103387165124558,0.18901550985419438,0.1999999998,0.1999999998,0.1999999998,0.1999999998,0.1999999998
2021-01-29,0.0,20.0,29.021522521972656,event_stress,53.5,52.5,47.25,-0.008315541471694176,-0.00776301974167198,0.0005525217300221957,-0.008315541463378633,0.7834672944145403,0.2,0.2,0.2,0.2,0.2,0.18021419633656827,0.13254139937273304,0.2737693766407421,0.2240187098863598,0.18945631776359692,0.1999999998,0.1999999998,0.1999999998,0.1999999998,0.1999999998
2021-02-05,0.0,20.0,11.8753662109375,bull_normal,56.0,52.5,49.75,0.0005943853961258085,-9.064553000345337e-05,-0.0006850309261292618,0.0005943853955314229,0.7138336616686052,0.2,0.2,0.2,0.2,0.2,0.18043623880712206,0.13214647884616232,0.27375010971857394,0.2236118849444187,0.19005528768372307,0.1999999998,0.1999999998,0.1999999998,0.1999999998,0.1999999998
2021-02-12,0.0,20.0,13.067367553710938,bull_normal,57.5,59.5,39.0,0.00649456144526117,0.0052465291072778435,-0.0012480323379833267,0.006494561438766608,0.7351102457070972,0.2,0.2,0.2,0.2,0.2,0.18723949640700185,0.1530755692554423,0.260211423197146,0.2190323434700582,0.18044116767035154,0.1999999998,0.1999999998,0.1999999998,0.1999999998,0.1999999998
2021-02-19,0.0,20.0,13.92538833618164,bull_normal,57.529999999999994,59.470000000000006,41.045,0.0024153225865924076,0.0014836532144701273,-0.0009316693721222802,0.0024153225841770844,0.8073917082516162,0.2,0.2,0.2,0.2,0.2,0.18645238000507067,0.1482923007273621,0.2632264160963146,0.21839353755497948,0.18363536561627325,0.1999999998,0.1999999998,0.1999999998,0.1999999998,0.1999999998
2021-02-26,0.0,20.0,16.314613342285156,bull_normal,55.879999999999995,56.42999999999999,43.125,-0.01160866118949813,-0.009345434104858039,0.0022632270846400914,-0.01160866117788947,0.8969980246100555,0.2,0.2,0.2,0.2,0.2,0.1758856459838033,0.14621156205273686,0.2729453477719498,0.2320544881612434,0.17290295603026665,0.1999999998,0.1999999998,0.1999999998,0.1999999998,0.1999999998
2021-03-05,0.0,20.0,9.931452751159668,bull_normal,58.0,57.3,40.75,-0.00498521502670325,-0.0042131275390377655,0.0007720874876654847,-0.004985215021718034,0.9580842347467453,0.2,0.2,0.2,0.2,0.2,0.1840865828934114,0.15216248029594467,0.26263599252125175,0.22372132363982475,0.17739362064956735,0.1999999998,0.1999999998,0.1999999998,0.1999999998,0.1999999998
2021-03-12,0.0,20.0,15.837449073791504,bull_normal,58.3,55.9,44.0,-0.006752125040637251,-0.005953324651227404,0.0007988003894098469,-0.006752125033885125,0.968305713235402,0.2,0.2,0.2,0.2,0.2,0.18396108550273005,0.14272374140067065,0.2667028472854832,0.2213342432760359,0.1852780825350801,0.1999999998,0.1999999998,0.1999999998,0.1999999998,0.1999999998
2021-03-19,0.0,20.0,16.068668365478516,bull_normal,59.3,59.8,43.75,-0.0023195541122752266,-0.002003241939065637,0.0003163121732095895,-0.0023195541099556723,0.9362981104485235,0.2,0.2,0.2,0.2,0.2,0.17930152690200254,0.15584469043818977,0.26682273536847373,0.22916206962357072,0.16886897766776315,0.1999999998,0.1999999998,0.1999999998,0.1999999998,0.1999999998
2021-03-26,0.0,20.0,15.919195175170898,bull_normal,57.5,56.0,45.25,0.0024728507536101777,0.0024907158898626273,1.7865136252449582e-05,0.0024728507511373268,0.8847770736234333,0.2,0.2,0.2,0.2,0.2,0.183340296343486,0.14035646586069814,0.26839125864003266,0.22132625833137504,0.18658572082440802,0.1999999998,0.1999999998,0.1999999998,0.1999999998,0.1999999998
2021-04-02,0.04966442734003067,20.0,8.506269454956055,bull_normal,53.0,54.0,43.75,0.005148778988437524,0.005206711776874351,5.7932788436826366e-05,0.005151656182047794,0.739736718949011,0.2,0.2,0.2,0.2,0.2,0.18129508302068165,0.135406134182697,0.27121920136715005,0.22385190738031888,0.18822767404915236,0.19907103081070832,0.19679198244771287,0.20353706064797678,0.2011845911198264,0.19941533397377564
2021-04-09,0.3626974537968636,20.0,3.9420175552368164,bull_normal,52.0,54.8,40.25,-0.0016590296203344982,-0.001053936074589044,0.0006050935457454542,-0.0014395637305441424,0.7528822710465829,0.2,0.2,0.2,0.2,0.2,0.18260042435478976,0.13570367220156715,0.27056569422327836,0.22152261278644533,0.18960759643391922,0.1936892180226471,0.17667988544234003,0.2255939973945971,0.20780619664889333,0.19623070149152236
2021-04-16,0.5817043319344521,20.0,3.8919382095336914,bull_normal,55.7,53.8,47.25,-0.0006714577129161358,0.0007213454720457074,0.0013928031849618433,0.0001387419331695287,0.7932924502474219,0.2,0.2,0.2,0.2,0.2,0.18164190289492668,0.13022447034001314,0.2738542191094003,0.22111359687801255,0.19316581077764733,0.1893210151985845,0.1594112719743535,0.242961318944613,0.21228187055437572,0.19602452232807316
2021-04-23,0.48419021368026743,20.0,8.050714492797852,bull_normal,53.0,51.5,41.75,0.008365303571213822,0.008173121472782152,-0.00019218209843166988,0.00827225087163642,0.7006802042431391,0.2,0.2,0.2,0.2,0.2,0.1802962394845251,0.1369666072985638,0.2717578843289667,0.2252054095966343,0.18577385929131016,0.19045963179524777,0.16947984794941956,0.23474446511174185,0.21220421244628881,0.19311184169730206
2021-04-30,0.528203919529915,20.0,6.358579635620117,bull_normal,53.5,56.0,46.75,-0.004983867433592355,-0.0049592721197572655,2.4595313835089512e-05,-0.004970876087451715,0.6090393768595928,0.2,0.2,0.2,0.2,0.2,0.18175180019693452,0.13148619382840784,0.27329065937337593,0.22124019143744758,0.19223115516383407,0.19036122914929454,0.16381073887444142,0.23871241330723664,0.21121915215760637,0.19589646551142093
2021-05-07,0.5344069197773934,20.0,6.370876312255859,bull_normal,53.05,54.55,49.25,-0.0008315439033253855,0.0002515188782620196,0.0010830627815874051,-0.00025274765803897666,0.6389615165831851,0.2,0.2,0.2,0.2,0.2,0.1812802889949395,0.12687736473928998,0.27575938657283483,0.22046541645618814,0.19561754323674763,0.18999605671266656,0.16092275756339536,0.2404863401821271,0.21093685995937622,0.1976579845824347
2021-05-14,0.2960839584469796,20.0,10.10379695892334,bull_normal,53.5,54.5,45.75,0.0009898452776788125,0.0009712231344988206,-1.8622143179991882e-05,0.000984331558826982,0.6004379571597039,0.2,0.2,0.2,0.2,0.2,0.181615639085611,0.1304147357594434,0.2737617024751309,0.22124055640561707,0.1929673662741978,0.19455668545239305,0.17939691933468,0.22183965662878544,0.20628898781390242,0.197917749770239
2021-05-21,0.21275331676006326,20.0,8.897092819213867,bull_normal,52.5,55.0,48.75,0.0023994055362430273,0.003891555843342007,0.0014921503070989797,0.0027168654604660166,0.6955915607929554,0.2,0.2,0.2,0.2,0.2,0.18088262747806635,0.1264843567895323,0.2761609673442497,0.22100568674860135,0.19546636163955025,0.19593271539228818,0.18435930288886426,0.21620349819394047,0.2044690293221188,0.19903545320278818
2021-05-28,0.0,20.0,12.698261260986328,bull_normal,57.0,55.0,45.25,0.002343742329590488,0.001221514620092819,-0.001122227709497669,0.0023437423272467455,0.6952502784016841,0.2,0.2,0.2,0.2,0.2,0.1829348685424988,0.13625004130799404,0.27034773221087677,0.22088327082372453,0.18958408711490587,0.1999999998,0.1999999998,0.1999999998,0.1999999998,0.1999999998
2021-06-04,0.2797364115715027,20.0,4.607467174530029,bull_normal,50.7,49.8,45.25,-0.0039997568857516015,-0.003963514629244931,3.6242256506670636e-05,-0.003989618602979552,0.6021701029921402,0.2,0.2,0.2,0.2,0.2,0.17923153541525072,0.12976425765877392,0.27529143005948475,0.22512889628311417,0.1905838805833763,0.19419030404902207,0.18035250529305225,0.22106175424586527,0.20702946706596134,0.19736596834609896
2021-06-11,0.26860186979174616,20.0,8.018877983093262,bull_normal,49.769999999999996,48.68,46.849999999999994,-2.415419536666444e-05,8.427197226771983e-05,0.00010842616763438427,4.9692759893154885e-06,0.626745697703448,0.2,0.2,0.2,0.2,0.2,0.18018028120775945,0.12306081021938071,0.27800701507475967,0.2212310320740304,0.1975208614240698,0.19467638627898115,0.17933398958532965,0.22095282988500053,0.2057026947069904,0.19933409854369818
2021-06-18,0.09174938723444942,20.0,11.080519676208496,bull_normal,50.5,51.0,38.5,-0.012733266190668436,-0.01178808686719207,0.0009451793234763663,-0.01264654655426626,0.763617171916236,0.2,0.2,0.2,0.2,0.2,0.1816296977203552,0.13216251195390108,0.2724019431549029,0.22240578950491394,0.19140005766592694,0.1983145358242164,0.19377595184647017,0.20664283371240294,0.20205571725552418,0.19921096036138622
2021-06-25,0.21647600755095486,20.0,7.416897773742676,bull_normal,51.5,50.5,45.25,0.003765253154686125,0.003327543434129524,-0.00043770972055660103,0.0036704994982432885,0.671787031045274,0.2,0.2,0.2,0.2,0.2,0.1805406486197015,0.12651109168531266,0.27614574735475983,0.2218091372141671,0.19499337512605894,0.19578751710787431,0.1840914143446669,0.21648372716285835,0.20472115474753266,0.19891618563706776
2021-07-02,0.0,20.0,12.77878189086914,bull_normal,51.5,48.5,40.25,0.003482170213890328,0.004948000620808407,0.0014658304069180795,0.0034821702104081576,0.9759845432090789,0.2,0.2,0.2,0.2,0.2,0.1813620285134048,0.1312594019367186,0.27339380869530466,0.22207178186697532,0.19191297898759668,0.1999999998,0.1999999998,0.1999999998,0.1999999998,0.1999999998
2021-07-09,0.1950695186853409,20.0,6.864459037780762,bull_normal,51.3,48.5,40.25,0.00028389911782886765,0.001426267514506214,0.0011423683966773463,0.0005067403706233214,0.9649823700334973,0.2,0.2,0.2,0.2,0.2,0.18135114262479293,0.13097733095447434,0.27336655651798936,0.2221891138518805,0.19211585605086287,0.1963621761714246,0.18653578098437595,0.21431157865325345,0.20432841955481212,0.19846204363613384
2021-07-16,0.20931489169597628,20.0,8.422077178955078,bull_normal,52.15,48.9,42.25,0.0034245630547098723,0.0037156155417526425,0.00029105248704277024,0.0034854846710275886,0.8006162912662116,0.2,0.2,0.2,0.2,0.2,0.18104655751528423,0.12933823100033429,0.2744757331355829,0.221962950252814,0.19317652809598465,0.19603276204301298,0.18520943928957942,0.21558887979966404,0.20459717234889468,0.1985717455188487
2021-07-23,0.1748709570616484,20.0,9.367161750793457,bull_normal,51.5,49.5,38.5,-0.0011657778497295458,-0.0006084385598953241,0.0005573392898342217,-0.0010683153936398603,0.7805512464435491,0.2,0.2,0.2,0.2,0.2,0.18162715364646204,0.13270825179649212,0.27248996375784523,0.22219258422371607,0.19098204657548457,0.19678712257742306,0.18823262740106847,0.21267638912702222,0.2038808382389916,0.1984230216554946
2021-07-30,0.0,20.0,16.903968811035156,bull_normal,53.6,53.5,42.7,-0.0036814069075550176,-0.0011624590939175907,0.002518947813637427,-0.0036814069038736113,0.8922779879972502,0.2,0.2,0.2,0.2,0.2,0.1787559612138723,0.14031886654590264,0.2719289194802674,0.22785259663486654,0.18114365612509112,0.1999999998,0.1999999998,0.1999999998,0.1999999998,0.1999999998
2021-08-06,0.0,20.0,12.206250190734863,bull_normal,52.5,51.5,40.25,0.001119431744686196,0.0006985106409364957,-0.00042092110374970023,0.001119431743566764,0.8409031707997049,0.2,0.2,0.2,0.2,0.2,0.17302026630495904,0.13814482794719235,0.2775412450164209,0.2351025693790934,0.1761910913523343,0.1999999998,0.1999999998,0.1999999998,0.1999999998,0.1999999998
2021-08-13,0.0,20.0,10.34262466430664,bull_normal,53.2,52.8,39.0,-0.0016420828396168392,-0.0025432629579675422,-0.0009011801183507031,-0.0016420828379747566,0.7903787712830952,0.2,0.2,0.2,0.2,0.2,0.18275130409126933,0.1367420039286295,0.2701116423374505,0.22147563616658722,0.18891941347606336,0.1999999998,0.1999999998,0.1999999998,0.1999999998,0.1999999998
2021-08-20,0.0,20.0,15.734041213989258,bull_normal,53.8,50.5,43.75,-0.003009404706178223,-0.0008770438162884637,0.0021323608898897593,-0.003009404703168818,0.8821801222658625,0.2,0.2,0.2,0.2,0.2,0.1812139368275652,0.12930966924539206,0.2744274109366636,0.22163756113914596,0.19341142185123328,0.1999999998,0.1999999998,0.1999999998,0.1999999998,0.1999999998
2021-08-27,0.20664940476417543,20.0,5.959560394287109,bull_normal,51.5,49.0,45.0,-0.0011219823422400326,-0.002464351333397012,-0.0013423689911569792,-0.0013993820938371269,0.8087624271828782,0.2,0.2,0.2,0.2,0.2,0.18051992987065169,0.12644815012767788,0.2762407649565203,0.22176067995105858,0.19503047509409158,0.19597445490703133,0.1848005538197801,0.21575510848127522,0.20449683135465316,0.19897305043726024
2021-09-03,0.2461488410830498,20.0,6.926104545593262,bull_normal,51.0,48.5,53.75,0.0020157410270532344,0.0025503115486130014,0.000534570521559767,0.0021473249392650073,0.7503151982510607,0.2,0.2,0.2,0.2,0.2,0.17996270410042467,0.12350780479768304,0.2779761061959459,0.22167438782805562,0.1968789970778907,0.19506784264081356,0.18117153461787971,0.21919372795310718,0.20533512523972533,0.1992317685484742
2021-09-10,0.0,20.0,14.124284744262695,bull_normal,49.3,58.0,45.25,0.0017438554080583418,-0.00017064047860343282,-0.0019144958866617746,0.0017438554063144867,0.7958436502014147,0.2,0.2,0.2,0.2,0.2,0.18168968748304273,0.13116021652347198,0.27355713302182544,0.22114568261670872,0.19244728035495123,0.1999999998,0.1999999998,0.1999999998,0.1999999998,0.1999999998
2021-09-17,0.0,20.0,18.120441436767578,bull_normal,51.8,57.0,45.7,-0.007807271313362366,-0.007596502309263686,0.00021076900409868014,-0.007807271305555094,0.889276303665788,0.2,0.2,0.2,0.2,0.2,0.17535247263728523,0.13955691351227298,0.27514967469605056,0.2321679047572838,0.17777303439710754,0.1999999998,0.1999999998,0.1999999998,0.1999999998,0.1999999998
2021-09-24,0.015464310348033902,20.0,9.29004955291748,bull_normal,51.03,55.92999999999999,47.209999999999994,-0.0029562694557949756,-0.002826420575384477,0.00012984888041049853,-0.0029542614294557007,0.8094275633765793,0.2,0.2,0.2,0.2,0.2,0.18140732792168562,0.12837976124741188,0.2751227003807755,0.22058523418755055,0.1945049762625763,0.1997124769490692,0.19889244220183722,0.20116172055170892,0.20031833624974485,0.1999150230476396
2021-10-01,0.0,20.0,11.113815307617188,bull_normal,53.0,52.5,43.25,-0.0012592250598986068,-0.0006971879698261281,0.0005620370900724787,-0.0012592250586393814,0.8416251703810872,0.2,0.2,0.2,0.2,0.2,0.18157225849054243,0.13096459250819428,0.27349723892933286,0.22152882643435234,0.19243708363757805,0.1999999998,0.1999999998,0.1999999998,0.1999999998,0.1999999998
2021-10-08,0.014069584012031552,20.0,9.358205795288086,bull_normal,51.3,58.1,48.3,6.478834098426245e-05,-6.30116235181177e-05,-0.00012779996450238014,6.299024858397222e-05,0.7642295909737309,0.2,0.2,0.2,0.2,0.2,0.18132390951850966,0.12859172901514862,0.2749760524931315,0.22090245922334567,0.19420584974986446,0.19973723497621712,0.1989953151332294,0.20105488166838772,0.20029408870580684,0.1999184785163589
2021-10-15,0.0,20.0,11.84499740600586,bull_normal,50.7,57.4,52.27499999999999,-0.0035703542378761697,-0.004530482854104378,-0.0009601286162282084,-0.003570354234305815,0.8157568772958906,0.2,0.2,0.2,0.2,0.2,0.18078870590240856,0.12713984924460064,0.27587269476799314,0.22141579692272953,0.19478295316226815,0.1999999998,0.1999999998,0.1999999998,0.1999999998,0.1999999998
2021-10-22,0.0,20.0,12.195123672485352,bull_normal,52.0,55.3,54.2,-0.0024651799180911518,-0.0036408864091177417,-0.00117570649102659,-0.0024651799156259714,0.7236422648438039,0.2,0.2,0.2,0.2,0.2,0.18061167110693374,0.1277675649860167,0.27550720811424806,0.22211359753656634,0.19399995825623503,0.1999999998,0.1999999998,0.1999999998,0.1999999998,0.1999999998
2021-10-29,0.0,20.0,10.787958145141602,bull_normal,53.3,52.2,48.25,-0.0015842221863028496,-0.0007361103387482588,0.0008481118475545908,-0.0015842221847186273,0.7033527983048344,0.2,0.2,0.2,0.2,0.2,0.18065693925641949,0.12545719908010095,0.27673684356234585,0.2210824687169186,0.19606654938421514,0.1999999998,0.1999999998,0.1999999998,0.1999999998,0.1999999998
2021-11-05,0.0,20.0,13.368719100952148,bull_normal,54.0,57.5,51.75,-0.0025451534028675398,-0.001183952551622058,0.0013612008512454818,-0.0025451534003223864,0.7962635706616039,0.2,0.2,0.2,0.2,0.2,0.18149377044065573,0.13164706589258313,0.27303267110610174,0.22210139446310778,0.19172509809755164,0.1999999998,0.1999999998,0.1999999998,0.1999999998,0.1999999998
2021-11-12,0.0,20.0,9.8818941116333,bull_normal,54.0,55.2,50.0,0.005992922830997901,0.00581190978405358,-0.00018101304694432066,0.005992922825004978,0.8263334725732854,0.2,0.2,0.2,0.2,0.2,0.1809385931649192,0.12637382560309537,0.27593068779544205,0.2211663298948778,0.1955905635416656,0.1999999998,0.1999999998,0.1999999998,0.1999999998,0.1999999998
2021-11-19,0.0,20.0,11.548362731933594,bull_normal,52.8,58.3,51.75,0.0018274350731719874,0.0020414247854019115,0.00021398971222992406,0.0018274350713445523,0.7205968097703017,0.2,0.2,0.2,0.2,0.2,0.181351503750152,0.12928242338583634,0.2743021399098243,0.22146992868583787,0.19359400426834938,0.1999999998,0.1999999998,0.1999999998,0.1999999998,0.1999999998
2021-11-26,0.0,20.0,11.64718246459961,bull_normal,53.0,58.5,51.75,-0.0014342158968357823,-0.0005119299159548865,0.0009222859808808957,-0.001434215895401566,0.8511496807476806,0.2,0.2,0.2,0.2,0.2,0.18139858410038615,0.12925953351832778,0.27389638541416833,0.22183533905354524,0.19361015791357242,0.1999999998,0.1999999998,0.1999999998,0.1999999998,0.1999999998
2021-12-03,0.0,20.0,15.403181076049805,bull_normal,52.3,54.0,42.25,-0.003985129692529685,-0.005965563455029191,-0.0019804337624995056,-0.003985129688544555,0.8259137524796012,0.2,0.2,0.2,0.2,0.2,0.18198056106891647,0.13290351505369818,0.27240311634141606,0.22143307887937858,0.19127972865659068,0.1999999998,0.1999999998,0.1999999998,0.1999999998,0.1999999998
2021-12-10,0.0,20.0,20.81270980834961,event_stress,51.0,57.3,52.25,0.006750002286260878,0.006098447427120895,-0.0006515548591399826,0.006750002279510875,0.759972840777879,0.2,0.2,0.2,0.2,0.2,0.1808684423794592,0.12831478667374177,0.27528697994654927,0.22165648526214085,0.19387330573810893,0.1999999998,0.1999999998,0.1999999998,0.1999999998,0.1999999998
2021-12-17,0.0,20.0,15.549629211425781,bull_normal,52.2,53.8,47.25,0.002095500502476491,0.003634546424454611,0.0015390459219781199,0.0020955005003809907,0.7723220804079174,0.2,0.2,0.2,0.2,0.2,0.17887880891113778,0.13398596508596863,0.27425494411096724,0.22623757493005026,0.18664270696187607,0.1999999998,0.1999999998,0.1999999998,0.1999999998,0.1999999998
2021-12-24,0.0,20.0,10.449832916259766,bull_normal,52.8,57.3,43.75,0.00010972692834033582,6.921730837460397e-05,-4.0509619965731856e-05,0.00010972692823060902,0.7625409958580799,0.2,0.2,0.2,0.2,0.2,0.18270860690182006,0.13517160780429394,0.2710944569093434,0.2207747197868134,0.1902506085977292,0.1999999998,0.1999999998,0.1999999998,0.1999999998,0.1999999998
2021-12-31,0.0,20.0,12.955085754394531,bull_normal,58.5,56.5,54.0,0.00288495570196191,0.004340524948167593,0.0014555692462056833,0.0028849556990769546,0.9054719869114384,0.2,0.2,0.2,0.2,0.2,0.18246435507691758,0.1353792318597541,0.27080612062587517,0.2216290997527683,0.18972119268468474,0.1999999998,0.1999999998,0.1999999998,0.1999999998,0.1999999998
2022-01-07,0.025197137892246244,20.0,9.08293342590332,bull_normal,52.8,46.5,45.25,-0.005662740964856608,-0.005740709034309595,-7.796806945298707e-05,-0.005664705531389102,0.7920157426964494,0.2,0.2,0.2,0.2,0.2,0.1807692615455368,0.12773905255074974,0.2754254091591298,0.22184958992230686,0.19421668682227672,0.19951544023187773,0.19817923074471763,0.20190050423326117,0.20055054692961083,0.1998542768605326
2022-01-14,0.0,20.0,14.195652961730957,bull_normal,54.5,54.6,51.2,0.00241219138142176,0.004900005631219502,0.002487814249797742,0.0024121913790095682,0.9465214799195564,0.2,0.2,0.2,0.2,0.2,0.18104598246978915,0.12758211461704405,0.2754837447990578,0.2211752810039543,0.19471287711015464,0.1999999998,0.1999999998,0.1999999998,0.1999999998,0.1999999998
2022-01-21,0.0,20.0,26.425655364990234,event_stress,60.0,54.0,44.25,0.007236528135220212,0.007923842508085515,0.0006873143728653034,0.007236528127983683,0.9127333735716232,0.2,0.2,0.2,0.2,0.2,0.18398526482351804,0.1408612250517081,0.2671929666457152,0.22111135162400322,0.18684919185505544,0.1999999998,0.1999999998,0.1999999998,0.1999999998,0.1999999998
2022-01-28,0.0,20.0,39.91114807128906,event_stress,60.370000000000005,54.3,47.15,-0.008274483345396719,-0.007427508498744846,0.0008469748466518731,-0.008274483337122236,1.0,0.2,0.2,0.2,0.2,0.2,0.18356740531793805,0.13688709966069115,0.269765831336355,0.2199555325180927,0.18982413116692312,0.1999999998,0.1999999998,0.1999999998,0.1999999998,0.1999999998
2022-02-04,0.0,20.0,39.91114807128906,event_stress,54.5,57.0,43.75,-0.008274483345396719,-0.007432585767496624,0.0008418975779000953,-0.008274483337122236,1.0,0.2,0.2,0.2,0.2,0.2,0.18314206416257978,0.13678407235760048,0.27007128116323686,0.22060879774365044,0.18939378457293246,0.1999999998,0.1999999998,0.1999999998,0.1999999998,0.1999999998
2022-02-11,0.0,20.0,67.86438751220703,event_stress,52.0,44.5,45.25,0.007621513423052763,0.006061714433990156,-0.0015597989890626072,0.007621513415431249,1.0,0.2,0.2,0.2,0.2,0.2,0.18058930450553623,0.12763637966227834,0.2755318536300528,0.22216503931334305,0.1940774228887897,0.1999999998,0.1999999998,0.1999999998,0.1999999998,0.1999999998
2022-02-18,0.0,20.0,45.61260986328125,event_stress,55.5,58.6,53.199999999999996,0.005516160037502188,0.005018158884735574,-0.0004980011527666141,0.005516160031986027,0.9898681043134078,0.2,0.2,0.2,0.2,0.2,0.18211232700984856,0.1333878997493475,0.2718388568590915,0.22167687371708736,0.1909840426646252,0.1999999998,0.1999999998,0.1999999998,0.1999999998,0.1999999998
2022-02-25,0.0,20.0,53.68067169189453,event_stress,56.1,54.6,61.199999999999996,-0.00028707353175020127,-0.00019368159522754463,9.339193652265664e-05,-0.0002870735314631281,0.9096060601508228,0.2,0.2,0.2,0.2,0.2,0.17942137385035198,0.13458480023919442,0.27181345867372525,0.227677903759897,0.18650246347683136,0.1999999998,0.1999999998,0.1999999998,0.1999999998,0.1999999998
2022-03-04,0.0,20.0,28.24494171142578,event_stress,56.720000000000006,53.85,63.849999999999994,-0.003934917558443116,-0.004324741395657665,-0.00038982383721454864,-0.0039349175545081985,0.8428110180311073,0.2,0.2,0.2,0.2,0.2,0.17972588745318868,0.13439292426723884,0.27172339926117556,0.2271184666019048,0.18703932241649218,0.1999999998,0.1999999998,0.1999999998,0.1999999998,0.1999999998
2022-03-11,0.0,20.0,66.02262878417969,event_stress,52.6,54.2,46.8,0.00282698807814616,0.0051499682894282535,0.0023229802112820935,0.0028269880753191714,0.8899071245585839,0.2,0.2,0.2,0.2,0.2,0.18110901660835416,0.1278544856554255,0.2751119747573499,0.22140100534280627,0.19452351763606424,0.1999999998,0.1999999998,0.1999999998,0.1999999998,0.1999999998
2022-03-18,0.0,20.0,47.755882263183594,event_stress,53.05,53.85,46.3,-0.0037147094258805353,-0.004026436326772415,-0.0003117269008918798,-0.0037147094221658254,0.8081589231654338,0.2,0.2,0.2,0.2,0.2,0.18119522505727664,0.12835766539695712,0.2746650045659625,0.22161050755436898,0.19417159742543486,0.1999999998,0.1999999998,0.1999999998,0.1999999998,0.1999999998
2022-03-25,0.0,20.0,33.04129409790039,event_stress,53.6,54.3,48.2,-0.0009533123614482244,-0.00030322388753525247,0.000650088473912972,-0.0009533123604949119,0.7533892174790112,0.2,0.2,0.2,0.2,0.2,0.18082975241648744,0.13162120661212304,0.273571062526338,0.22302102928099163,0.19095694916405986,0.1999999998,0.1999999998,0.1999999998,0.1999999998,0.1999999998
2022-04-01,0.0,20.0,46.55447769165039,event_stress,55.05,55.15,50.5,-0.004828405648749439,-0.0061987396938347535,-0.0013703340450853148,-0.004828405643921033,0.8099884220668516,0.2,0.2,0.2,0.2,0.2,0.18117165024621035,0.1277601198668003,0.2751485920899717,0.2212339331903527,0.19468570460666482,0.1999999998,0.1999999998,0.1999999998,0.1999999998,0.1999999998
2022-04-08,0.0,20.0,28.94109535217285,event_stress,55.010000000000005,56.010000000000005,52.5,0.0003480455363323803,0.0014596022462104565,0.0011115567098780761,0.0003480455359843345,0.8056149011724784,0.2,0.2,0.2,0.2,0.2,0.18139599887131855,0.13013031985321305,0.27399467844597647,0.22154050764847527,0.19293849518101655,0.1999999998,0.1999999998,0.1999999998,0.1999999998,0.1999999998
2022-04-15,0.0,20.0,20.463573455810547,event_stress,58.0,53.0,47.75,0.0004879661671805463,0.000496588915118569,8.622747938022673e-06,0.00048796616669258,0.8029297118122362,0.2,0.2,0.2,0.2,0.2,0.18194413518412222,0.13171538926161597,0.27291767321212496,0.22117730415981407,0.19224549818232284,0.1999999998,0.1999999998,0.1999999998,0.1999999998,0.1999999998
2022-04-22,0.0,20.0,30.619169235229492,event_stress,50.7,51.3,44.75,-0.0068607849305076735,-0.006261247031109803,0.0005995378993978702,-0.006860784923646889,0.8437689008522972,0.2,0.2,0.2,0.2,0.2,0.1803389270170319,0.12886548968637973,0.27494663758899957,0.22315763219272142,0.1926913135148673,0.1999999998,0.1999999998,0.1999999998,0.1999999998,0.1999999998
2022-04-29,0.0,20.0,23.623430252075195,event_stress,57.5,58.5,47.75,3.195469037184925e-05,-0.0001629863649171399,-0.00019494105528898917,3.195469033989457e-05,0.7103563648378934,0.2,0.2,0.2,0.2,0.2,0.1768611944854648,0.14543744533989375,0.27178613094291,0.2313039360125478,0.17461129321918367,0.1999999998,0.1999999998,0.1999999998,0.1999999998,0.1999999998
2022-05-06,0.0,20.0,37.39347457885742,event_stress,58.25,59.35,50.05,0.0051007337910492,0.0036940949545970214,-0.0014066388364521783,0.005100733785948466,0.688376678541494,0.2,0.2,0.2,0.2,0.2,0.1774803426480022,0.14419592235978385,0.2703200493108472,0.23183382352367757,0.1761698621576893,0.1999999998,0.1999999998,0.1999999998,0.1999999998,0.1999999998
2022-05-13,0.0,20.0,51.26845932006836,event_stress,52.8,54.5,37.75,0.006179813545123473,0.005941411603611378,-0.00023840194151209578,0.00617981353894366,0.6124384647220008,0.2,0.2,0.2,0.2,0.2,0.1833775913389644,0.1418071622485129,0.267666772325939,0.2217665030168109,0.18538197106977286,0.1999999998,0.1999999998,0.1999999998,0.1999999998,0.1999999998
2022-05-20,0.0,20.0,35.361427307128906,event_stress,53.9,57.85,40.1,0.005848040795241475,0.00492741247051534,-0.0009206283247261346,0.005848040789393435,0.566247120917866,0.2,0.2,0.2,0.2,0.2,0.18446106586833277,0.14227737696816106,0.26691272032788815,0.22003000143223655,0.18631883540338148,0.1999999998,0.1999999998,0.1999999998,0.1999999998,0.1999999998
2022-05-27,0.0,20.0,22.499916076660156,event_stress,53.77,58.470000000000006,40.75,9.927483952943677e-05,0.0009177239415858168,0.00081844910205638,9.927483943016208e-05,0.5325350270260699,0.2,0.2,0.2,0.2,0.2,0.18407905087157325,0.14564974278968676,0.26589535450143664,0.22136683220117603,0.18300901963612734,0.1999999998,0.1999999998,0.1999999998,0.1999999998,0.1999999998
2022-06-03,0.0,20.0,20.02814292907715,event_stress,54.029999999999994,58.17999999999999,42.45,-0.00036424809324001105,-0.002888937050580584,-0.002524688957340573,-0.00036424809287576357,0.5868746268131776,0.2,0.2,0.2,0.2,0.2,0.18376299280115796,0.14159058951903894,0.26772942891343743,0.22084844236020468,0.18606854640616102,0.1999999998,0.1999999998,0.1999999998,0.1999999998,0.1999999998
2022-06-10,0.0,20.0,16.96683692932129,bull_normal,53.839999999999996,58.45,43.45,0.0069679391964320185,0.005246452278523818,-0.0017214869179082003,0.006967939189464078,0.5948436324951988,0.2,0.2,0.2,0.2,0.2,0.1834683354079424,0.13793539106080768,0.2693048776753072,0.22049296445119498,0.1887984314047477,0.1999999998,0.1999999998,0.1999999998,0.1999999998,0.1999999998
2022-06-17,0.0,20.0,18.75616455078125,bull_normal,58.5,56.3,42.25,0.0016480163845907436,0.0008672016664916061,-0.0007808147180991375,0.0016480163829427272,0.5677443334772629,0.2,0.2,0.2,0.2,0.2,0.18480494005167997,0.14383882150826136,0.2651237334543574,0.2209684671166928,0.18526403786900836,0.1999999998,0.1999999998,0.1999999998,0.1999999998,0.1999999998
2022-06-24,0.0,20.0,37.32365036010742,event_stress,59.6,60.15,41.75,-0.0033526651495706626,-0.0036294560296953773,-0.0002767908801247147,-0.003352665146217996,0.6220492208930819,0.2,0.2,0.2,0.2,0.2,0.1875108907894568,0.15273373728072848,0.26042619967958136,0.21822908148633552,0.18110009076389783,0.1999999998,0.1999999998,0.1999999998,0.1999999998,0.1999999998
2022-07-01,0.0,20.0,23.735260009765625,event_stress,59.15,59.75,43.75,0.0030038852671294162,0.0022372215065779638,-0.0007666637605514524,0.0030038852641255305,0.5689086522277053,0.2,0.2,0.2,0.2,0.2,0.18621935861609834,0.14920461177086172,0.26303060134333,0.2189634708152495,0.18258195745446051,0.1999999998,0.1999999998,0.1999999998,0.1999999998,0.1999999998
2022-07-08,0.0,20.0,28.273609161376953,event_stress,57.86999999999999,58.58,45.75,-0.007589789014685288,-0.008937269348124851,-0.0013474803334395631,-0.007589789007095499,0.5637519260921571,0.2,0.2,0.2,0.2,0.2,0.18423220433270193,0.1396486575720623,0.26774254962605787,0.22016439107643812,0.1882121973927398,0.1999999998,0.1999999998,0.1999999998,0.1999999998,0.1999999998
2022-07-15,0.0,20.0,20.954059600830078,event_stress,56.029999999999994,55.839999999999996,47.75,-0.0047464331096572585,-0.0027343249813259686,0.00201210812833129,-0.004746433104910825,0.6768291884450607,0.2,0.2,0.2,0.2,0.2,0.18211747717748275,0.13199176246977515,0.2728153664616073,0.22083505994561192,0.1922403339455229,0.1999999998,0.1999999998,0.1999999998,0.1999999998,0.1999999998
2022-07-22,0.0,20.0,19.179851531982422,bull_normal,51.5,52.0,45.75,-0.0011304184919792596,-0.0010117156035820746,0.00011870288839718507,-0.001130418490848841,0.6158288556202419,0.2,0.2,0.2,0.2,0.2,0.1801558798709611,0.1307169640194964,0.2745543025527318,0.2236374909230408,0.19093536263376995,0.1999999998,0.1999999998,0.1999999998,0.1999999998,0.1999999998
2022-07-29,0.0,20.0,17.179210662841797,bull_normal,54.2,54.7,46.349999999999994,0.006573692144349119,0.008103451940107783,0.0015297597957586633,0.006573692137775427,0.6205078417485729,0.2,0.2,0.2,0.2,0.2,0.18167001188399443,0.1304978236686095,0.2736239386055677,0.22125624435522176,0.1929519814866066,0.1999999998,0.1999999998,0.1999999998,0.1999999998,0.1999999998
2022-08-05,0.0,20.0,21.693971633911133,event_stress,54.339999999999996,55.510000000000005,47.25,0.004280960068857743,0.00476727144891083,0.00048631138005308765,0.004280960064576783,0.530524787540622,0.2,0.2,0.2,0.2,0.2,0.1817076049841372,0.13295443497288328,0.2726453017223421,0.2217737392061152,0.19091891911452227,0.1999999998,0.1999999998,0.1999999998,0.1999999998,0.1999999998
2022-08-12,0.0,20.0,10.698698043823242,bull_normal,53.0,54.5,38.75,0.0014618558297065484,0.0007768885596628402,-0.0006849672700437083,0.0014618558282446924,0.4674363247896276,0.2,0.2,0.2,0.2,0.2,0.18333257241513473,0.13963655637400937,0.26860322775793743,0.22125355411659095,0.1871740893363275,0.1999999998,0.1999999998,0.1999999998,0.1999999998,0.1999999998
2022-08-19,0.0,20.0,18.80864906311035,bull_normal,54.32000000000001,55.35,41.05,0.0012963513247666737,0.003310049592940439,0.0020136982681737657,0.001296351323470322,0.6781328645819391,0.2,0.2,0.2,0.2,0.2,0.1833982722512456,0.13838729370089226,0.26912671648289815,0.22076418797127886,0.1883235295936852,0.1999999998,0.1999999998,0.1999999998,0.1999999998,0.1999999998
2022-08-26,0.0,20.0,10.48355770111084,bull_normal,52.8,53.7,50.75,-0.0012577968514207063,-0.0018735996287266923,-0.000615802777305986,-0.001257796850162909,0.6268182819309277,0.2,0.2,0.2,0.2,0.2,0.1805739217481281,0.12497672873327605,0.2770473451629511,0.2210185995752999,0.19638340478034483,0.1999999998,0.1999999998,0.1999999998,0.1999999998,0.1999999998
2022-09-02,0.0,20.0,13.65256118774414,bull_normal,52.5,52.879999999999995,52.75,-0.003248372841426884,-0.002154243823254353,0.0010941290181725313,-0.003248372838178511,0.6510905052586342,0.2,0.2,0.2,0.2,0.2,0.1804539037905219,0.12548984848396483,0.2767250150132165,0.22155910975917256,0.19577212295312424,0.1999999998,0.1999999998,0.1999999998,0.1999999998,0.1999999998
2022-09-09,0.0,20.0,12.597677230834961,bull_normal,53.0,51.0,47.25,0.004052476301409426,0.002732746733288487,-0.0013197295681209391,0.00405247629735695,0.591772093916311,0.2,0.2,0.2,0.2,0.2,0.1805667410338781,0.12510941960499555,0.2767441917098537,0.221357470122051,0.19622217752922166,0.1999999998,0.1999999998,0.1999999998,0.1999999998,0.1999999998
2022-09-16,0.0,20.0,20.727134704589844,event_stress,51.54,49.059999999999995,49.599999999999994,-0.007834400591669245,-0.008644579602423078,-0.000810179010753833,-0.007834400583834842,0.6924662268319437,0.2,0.2,0.2,0.2,0.2,0.18012085001502856,0.12284157976825867,0.2782774131862196,0.2211028411247707,0.1976573159057224,0.1999999998,0.1999999998,0.1999999998,0.1999999998,0.1999999998
2022-09-23,0.0,20.0,22.55105209350586,event_stress,49.470000000000006,47.910000000000004,50.5,-0.0010405254064704303,-0.00034555825260510555,0.0006949671538653247,-0.0010405254054299048,0.6533079303215612,0.2,0.2,0.2,0.2,0.2,0.18003015321809163,0.12131070348334982,0.2792373880906981,0.22053096566746946,0.19889078954039105,0.1999999998,0.1999999998,0.1999999998,0.1999999998,0.1999999998
2022-09-30,0.0,20.0,28.174972534179688,event_stress,52.3,48.3,56.699999999999996,-0.0047965877739164905,-0.0058126629872039225,-0.001016075213287432,-0.004796587769119903,0.6040544453413625,0.2,0.2,0.2,0.2,0.2,0.17978911649970833,0.12596617194829807,0.27660754171007557,0.22313148711760247,0.19450568272431557,0.1999999998,0.1999999998,0.1999999998,0.1999999998,0.1999999998
2022-10-07,0.0,20.0,28.174972534179688,event_stress,50.0,57.0,36.25,-0.0047965877739164905,-0.00574010070512029,-0.0009435129312037995,-0.004796587769119903,0.5646516573572037,0.2,0.2,0.2,0.2,0.2,0.1838863602773129,0.14155285326021314,0.2675634406603317,0.22076304252568513,0.18623430327645712,0.1999999998,0.1999999998,0.1999999998,0.1999999998,0.1999999998
2022-10-14,0.0,20.0,27.362335205078125,event_stress,53.0,58.0,50.75,0.007793037638327537,0.008835347061562599,0.0010423094232350624,0.007793037630534499,0.6023038123998598,0.2,0.2,0.2,0.2,0.2,0.1813759492710103,0.1309044696822594,0.2738453791383905,0.22159333539384102,0.1922808665144987,0.1999999998,0.1999999998,0.1999999998,0.1999999998,0.1999999998
2022-10-21,0.0,20.0,22.479154586791992,event_stress,54.25,59.32000000000001,50.05,-0.009522555836569625,-0.009472082363499673,5.04734730699518e-05,-0.009522555827047068,0.5000118019819134,0.2,0.2,0.2,0.2,0.2,0.18200781546449818,0.13137857806778566,0.27331968724898575,0.2206371234198048,0.19265679579892545,0.1999999998,0.1999999998,0.1999999998,0.1999999998,0.1999999998
2022-10-28,0.0,20.0,24.540958404541016,event_stress,52.120000000000005,56.36,52.209999999999994,-0.004992646078382249,-0.002403809125307792,0.002588836953074457,-0.004992646073389603,0.5567800277305858,0.2,0.2,0.2,0.2,0.2,0.18091149038535168,0.12797303586524056,0.2752942565369426,0.22162184683503047,0.19419937037743465,0.1999999998,0.1999999998,0.1999999998,0.1999999998,0.1999999998
2022-11-04,0.0,20.0,46.599090576171875,event_stress,52.71,56.96999999999999,51.98,0.01089579531536098,0.0071704886827722095,-0.0037253066325887707,0.010895795304465184,0.6767564663277449,0.2,0.2,0.2,0.2,0.2,0.1735850701383358,0.13502234419868384,0.2780613122741855,0.23386433668517262,0.17946693670362227,0.1999999998,0.1999999998,0.1999999998,0.1999999998,0.1999999998
2022-11-11,0.0,20.0,13.196148872375488,bull_normal,53.5,56.5,46.7,0.00382464200703311,0.0032052457172413638,-0.0006193962897917461,0.0038246420032084674,0.7925211109897402,0.2,0.2,0.2,0.2,0.2,0.1813057704524579,0.1361871683208279,0.27104270185779405,0.22386357994974027,0.18760077941917985,0.1999999998,0.1999999998,0.1999999998,0.1999999998,0.1999999998
2022-11-18,0.0,20.0,16.460689544677734,bull_normal,51.3,53.2,38.3,-0.005547109025888378,-0.007309045267369091,-0.0017619362414807134,-0.005547109020341268,0.7476846917327793,0.2,0.2,0.2,0.2,0.2,0.18245115960291153,0.13586891817272923,0.2707215054128649,0.22165233734849224,0.18930607946300212,0.1999999998,0.1999999998,0.1999999998,0.1999999998,0.1999999998
2022-11-25,0.0,20.0,14.299627304077148,bull_normal,54.0,59.5,38.3,0.004015850800072001,0.004653960452222979,0.0006381096521509777,0.00401585079605615,0.6922565812995559,0.2,0.2,0.2,0.2,0.2,0.18592773461465575,0.1474846099438508,0.2639220282917292,0.2189766305382347,0.18368899661152943,0.1999999998,0.1999999998,0.1999999998,0.1999999998,0.1999999998
2022-12-02,0.0,20.0,20.11107635498047,event_stress,55.5,57.7,36.8,0.0012958400678411185,-0.00019485177737467026,-0.0014906918452157888,0.0012958400665452788,0.6819361986508677,0.2,0.2,0.2,0.2,0.2,0.18645527853486812,0.14957637062737436,0.2625930127351218,0.21884381412612255,0.18253152397651307,0.1999999998,0.1999999998,0.1999999998,0.1999999998,0.1999999998
2022-12-09,0.0,20.0,21.746170043945312,event_stress,56.0,57.95,38.099999999999994,0.0040226343692528884,0.002244502008967929,-0.0017781323602849594,0.004022634365230254,0.668720732982463,0.2,0.2,0.2,0.2,0.2,0.18626121659176179,0.15054706321619468,0.26242783599198877,0.21927557496296682,0.18148830923708803,0.1999999998,0.1999999998,0.1999999998,0.1999999998,0.1999999998
2022-12-16,0.0,20.0,14.41066837310791,bull_normal,60.0,63.2,41.2,-0.0032925631710908703,-0.003058905359645672,0.00023365781144519832,-0.003292563167798307,0.5678482372591447,0.2,0.2,0.2,0.2,0.2,0.189636611333748,0.15731171925679882,0.25728475786300653,0.21595980780386198,0.17980710374258463,0.1999999998,0.1999999998,0.1999999998,0.1999999998,0.1999999998
2022-12-23,0.0,20.0,11.272066116333008,bull_normal,55.5,57.2,46.7,-0.0023286496876723326,-0.001088185081848627,0.0012404646058237056,-0.0023286496853436823,0.5399656611157115,0.2,0.2,0.2,0.2,0.2,0.18263995685543621,0.13421185429870827,0.27153894016775226,0.2206255466538822,0.19098370202422096,0.1999999998,0.1999999998,0.1999999998,0.1999999998,0.1999999998
2022-12-30,0.0,20.0,11.986933708190918,bull_normal,57.5,60.5,47.25,0.007861894552803558,0.008066755599068718,0.00020486104626516073,0.00786189454494166,0.47744303810708827,0.2,0.2,0.2,0.2,0.2,0.18390501744442697,0.14650415478304196,0.26597213240741796,0.22149726659642963,0.18212142876868337,0.1999999998,0.1999999998,0.1999999998,0.1999999998,0.1999999998
2023-01-06,0.0,20.0,11.259847640991211,bull_normal,59.0,63.3,33.7,0.003696834821066616,0.0036393077742686675,-5.752704679794869e-05,0.003696834817369781,0.5102210975917166,0.2,0.2,0.2,0.2,0.2,0.19285782250216552,0.1789069309427263,0.24856043580870568,0.21395821120070221,0.16571659954570034,0.1999999998,0.1999999998,0.1999999998,0.1999999998,0.1999999998
2023-01-13,0.0,20.0,11.066617965698242,bull_normal,53.9,57.5,40.55,0.005929093009427568,0.004781367588062532,-0.0011477254213650362,0.005929093003498476,0.46980408126299766,0.2,0.2,0.2,0.2,0.2,0.18416267618292076,0.14116481795414468,0.2675576743198121,0.22021349005215224,0.18690134149097018,0.1999999998,0.1999999998,0.1999999998,0.1999999998,0.1999999998
2023-01-20,0.0,20.0,21.41967010498047,event_stress,55.25,58.85,43.45,0.0035860757528851516,0.003169691440625421,-0.00041638431225973077,0.0035860757492990752,0.4655375965795097,0.2,0.2,0.2,0.2,0.2,0.18418432495283274,0.1404297722904056,0.2679298237954954,0.21989071481494113,0.18756536414632521,0.1999999998,0.1999999998,0.1999999998,0.1999999998,0.1999999998
2023-01-27,0.0,20.0,21.41967010498047,event_stress,52.0,64.0,37.75,0.0035860757528851516,0.0033348362849404383,-0.00025123946794471325,0.0035860757492990752,0.46212440883271927,0.2,0.2,0.2,0.2,0.2,0.18736386870785898,0.15208369871765584,0.26148052220658274,0.2174891730983883,0.18158273726951404,0.1999999998,0.1999999998,0.1999999998,0.1999999998,0.1999999998
2023-02-03,0.0,20.0,20.132614135742188,event_stress,52.55,64.45,38.5,-0.0016447419084462747,-0.0013710760013324066,0.00027366590711386815,-0.0016447419068015326,0.4349794609107522,0.2,0.2,0.2,0.2,0.2,0.18763594242697879,0.15201390015214755,0.2607586230309516,0.217709654613992,0.1818818797759301,0.1999999998,0.1999999998,0.1999999998,0.1999999998,0.1999999998
2023-02-10,0.0,20.0,12.88224983215332,bull_normal,54.9,62.6,35.3,-0.004826118930350904,-0.004781893276526703,4.422565382420068e-05,-0.004826118925524785,0.4162905873381988,0.2,0.2,0.2,0.2,0.2,0.1890568239558932,0.1589953902518385,0.2563782393188677,0.21798898630125568,0.177580560172145,0.1999999998,0.1999999998,0.1999999998,0.1999999998,0.1999999998
2023-02-17,0.0,20.0,13.485366821289062,bull_normal,52.0,57.0,40.75,-0.0037099712421358533,-0.003225916266293194,0.0004840549758426591,-0.0037099712384258817,0.3753909598960617,0.2,0.2,0.2,0.2,0.2,0.18277114460867866,0.13967086892490688,0.2680414645801552,0.22319570583411769,0.1863208160521415,0.1999999998,0.1999999998,0.1999999998,0.1999999998,0.1999999998
2023-02-24,0.0,20.0,15.950748443603516,bull_normal,52.8,58.5,43.65,0.0013232303328023327,0.0007948465621348281,-0.0005283837706675045,0.0013232303314791023,0.3307660017036125,0.2,0.2,0.2,0.2,0.2,0.18244263047188305,0.14188088815302155,0.2686751885914765,0.22274806525093807,0.18425322753268072,0.1999999998,0.1999999998,0.1999999998,0.1999999998,0.1999999998
2023-03-03,0.0,20.0,12.56244945526123,bull_normal,52.8,62.0,37.25,0.0008532883792071495,0.0007040289426847348,-0.00014925943652241468,0.0008532883783538608,0.3397784428278883,0.2,0.2,0.2,0.2,0.2,0.17831534382964795,0.15757185320543507,0.2677038339317255,0.23005426815782157,0.1663547008753699,0.1999999998,0.1999999998,0.1999999998,0.1999999998,0.1999999998
2023-03-10,0.0,20.0,11.294656753540039,bull_normal,53.25,61.4,39.55,-0.0032033256642727713,-0.001668988760404331,0.0015343369038684402,-0.003203325661069445,0.4339060889837295,0.2,0.2,0.2,0.2,0.2,0.1852011499506725,0.15231103932795095,0.2628574000780128,0.2208533228161368,0.17877708782722693,0.1999999998,0.1999999998,0.1999999998,0.1999999998,0.1999999998
2023-03-17,0.0,20.0,13.704490661621094,bull_normal,53.92,62.02,41.2,0.003084549668902699,0.003854680066930113,0.0007701303980274139,0.0030845496658181482,0.5810742153556526,0.2,0.2,0.2,0.2,0.2,0.18562793693597043,0.145324499276076,0.26442172548015985,0.21955651007932853,0.1850693282284653,0.1999999998,0.1999999998,0.1999999998,0.1999999998,0.1999999998
2023-03-24,0.0,20.0,25.898265838623047,event_stress,54.5,57.0,47.25,0.0006321881042378186,8.23366164234356e-05,-0.0005498514878143829,0.0006321881036056303,0.6030588390553958,0.2,0.2,0.2,0.2,0.2,0.1820137960341958,0.1313766767131744,0.2725449596000103,0.2215200718992786,0.19254449575334093,0.1999999998,0.1999999998,0.1999999998,0.1999999998,0.1999999998
2023-03-31,0.0,20.0,18.596681594848633,bull_normal,55.870000000000005,58.4,49.25,0.001300754285494837,0.0012324068010054548,-6.834748448938228e-05,0.0013007542841940826,0.49934327548333735,0.2,0.2,0.2,0.2,0.2,0.18224238118253322,0.13181934523272884,0.27230421905061775,0.2211743991160941,0.19245965541802607,0.1999999998,0.1999999998,0.1999999998,0.1999999998,0.1999999998
2023-04-07,0.0,20.0,26.276390075683594,event_stress,53.1,58.3,32.3,0.0068559068852047,0.006701603277783074,-0.00015430360742162575,0.006855906878348792,0.4718772198907338,0.2,0.2,0.2,0.2,0.2,0.1870190358869863,0.15149430615491807,0.25958774773339116,0.2206039912608326,0.1812949189638719,0.1999999998,0.1999999998,0.1999999998,0.1999999998,0.1999999998
2023-04-14,0.0,20.0,21.052520751953125,event_stress,53.9,56.45,35.2,-0.0010135179900964393,-0.00041620985624969497,0.0005973081338467444,-0.001013517989082921,0.45089493388020746,0.2,0.2,0.2,0.2,0.2,0.18552665542218405,0.14656927020870011,0.2633700751217988,0.22074030177392454,0.18379369747339258,0.1999999998,0.1999999998,0.1999999998,0.1999999998,0.1999999998
2023-04-21,0.0,20.0,16.506359100341797,bull_normal,57.3,59.0,40.75,-0.008170413383538511,-0.007632166508077704,0.0005382468754608072,-0.008170413375368097,0.5017689811887975,0.2,0.2,0.2,0.2,0.2,0.186055329892729,0.14654410435261894,0.26321743898606115,0.21969858121560817,0.18448454555298274,0.1999999998,0.1999999998,0.1999999998,0.1999999998,0.1999999998
2023-04-28,0.0,20.0,12.456376075744629,bull_normal,58.5,57.0,52.25,0.003393891041489446,0.003958910989973724,0.000565019948484278,0.0033938910380955545,0.47480643974212694,0.2,0.2,0.2,0.2,0.2,0.18250614646768387,0.13414297881321577,0.27086768699125624,0.22172673793089742,0.19075644979694667,0.1999999998,0.1999999998,0.1999999998,0.1999999998,0.1999999998
2023-05-05,0.0,20.0,11.968705177307129,bull_normal,59.1,57.5,51.75,0.011136943789360667,0.012283365348349968,0.001146421558989301,0.011136943778223723,0.47691383624150135,0.2,0.2,0.2,0.2,0.2,0.18278612973957967,0.13454117432835333,0.27026298614701527,0.2216927610494058,0.19071694873564607,0.1999999998,0.1999999998,0.1999999998,0.1999999998,0.1999999998
2023-05-12,0.22769428491592408,20.0,6.253450870513916,bull_normal,55.8,53.0,40.75,-0.004035474764585451,-0.003129171332818523,0.000906303431766928,-0.003829114648943316,0.5158169461475436,0.2,0.2,0.2,0.2,0.2,0.18295104611176702,0.1390492792633453,0.2682614108089942,0.22265834809099352,0.1870799157249,0.19611805043973612,0.18612186904063532,0.2155427329059633,0.20515917616079563,0.1970581704528694
2023-05-19,0.13568388447165491,20.0,10.01243782043457,bull_normal,56.15,54.1,39.949999999999996,-0.003592625212402523,-0.0037606075159647657,-0.00016798230356224273,-0.003615417700256927,0.4731394410176437,0.2,0.2,0.2,0.2,0.2,0.18397248393570836,0.1406768069876956,0.26766923025542816,0.22062950639271617,0.18705197242845173,0.19782532416413975,0.19195079854087801,0.2091816238110817,0.20279909135929747,0.19824316112460308
2023-05-26,0.12388097345829012,20.0,9.253732681274414,bull_normal,55.71,53.31,41.55,-0.004215586849600542,-0.0030368138169435902,0.001178773032656952,-0.004069559294759058,0.5013497624620064,0.2,0.2,0.2,0.2,0.2,0.18300899642653531,0.13772790797339032,0.2695418629805048,0.2213265827682973,0.18839464985127227,0.19789513773939074,0.19228567242817365,0.208614913473513,0.20264195763123347,0.19856231772768893
2023-06-02,0.31062107086181645,20.0,6.827239990234375,bull_normal,54.6,61.5,38.2,0.0017427906422791046,0.0020598027596783705,0.00031701211739926585,0.0018412612838205752,0.5002956173631947,0.2,0.2,0.2,0.2,0.2,0.18725368752810753,0.15157537437354074,0.2615523536616021,0.21777031315390802,0.1818482712828416,0.1960407265744007,0.18495829074686837,0.21911945778931263,0.2055198334958969,0.19436169039352136
2023-06-09,0.4672765731811524,20.0,6.339134693145752,bull_normal,55.489999999999995,62.17999999999999,39.5,0.0027324087422172854,0.003195388890655533,0.00046298014843824736,0.0029487485164816627,0.49960687165195156,0.2,0.2,0.2,0.2,0.2,0.18721210524217496,0.15058902586626358,0.261144466279942,0.21855041830129526,0.1825039843103241,0.19402451616533778,0.17691140915233367,0.22857137644371045,0.20866817568623802,0.19182452155238008
2023-06-16,0.19238148331642158,20.0,11.832171440124512,bull_normal,53.5,59.0,37.75,0.006647402743862364,0.004279307098085674,-0.0023680956457766906,0.00619182498470086,0.5621870537097783,0.2,0.2,0.2,0.2,0.2,0.18529116522632347,0.15039370394183116,0.2632814291553753,0.22056628579242307,0.18046741588404716,0.19717029235121367,0.19045666699203925,0.21217417499511995,0.20395657236309922,0.19624229229852794
2023-06-23,0.0,20.0,15.946859359741211,bull_normal,54.05,59.7,37.75,0.0031129585674533567,0.0006650534988016036,-0.002447905068651753,0.003112958564340398,0.818547268427744,0.2,0.2,0.2,0.2,0.2,0.17759619747371166,0.15537841476824968,0.2690683856074882,0.2306113190644609,0.16734568308608966,0.1999999998,0.1999999998,0.1999999998,0.1999999998,0.1999999998
2023-06-30,0.09980711042881012,20.0,8.697489738464355,bull_normal,54.410000000000004,59.81,39.75,-0.0018645385197560464,-0.0015617449760117093,0.0003027935437443371,-0.001834317569264107,0.7181569121258743,0.2,0.2,0.2,0.2,0.2,0.18557752760784124,0.1457843655347284,0.26453437822036474,0.21944404905496506,0.1846596795821006,0.1985605345067388,0.19458889398936774,0.20644098960705357,0.20194065414927145,0.19846892674756847
2023-07-07,0.0,20.0,20.677927017211914,event_stress,61.3,60.0,51.3,0.004759128760184674,0.005004645188242937,0.00024551642805826276,0.0047591287554255455,0.7435945150906069,0.2,0.2,0.2,0.2,0.2,0.18478451543319807,0.14330597431072642,0.2663072355515973,0.21976087826732776,0.18584139643715047,0.1999999998,0.1999999998,0.1999999998,0.1999999998,0.1999999998
2023-07-14,0.0,20.0,14.18533992767334,bull_normal,60.739999999999995,59.25,52.074999999999996,0.004942996047219226,0.003834807963883,-0.001108188083336226,0.00494299604227623,0.6775539158947834,0.2,0.2,0.2,0.2,0.2,0.1838473340144649,0.14502982445265758,0.2662077464002084,0.22167493315391204,0.1832401619787571,0.1999999998,0.1999999998,0.1999999998,0.1999999998,0.1999999998
2023-07-21,0.0,20.0,26.029634475708008,event_stress,60.96,59.77,52.9,0.0030332074078051876,0.004076440770115207,0.001043233362310019,0.00303320740477198,0.6293622218356889,0.2,0.2,0.2,0.2,0.2,0.18379842704586188,0.14622049882188343,0.26524195330996986,0.2226497757055293,0.18208934511675542,0.1999999998,0.1999999998,0.1999999998,0.1999999998,0.1999999998
2023-07-28,0.0,20.0,13.903834342956543,bull_normal,59.7,61.6,48.2,0.0057312259711806675,0.0030516244599500726,-0.002679601511230595,0.005731225965449441,0.7170342386936099,0.2,0.2,0.2,0.2,0.2,0.18538938388818516,0.14371107794372368,0.26592993531438736,0.21871029039795659,0.18625931245574723,0.1999999998,0.1999999998,0.1999999998,0.1999999998,0.1999999998
2023-08-04,0.027170364558696744,20.0,9.890667915344238,bull_normal,54.5,62.0,35.3,0.0005521467731199305,0.0003170570673208197,-0.0002350897057991108,0.0005457592995636122,0.6104104368591474,0.2,0.2,0.2,0.2,0.2,0.1882969279628231,0.16185118885003788,0.2572923366140044,0.21807672750049267,0.17448281907264182,0.19968202306661118,0.19896348269461114,0.20155665347066537,0.20049115107572543,0.19930668869238674
2023-08-11,0.0,20.0,11.27982234954834,bull_normal,62.5,65.2,52.25,-0.005741895121486951,-0.004873069692670409,0.0008688254288165423,-0.005741895115745056,0.5929530990804325,0.2,0.2,0.2,0.2,0.2,0.18776163833967371,0.15483425377685117,0.2600452991693108,0.21763809152900307,0.1797207171851612,0.1999999998,0.1999999998,0.1999999998,0.1999999998,0.1999999998
2023-08-18,0.0,20.0,15.11018180847168,bull_normal,61.3,63.8,55.75,0.00035481333046462186,0.001619672999409023,0.001264859668944401,0.000354813330109809,0.6332998805288353,0.2,0.2,0.2,0.2,0.2,0.1862803193786176,0.14940041076562852,0.2626049014908298,0.21927284427294233,0.18244152409198167,0.1999999998,0.1999999998,0.1999999998,0.1999999998,0.1999999998
2023-08-25,0.0,20.0,9.499320983886719,bull_normal,58.7,59.6,49.25,-0.002732829239407702,-0.0024481152668959717,0.00028471397251173024,-0.0027328292366748724,0.5847286790502908,0.2,0.2,0.2,0.2,0.2,0.18398974595262732,0.13794832483033054,0.2692714542584404,0.2193219394482668,0.18946853551033482,0.1999999998,0.1999999998,0.1999999998,0.1999999998,0.1999999998
2023-09-01,0.0,20.0,12.980344772338867,bull_normal,59.4,61.1,48.75,0.0032952738817810107,0.0021499998915936484,-0.0011452739901873623,0.0032952738784857365,0.5602154040186262,0.2,0.2,0.2,0.2,0.2,0.18398515898059267,0.14987284413358348,0.26485426950961366,0.2218814035960976,0.17940632378011254,0.1999999998,0.1999999998,0.1999999998,0.1999999998,0.1999999998
2023-09-08,0.0,20.0,14.608733177185059,bull_normal,54.5,56.5,52.25,-0.005527941467880762,-0.0059472734834064185,-0.00041933201552565684,-0.00552794146235282,0.5944228313293611,0.2,0.2,0.2,0.2,0.2,0.18154185757996658,0.13023955961800177,0.27396096233709766,0.22121842646193304,0.1930391940030009,0.1999999998,0.1999999998,0.1999999998,0.1999999998,0.1999999998
2023-09-15,0.0332911878824234,20.0,8.589619636535645,bull_normal,55.45,58.08,51.27499999999999,-0.0010257945577699845,-0.0005456208487376856,0.0004801737090322989,-0.0010098090035965811,0.5358585722742238,0.2,0.2,0.2,0.2,0.2,0.18200972021715434,0.1317876294419923,0.27300109458127314,0.22091345157017864,0.19228810418940162,0.19940108201629084,0.19772912895811875,0.2024302929528974,0.20069623344479656,0.19974326162789643
2023-09-22,0.12675871849060058,20.0,7.492888450622559,bull_normal,56.5,59.9,52.25,-0.002873442863815972,-0.0037217375525062696,-0.0008482946886902978,-0.002980971608475765,0.5176799249180477,0.2,0.2,0.2,0.2,0.2,0.18285009121758358,0.13560448486892177,0.270758903337767,0.22074246603844155,0.19004405453728615,0.19782609934268408,0.19183730683360511,0.2089693076999263,0.20262928821073836,0.19873799691304606
2023-09-29,0.0,20.0,29.78413200378418,event_stress,68.5,68.8,47.0,-0.0049752622059924265,-0.005542391839193995,-0.0005671296332015689,-0.004975262201017164,0.5197744536618512,0.2,0.2,0.2,0.2,0.2,0.19506924582523089,0.17089546842142692,0.2485552472819698,0.210566648042284,0.1749133904290884,0.1999999998,0.1999999998,0.1999999998,0.1999999998,0.1999999998
2023-10-06,0.0,20.0,29.78413200378418,event_stress,68.44,67.78,48.074999999999996,-0.0049752622059924265,-0.005602336231128953,-0.0006270740251365266,-0.004975262201017164,0.5198665696844859,0.2,0.2,0.2,0.2,0.2,0.19357714592247924,0.16654958606564738,0.2511090051507135,0.21199937069726182,0.17676489216389807,0.1999999998,0.1999999998,0.1999999998,0.1999999998,0.1999999998
2023-10-13,0.0,20.0,25.333967208862305,event_stress,62.0,62.5,53.75,-0.006820445544926853,-0.007009573296182482,-0.00018912775125562876,-0.006820445538106407,0.4676688742433531,0.2,0.2,0.2,0.2,0.2,0.18592629693593601,0.14636741614378937,0.26343978317304984,0.2197779583757802,0.18448854537144457,0.1999999998,0.1999999998,0.1999999998,0.1999999998,0.1999999998
2023-10-20,0.0,20.0,39.02693176269531,event_stress,63.6,59.15,52.949999999999996,-0.0028427837027975595,-0.001482720975607976,0.0013600627271895835,-0.0028427836999547758,0.7960164654209841,0.2,0.2,0.2,0.2,0.2,0.18509029722927814,0.14302993975571462,0.26492979753436774,0.22070612293239988,0.1862438425482395,0.1999999998,0.1999999998,0.1999999998,0.1999999998,0.1999999998
2023-10-27,0.0,20.0,20.376544952392578,event_stress,63.910000000000004,58.760000000000005,53.5,0.004377357323923979,0.004417156443657098,3.979911973311934e-05,0.004377357319546621,0.7008896856523686,0.2,0.2,0.2,0.2,0.2,0.18528694306383994,0.14453012766694612,0.2650166657809649,0.21982812049850273,0.18533814298974624,0.1999999998,0.1999999998,0.1999999998,0.1999999998,0.1999999998
2023-11-03,0.0,20.0,15.29140853881836,bull_normal,68.3,65.5,42.7,0.004655068826742407,0.004775032958477886,0.00011996413173547861,0.004655068822087338,0.630639450009808,0.2,0.2,0.2,0.2,0.2,0.19676085956875106,0.17970802840818134,0.2450013967928906,0.20886958390113947,0.16966013132903746,0.1999999998,0.1999999998,0.1999999998,0.1999999998,0.1999999998
2023-11-10,0.0,20.0,13.94404125213623,bull_normal,53.5,54.0,45.25,-0.003420512280698256,-0.0037377286933407377,-0.00031721641264248175,-0.0034205122772777434,0.5501008296542703,0.2,0.2,0.2,0.2,0.2,0.18157690905617005,0.13037357105823025,0.2736729458688079,0.22144174374776676,0.19293483026902508,0.1999999998,0.1999999998,0.1999999998,0.1999999998,0.1999999998
2023-11-17,0.0,20.0,13.346832275390625,bull_normal,66.6,63.3,42.25,2.5452217588464484e-07,0.00047358991593874337,0.0004733353937628587,2.5452217563023257e-07,0.5210407844705962,0.2,0.2,0.2,0.2,0.2,0.19313563209844398,0.16674727086924612,0.250990912021724,0.21311551542226176,0.17601066958832415,0.1999999998,0.1999999998,0.1999999998,0.1999999998,0.1999999998
2023-11-24,0.0,20.0,24.723976135253906,event_stress,67.32000000000001,62.65,41.75,-0.009094980269055206,-0.009677526084033944,-0.0005825458149787376,-0.009094980259960226,0.4829049026813181,0.2,0.2,0.2,0.2,0.2,0.19389479858033243,0.16942403758938077,0.25030182977454973,0.2115804481450586,0.17479888591067844,0.1999999998,0.1999999998,0.1999999998,0.1999999998,0.1999999998
2023-12-01,0.0,20.0,13.764066696166992,bull_normal,67.56,62.760000000000005,40.849999999999994,-0.0025848287526156664,-0.0017404569811944283,0.0008443717714212381,-0.0025848287500308364,0.5818739421535161,0.2,0.2,0.2,0.2,0.2,0.19448185176293845,0.17092949753803394,0.24873075553784205,0.2117159198699678,0.17414197529121778,0.1999999998,0.1999999998,0.1999999998,0.1999999998,0.1999999998
2023-12-08,0.0,20.0,16.414527893066406,bull_normal,61.4,60.0,51.75,-0.004611371678070047,-0.003991223370312523,0.0006201483077575235,-0.0046113716734586755,0.580038252170144,0.2,0.2,0.2,0.2,0.2,0.1844855858556014,0.1402577801906339,0.26663218922841536,0.220731735661721,0.18789270906362826,0.1999999998,0.1999999998,0.1999999998,0.1999999998,0.1999999998
2023-12-15,0.0,20.0,10.380339622497559,bull_normal,61.5,62.3,45.3,-0.0013205993927386812,-0.00019603481501692454,0.0011245645777217567,-0.0013205993914180815,0.6267808838346276,0.2,0.2,0.2,0.2,0.2,0.18791377573566365,0.15155845679565177,0.26113590665727665,0.2167278719366719,0.18266398887473603,0.1999999998,0.1999999998,0.1999999998,0.1999999998,0.1999999998
2023-12-22,0.0,20.0,12.588353157043457,bull_normal,62.5,61.7,46.8,0.00022606185142761957,0.0008012416036514602,0.0005751797522238406,0.00022606185120155754,0.5775119571838545,0.2,0.2,0.2,0.2,0.2,0.1875093107394823,0.14985397632998038,0.2620832722812231,0.2169341691968898,0.18361927145242438,0.1999999998,0.1999999998,0.1999999998,0.1999999998,0.1999999998
2023-12-29,0.0,20.0,14.713910102844238,bull_normal,63.95,64.15,45.949999999999996,0.010320328015096589,0.01078096674518803,0.0004606387300914415,0.010320328004776261,0.5910324470739294,0.2,0.2,0.2,0.2,0.2,0.19023283631413915,0.16017067407715138,0.25644495759378944,0.21493714646478052,0.17821438555013944,0.1999999998,0.1999999998,0.1999999998,0.1999999998,0.1999999998
2024-01-05,0.0,20.0,14.005855560302734,bull_normal,65.31,65.51,44.8,-0.008248687414423675,-0.007053057761671734,0.0011956296527519412,-0.008248687406174987,0.6367163167541048,0.2,0.2,0.2,0.2,0.2,0.1924619211245717,0.1648288614561961,0.25323923974562434,0.21248575097891817,0.1769842266946898,0.1999999998,0.1999999998,0.1999999998,0.1999999998,0.1999999998
2024-01-12,0.0,20.0,26.170467376708984,event_stress,64.8,60.0,54.25,-0.007853247335545129,-0.007580314190401356,0.00027293314514377325,-0.007853247327691881,0.5390270690414467,0.2,0.2,0.2,0.2,0.2,0.18452434046945163,0.1548878734424053,0.2619621893444261,0.2229021014946918,0.17572349524902514,0.1999999998,0.1999999998,0.1999999998,0.1999999998,0.1999999998
2024-01-19,0.0,20.0,28.353065490722656,event_stress,65.5,61.2,53.39999999999999,-0.003063605183964894,-0.002689110735740279,0.00037449444822461537,-0.003063605180901288,0.5080643190601905,0.2,0.2,0.2,0.2,0.2,0.1864212557772002,0.15603006635149966,0.2596977900034143,0.22088585808408068,0.1769650297838052,0.1999999998,0.1999999998,0.1999999998,0.1999999998,0.1999999998
2024-01-26,0.0,20.0,13.315013885498047,bull_normal,60.5,63.0,52.5,0.0033897027710922956,0.0029606013308780604,-0.00042910144021423516,0.003389702767702591,0.5025353699826987,0.2,0.2,0.2,0.2,0.2,0.17838189670267565,0.15376675112684637,0.2686883698753588,0.22957860114815237,0.1695843811469667,0.1999999998,0.1999999998,0.1999999998,0.1999999998,0.1999999998
2024-02-02,0.0,20.0,20.48769187927246,event_stress,54.0,59.3,50.25,-0.005527188372232139,-0.0031146901063114157,0.0024124982659207233,-0.005527188366704952,0.570791507687998,0.2,0.2,0.2,0.2,0.2,0.18134210788743116,0.13721223748881772,0.27136260808288226,0.22318909291707023,0.1868939536237986,0.1999999998,0.1999999998,0.1999999998,0.1999999998,0.1999999998
2024-02-09,0.0,20.0,21.401723861694336,event_stress,66.5,68.1,44.25,0.009257074426421137,0.008914133725524815,-0.0003429407008963218,0.00925707441716406,0.6904720471581816,0.2,0.2,0.2,0.2,0.2,0.1933897798310689,0.18628691603922895,0.2466788692921734,0.2133183280465171,0.16032610679101164,0.1999999998,0.1999999998,0.1999999998,0.1999999998,0.1999999998
2024-02-16,0.0,20.0,21.401723861694336,event_stress,53.0,55.0,40.75,0.009257074426421137,0.007188655228631586,-0.0020684191977895505,0.00925707441716406,0.7862164787343284,0.2,0.2,0.2,0.2,0.2,0.17803037065285182,0.1438039771361395,0.2715274513552363,0.22924787242438524,0.17739032843138716,0.1999999998,0.1999999998,0.1999999998,0.1999999998,0.1999999998
2024-02-23,0.0,20.0,21.375995635986328,event_stress,65.3,61.3,47.5,0.00737454600703632,0.006774239777935432,-0.0006003062291008885,0.0073745459996617715,0.7692921146064327,0.2,0.2,0.2,0.2,0.2,0.1885377254312495,0.15455644657809184,0.25949145103583476,0.21654217477041204,0.18087220218441194,0.1999999998,0.1999999998,0.1999999998,0.1999999998,0.1999999998
2024-03-01,0.0,20.0,18.94527816772461,bull_normal,65.8,61.029999999999994,49.449999999999996,0.006030655842812343,0.005040301332575725,-0.0009903545102366174,0.006030655836781687,0.6881080409114019,0.2,0.2,0.2,0.2,0.2,0.1823884578138688,0.16061446670543178,0.2624776060183045,0.22601936157084754,0.16850010789154748,0.1999999998,0.1999999998,0.1999999998,0.1999999998,0.1999999998
2024-03-08,0.0,20.0,33.764320373535156,event_stress,63.7,64.8,37.75,0.011803496514154431,0.011901788361151211,9.829184699678035e-05,0.011803496502350932,0.7993569036682068,0.2,0.2,0.2,0.2,0.2,0.1954630970604359,0.17390198788647884,0.2467807404559987,0.21106220438514595,0.17279197021194065,0.1999999998,0.1999999998,0.1999999998,0.1999999998,0.1999999998
2024-03-15,0.0,20.0,13.955896377563477,bull_normal,63.410000000000004,63.2,38.35,-0.00011116488546949342,-0.0011695358181392549,-0.0010583709326697614,-0.00011116488535832879,0.7133383073523395,0.2,0.2,0.2,0.2,0.2,0.19358603985079184,0.16937350953942998,0.2502890117721434,0.21232082408378605,0.1744306147538488,0.1999999998,0.1999999998,0.1999999998,0.1999999998,0.1999999998
2024-03-22,0.0,20.0,14.067305564880371,bull_normal,58.7,60.2,50.75,0.001981029278938564,0.002616680423334277,0.0006356511443957129,0.001981029276957535,0.623783074931418,0.2,0.2,0.2,0.2,0.2,0.18368876945435883,0.1375682067108287,0.26948289760235505,0.2198556366229341,0.1894044896095234,0.1999999998,0.1999999998,0.1999999998,0.1999999998,0.1999999998
2024-03-29,0.0,20.0,24.272106170654297,event_stress,60.7,58.8,49.25,0.002367552918786254,0.0029774530008202286,0.0006099000820339747,0.002367552916418701,0.7610796337590916,0.2,0.2,0.2,0.2,0.2,0.18429248027658038,0.13918197080523953,0.2684237260603883,0.21933699470430354,0.18876482815348813,0.1999999998,0.1999999998,0.1999999998,0.1999999998,0.1999999998
2024-04-05,0.0,20.0,24.50827407836914,event_stress,57.5,62.0,40.75,0.010816375705289722,0.0113810247784142,0.0005646490731244774,0.010816375694473345,0.8788630399746995,0.2,0.2,0.2,0.2,0.2,0.18767154614200005,0.15629592814202925,0.2593849048341305,0.21829668661392013,0.17835093426792004,0.1999999998,0.1999999998,0.1999999998,0.1999999998,0.1999999998
2024-04-12,0.0,20.0,31.890609741210938,event_stress,59.2,61.8,37.75,0.005309846617577805,0.0073258972905844676,0.0020160506730066627,0.005309846612267958,1.0,0.2,0.2,0.2,0.2,0.2,0.18963483025038502,0.16185330340549323,0.25420932357326465,0.2185465466503143,0.1757559961205429,0.1999999998,0.1999999998,0.1999999998,0.1999999998,0.1999999998
2024-04-19,0.0,20.0,22.235801696777344,event_stress,61.4,62.27,40.05,0.003307712309780281,0.002655764229687339,-0.0006519480800929417,0.0033077123064725687,0.8866029531011792,0.2,0.2,0.2,0.2,0.2,0.1906234142448166,0.16040911694821042,0.2553722404391762,0.21522300588702822,0.1783722224807685,0.1999999998,0.1999999998,0.1999999998,0.1999999998,0.1999999998
2024-04-26,0.0,20.0,23.998302459716797,event_stress,62.0,63.0,47.25,-0.003282624647215621,-0.004974845113837287,-0.0016922204666216661,-0.003282624643932996,0.8347795635362939,0.2,0.2,0.2,0.2,0.2,0.1876062422582238,0.1499031234762743,0.26183405167648743,0.21698759667887094,0.1836689859101436,0.1999999998,0.1999999998,0.1999999998,0.1999999998,0.1999999998
2024-05-03,0.0,20.0,29.945255279541016,event_stress,63.92,64.95,46.449999999999996,0.001054366220658517,-0.0014922095884812802,-0.0025465758091397974,0.0010543662196041506,0.8356962309533933,0.2,0.2,0.2,0.2,0.2,0.19030526087512048,0.1581446239114903,0.2572131866175496,0.21431593448382943,0.18002099411201017,0.1999999998,0.1999999998,0.1999999998,0.1999999998,0.1999999998
2024-05-10,0.0,20.0,18.767335891723633,bull_normal,61.5,59.8,43.55,0.008868726765885446,0.008545412375724822,-0.0003233143901606242,0.008868726757016719,0.7198467043753627,0.2,0.2,0.2,0.2,0.2,0.18764750899577817,0.15106307590469376,0.26138862852210626,0.21715822940841614,0.18274255716900561,0.1999999998,0.1999999998,0.1999999998,0.1999999998,0.1999999998
2024-05-17,0.0,20.0,12.013651847839355,bull_normal,59.6,63.3,45.2,0.0026605948534412726,0.00223345733060627,-0.00042713752283500247,0.0026605948507806777,0.6184110332280994,0.2,0.2,0.2,0.2,0.2,0.1874399527585977,0.15051649301796663,0.26152921809426055,0.21759342979670968,0.18292090633246533,0.1999999998,0.1999999998,0.1999999998,0.1999999998,0.1999999998
2024-05-24,0.0,20.0,17.400657653808594,bull_normal,61.5,61.0,47.25,-0.006098995477872624,-0.005312033385703527,0.0007869620921690966,-0.006098995471773628,0.6320330122656211,0.2,0.2,0.2,0.2,0.2,0.1863217939989515,0.14553392745694727,0.26373456996750105,0.21870049129468,0.1857092172819203,0.1999999998,0.1999999998,0.1999999998,0.1999999998,0.1999999998
2024-05-31,0.0,20.0,12.38498306274414,bull_normal,57.5,57.7,45.5,-0.002965102428981434,-0.0025682719410145237,0.0003968304879669103,-0.0029651024260163314,0.5595545221925813,0.2,0.2,0.2,0.2,0.2,0.18409840792814117,0.13893176241376518,0.26816492468625786,0.22013941536620055,0.1886654896056352,0.1999999998,0.1999999998,0.1999999998,0.1999999998,0.1999999998
2024-06-07,0.02243429124355316,20.0,10.078767776489258,bull_normal,57.3,66.4,44.25,0.0015070293575291502,0.0019298699629045986,0.0004228406053754484,0.0015165154853032277,0.49127218850878174,0.2,0.2,0.2,0.2,0.2,0.1882230259401587,0.1524146515088714,0.260357108915913,0.21672918513041856,0.18227602850463828,0.19973579173423794,0.19893245623409156,0.20135406875868436,0.2003753072111078,0.1996023750618782
2024-06-14,0.0,20.0,14.461387634277344,bull_normal,63.2,56.3,51.25,-0.00741583214607286,-0.007344567716182978,7.126442988988207e-05,-0.007415832138657028,0.4627582230941223,0.2,0.2,0.2,0.2,0.2,0.183931636529347,0.13846532758909713,0.2682851492024565,0.22048655363991457,0.1888313330391849,0.1999999998,0.1999999998,0.1999999998,0.1999999998,0.1999999998
2024-06-21,0.0,20.0,21.130619049072266,event_stress,57.3,61.8,50.75,-0.0023158349473376186,-0.0014506327034182187,0.0008652022439193999,-0.002315834945021783,0.5120445445698931,0.2,0.2,0.2,0.2,0.2,0.18357300858928513,0.13683354400480166,0.2692667287037742,0.22053154573129546,0.1897951729708434,0.1999999998,0.1999999998,0.1999999998,0.1999999998,0.1999999998
2024-06-28,0.0,20.0,26.27972412109375,event_stress,59.5,60.0,37.25,-0.0003544988904464519,0.00042747231471481354,0.0007819712051612654,-0.0003544988900919529,0.5859147586559871,0.2,0.2,0.2,0.2,0.2,0.18982098153220192,0.15819892128118435,0.25603745362091646,0.21678559722514545,0.17915704634055177,0.1999999998,0.1999999998,0.1999999998,0.1999999998,0.1999999998
2024-07-05,0.0,20.0,18.597579956054688,bull_normal,64.8,66.0,36.25,-0.0025670709789620983,-0.0025846104540508683,-1.7539475088769983e-05,-0.002567070976395027,0.58335177118301,0.2,0.2,0.2,0.2,0.2,0.1988722659842694,0.1837498019787144,0.241814741788644,0.20680096018434774,0.16876223006402447,0.1999999998,0.1999999998,0.1999999998,0.1999999998,0.1999999998
2024-07-12,0.0,20.0,17.13673973083496,bull_normal,63.7,60.6,45.75,0.0007631973801968768,0.0009129541489136548,0.00014975676871677808,0.0007631973794336791,0.5806502166449541,0.2,0.2,0.2,0.2,0.2,0.18436136324451896,0.16321014650357465,0.2605154397660842,0.22316524964179796,0.16874780084402424,0.1999999998,0.1999999998,0.1999999998,0.1999999998,0.1999999998
2024-07-19,0.0,20.0,15.274833679199219,bull_normal,65.22,61.02,48.05,0.003641436825731113,0.0028929022687154858,-0.0007485345570156271,0.003641436822089676,0.570503501221597,0.2,0.2,0.2,0.2,0.2,0.1878197415164935,0.1504722993948691,0.26138109945808,0.21689519881050737,0.18343166082005,0.1999999998,0.1999999998,0.1999999998,0.1999999998,0.1999999998
2024-07-26,0.0,20.0,15.283838272094727,bull_normal,59.6,59.2,39.5,-0.005242134635920493,-0.003589502401008875,0.0016526322349116182,-0.005242134630678358,0.7150842803553743,0.2,0.2,0.2,0.2,0.2,0.187879699745696,0.1576759891466759,0.2584015803336187,0.21865610143064876,0.1773866293433606,0.1999999998,0.1999999998,0.1999999998,0.1999999998,0.1999999998
2024-08-02,0.0,20.0,12.911852836608887,bull_normal,60.8,59.7,42.4,0.0029359275583937883,0.004549641272553483,0.001613713714159695,0.0029359275554578603,0.7307709345235693,0.2,0.2,0.2,0.2,0.2,0.1876042959996912,0.15392284056668842,0.2600259452293753,0.2182205037968796,0.18022641440736537,0.1999999998,0.1999999998,0.1999999998,0.1999999998,0.1999999998
2024-08-09,0.0,20.0,19.932580947875977,bull_normal,59.7,59.3,47.25,-0.010832850501108828,-0.011477450005723602,-0.0006445995046147745,-0.01083285049027598,0.6360895643239969,0.2,0.2,0.2,0.2,0.2,0.1846715328512123,0.14087694390126212,0.2671255781615984,0.21959742836195245,0.18772851672397475,0.1999999998,0.1999999998,0.1999999998,0.1999999998,0.1999999998
2024-08-16,0.0,20.0,19.529560089111328,bull_normal,62.2,60.8,44.25,-0.0034595367008833423,-0.004219981510019781,-0.0007604448091364387,-0.0034595366974238054,0.6013335670867238,0.2,0.2,0.2,0.2,0.2,0.18811168511066337,0.1523389183944174,0.2606103484518714,0.21671017307254462,0.1822288749705032,0.1999999998,0.1999999998,0.1999999998,0.1999999998,0.1999999998
2024-08-23,0.0,20.0,13.71949577331543,bull_normal,62.7,60.95,45.55,0.0022541396027719648,0.002930635887794507,0.0006764962850225424,0.002254139600517825,0.5676327590087088,0.2,0.2,0.2,0.2,0.2,0.18773442895248377,0.1509405331496583,0.2613989449538344,0.21697142601626745,0.18295466692775608,0.1999999998,0.1999999998,0.1999999998,0.1999999998,0.1999999998
2024-08-30,0.0,20.0,20.047189712524414,event_stress,59.3,59.5,45.25,0.0012136095999162693,0.00024456701395548646,-0.0009690425859607828,0.0012136095987026593,0.6167919540565933,0.2,0.2,0.2,0.2,0.2,0.18548234427815097,0.14413913149559796,0.26555734410023074,0.21883424582687733,0.18598693429914304,0.1999999998,0.1999999998,0.1999999998,0.1999999998,0.1999999998
2024-09-06,0.0,20.0,19.221166610717773,bull_normal,60.55,60.45,44.449999999999996,0.001141001410737201,0.0030750163400585944,0.0019340149293213935,0.0011410014095961987,0.7330000570940906,0.2,0.2,0.2,0.2,0.2,0.18688712895128612,0.148688628715363,0.2628341935450196,0.2177558792916661,0.18383416949666523,0.1999999998,0.1999999998,0.1999999998,0.1999999998,0.1999999998
2024-09-13,0.0,20.0,15.765263557434082,bull_normal,59.2,59.7,52.25,-0.002034958726688388,-0.0004137751952638846,0.0016211835314245036,-0.0020349587246534287,0.7209456326877666,0.2,0.2,0.2,0.2,0.2,0.18391251382374962,0.13906960161526413,0.26861662260338787,0.22001746495806357,0.1883837969995349,0.1999999998,0.1999999998,0.1999999998,0.1999999998,0.1999999998
2024-09-20,0.0,20.0,17.032398223876953,bull_normal,64.0,62.0,42.25,0.001579599187343958,0.0012510899065556029,-0.0003285092807883551,0.0015795991857643586,0.673320720014942,0.2,0.2,0.2,0.2,0.2,0.19090353462817827,0.1609858513273057,0.25544832787156047,0.2143626601439428,0.1782996260290127,0.1999999998,0.1999999998,0.1999999998,0.1999999998,0.1999999998
2024-09-27,0.0,20.0,242.85665893554688,event_stress,66.5,64.5,43.75,0.03257099345194888,0.028478678223078212,-0.004092315228870668,0.032570993419377886,1.0,0.2,0.2,0.2,0.2,0.2,0.18870393011937606,0.18170232636990083,0.2523049086227389,0.21864024269503102,0.1586485921929531,0.1999999998,0.1999999998,0.1999999998,0.1999999998,0.1999999998
2024-10-04,0.0,20.0,579.437255859375,event_stress,63.0,63.5,48.5,0.042521526456215084,0.032835053335964016,-0.009686473120251067,0.04252152641369355,1.0,0.2,0.2,0.2,0.2,0.2,0.1843810284843725,0.1621065097627801,0.26103365925926547,0.22275724967250993,0.16972155282107199,0.1999999998,0.1999999998,0.1999999998,0.1999999998,0.1999999998
2024-10-11,0.0,20.0,126.14768981933594,event_stress,62.8,64.0,38.0,-3.0977707646698515e-06,0.00046601491663639515,0.000469112687401065,-3.0977707615725718e-06,0.8416289775287652,0.2,0.2,0.2,0.2,0.2,0.1873245595372873,0.18175640434015314,0.25344870663262414,0.22049806843025996,0.1569722610596755,0.1999999998,0.1999999998,0.1999999998,0.1999999998,0.1999999998
2024-10-18,0.0,20.0,68.40298461914062,event_stress,66.0,59.0,42.5,0.004528012262540754,0.004470614708632118,-5.739755390863667e-05,0.004528012258012742,0.7466595386125,0.2,0.2,0.2,0.2,0.2,0.1900764039721085,0.1639721525159665,0.2546111400694876,0.21660428204413473,0.1747360213983027,0.1999999998,0.1999999998,0.1999999998,0.1999999998,0.1999999998
2024-10-25,0.0,20.0,42.712074279785156,event_stress,67.6,64.7,48.75,-0.0030511114179900753,-0.003883709743755074,-0.0008325983257649987,-0.003051111414938964,0.6249979455838014,0.2,0.2,0.2,0.2,0.2,0.19096372899933803,0.159513537146061,0.25617051740628216,0.2137040571196499,0.1796481593286688,0.1999999998,0.1999999998,0.1999999998,0.1999999998,0.1999999998
2024-11-01,0.0,20.0,23.982830047607422,event_stress,67.34,64.62,48.849999999999994,0.0008795775007573004,0.0015987512640917632,0.0007191737633344628,0.0008795774998777229,0.550645361003663,0.2,0.2,0.2,0.2,0.2,0.19074284078082118,0.15882608135308846,0.25659562038271133,0.2138711930569989,0.17996426442638014,0.1999999998,0.1999999998,0.1999999998,0.1999999998,0.1999999998
2024-11-08,0.0,20.0,10.305638313293457,bull_normal,62.5,61.2,42.25,0.005224674884875582,0.004173017583319826,-0.0010516573015557562,0.005224674879650906,0.4912891294499885,0.2,0.2,0.2,0.2,0.2,0.1891665764257403,0.1581919870845267,0.2563573856604263,0.21793167892737572,0.17835237190193093,0.1999999998,0.1999999998,0.1999999998,0.1999999998,0.1999999998
2024-11-15,0.0,20.0,26.35165023803711,event_stress,61.95,60.9,42.849999999999994,-0.008051846970299894,-0.007539771925421537,0.000512075044878357,-0.008051846962248047,0.480791979438951,0.2,0.2,0.2,0.2,0.2,0.1850601198642191,0.16422010843547974,0.25925466925519214,0.2227895858748757,0.16867551657023327,0.1999999998,0.1999999998,0.1999999998,0.1999999998,0.1999999998
2024-11-22,0.0,20.0,25.66501235961914,event_stress,59.0,58.0,36.25,0.0014586862574399158,0.0024090702699577906,0.0009503840125178748,0.0014586862559812302,0.5462390836959974,0.2,0.2,0.2,0.2,0.2,0.1884322110726637,0.154799244876561,0.25794419570288807,0.2185244669405943,0.180299881407293,0.1999999998,0.1999999998,0.1999999998,0.1999999998,0.1999999998
2024-11-29,0.0,20.0,17.266902923583984,bull_normal,65.3,60.0,47.0,0.0004944576091978133,0.00017159115630398513,-0.0003228664528938282,0.0004944576087033556,0.4709683281321286,0.2,0.2,0.2,0.2,0.2,0.18768291118566735,0.14968637385774036,0.26077439537071073,0.21808275255820694,0.18377356702767444,0.1999999998,0.1999999998,0.1999999998,0.1999999998,0.1999999998
2024-12-06,0.0,20.0,17.27111053466797,bull_normal,67.05,63.6,46.5,-0.002051385347112449,-0.0014068900757881803,0.000644495271324269,-0.0020513853450610637,0.43753691032914005,0.2,0.2,0.2,0.2,0.2,0.19134826697334778,0.16088853430528194,0.2550756237102677,0.21378536884447252,0.17890220616663008,0.1999999998,0.1999999998,0.1999999998,0.1999999998,0.1999999998
2024-12-13,0.0,20.0,23.88559341430664,event_stress,66.0,68.1,44.0,0.0065705414387296456,0.008363101604728192,0.0017925601659985468,0.006570541432159104,0.5124235927262606,0.2,0.2,0.2,0.2,0.2,0.195273772498834,0.1727070447036379,0.24866165185352207,0.20958089813039815,0.17377663281360795,0.1999999998,0.1999999998,0.1999999998,0.1999999998,0.1999999998
2024-12-20,0.0,20.0,19.114971160888672,bull_normal,66.8,66.2,47.25,-0.0016018524237659264,-0.0013619645056879685,0.00023988791807795788,-0.0016018524221640738,0.45881025897403377,0.2,0.2,0.2,0.2,0.2,0.19233396038306083,0.16375558688959507,0.2537716560369944,0.212396514044962,0.17774228264538786,0.1999999998,0.1999999998,0.1999999998,0.1999999998,0.1999999998
2024-12-27,0.0,20.0,14.810264587402344,bull_normal,60.5,61.4,52.75,0.0006115098095512612,-0.00035188711464393703,-0.0009633969241951983,0.0006115098089397513,0.4072990764733313,0.2,0.2,0.2,0.2,0.2,0.18494104461295788,0.1429938765707142,0.2662633985311153,0.21951633204772128,0.18628534823749135,0.1999999998,0.1999999998,0.1999999998,0.1999999998,0.1999999998
2025-01-03,0.0,20.0,20.17166519165039,event_stress,71.2,69.4,52.75,0.00011976931394653355,0.0014029277478631338,0.0012831584339166003,0.00011976931382676401,0.4453082554325329,0.2,0.2,0.2,0.2,0.2,0.1961963592702143,0.17531113731075373,0.2468838739336139,0.2089428268024471,0.17266580268297094,0.1999999998,0.1999999998,0.1999999998,0.1999999998,0.1999999998
2025-01-10,0.0,20.0,17.136428833007812,bull_normal,70.6,69.22,52.849999999999994,-0.005887716800733313,-0.00686221533086864,-0.000974498530135327,-0.005887716794845597,0.4144875786565149,0.2,0.2,0.2,0.2,0.2,0.19573408224346944,0.174058402082054,0.24766735526130662,0.20937550470451027,0.17316465570865971,0.1999999998,0.1999999998,0.1999999998,0.1999999998,0.1999999998
2025-01-17,0.0,20.0,18.00389862060547,bull_normal,61.5,57.5,48.2,0.004307522258390968,0.003342946794458466,-0.0009645754639325019,0.0043075222540834455,0.41979236866080666,0.2,0.2,0.2,0.2,0.2,0.1844137310292733,0.13995041136510827,0.2678946471392417,0.21950339517429363,0.188237815292083,0.1999999998,0.1999999998,0.1999999998,0.1999999998,0.1999999998
2025-01-24,0.0,20.0,16.795421600341797,bull_normal,63.540000000000006,64.32000000000001,47.25,0.0009401637658781249,0.00015824056507992047,-0.0007819232007982044,0.0009401637649379611,0.38665805921007773,0.2,0.2,0.2,0.2,0.2,0.18937073849179636,0.15653278751987457,0.2584217460720453,0.21542705120994124,0.18024767670634248,0.1999999998,0.1999999998,0.1999999998,0.1999999998,0.1999999998
2025-01-31,0.0,20.0,11.09433364868164,bull_normal,68.5,68.0,50.0,0.001304844688259733,0.001618810626591944,0.000313965938332211,0.0013048446869548883,0.32920035642912476,0.2,0.2,0.2,0.2,0.2,0.19287545751382495,0.16460907457733173,0.25322613514296954,0.21159091445810627,0.17769841830776748,0.1999999998,0.1999999998,0.1999999998,0.1999999998,0.1999999998
2025-02-07,0.0,20.0,13.195215225219727,bull_normal,69.5,65.8,47.0,0.00880987956356523,0.008867133047517075,5.725348395184404e-05,0.00880987955475535,0.30934390553048186,0.2,0.2,0.2,0.2,0.2,0.19386686139112025,0.16823862239219514,0.24951371632050115,0.2128116710620454,0.17556912883413806,0.1999999998,0.1999999998,0.1999999998,0.1999999998,0.1999999998
2025-02-14,0.0,20.0,14.026698112487793,bull_normal,65.0,63.0,42.5,-0.002265427207689908,-0.003356642044495479,-0.001091214836805571,-0.002265427205424481,0.32782087341739274,0.2,0.2,0.2,0.2,0.2,0.19221258527611393,0.16448939881238656,0.2533821947542501,0.21297042292928103,0.17694539822796831,0.1999999998,0.1999999998,0.1999999998,0.1999999998,0.1999999998
2025-02-21,0.0,20.0,18.47249984741211,bull_normal,68.3,64.3,42.95,-0.002730405881244418,-0.003964216597282457,-0.0012338107160380384,-0.0027304058785140124,0.32853208880322343,0.2,0.2,0.2,0.2,0.2,0.19455813530962443,0.1704571015831932,0.24870158163657147,0.21167459384000425,0.1746085876306066,0.1999999998,0.1999999998,0.1999999998,0.1999999998,0.1999999998
2025-02-28,0.0,20.0,21.692710876464844,event_stress,70.6,66.6,42.449999999999996,-0.007480638853888672,-0.007783201335594004,-0.000302562481705332,-0.007480638846408032,0.2983496904660125,0.2,0.2,0.2,0.2,0.2,0.19871727409025333,0.1821116544489581,0.24244836299331202,0.20677855791327576,0.16994415055420076,0.1999999998,0.1999999998,0.1999999998,0.1999999998,0.1999999998
2025-03-07,0.0,20.0,12.181278228759766,bull_normal,71.4,65.7,55.75,-0.001113480367701339,-0.001359506916843335,-0.0002460265491419961,-0.0011134803665878584,0.26304099923245366,0.2,0.2,0.2,0.2,0.2,0.19414438571230708,0.17141860033138334,0.24910959524307646,0.21195364625763607,0.173373772455597,0.1999999998,0.1999999998,0.1999999998,0.1999999998,0.1999999998
2025-03-14,0.0,20.0,18.04887580871582,bull_normal,69.9,66.2,47.75,0.0021088639691362386,0.0017792513036101437,-0.0003296126655260949,0.0021088639670273743,0.24456103635519555,0.2,0.2,0.2,0.2,0.2,0.19422029730277857,0.1687896961044865,0.2506378371043776,0.21057452748707964,0.17577764200127782,0.1999999998,0.1999999998,0.1999999998,0.1999999998,0.1999999998
2025-03-21,0.0,20.0,17.730093002319336,bull_normal,68.0,59.5,52.75,-0.004579415959213101,-0.004436964653821999,0.0001424513053911022,-0.0045794159546336845,0.2463229724862404,0.2,0.2,0.2,0.2,0.2,0.18778462454858721,0.15159866905482436,0.26071726722084726,0.21750255936825738,0.18239687980748384,0.1999999998,0.1999999998,0.1999999998,0.1999999998,0.1999999998
2025-03-28,0.0,20.0,14.578508377075195,bull_normal,70.1,63.5,40.75,0.0011396571558678333,0.001637724500519303,0.0004980673446514697,0.0011396571547281759,0.24353901752993662,0.2,0.2,0.2,0.2,0.2,0.19731725594976895,0.17894220364245006,0.244569461857616,0.20824598184403476,0.17092509670613015,0.1999999998,0.1999999998,0.1999999998,0.1999999998,0.1999999998
2025-04-04,0.0,20.0,21.403427124023438,event_stress,65.0,57.0,38.75,0.005217138359245075,0.006187577788092259,0.0009704394288471835,0.005217138354027936,0.2663737215965005,0.2,0.2,0.2,0.2,0.2,0.19286574627821276,0.16574463978619777,0.25274649609218086,0.2119243751862281,0.17671874265718046,0.1999999998,0.1999999998,0.1999999998,0.1999999998,0.1999999998
2025-04-11,0.0,20.0,20.59331512451172,event_stress,70.6,74.1,42.7,0.0022323106899963326,0.00228030021847956,4.798952848322725e-05,0.0022323106877640215,0.2704120035671898,0.2,0.2,0.2,0.2,0.2,0.20570242784979512,0.20117670611736105,0.2308156315794907,0.19997321719665678,0.1623320172566964,0.1999999998,0.1999999998,0.1999999998,0.1999999998,0.1999999998
2025-04-18,0.0,20.0,21.958120346069336,event_stress,71.64000000000001,72.42,42.8,0.0009868508197293866,0.0010024334382021138,1.558261847272712e-05,0.000986850818742536,0.30978938567354486,0.2,0.2,0.2,0.2,0.2,0.2042825756638283,0.19674937199001433,0.23411019263595065,0.20039907494329118,0.16445878476691553,0.1999999998,0.1999999998,0.1999999998,0.1999999998,0.1999999998
2025-04-25,0.0,20.0,30.134929656982422,event_stress,61.2,55.6,51.2,-0.002522708329664245,-0.0032712111356713886,-0.0007485028060071437,-0.0025227083271415363,0.2762795901014221,0.2,0.2,0.2,0.2,0.2,0.18303336820939525,0.13491025779034443,0.27004249991973067,0.22129628590158495,0.1907175881789448,0.1999999998,0.1999999998,0.1999999998,0.1999999998,0.1999999998
2025-05-02,0.0,20.0,24.607986450195312,event_stress,62.64000000000001,57.27,53.199999999999996,-0.003444384249709785,-0.0029985818196271467,0.00044580243008263826,-0.0034443842462654004,0.2654470170706557,0.2,0.2,0.2,0.2,0.2,0.18434300140891505,0.14066269763557693,0.2668642661324316,0.22070626231954435,0.18742377250353207,0.1999999998,0.1999999998,0.1999999998,0.1999999998,0.1999999998
2025-05-09,0.0,20.0,20.83251953125,event_stress,68.0,65.2,42.5,0.001769098404494414,0.0017849786139405922,1.5880209446178083e-05,0.0017690984027253155,0.22862989059353792,0.2,0.2,0.2,0.2,0.2,0.19571286689898365,0.17421913337909592,0.24754266195808555,0.20953435321401287,0.17299098454982198,0.1999999998,0.1999999998,0.1999999998,0.1999999998,0.1999999998
2025-05-16,0.0,20.0,30.42140007019043,event_stress,67.52000000000001,65.12,45.05,-0.0073024671022899924,-0.00845115012727353,-0.0011486830249835371,-0.007302467094987525,0.23972758685394385,0.2,0.2,0.2,0.2,0.2,0.1932852051066781,0.16651859610313843,0.2513006313787483,0.21246007202724773,0.17643549538418749,0.1999999998,0.1999999998,0.1999999998,0.1999999998,0.1999999998
2025-05-23,0.0,20.0,17.393173217773438,bull_normal,66.0,65.5,42.5,0.004034399049307421,0.004239720475977233,0.00020532142666981196,0.004034399045273022,0.25302514979991975,0.2,0.2,0.2,0.2,0.2,0.1938839070020409,0.16856952770294162,0.24960076268300166,0.21260040537988312,0.17534539723213274,0.1999999998,0.1999999998,0.1999999998,0.1999999998,0.1999999998
2025-05-30,0.0,20.0,12.620182037353516,bull_normal,66.02000000000001,66.79,41.9,-0.0031210401446029644,-0.0034225331994786304,-0.000301493054875666,-0.0031210401414819237,0.23634998227390466,0.2,0.2,0.2,0.2,0.2,0.19528811257826453,0.17252900131737106,0.24731556040320088,0.21114342581206108,0.17372389988910242,0.1999999998,0.1999999998,0.1999999998,0.1999999998,0.1999999998
2025-06-06,0.0,20.0,11.836191177368164,bull_normal,61.2,66.4,39.25,0.005393771008104616,0.00561462599369859,0.00022085498559397398,0.005393771002710844,0.2128441314733365,0.2,0.2,0.2,0.2,0.2,0.1936797036190544,0.1690996196591633,0.2502762658972127,0.21217761121979853,0.17476679960477104,0.1999999998,0.1999999998,0.1999999998,0.1999999998,0.1999999998
2025-06-13,0.01924280524253845,20.0,8.935701370239258,bull_normal,62.3,60.0,52.25,0.001039966960128211,0.0010031344896464939,-3.683247048171705e-05,0.0010392581990328713,0.1953390163004809,0.2,0.2,0.2,0.2,0.2,0.18552656482212546,0.14363033528388797,0.26520346081132684,0.21925065571949687,0.18638898336316298,0.19972149030596015,0.19891528932136535,0.20125469729627712,0.20037043641843097,0.19973808565796627
2025-06-20,0.0,20.0,9.917930603027344,bull_normal,64.32000000000001,59.95,54.099999999999994,-0.0027579135371613257,-0.002677566924458496,8.034661270282968e-05,-0.002757913534403412,0.1969912283860161,0.2,0.2,0.2,0.2,0.2,0.18588612000488386,0.14659509399274226,0.2633473138078288,0.21992903013901502,0.18424244205553003,0.1999999998,0.1999999998,0.1999999998,0.1999999998,0.1999999998
2025-06-27,0.024553042650222776,20.0,8.465886116027832,bull_normal,62.94,58.8,54.699999999999996,-0.0032493915437633923,-0.0036741112036206285,-0.0004247196598572362,-0.003259819700426435,0.20713836962738919,0.2,0.2,0.2,0.2,0.2,0.18341266707640963,0.14960202806675646,0.2645119027291203,0.22366087385413852,0.17881252827357513,0.19959273030768088,0.1987625762468757,0.2015839632975711,0.20058094624430123,0.19947978290357088
2025-07-04,0.0,20.0,11.096841812133789,bull_normal,59.7,60.8,39.25,0.002488160066995281,0.0022692510568667985,-0.00021890901012848246,0.0024881600645071207,0.17363266257614945,0.2,0.2,0.2,0.2,0.2,0.1890020689961699,0.1560108806011021,0.25789785169892504,0.21699870967682391,0.180090489026979,0.1999999998,0.1999999998,0.1999999998,0.1999999998,0.1999999998
2025-07-11,0.0,20.0,11.441459655761719,bull_normal,65.8,60.7,56.0,-0.0014077171029945078,-0.002299993779435112,-0.0008922766764406043,-0.0014077171015867908,0.1663793450827123,0.2,0.2,0.2,0.2,0.2,0.18705275468560523,0.15172637356508326,0.26073913222559625,0.21914389568827566,0.18133784383543966,0.1999999998,0.1999999998,0.1999999998,0.1999999998,0.1999999998
2025-07-18,0.0,20.0,10.065231323242188,bull_normal,67.32000000000001,62.15,55.75,0.0024979574052335285,0.002077530894487763,-0.00042042651074576535,0.0024979574027355705,0.1811554426632356,0.2,0.2,0.2,0.2,0.2,0.18889954963910155,0.1569056814208222,0.25776940940510085,0.21719237768360966,0.1792329818513658,0.1999999998,0.1999999998,0.1999999998,0.1999999998,0.1999999998
2025-07-25,0.025193598866462705,20.0,9.69139289855957,bull_normal,60.3,59.3,42.25,-0.0030252956519481195,-0.004094792386576873,-0.0010694967346287533,-0.003052240120617107,0.1830263950128999,0.2,0.2,0.2,0.2,0.2,0.187229041200004,0.1502973727824188,0.261880198591382,0.2177226131623595,0.18287077426383563,0.1996782533871745,0.19874781174852307,0.2015589846995293,0.20044649620643146,0.1995684529583415
2025-08-01,0.1545021027326584,20.0,7.673639297485352,bull_normal,62.120000000000005,58.75,45.15,-0.002815348114494927,-0.0023475726078338857,0.0004677755066610414,-0.0027430758123658857,0.18400697058422172,0.2,0.2,0.2,0.2,0.2,0.1865856483800026,0.14751459034552122,0.2634084771416719,0.2180414989932858,0.18444978513951837,0.19792745426998767,0.19189089365370715,0.20979674283966726,0.20278744932812434,0.1975974589085135
2025-08-08,0.2687656193971634,20.0,6.28231954574585,bull_normal,65.8,61.2,57.25,0.00413699306695676,0.004175273219667235,3.828015271047525e-05,0.0041472814517633265,0.16389527503583132,0.2,0.2,0.2,0.2,0.2,0.1871239188721568,0.15246762708043932,0.25968570803092184,0.22003875684338675,0.18068398917309536,0.1965393518837277,0.18722493216363234,0.21604146607204747,0.20538572868957625,0.1948085201910161
2025-08-15,0.4012051403522492,20.0,6.668877601623535,bull_normal,69.2,61.1,42.25,0.0003171834279711641,-0.0004990938542774641,-0.0008162772822486282,-1.0311213609438031e-05,0.1677875742088969,0.2,0.2,0.2,0.2,0.2,0.1936070326894181,0.16795223271770884,0.25012902951105237,0.2127626956422642,0.17554900943955654,0.19743510845545553,0.18714227084238988,0.22011202410059177,0.20512045889130717,0.19019013671025564
2025-08-22,0.45088230073452,20.0,7.149256229400635,bull_normal,69.24000000000001,59.95,41.75,-0.0005773963463674039,-0.0013480815699211852,-0.0007706852235537813,-0.0009248846721805458,0.19815624054271186,0.2,0.2,0.2,0.2,0.2,0.19337165745335366,0.1678958648617438,0.25092085589617763,0.2124034663264627,0.17540815546226235,0.19701139746550014,0.18552481350024624,0.22295931243888018,0.20559250322876607,0.1889119723666072
2025-08-29,0.3536263823509217,20.0,8.64034652709961,bull_normal,64.5,61.1,45.5,0.003679668085143343,0.003486020346857805,-0.0001936477382855381,0.0036111891323918,0.16905296114619814,0.2,0.2,0.2,0.2,0.2,0.18884459873606171,0.15421347185248763,0.25937010901847973,0.21604593388669416,0.18152588650627685,0.19605515561130538,0.18380867550697785,0.22099483665098993,0.2056742653461194,0.19346706588460721
2025-09-05,0.45175763368606575,20.0,6.255481719970703,bull_normal,58.0,57.0,43.75,0.0014621121095695628,0.0021808598550066114,0.0007187477454370485,0.0017868118884785873,0.21337853270970164,0.2,0.2,0.2,0.2,0.2,0.18446135309735,0.14315171447631492,0.2661601914293295,0.220712184820783,0.18551455617622262,0.19298029745159526,0.17431835287839187,0.22988837129444267,0.20935688739374853,0.19345608998182182
2025-09-12,0.39046627692878255,20.0,8.000490188598633,bull_normal,61.6,56.6,42.949999999999996,0.0026175017181971016,0.0024875091411472243,-0.00012999257704987728,0.002566743998041314,0.19840643320239987,0.2,0.2,0.2,0.2,0.2,0.18596761157935884,0.15212985088080228,0.2619615013468233,0.22015469073333807,0.1797863454596775,0.19452082534245285,0.18130832091609292,0.22419387651961797,0.20786972684542782,0.19210724937640844
2025-09-19,0.6077403586357832,20.0,4.776209831237793,bull_normal,58.8,55.5,34.25,-0.0033374990439579166,-0.0031722130916006946,0.000165285952357222,-0.0032370480967578333,0.18099350523316135,0.2,0.2,0.2,0.2,0.2,0.18823421802196272,0.1554810664382355,0.2587484451726793,0.2179057353707188,0.17963053499640363,0.19284945924818772,0.1729440471781466,0.23570380090283496,0.21088203782495601,0.18762065384587465
2025-09-26,0.10774035863578324,20.0,40.372825622558594,event_stress,62.5,56.4,45.5,-0.007250262080502361,-0.009470277392346939,-0.0022200153118445776,-0.007489447318887978,0.26471147702272424,0.2,0.2,0.2,0.2,0.2,0.18566205745539419,0.14442398652332283,0.26518576965040214,0.21878698267881844,0.1859412036920625,0.19845522472968968,0.19401222018246347,0.20702313799306074,0.20202411604947604,0.1984853000453101
2025-10-03,0.0,20.0,23.657787322998047,event_stress,61.67,55.10999999999999,47.345,0.003562719513251997,0.003466470679059897,-9.624883419210011e-05,0.0035627195096892775,0.23414147164036034,0.2,0.2,0.2,0.2,0.2,0.18395656533669147,0.13856362224848873,0.26867962038871795,0.21995131691133232,0.18884887511476953,0.1999999998,0.1999999998,0.1999999998,0.1999999998,0.1999999998
2025-10-10,0.0,20.0,32.646697998046875,event_stress,67.2,67.1,45.2,0.004334164728550701,0.005095323541380866,0.0007611588128301648,0.004334164724216536,0.28980594616645855,0.2,0.2,0.2,0.2,0.2,0.19460162596981845,0.17054015046475973,0.24980899624488073,0.2102747701176862,0.17477445720285498,0.1999999998,0.1999999998,0.1999999998,0.1999999998,0.1999999998
2025-10-17,0.0,20.0,46.85993957519531,event_stress,68.9,67.6,42.3,0.0052083210802841865,0.00597211158873877,0.0007637905084545834,0.005208321075075865,0.4545706599818505,0.2,0.2,0.2,0.2,0.2,0.19801158680741504,0.1799189129356547,0.24319884753714502,0.2080147993657066,0.17085585335407869,0.1999999998,0.1999999998,0.1999999998,0.1999999998,0.1999999998
2025-10-24,0.0,20.0,34.37996292114258,event_stress,70.2,74.8,40.55,4.433203071490438e-05,-0.00033471124916327146,-0.00037904327987817583,4.4332030670571404e-05,0.4390496212569108,0.2,0.2,0.2,0.2,0.2,0.2060088606045912,0.20086324487302093,0.22988616896313563,0.20040667508046356,0.16283505047878868,0.1999999998,0.1999999998,0.1999999998,0.1999999998,0.1999999998
2025-10-31,0.0,20.0,12.87620735168457,bull_normal,66.1,64.3,45.05,-0.0004797211884437688,0.0002240723609193166,0.0007037935493630854,-0.00047972118796404733,0.4328805076110418,0.2,0.2,0.2,0.2,0.2,0.1918691991025327,0.1627823460996801,0.25390572165792075,0.21352628682495634,0.17791644631491016,0.1999999998,0.1999999998,0.1999999998,0.1999999998,0.1999999998
2025-11-07,0.0,20.0,13.03089714050293,bull_normal,61.0,57.5,42.75,0.00016860748190659742,-0.00028216622601481275,-0.0004507737079214102,0.0001686074817379899,0.36701463535477546,0.2,0.2,0.2,0.2,0.2,0.18651613392007868,0.14793871358459196,0.26319114678350886,0.21836274071724182,0.18399126499457866,0.1999999998,0.1999999998,0.1999999998,0.1999999998,0.1999999998
2025-11-14,0.0,20.0,9.51344108581543,bull_normal,68.0,58.5,47.75,1.8877571724937333e-05,0.00046252706642660105,0.0004436494947016637,1.8877571706060076e-05,0.35149655518538875,0.2,0.2,0.2,0.2,0.2,0.18780024828108338,0.14992677172400148,0.26036501266021855,0.21823316928866612,0.1836747980460304,0.1999999998,0.1999999998,0.1999999998,0.1999999998,0.1999999998
2025-11-21,0.07972414493560791,20.0,7.855384826660156,bull_normal,63.1,56.8,49.7,-0.011483630652473983,-0.010283977486346603,0.0011996531661273794,-0.011387989318197194,0.34867614760015386,0.2,0.2,0.2,0.2,0.2,0.18395601426775485,0.13757667092288295,0.26814914739717255,0.220778411154071,0.18953975625811867,0.19872090675741674,0.19502335327026943,0.20543313229889718,0.20165654086072227,0.19916606581269442
2025-11-28,0.0,20.0,12.405293464660645,bull_normal,56.5,53.5,59.25,0.005656167425842437,0.00496115238011953,-0.0006950150457229066,0.00565616742018627,0.316907938765011,0.2,0.2,0.2,0.2,0.2,0.18035410538978366,0.13229260440325807,0.27208358790989445,0.22569882178883233,0.18957088050823157,0.1999999998,0.1999999998,0.1999999998,0.1999999998,0.1999999998
2025-12-05,0.06323802918195724,20.0,9.878982543945312,bull_normal,54.5,56.0,29.5,-0.0020485768202593763,-0.001986083173807069,6.249364645230732e-05,-0.002044624843176713,0.2975547097104581,0.2,0.2,0.2,0.2,0.2,0.1874277283453134,0.15905632045185578,0.25712621961144116,0.22088135579234963,0.17550837579904,0.1992049541190125,0.19741080220050697,0.20361254933923068,0.20132049558563495,0.19845119775561496
2025-12-12,0.2717232570052147,20.0,6.7934980392456055,bull_normal,54.19,53.69,34.84,-0.0018893871229660915,-0.0011818837292015996,0.0007075033937644919,-0.0016971419947730188,0.26639051128033575,0.2,0.2,0.2,0.2,0.2,0.18664312475663605,0.15079542707231722,0.26247968841609126,0.2182782099402014,0.18180354981475397,0.1963706261590902,0.18662997299790945,0.21697718421611412,0.20496661453221,0.1950556010946762
2025-12-19,0.3238140925765038,20.0,6.885918617248535,bull_normal,59.3,53.1,51.2,-0.0004957099325687705,-3.843564658769391e-05,0.0004572742859810766,-0.0003476380742476013,0.2381176392650862,0.2,0.2,0.2,0.2,0.2,0.17823920315110747,0.1388789914648303,0.2722067104298367,0.2290366885825929,0.18163840637163262,0.19295354712168064,0.1802081559036151,0.22338155019239037,0.20940248875539635,0.19405425702691742
2025-12-26,0.0,20.0,20.51524543762207,event_stress,60.2,50.5,54.45,0.004062545834960922,0.002574221460415293,-0.0014883243745456294,0.004062545830898376,0.22893861902773838,0.2,0.2,0.2,0.2,0.2,0.18101397876887115,0.13276434370548773,0.272183311993981,0.22395466490418653,0.1900837006274736,0.1999999998,0.1999999998,0.1999999998,0.1999999998,0.1999999998
2026-01-02,0.0,20.0,21.75489044189453,event_stress,60.0,60.5,40.75,-0.008940421318414634,-0.010274583419181946,-0.0013341621007673127,-0.00894042130947421,0.2239951125934855,0.2,0.2,0.2,0.2,0.2,0.18814391800888797,0.152930863317511,0.2593778842631293,0.21793438262975748,0.18161295178071424,0.1999999998,0.1999999998,0.1999999998,0.1999999998,0.1999999998
2026-01-09,0.0,20.0,20.839658737182617,event_stress,61.34000000000001,61.720000000000006,42.75,0.007326819171402259,0.006324499634563847,-0.001002319536838412,0.007326819164075439,0.2101238315967498,0.2,0.2,0.2,0.2,0.2,0.18883821159053954,0.1549418443060487,0.25915113688650354,0.21615758569074817,0.18091122152616015,0.1999999998,0.1999999998,0.1999999998,0.1999999998,0.1999999998
2026-01-16,0.0,20.0,19.875621795654297,bull_normal,61.739999999999995,62.73,43.65,-0.0003638300658973202,0.0007287708301809662,0.0010926008960782864,-0.0003638300655334902,0.2270370548315849,0.2,0.2,0.2,0.2,0.2,0.18868065741330814,0.1633612645732822,0.25659908896801814,0.2176661726312565,0.17369281641413514,0.1999999998,0.1999999998,0.1999999998,0.1999999998,0.1999999998
2026-01-23,0.0,20.0,21.636674880981445,event_stress,61.34000000000001,60.85,45.949999999999996,0.0007496827830314651,0.0019840334182785213,0.0012343506352470563,0.0007496827822817834,0.32418744216782885,0.2,0.2,0.2,0.2,0.2,0.18672466959192316,0.15042478005262247,0.2616563492975453,0.2191217180272471,0.1820724830306621,0.1999999998,0.1999999998,0.1999999998,0.1999999998,0.1999999998
2026-01-30,0.0,20.0,37.23126220703125,event_stress,58.8,52.0,37.75,0.0024267620802736504,0.0027873752293782845,0.0003606131491046341,0.0024267620778468885,0.29382462322573527,0.2,0.2,0.2,0.2,0.2,0.1847237219070513,0.143172733419958,0.2645583080453662,0.22195378674457436,0.18559144988305015,0.1999999998,0.1999999998,0.1999999998,0.1999999998,0.1999999998
2026-02-06,0.0,20.0,44.177467346191406,event_stress,64.2,66.8,53.55,-0.007115920409923692,-0.006745295104170195,0.0003706253057534966,-0.007115920402807772,0.30522247185991486,0.2,0.2,0.2,0.2,0.2,0.1888954075567883,0.15455063631771457,0.25733658873417986,0.21820873084142653,0.18100863654989063,0.1999999998,0.1999999998,0.1999999998,0.1999999998,0.1999999998
2026-02-13,0.0,20.0,34.520530700683594,event_stress,65.6,65.7,55.55,0.00309164092635008,0.0034600339057991934,0.00036839297944911333,0.0030916409232584386,0.26870892191274504,0.2,0.2,0.2,0.2,0.2,0.18908453870977043,0.1564415249804191,0.25613936257817943,0.2187499171857477,0.17958465654588346,0.1999999998,0.1999999998,0.1999999998,0.1999999998,0.1999999998
2026-02-20,0.0,20.0,34.520530700683594,event_stress,66.22,64.47999999999999,55.05,0.00309164092635008,0.0034565479398891296,0.0003649070135390495,0.0030916409232584386,0.23949808195500913,0.2,0.2,0.2,0.2,0.2,0.18938289914852008,0.15801900919881512,0.25721471715447264,0.21647615859574576,0.1789072159024465,0.1999999998,0.1999999998,0.1999999998,0.1999999998,0.1999999998
2026-02-27,0.0,20.0,23.65283966064453,event_stress,64.46000000000001,61.77,57.05,0.0008679812081819752,0.0007864375062340044,-8.154370194797078e-05,0.0008679812073139942,0.23740985457145097,0.2,0.2,0.2,0.2,0.2,0.18690857142343026,0.15214600695671773,0.26079093641183504,0.21932754243046446,0.18082694277755246,0.1999999998,0.1999999998,0.1999999998,0.1999999998,0.1999999998
2026-03-06,0.0,20.0,29.734546661376953,event_stress,66.2,62.3,56.25,0.003430541032490648,0.003409108138370249,-2.1432894120398862e-05,0.003430541029060106,0.3661972003493369,0.2,0.2,0.2,0.2,0.2,0.1876653148912084,0.15578162352114186,0.2580339675601817,0.21998468322823872,0.17853441079922933,0.1999999998,0.1999999998,0.1999999998,0.1999999998,0.1999999998
2026-03-13,0.0,20.0,52.00897216796875,event_stress,59.3,64.1,54.2,0.007380966668572925,0.0060570593650213,-0.0013239073035516257,0.007380966661191958,0.5323370707795253,0.2,0.2,0.2,0.2,0.2,0.18446906139634883,0.15102573317186896,0.2632933633655769,0.22231962487955387,0.17889221718665146,0.1999999998,0.1999999998,0.1999999998,0.1999999998,0.1999999998
2026-03-20,0.0,20.0,52.18888473510742,event_stress,60.220000000000006,63.1,56.86,-0.015599633131796499,-0.014765152489602343,0.0008344806421941558,-0.015599633116196865,0.5322070152283902,0.2,0.2,0.2,0.2,0.2,0.18519139286684705,0.14819143796412748,0.26296374709341774,0.22163795274922443,0.18201546932638332,0.1999999998,0.1999999998,0.1999999998,0.1999999998,0.1999999998
2026-03-27,0.0,20.0,47.55607986450195,event_stress,62.1,64.8,54.9,-0.012999445641194133,-0.013138779443688995,-0.0001393338024948624,-0.012999445628194686,0.45206078744534317,0.2,0.2,0.2,0.2,0.2,0.18730915877505985,0.1517372280502188,0.2610906964218823,0.2181412901866674,0.18172162656617163,0.1999999998,0.1999999998,0.1999999998,0.1999999998,0.1999999998
2026-04-03,0.0,20.0,31.25466537475586,event_stress,62.5,64.0,55.15,-0.003934035567366705,-0.0029237661401235733,0.0010102694272431313,-0.0039340355634326675,0.42825931522285754,0.2,0.2,0.2,0.2,0.2,0.18706206514543589,0.15097427032537092,0.2612025472275938,0.21874774798189242,0.18201336931970694,0.1999999998,0.1999999998,0.1999999998,0.1999999998,0.1999999998
2026-04-10,0.0,20.0,34.60612487792969,event_stress,64.1,65.52000000000001,54.949999999999996,0.007239418070024938,0.006464796809280414,-0.0007746212607445246,0.007239418062785518,0.39804524931440843,0.2,0.2,0.2,0.2,0.2,0.1851267887457904,0.16281377569353428,0.2583341522656284,0.22400248124640154,0.16972280204864543,0.1999999998,0.1999999998,0.1999999998,0.1999999998,0.1999999998
