date,code,weight
2015-01-02,000300.SH,0.17999999981999998
2015-01-02,000852.SH,0.11999999987999999
2015-01-02,CBA02701.CS,0.27999999972
2015-01-02,AU9999.SGE,0.21999999977999998
2015-01-02,NH0100.NHF,0.1999999998
2015-01-09,000300.SH,0.17999999981999998
2015-01-09,000852.SH,0.11999999987999999
2015-01-09,CBA02701.CS,0.27999999972
2015-01-09,AU9999.SGE,0.21999999977999998
2015-01-09,NH0100.NHF,0.1999999998
2015-01-16,000300.SH,0.17999999981999998
2015-01-16,000852.SH,0.11999999987999999
2015-01-16,CBA02701.CS,0.27999999972
2015-01-16,AU9999.SGE,0.21999999977999998
2015-01-16,NH0100.NHF,0.1999999998
2015-01-23,000300.SH,0.17999999981999998
2015-01-23,000852.SH,0.11999999987999999
2015-01-23,CBA02701.CS,0.27999999972
2015-01-23,AU9999.SGE,0.21999999977999998
2015-01-23,NH0100.NHF,0.1999999998
2015-01-30,000300.SH,0.17687257110636476
2015-01-30,000852.SH,0.12472848198112282
2015-01-30,CBA02701.CS,0.27821262448182327
2015-01-30,AU9999.SGE,0.22698442747427827
2015-01-30,NH0100.NHF,0.1932018939564108
2015-02-06,000300.SH,0.17974926102377767
2015-02-06,000852.SH,0.12103507678972865
2015-02-06,CBA02701.CS,0.27932089525681875
2015-02-06,AU9999.SGE,0.22092552814102315
2015-02-06,NH0100.NHF,0.19896923778865178
2015-02-13,000300.SH,0.17948033918795744
2015-02-13,000852.SH,0.12173760435740508
2015-02-13,CBA02701.CS,0.2787883299123168
2015-02-13,AU9999.SGE,0.22184563395493462
2015-02-13,NH0100.NHF,0.19814809158738614
2015-02-20,000300.SH,0.17995012152865258
2015-02-20,000852.SH,0.12028991962660891
2015-02-20,CBA02701.CS,0.2797933957356182
2015-02-20,AU9999.SGE,0.22023418645212325
2015-02-20,NH0100.NHF,0.1997323756569971
2015-02-27,000300.SH,0.1783915421429659
2015-02-27,000852.SH,0.12335605624455868
2015-02-27,CBA02701.CS,0.2781504117528955
2015-02-27,AU9999.SGE,0.2243049547047048
2015-02-27,NH0100.NHF,0.19579703415487515
2015-03-06,000300.SH,0.17994156230220676
2015-03-06,000852.SH,0.12028805164686582
2015-03-06,CBA02701.CS,0.27979443199688314
2015-03-06,AU9999.SGE,0.22025200218189953
2015-03-06,NH0100.NHF,0.19972395087214473
2015-03-13,000300.SH,0.17999999981999998
2015-03-13,000852.SH,0.11999999987999999
2015-03-13,CBA02701.CS,0.27999999972
2015-03-13,AU9999.SGE,0.21999999977999998
2015-03-13,NH0100.NHF,0.1999999998
2015-03-20,000300.SH,0.17999999981999998
2015-03-20,000852.SH,0.11999999987999999
2015-03-20,CBA02701.CS,0.27999999972
2015-03-20,AU9999.SGE,0.21999999977999998
2015-03-20,NH0100.NHF,0.1999999998
2015-03-27,000300.SH,0.17984784150531993
2015-03-27,000852.SH,0.12068514009165371
2015-03-27,CBA02701.CS,0.2795425610437474
2015-03-27,AU9999.SGE,0.22059202377204304
2015-03-27,NH0100.NHF,0.19933243258723574
2015-04-03,000300.SH,0.17994803479936347
2015-04-03,000852.SH,0.12046447120917171
2015-04-03,CBA02701.CS,0.2796880476217969
2015-04-03,AU9999.SGE,0.2202939570669494
2015-04-03,NH0100.NHF,0.19960548830271857
2015-04-10,000300.SH,0.17999999981999998
2015-04-10,000852.SH,0.11999999987999999
2015-04-10,CBA02701.CS,0.27999999972
2015-04-10,AU9999.SGE,0.21999999977999998
2015-04-10,NH0100.NHF,0.1999999998
2015-04-17,000300.SH,0.17999999981999998
2015-04-17,000852.SH,0.11999999987999999
2015-04-17,CBA02701.CS,0.27999999972
2015-04-17,AU9999.SGE,0.21999999977999998
2015-04-17,NH0100.NHF,0.1999999998
2015-04-24,000300.SH,0.17999999981999998
2015-04-24,000852.SH,0.11999999987999999
2015-04-24,CBA02701.CS,0.27999999972
2015-04-24,AU9999.SGE,0.21999999977999998
2015-04-24,NH0100.NHF,0.1999999998
2015-05-01,000300.SH,0.17999999981999998
2015-05-01,000852.SH,0.11999999987999999
2015-05-01,CBA02701.CS,0.27999999972
2015-05-01,AU9999.SGE,0.21999999977999998
2015-05-01,NH0100.NHF,0.1999999998
2015-05-08,000300.SH,0.17963938452395728
2015-05-08,000852.SH,0.12136885933828911
2015-05-08,CBA02701.CS,0.27911855466482743
2015-05-08,AU9999.SGE,0.221267277228103
2015-05-08,NH0100.NHF,0.1986059232448232
2015-05-15,000300.SH,0.17999999981999998
2015-05-15,000852.SH,0.11999999987999999
2015-05-15,CBA02701.CS,0.27999999972
2015-05-15,AU9999.SGE,0.21999999977999998
2015-05-15,NH0100.NHF,0.1999999998
2015-05-22,000300.SH,0.17923783112099023
2015-05-22,000852.SH,0.12227747624641429
2015-05-22,CBA02701.CS,0.27862652923957787
2015-05-22,AU9999.SGE,0.22235041508357953
2015-05-22,NH0100.NHF,0.1975077473094381
2015-05-29,000300.SH,0.17506299671570258
2015-05-29,000852.SH,0.12682192686260474
2015-05-29,CBA02701.CS,0.27845616080969166
2015-05-29,AU9999.SGE,0.2298188867258047
2015-05-29,NH0100.NHF,0.18984002788619622
2015-06-05,000300.SH,0.17898391120130216
2015-06-05,000852.SH,0.12261084337968316
2015-06-05,CBA02701.CS,0.27826142814397964
2015-06-05,AU9999.SGE,0.2231838480942018
2015-06-05,NH0100.NHF,0.19695996818083308
2015-06-12,000300.SH,0.17999999981999998
2015-06-12,000852.SH,0.11999999987999999
2015-06-12,CBA02701.CS,0.27999999972
2015-06-12,AU9999.SGE,0.21999999977999998
2015-06-12,NH0100.NHF,0.1999999998
2015-06-19,000300.SH,0.17999999981999998
2015-06-19,000852.SH,0.11999999987999999
2015-06-19,CBA02701.CS,0.27999999972
2015-06-19,AU9999.SGE,0.21999999977999998
2015-06-19,NH0100.NHF,0.1999999998
2015-06-26,000300.SH,0.17920155811487087
2015-06-26,000852.SH,0.12226194374897374
2015-06-26,CBA02701.CS,0.27841185039938676
2015-06-26,AU9999.SGE,0.22267564234344803
2015-06-26,NH0100.NHF,0.1974490043933207
2015-07-03,000300.SH,0.17999999981999998
2015-07-03,000852.SH,0.11999999987999999
2015-07-03,CBA02701.CS,0.27999999972
2015-07-03,AU9999.SGE,0.21999999977999998
2015-07-03,NH0100.NHF,0.1999999998
2015-07-10,000300.SH,0.17999999981999998
2015-07-10,000852.SH,0.11999999987999999
2015-07-10,CBA02701.CS,0.27999999972
2015-07-10,AU9999.SGE,0.21999999977999998
2015-07-10,NH0100.NHF,0.1999999998
2015-07-17,000300.SH,0.17999999981999998
2015-07-17,000852.SH,0.11999999987999999
2015-07-17,CBA02701.CS,0.27999999972
2015-07-17,AU9999.SGE,0.21999999977999998
2015-07-17,NH0100.NHF,0.1999999998
2015-07-24,000300.SH,0.1799923996177939
2015-07-24,000852.SH,0.12004646567524004
2015-07-24,CBA02701.CS,0.2799676907437476
2015-07-24,AU9999.SGE,0.22003578485840472
2015-07-24,NH0100.NHF,0.1999576581048138
2015-07-31,000300.SH,0.17490989410388438
2015-07-31,000852.SH,0.12427142660082076
2015-07-31,CBA02701.CS,0.27907168391892423
2015-07-31,AU9999.SGE,0.23037956253668077
2015-07-31,NH0100.NHF,0.19136743183968988
2015-08-07,000300.SH,0.17999999981999998
2015-08-07,000852.SH,0.11999999987999999
2015-08-07,CBA02701.CS,0.27999999972
2015-08-07,AU9999.SGE,0.21999999977999998
2015-08-07,NH0100.NHF,0.1999999998
2015-08-14,000300.SH,0.1798473388082585
2015-08-14,000852.SH,0.12067209662767465
2015-08-14,CBA02701.CS,0.27948991939854567
2015-08-14,AU9999.SGE,0.22065718309230517
2015-08-14,NH0100.NHF,0.19933346107321587
2015-08-21,000300.SH,0.17980974237044922
2015-08-21,000852.SH,0.12105730987811793
2015-08-21,CBA02701.CS,0.279310154111497
2015-08-21,AU9999.SGE,0.2208002084704968
2015-08-21,NH0100.NHF,0.19902258416943888
2015-08-28,000300.SH,0.1797960762044938
2015-08-28,000852.SH,0.12153631234303343
2015-08-28,CBA02701.CS,0.27902023165853124
2015-08-28,AU9999.SGE,0.2209821431302636
2015-08-28,NH0100.NHF,0.19866523566367794
2015-09-04,000300.SH,0.1796714770212769
2015-09-04,000852.SH,0.12151699364163457
2015-09-04,CBA02701.CS,0.2790309928657711
2015-09-04,AU9999.SGE,0.22124350407667548
2015-09-04,NH0100.NHF,0.19853703139464177
2015-09-11,000300.SH,0.17999999981999998
2015-09-11,000852.SH,0.11999999987999999
2015-09-11,CBA02701.CS,0.27999999972
2015-09-11,AU9999.SGE,0.21999999977999998
2015-09-11,NH0100.NHF,0.1999999998
2015-09-18,000300.SH,0.1796630059849561
2015-09-18,000852.SH,0.121997600831227
2015-09-18,CBA02701.CS,0.27866696284113857
2015-09-18,AU9999.SGE,0.22149728638052832
2015-09-18,NH0100.NHF,0.19817514296214994
2015-09-25,000300.SH,0.17930089106388597
2015-09-25,000852.SH,0.12213230125762482
2015-09-25,CBA02701.CS,0.27862396714630955
2015-09-25,AU9999.SGE,0.22227121469715141
2015-09-25,NH0100.NHF,0.19767162483502812
2015-10-02,000300.SH,0.17999999981999998
2015-10-02,000852.SH,0.11999999987999999
2015-10-02,CBA02701.CS,0.27999999972
2015-10-02,AU9999.SGE,0.21999999977999998
2015-10-02,NH0100.NHF,0.1999999998
2015-10-09,000300.SH,0.17999999981999998
2015-10-09,000852.SH,0.11999999987999999
2015-10-09,CBA02701.CS,0.27999999972
2015-10-09,AU9999.SGE,0.21999999977999998
2015-10-09,NH0100.NHF,0.1999999998
2015-10-16,000300.SH,0.17999999981999998
2015-10-16,000852.SH,0.11999999987999999
2015-10-16,CBA02701.CS,0.27999999972
2015-10-16,AU9999.SGE,0.21999999977999998
2015-10-16,NH0100.NHF,0.1999999998
2015-10-23,000300.SH,0.17999999981999998
2015-10-23,000852.SH,0.11999999987999999
2015-10-23,CBA02701.CS,0.27999999972
2015-10-23,AU9999.SGE,0.21999999977999998
2015-10-23,NH0100.NHF,0.1999999998
2015-10-30,000300.SH,0.17999999981999998
2015-10-30,000852.SH,0.11999999987999999
2015-10-30,CBA02701.CS,0.27999999972
2015-10-30,AU9999.SGE,0.21999999977999998
2015-10-30,NH0100.NHF,0.1999999998
2015-11-06,000300.SH,0.17906916885747107
2015-11-06,000852.SH,0.12251759883442137
2015-11-06,CBA02701.CS,0.27839295358952015
2015-11-06,AU9999.SGE,0.22288714157639308
2015-11-06,NH0100.NHF,0.19713313614219438
2015-11-13,000300.SH,0.17994117730949535
2015-11-13,000852.SH,0.12156767000592428
2015-11-13,CBA02701.CS,0.27900530543564334
2015-11-13,AU9999.SGE,0.2206772554492403
2015-11-13,NH0100.NHF,0.19880859079969693
2015-11-20,000300.SH,0.17981852587973168
2015-11-20,000852.SH,0.12079009658536986
2015-11-20,CBA02701.CS,0.2794551630416253
2015-11-20,AU9999.SGE,0.2207150897051348
2015-11-20,NH0100.NHF,0.19922112378813842
2015-11-27,000300.SH,0.17999999981999998
2015-11-27,000852.SH,0.11999999987999999
2015-11-27,CBA02701.CS,0.27999999972
2015-11-27,AU9999.SGE,0.21999999977999998
2015-11-27,NH0100.NHF,0.1999999998
2015-12-04,000300.SH,0.17999999981999998
2015-12-04,000852.SH,0.11999999987999999
2015-12-04,CBA02701.CS,0.27999999972
2015-12-04,AU9999.SGE,0.21999999977999998
2015-12-04,NH0100.NHF,0.1999999998
2015-12-11,000300.SH,0.1792645091568191
2015-12-11,000852.SH,0.12307638872186935
2015-12-11,CBA02701.CS,0.27819259015207404
2015-12-11,AU9999.SGE,0.22249212902470442
2015-12-11,NH0100.NHF,0.19697438194453298
2015-12-18,000300.SH,0.17844063198515359
2015-12-18,000852.SH,0.12334694318076266
2015-12-18,CBA02701.CS,0.27823362470578084
2015-12-18,AU9999.SGE,0.2241094773250132
2015-12-18,NH0100.NHF,0.19586932180328956
2015-12-25,000300.SH,0.17999999981999998
2015-12-25,000852.SH,0.11999999987999999
2015-12-25,CBA02701.CS,0.27999999972
2015-12-25,AU9999.SGE,0.21999999977999998
2015-12-25,NH0100.NHF,0.1999999998
2016-01-01,000300.SH,0.17999999981999998
2016-01-01,000852.SH,0.11999999987999999
2016-01-01,CBA02701.CS,0.27999999972
2016-01-01,AU9999.SGE,0.21999999977999998
2016-01-01,NH0100.NHF,0.1999999998
2016-01-08,000300.SH,0.17999999981999998
2016-01-08,000852.SH,0.11999999987999999
2016-01-08,CBA02701.CS,0.27999999972
2016-01-08,AU9999.SGE,0.21999999977999998
2016-01-08,NH0100.NHF,0.1999999998
2016-01-15,000300.SH,0.17999999981999998
2016-01-15,000852.SH,0.11999999987999999
2016-01-15,CBA02701.CS,0.27999999972
2016-01-15,AU9999.SGE,0.21999999977999998
2016-01-15,NH0100.NHF,0.1999999998
2016-01-22,000300.SH,0.17921872448098217
2016-01-22,000852.SH,0.12228866606037991
2016-01-22,CBA02701.CS,0.2785564699756427
2016-01-22,AU9999.SGE,0.22246618692355022
2016-01-22,NH0100.NHF,0.19746995155944488
2016-01-29,000300.SH,0.17999999981999998
2016-01-29,000852.SH,0.11999999987999999
2016-01-29,CBA02701.CS,0.27999999972
2016-01-29,AU9999.SGE,0.21999999977999998
2016-01-29,NH0100.NHF,0.1999999998
2016-02-05,000300.SH,0.17486439359226347
2016-02-05,000852.SH,0.12440645770745985
2016-02-05,CBA02701.CS,0.2793468198749423
2016-02-05,AU9999.SGE,0.23011762536867242
2016-02-05,NH0100.NHF,0.19126470245666188
2016-02-12,000300.SH,0.1777500046760327
2016-02-12,000852.SH,0.12426539932438047
2016-02-12,CBA02701.CS,0.2780337128073009
2016-02-12,AU9999.SGE,0.22547795688027422
2016-02-12,NH0100.NHF,0.19447292531201157
2016-02-19,000300.SH,0.17903385799196372
2016-02-19,000852.SH,0.1226193455743733
2016-02-19,CBA02701.CS,0.27847174886433057
2016-02-19,AU9999.SGE,0.22283684636063
2016-02-19,NH0100.NHF,0.19703820020870239
2016-02-26,000300.SH,0.17990515383589917
2016-02-26,000852.SH,0.12062453109235077
2016-02-26,CBA02701.CS,0.27955883253653563
2016-02-26,AU9999.SGE,0.2204731438416794
2016-02-26,NH0100.NHF,0.19943833769353492
2016-03-04,000300.SH,0.17999999981999998
2016-03-04,000852.SH,0.11999999987999999
2016-03-04,CBA02701.CS,0.27999999972
2016-03-04,AU9999.SGE,0.21999999977999998
2016-03-04,NH0100.NHF,0.1999999998
2016-03-11,000300.SH,0.17999858325042326
2016-03-11,000852.SH,0.12000748474370793
2016-03-11,CBA02701.CS,0.2799945381032304
2016-03-11,AU9999.SGE,0.2200064653412338
2016-03-11,NH0100.NHF,0.19999292756140438
2016-03-18,000300.SH,0.17999999981999998
2016-03-18,000852.SH,0.11999999987999999
2016-03-18,CBA02701.CS,0.27999999972
2016-03-18,AU9999.SGE,0.21999999977999998
2016-03-18,NH0100.NHF,0.1999999998
2016-03-25,000300.SH,0.17974022098703807
2016-03-25,000852.SH,0.12106184630201944
2016-03-25,CBA02701.CS,0.27929458397703905
2016-03-25,AU9999.SGE,0.22096479102769356
2016-03-25,NH0100.NHF,0.1989385567062099
2016-04-01,000300.SH,0.1798086342616379
2016-04-01,000852.SH,0.1217138831524315
2016-04-01,CBA02701.CS,0.2789145729482363
2016-04-01,AU9999.SGE,0.22100984682430586
2016-04-01,NH0100.NHF,0.19855306181338844
2016-04-08,000300.SH,0.17944112731793938
2016-04-08,000852.SH,0.12186601584571906
2016-04-08,CBA02701.CS,0.27883702862548765
2016-04-08,AU9999.SGE,0.22182791644513744
2016-04-08,NH0100.NHF,0.19802791076571644
2016-04-15,000300.SH,0.17995450281897266
2016-04-15,000852.SH,0.12036254669722847
2016-04-15,CBA02701.CS,0.27975806986294355
2016-04-15,AU9999.SGE,0.22023823886005592
2016-04-15,NH0100.NHF,0.19968664076079934
2016-04-22,000300.SH,0.17953655293119067
2016-04-22,000852.SH,0.12164094351622347
2016-04-22,CBA02701.CS,0.2789612271749424
2016-04-22,AU9999.SGE,0.22156564461703127
2016-04-22,NH0100.NHF,0.1982956307606121
2016-04-29,000300.SH,0.17999999981999998
2016-04-29,000852.SH,0.11999999987999999
2016-04-29,CBA02701.CS,0.27999999972
2016-04-29,AU9999.SGE,0.21999999977999998
2016-04-29,NH0100.NHF,0.1999999998
2016-05-06,000300.SH,0.1799859884311037
2016-05-06,000852.SH,0.12019749001476533
2016-05-06,CBA02701.CS,0.2798534368963978
2016-05-06,AU9999.SGE,0.22012339557319296
2016-05-06,NH0100.NHF,0.19983968808454017
2016-05-13,000300.SH,0.17999999981999998
2016-05-13,000852.SH,0.11999999987999999
2016-05-13,CBA02701.CS,0.27999999972
2016-05-13,AU9999.SGE,0.21999999977999998
2016-05-13,NH0100.NHF,0.1999999998
2016-05-20,000300.SH,0.17985702924746466
2016-05-20,000852.SH,0.12062768631246958
2016-05-20,CBA02701.CS,0.2794897055319103
2016-05-20,AU9999.SGE,0.22065284357128173
2016-05-20,NH0100.NHF,0.19937273433687364
2016-05-27,000300.SH,0.17989750831453263
2016-05-27,000852.SH,0.12078942396005334
2016-05-27,CBA02701.CS,0.27945385163798725
2016-05-27,AU9999.SGE,0.22054789962307936
2016-05-27,NH0100.NHF,0.19931131546434744
2016-06-03,000300.SH,0.17937422967248295
2016-06-03,000852.SH,0.1233181700841981
2016-06-03,CBA02701.CS,0.2779526720651584
2016-06-03,AU9999.SGE,0.22244004908901777
2016-06-03,NH0100.NHF,0.19691487808914274
2016-06-10,000300.SH,0.17999999981999998
2016-06-10,000852.SH,0.11999999987999999
2016-06-10,CBA02701.CS,0.27999999972
2016-06-10,AU9999.SGE,0.21999999977999998
2016-06-10,NH0100.NHF,0.1999999998
2016-06-17,000300.SH,0.17999999981999998
2016-06-17,000852.SH,0.11999999987999999
2016-06-17,CBA02701.CS,0.27999999972
2016-06-17,AU9999.SGE,0.21999999977999998
2016-06-17,NH0100.NHF,0.1999999998
2016-06-24,000300.SH,0.1796958492771651
2016-06-24,000852.SH,0.1211930618577173
2016-06-24,CBA02701.CS,0.2791869130127255
2016-06-24,AU9999.SGE,0.22113336441676215
2016-06-24,NH0100.NHF,0.19879081043563002
2016-07-01,000300.SH,0.17999999981999998
2016-07-01,000852.SH,0.11999999987999999
2016-07-01,CBA02701.CS,0.27999999972
2016-07-01,AU9999.SGE,0.21999999977999998
2016-07-01,NH0100.NHF,0.1999999998
2016-07-08,000300.SH,0.17999999981999998
2016-07-08,000852.SH,0.11999999987999999
2016-07-08,CBA02701.CS,0.27999999972
2016-07-08,AU9999.SGE,0.21999999977999998
2016-07-08,NH0100.NHF,0.1999999998
2016-07-15,000300.SH,0.17974212067651577
2016-07-15,000852.SH,0.12122233598255525
2016-07-15,CBA02701.CS,0.2790732397170926
2016-07-15,AU9999.SGE,0.22115191011791885
2016-07-15,NH0100.NHF,0.19881039250591748
2016-07-22,000300.SH,0.17999999981999998
2016-07-22,000852.SH,0.11999999987999999
2016-07-22,CBA02701.CS,0.27999999972
2016-07-22,AU9999.SGE,0.21999999977999998
2016-07-22,NH0100.NHF,0.1999999998
2016-07-29,000300.SH,0.17999999981999998
2016-07-29,000852.SH,0.11999999987999999
2016-07-29,CBA02701.CS,0.27999999972
2016-07-29,AU9999.SGE,0.21999999977999998
2016-07-29,NH0100.NHF,0.1999999998
2016-08-05,000300.SH,0.1798929432302202
2016-08-05,000852.SH,0.12050395456219065
2016-08-05,CBA02701.CS,0.2796600622857117
2016-08-05,AU9999.SGE,0.22042897198021494
2016-08-05,NH0100.NHF,0.19951406694166268
2016-08-12,000300.SH,0.17986189725618015
2016-08-12,000852.SH,0.12063082779219247
2016-08-12,CBA02701.CS,0.2795526719795756
2016-08-12,AU9999.SGE,0.22057030884956208
2016-08-12,NH0100.NHF,0.19938429312248973
2016-08-19,000300.SH,0.17999999981999998
2016-08-19,000852.SH,0.11999999987999999
2016-08-19,CBA02701.CS,0.27999999972
2016-08-19,AU9999.SGE,0.21999999977999998
2016-08-19,NH0100.NHF,0.1999999998
2016-08-26,000300.SH,0.1799401218645095
2016-08-26,000852.SH,0.12046782685111736
2016-08-26,CBA02701.CS,0.27968559012444416
2016-08-26,AU9999.SGE,0.22031243031010242
2016-08-26,NH0100.NHF,0.19959402984982652
2016-09-02,000300.SH,0.1798105048376723
2016-09-02,000852.SH,0.12156940447924713
2016-09-02,CBA02701.CS,0.2790006811072124
2016-09-02,AU9999.SGE,0.22096129591248193
2016-09-02,NH0100.NHF,0.19865811266338626
2016-09-09,000300.SH,0.17985009410279468
2016-09-09,000852.SH,0.12072244964013623
2016-09-09,CBA02701.CS,0.2795194834264755
2016-09-09,AU9999.SGE,0.220599659386787
2016-09-09,NH0100.NHF,0.1993083124438065
2016-09-16,000300.SH,0.17999999981999998
2016-09-16,000852.SH,0.11999999987999999
2016-09-16,CBA02701.CS,0.27999999972
2016-09-16,AU9999.SGE,0.21999999977999998
2016-09-16,NH0100.NHF,0.1999999998
2016-09-23,000300.SH,0.17999999981999998
2016-09-23,000852.SH,0.11999999987999999
2016-09-23,CBA02701.CS,0.27999999972
2016-09-23,AU9999.SGE,0.21999999977999998
2016-09-23,NH0100.NHF,0.1999999998
2016-09-30,000300.SH,0.17999999981999998
2016-09-30,000852.SH,0.11999999987999999
2016-09-30,CBA02701.CS,0.27999999972
2016-09-30,AU9999.SGE,0.21999999977999998
2016-09-30,NH0100.NHF,0.1999999998
2016-10-07,000300.SH,0.17999756994237934
2016-10-07,000852.SH,0.12001272579697396
2016-10-07,CBA02701.CS,0.27999017239436114
2016-10-07,AU9999.SGE,0.22001164870904422
2016-10-07,NH0100.NHF,0.1999878821572413
2016-10-14,000300.SH,0.17989220859441007
2016-10-14,000852.SH,0.12071857050382759
2016-10-14,CBA02701.CS,0.27950520693235137
2016-10-14,AU9999.SGE,0.2205270967170922
2016-10-14,NH0100.NHF,0.19935691625231872
2016-10-21,000300.SH,0.17999999981999998
2016-10-21,000852.SH,0.11999999987999999
2016-10-21,CBA02701.CS,0.27999999972
2016-10-21,AU9999.SGE,0.21999999977999998
2016-10-21,NH0100.NHF,0.1999999998
2016-10-28,000300.SH,0.17857211499584863
2016-10-28,000852.SH,0.12321241276396695
2016-10-28,CBA02701.CS,0.2782651463425066
2016-10-28,AU9999.SGE,0.22384165449683116
2016-10-28,NH0100.NHF,0.19610867040084676
2016-11-04,000300.SH,0.17999999981999998
2016-11-04,000852.SH,0.11999999987999999
2016-11-04,CBA02701.CS,0.27999999972
2016-11-04,AU9999.SGE,0.21999999977999998
2016-11-04,NH0100.NHF,0.1999999998
2016-11-11,000300.SH,0.17999999981999998
2016-11-11,000852.SH,0.11999999987999999
2016-11-11,CBA02701.CS,0.27999999972
2016-11-11,AU9999.SGE,0.21999999977999998
2016-11-11,NH0100.NHF,0.1999999998
2016-11-18,000300.SH,0.17997769250345877
2016-11-18,000852.SH,0.12011561545169937
2016-11-18,CBA02701.CS,0.2799208751437954
2016-11-18,AU9999.SGE,0.22009487636828648
2016-11-18,NH0100.NHF,0.19989093953275983
2016-11-25,000300.SH,0.17999999981999998
2016-11-25,000852.SH,0.11999999987999999
2016-11-25,CBA02701.CS,0.27999999972
2016-11-25,AU9999.SGE,0.21999999977999998
2016-11-25,NH0100.NHF,0.1999999998
2016-12-02,000300.SH,0.17775741971146358
2016-12-02,000852.SH,0.12387549983700012
2016-12-02,CBA02701.CS,0.2782053858820372
2016-12-02,AU9999.SGE,0.225410303689497
2016-12-02,NH0100.NHF,0.1947513898800021
2016-12-09,000300.SH,0.17996126961365205
2016-12-09,000852.SH,0.12030092231088214
2016-12-09,CBA02701.CS,0.2797985670216738
2016-12-09,AU9999.SGE,0.22020051585896366
2016-12-09,NH0100.NHF,0.19973872419482824
2016-12-16,000300.SH,0.17993504073866326
2016-12-16,000852.SH,0.12046691827778361
2016-12-16,CBA02701.CS,0.27968818712851984
2016-12-16,AU9999.SGE,0.2203206995510895
2016-12-16,NH0100.NHF,0.19958915330394358
2016-12-23,000300.SH,0.17999999981999998
2016-12-23,000852.SH,0.11999999987999999
2016-12-23,CBA02701.CS,0.27999999972
2016-12-23,AU9999.SGE,0.21999999977999998
2016-12-23,NH0100.NHF,0.1999999998
2016-12-30,000300.SH,0.17999999981999998
2016-12-30,000852.SH,0.11999999987999999
2016-12-30,CBA02701.CS,0.27999999972
2016-12-30,AU9999.SGE,0.21999999977999998
2016-12-30,NH0100.NHF,0.1999999998
2017-01-06,000300.SH,0.17895312270834118
2017-01-06,000852.SH,0.12273911856455579
2017-01-06,CBA02701.CS,0.2784228430430673
2017-01-06,AU9999.SGE,0.22302110099981987
2017-01-06,NH0100.NHF,0.19686381368421588
2017-01-13,000300.SH,0.17871708444016737
2017-01-13,000852.SH,0.12302444812579691
2017-01-13,CBA02701.CS,0.27826394502892526
2017-01-13,AU9999.SGE,0.2236013016808822
2017-01-13,NH0100.NHF,0.19639321972422835
2017-01-20,000300.SH,0.17980040637093936
2017-01-20,000852.SH,0.12101012799280918
2017-01-20,CBA02701.CS,0.27928148927610363
2017-01-20,AU9999.SGE,0.2208696393751529
2017-01-20,NH0100.NHF,0.19903833598499487
2017-01-27,000300.SH,0.17979751142531022
2017-01-27,000852.SH,0.12086777007077651
2017-01-27,CBA02701.CS,0.2794142049032721
2017-01-27,AU9999.SGE,0.2207779686380954
2017-01-27,NH0100.NHF,0.19914254396254571
2017-02-03,000300.SH,0.17999999981999998
2017-02-03,000852.SH,0.11999999987999999
2017-02-03,CBA02701.CS,0.27999999972
2017-02-03,AU9999.SGE,0.21999999977999998
2017-02-03,NH0100.NHF,0.1999999998
2017-02-10,000300.SH,0.17999999981999998
2017-02-10,000852.SH,0.11999999987999999
2017-02-10,CBA02701.CS,0.27999999972
2017-02-10,AU9999.SGE,0.21999999977999998
2017-02-10,NH0100.NHF,0.1999999998
2017-02-17,000300.SH,0.1793165122161105
2017-02-17,000852.SH,0.12212785391269704
2017-02-17,CBA02701.CS,0.278700346368366
2017-02-17,AU9999.SGE,0.2221533215507639
2017-02-17,NH0100.NHF,0.19770196495206255
2017-02-24,000300.SH,0.17999999981999998
2017-02-24,000852.SH,0.11999999987999999
2017-02-24,CBA02701.CS,0.27999999972
2017-02-24,AU9999.SGE,0.21999999977999998
2017-02-24,NH0100.NHF,0.1999999998
2017-03-03,000300.SH,0.17944430593155733
2017-03-03,000852.SH,0.12212687927639478
2017-03-03,CBA02701.CS,0.27868963441048544
2017-03-03,AU9999.SGE,0.22189245000084137
2017-03-03,NH0100.NHF,0.19784672938072093
2017-03-10,000300.SH,0.17999999981999998
2017-03-10,000852.SH,0.11999999987999999
2017-03-10,CBA02701.CS,0.27999999972
2017-03-10,AU9999.SGE,0.21999999977999998
2017-03-10,NH0100.NHF,0.1999999998
2017-03-17,000300.SH,0.17999999981999998
2017-03-17,000852.SH,0.11999999987999999
2017-03-17,CBA02701.CS,0.27999999972
2017-03-17,AU9999.SGE,0.21999999977999998
2017-03-17,NH0100.NHF,0.1999999998
2017-03-24,000300.SH,0.17995105164210687
2017-03-24,000852.SH,0.12024558406763787
2017-03-24,CBA02701.CS,0.27983240370157075
2017-03-24,AU9999.SGE,0.22020433999985792
2017-03-24,NH0100.NHF,0.1997666195888265
2017-03-31,000300.SH,0.17999999981999998
2017-03-31,000852.SH,0.11999999987999999
2017-03-31,CBA02701.CS,0.27999999972
2017-03-31,AU9999.SGE,0.21999999977999998
2017-03-31,NH0100.NHF,0.1999999998
2017-04-07,000300.SH,0.17999999981999998
2017-04-07,000852.SH,0.11999999987999999
2017-04-07,CBA02701.CS,0.27999999972
2017-04-07,AU9999.SGE,0.21999999977999998
2017-04-07,NH0100.NHF,0.1999999998
2017-04-14,000300.SH,0.1798299010959443
2017-04-14,000852.SH,0.12105542327190857
2017-04-14,CBA02701.CS,0.27930678108038287
2017-04-14,AU9999.SGE,0.2207615849494857
2017-04-14,NH0100.NHF,0.19904630860227834
2017-04-21,000300.SH,0.17999999981999998
2017-04-21,000852.SH,0.11999999987999999
2017-04-21,CBA02701.CS,0.27999999972
2017-04-21,AU9999.SGE,0.21999999977999998
2017-04-21,NH0100.NHF,0.1999999998
2017-04-28,000300.SH,0.17999999981999998
2017-04-28,000852.SH,0.11999999987999999
2017-04-28,CBA02701.CS,0.27999999972
2017-04-28,AU9999.SGE,0.21999999977999998
2017-04-28,NH0100.NHF,0.1999999998
2017-05-05,000300.SH,0.17999999981999998
2017-05-05,000852.SH,0.11999999987999999
2017-05-05,CBA02701.CS,0.27999999972
2017-05-05,AU9999.SGE,0.21999999977999998
2017-05-05,NH0100.NHF,0.1999999998
2017-05-12,000300.SH,0.1798763026530752
2017-05-12,000852.SH,0.12089439116426798
2017-05-12,CBA02701.CS,0.2793779757329664
2017-05-12,AU9999.SGE,0.2206406287389803
2017-05-12,NH0100.NHF,0.19921070071070995
2017-05-19,000300.SH,0.17999999981999998
2017-05-19,000852.SH,0.11999999987999999
2017-05-19,CBA02701.CS,0.27999999972
2017-05-19,AU9999.SGE,0.21999999977999998
2017-05-19,NH0100.NHF,0.1999999998
2017-05-26,000300.SH,0.17934178483174956
2017-05-26,000852.SH,0.12211431992063417
2017-05-26,CBA02701.CS,0.2787054435611431
2017-05-26,AU9999.SGE,0.22209844683855814
2017-05-26,NH0100.NHF,0.197740003847915
2017-06-02,000300.SH,0.17999999981999998
2017-06-02,000852.SH,0.11999999987999999
2017-06-02,CBA02701.CS,0.27999999972
2017-06-02,AU9999.SGE,0.21999999977999998
2017-06-02,NH0100.NHF,0.1999999998
2017-06-09,000300.SH,0.17966825915023454
2017-06-09,000852.SH,0.12128593973571106
2017-06-09,CBA02701.CS,0.2791679151370459
2017-06-09,AU9999.SGE,0.2211800234891682
2017-06-09,NH0100.NHF,0.1986978614878401
2017-06-16,000300.SH,0.17961634472045795
2017-06-16,000852.SH,0.12143284197506303
2017-06-16,CBA02701.CS,0.27908090278349856
2017-06-16,AU9999.SGE,0.22133573719226018
2017-06-16,NH0100.NHF,0.19853417232872017
2017-06-23,000300.SH,0.17859649364415892
2017-06-23,000852.SH,0.12318602523181053
2017-06-23,CBA02701.CS,0.2782721388444529
2017-06-23,AU9999.SGE,0.22379122741828492
2017-06-23,NH0100.NHF,0.19615411386129272
2017-06-30,000300.SH,0.17975260192926285
2017-06-30,000852.SH,0.12101004774423402
2017-06-30,CBA02701.CS,0.27928498306804767
2017-06-30,AU9999.SGE,0.2209679652415167
2017-06-30,NH0100.NHF,0.19898440101693857
2017-07-07,000300.SH,0.17999999981999998
2017-07-07,000852.SH,0.11999999987999999
2017-07-07,CBA02701.CS,0.27999999972
2017-07-07,AU9999.SGE,0.21999999977999998
2017-07-07,NH0100.NHF,0.1999999998
2017-07-14,000300.SH,0.17999999981999998
2017-07-14,000852.SH,0.11999999987999999
2017-07-14,CBA02701.CS,0.27999999972
2017-07-14,AU9999.SGE,0.21999999977999998
2017-07-14,NH0100.NHF,0.1999999998
2017-07-21,000300.SH,0.17999999981999998
2017-07-21,000852.SH,0.11999999987999999
2017-07-21,CBA02701.CS,0.27999999972
2017-07-21,AU9999.SGE,0.21999999977999998
2017-07-21,NH0100.NHF,0.1999999998
2017-07-28,000300.SH,0.17999999981999998
2017-07-28,000852.SH,0.11999999987999999
2017-07-28,CBA02701.CS,0.27999999972
2017-07-28,AU9999.SGE,0.21999999977999998
2017-07-28,NH0100.NHF,0.1999999998
2017-08-04,000300.SH,0.17999999981999998
2017-08-04,000852.SH,0.11999999987999999
2017-08-04,CBA02701.CS,0.27999999972
2017-08-04,AU9999.SGE,0.21999999977999998
2017-08-04,NH0100.NHF,0.1999999998
2017-08-11,000300.SH,0.17979843549728983
2017-08-11,000852.SH,0.12086370515219791
2017-08-11,CBA02701.CS,0.2794137159447212
2017-08-11,AU9999.SGE,0.22077802123669035
2017-08-11,NH0100.NHF,0.19914612116910066
2017-08-18,000300.SH,0.17985047366343954
2017-08-18,000852.SH,0.12070341213390695
2017-08-18,CBA02701.CS,0.2795313837112097
2017-08-18,AU9999.SGE,0.22059235276227887
2017-08-18,NH0100.NHF,0.19932237672916492
2017-08-25,000300.SH,0.17956411463110475
2017-08-25,000852.SH,0.12151777480228838
2017-08-25,CBA02701.CS,0.27885988457377897
2017-08-25,AU9999.SGE,0.2216657169258551
2017-08-25,NH0100.NHF,0.19839250806697267
2017-09-01,000300.SH,0.17926549658414345
2017-09-01,000852.SH,0.12220293026562382
2017-09-01,CBA02701.CS,0.2785980216557983
2017-09-01,AU9999.SGE,0.22235048393937548
2017-09-01,NH0100.NHF,0.1975830665550589
2017-09-08,000300.SH,0.17784728589244522
2017-09-08,000852.SH,0.12407178119329144
2017-09-08,CBA02701.CS,0.27808409393159195
2017-09-08,AU9999.SGE,0.22528349705624912
2017-09-08,NH0100.NHF,0.19471334092642223
2017-09-15,000300.SH,0.17970931104583154
2017-09-15,000852.SH,0.12115425671172979
2017-09-15,CBA02701.CS,0.2792189012181624
2017-09-15,AU9999.SGE,0.22108262060991887
2017-09-15,NH0100.NHF,0.1988349094143573
2017-09-22,000300.SH,0.17999999981999998
2017-09-22,000852.SH,0.11999999987999999
2017-09-22,CBA02701.CS,0.27999999972
2017-09-22,AU9999.SGE,0.21999999977999998
2017-09-22,NH0100.NHF,0.1999999998
2017-09-29,000300.SH,0.17999999981999998
2017-09-29,000852.SH,0.11999999987999999
2017-09-29,CBA02701.CS,0.27999999972
2017-09-29,AU9999.SGE,0.21999999977999998
2017-09-29,NH0100.NHF,0.1999999998
2017-10-06,000300.SH,0.17951432743304907
2017-10-06,000852.SH,0.1216698101895164
2017-10-06,CBA02701.CS,0.27886490686425963
2017-10-06,AU9999.SGE,0.22171126485149814
2017-10-06,NH0100.NHF,0.19823968966167677
2017-10-13,000300.SH,0.17946728014361382
2017-10-13,000852.SH,0.12177442614316303
2017-10-13,CBA02701.CS,0.27878875877389064
2017-10-13,AU9999.SGE,0.22185969374762693
2017-10-13,NH0100.NHF,0.1981098401917057
2017-10-20,000300.SH,0.17999999981999998
2017-10-20,000852.SH,0.11999999987999999
2017-10-20,CBA02701.CS,0.27999999972
2017-10-20,AU9999.SGE,0.21999999977999998
2017-10-20,NH0100.NHF,0.1999999998
2017-10-27,000300.SH,0.17999999981999998
2017-10-27,000852.SH,0.11999999987999999
2017-10-27,CBA02701.CS,0.27999999972
2017-10-27,AU9999.SGE,0.21999999977999998
2017-10-27,NH0100.NHF,0.1999999998
2017-11-03,000300.SH,0.17999999981999998
2017-11-03,000852.SH,0.11999999987999999
2017-11-03,CBA02701.CS,0.27999999972
2017-11-03,AU9999.SGE,0.21999999977999998
2017-11-03,NH0100.NHF,0.1999999998
2017-11-10,000300.SH,0.17999999981999998
2017-11-10,000852.SH,0.11999999987999999
2017-11-10,CBA02701.CS,0.27999999972
2017-11-10,AU9999.SGE,0.21999999977999998
2017-11-10,NH0100.NHF,0.1999999998
2017-11-17,000300.SH,0.17607352232279067
2017-11-17,000852.SH,0.12442838855903633
2017-11-17,CBA02701.CS,0.27873196466211575
2017-11-17,AU9999.SGE,0.22821691919499554
2017-11-17,NH0100.NHF,0.1925492042610616
2017-11-24,000300.SH,0.17901892820886534
2017-11-24,000852.SH,0.12363383720567117
2017-11-24,CBA02701.CS,0.27794913165886714
2017-11-24,AU9999.SGE,0.22308914536424468
2017-11-24,NH0100.NHF,0.19630895656235167
2017-12-01,000300.SH,0.17976375504476805
2017-12-01,000852.SH,0.12098700367930647
2017-12-01,CBA02701.CS,0.27935080107847143
2017-12-01,AU9999.SGE,0.22087829319022248
2017-12-01,NH0100.NHF,0.19902014600723167
2017-12-08,000300.SH,0.17997467552010288
2017-12-08,000852.SH,0.12019928450319302
2017-12-08,CBA02701.CS,0.27986609966301484
2017-12-08,AU9999.SGE,0.22013266249386262
2017-12-08,NH0100.NHF,0.19982727681982645
2017-12-15,000300.SH,0.17999999981999998
2017-12-15,000852.SH,0.11999999987999999
2017-12-15,CBA02701.CS,0.27999999972
2017-12-15,AU9999.SGE,0.21999999977999998
2017-12-15,NH0100.NHF,0.1999999998
2017-12-22,000300.SH,0.1785368676946501
2017-12-22,000852.SH,0.12333820351540009
2017-12-22,CBA02701.CS,0.2780902334157563
2017-12-22,AU9999.SGE,0.22406848801721838
2017-12-22,NH0100.NHF,0.19596620635697506
2017-12-29,000300.SH,0.17999999981999998
2017-12-29,000852.SH,0.11999999987999999
2017-12-29,CBA02701.CS,0.27999999972
2017-12-29,AU9999.SGE,0.21999999977999998
2017-12-29,NH0100.NHF,0.1999999998
2018-01-05,000300.SH,0.1790162077523543
2018-01-05,000852.SH,0.12262544221270225
2018-01-05,CBA02701.CS,0.2784157566399614
2018-01-05,AU9999.SGE,0.22293549717966987
2018-01-05,NH0100.NHF,0.19700709521531218
2018-01-12,000300.SH,0.17679890841423582
2018-01-12,000852.SH,0.12583879769566916
2018-01-12,CBA02701.CS,0.27780305038217895
2018-01-12,AU9999.SGE,0.22720006737424578
2018-01-12,NH0100.NHF,0.1923591751336702
2018-01-19,000300.SH,0.17999999981999998
2018-01-19,000852.SH,0.11999999987999999
2018-01-19,CBA02701.CS,0.27999999972
2018-01-19,AU9999.SGE,0.21999999977999998
2018-01-19,NH0100.NHF,0.1999999998
2018-01-26,000300.SH,0.17999999981999998
2018-01-26,000852.SH,0.11999999987999999
2018-01-26,CBA02701.CS,0.27999999972
2018-01-26,AU9999.SGE,0.21999999977999998
2018-01-26,NH0100.NHF,0.1999999998
2018-02-02,000300.SH,0.1796463353582895
2018-02-02,000852.SH,0.12134234119206583
2018-02-02,CBA02701.CS,0.2791112534308928
2018-02-02,AU9999.SGE,0.22127028229955256
2018-02-02,NH0100.NHF,0.19862978671919912
2018-02-09,000300.SH,0.17945951155714962
2018-02-09,000852.SH,0.12178054450588749
2018-02-09,CBA02701.CS,0.2787501871450944
2018-02-09,AU9999.SGE,0.22191756541900487
2018-02-09,NH0100.NHF,0.1980921903728636
2018-02-16,000300.SH,0.17999999981999998
2018-02-16,000852.SH,0.11999999987999999
2018-02-16,CBA02701.CS,0.27999999972
2018-02-16,AU9999.SGE,0.21999999977999998
2018-02-16,NH0100.NHF,0.1999999998
2018-02-23,000300.SH,0.17774623031912487
2018-02-23,000852.SH,0.12380269281322401
2018-02-23,CBA02701.CS,0.27806020009610605
2018-02-23,AU9999.SGE,0.22562436710917685
2018-02-23,NH0100.NHF,0.19476650866236808
2018-03-02,000300.SH,0.179892996056886
2018-03-02,000852.SH,0.12050920335580387
2018-03-02,CBA02701.CS,0.27963771049266267
2018-03-02,AU9999.SGE,0.220452148168592
2018-03-02,NH0100.NHF,0.19950794092605537
2018-03-09,000300.SH,0.17999135362421642
2018-03-09,000852.SH,0.1200805374044936
2018-03-09,CBA02701.CS,0.2799458792108598
2018-03-09,AU9999.SGE,0.22005022460321721
2018-03-09,NH0100.NHF,0.19993200415721285
2018-03-16,000300.SH,0.17999999981999998
2018-03-16,000852.SH,0.11999999987999999
2018-03-16,CBA02701.CS,0.27999999972
2018-03-16,AU9999.SGE,0.21999999977999998
2018-03-16,NH0100.NHF,0.1999999998
2018-03-23,000300.SH,0.17999999981999998
2018-03-23,000852.SH,0.11999999987999999
2018-03-23,CBA02701.CS,0.27999999972
2018-03-23,AU9999.SGE,0.21999999977999998
2018-03-23,NH0100.NHF,0.1999999998
2018-03-30,000300.SH,0.17999999981999998
2018-03-30,000852.SH,0.11999999987999999
2018-03-30,CBA02701.CS,0.27999999972
2018-03-30,AU9999.SGE,0.21999999977999998
2018-03-30,NH0100.NHF,0.1999999998
2018-04-06,000300.SH,0.17981580733207547
2018-04-06,000852.SH,0.12079931018189898
2018-04-06,CBA02701.CS,0.2794465464560552
2018-04-06,AU9999.SGE,0.22072726787832783
2018-04-06,NH0100.NHF,0.19921106715164244
2018-04-13,000300.SH,0.1785634623000431
2018-04-13,000852.SH,0.12354444257256246
2018-04-13,CBA02701.CS,0.27810418667996284
2018-04-13,AU9999.SGE,0.22392091343077206
2018-04-13,NH0100.NHF,0.19586699401665947
2018-04-20,000300.SH,0.17698831000660653
2018-04-20,000852.SH,0.12422819029128371
2018-04-20,CBA02701.CS,0.2783662605154346
2018-04-20,AU9999.SGE,0.2267455729174676
2018-04-20,NH0100.NHF,0.19367166526920748
2018-04-27,000300.SH,0.17999999981999998
2018-04-27,000852.SH,0.11999999987999999
2018-04-27,CBA02701.CS,0.27999999972
2018-04-27,AU9999.SGE,0.21999999977999998
2018-04-27,NH0100.NHF,0.1999999998
2018-05-04,000300.SH,0.17999999981999998
2018-05-04,000852.SH,0.11999999987999999
2018-05-04,CBA02701.CS,0.27999999972
2018-05-04,AU9999.SGE,0.21999999977999998
2018-05-04,NH0100.NHF,0.1999999998
2018-05-11,000300.SH,0.17933707083102893
2018-05-11,000852.SH,0.1220868716328851
2018-05-11,CBA02701.CS,0.2787211347134272
2018-05-11,AU9999.SGE,0.22210081732041195
2018-05-11,NH0100.NHF,0.19775410450224673
2018-05-18,000300.SH,0.17999999981999998
2018-05-18,000852.SH,0.11999999987999999
2018-05-18,CBA02701.CS,0.27999999972
2018-05-18,AU9999.SGE,0.21999999977999998
2018-05-18,NH0100.NHF,0.1999999998
2018-05-25,000300.SH,0.17999999981999998
2018-05-25,000852.SH,0.11999999987999999
2018-05-25,CBA02701.CS,0.27999999972
2018-05-25,AU9999.SGE,0.21999999977999998
2018-05-25,NH0100.NHF,0.1999999998
2018-06-01,000300.SH,0.1798198536369009
2018-06-01,000852.SH,0.12082557594024869
2018-06-01,CBA02701.CS,0.27942914245358336
2018-06-01,AU9999.SGE,0.22072868609215832
2018-06-01,NH0100.NHF,0.19919674087710867
2018-06-08,000300.SH,0.17999999981999998
2018-06-08,000852.SH,0.11999999987999999
2018-06-08,CBA02701.CS,0.27999999972
2018-06-08,AU9999.SGE,0.21999999977999998
2018-06-08,NH0100.NHF,0.1999999998
2018-06-15,000300.SH,0.17971877789533028
2018-06-15,000852.SH,0.12113287409027182
2018-06-15,CBA02701.CS,0.2792606287063156
2018-06-15,AU9999.SGE,0.22102310809112746
2018-06-15,NH0100.NHF,0.1988646102169547
2018-06-22,000300.SH,0.17999999981999998
2018-06-22,000852.SH,0.11999999987999999
2018-06-22,CBA02701.CS,0.27999999972
2018-06-22,AU9999.SGE,0.21999999977999998
2018-06-22,NH0100.NHF,0.1999999998
2018-06-29,000300.SH,0.17999999981999998
2018-06-29,000852.SH,0.11999999987999999
2018-06-29,CBA02701.CS,0.27999999972
2018-06-29,AU9999.SGE,0.21999999977999998
2018-06-29,NH0100.NHF,0.1999999998
2018-07-06,000300.SH,0.17999999981999998
2018-07-06,000852.SH,0.11999999987999999
2018-07-06,CBA02701.CS,0.27999999972
2018-07-06,AU9999.SGE,0.21999999977999998
2018-07-06,NH0100.NHF,0.1999999998
2018-07-13,000300.SH,0.1799593081422498
2018-07-13,000852.SH,0.12049966413242601
2018-07-13,CBA02701.CS,0.27964223163412394
2018-07-13,AU9999.SGE,0.22030870312982742
2018-07-13,NH0100.NHF,0.19959009196137276
2018-07-20,000300.SH,0.17999999981999998
2018-07-20,000852.SH,0.11999999987999999
2018-07-20,CBA02701.CS,0.27999999972
2018-07-20,AU9999.SGE,0.21999999977999998
2018-07-20,NH0100.NHF,0.1999999998
2018-07-27,000300.SH,0.17999999981999998
2018-07-27,000852.SH,0.11999999987999999
2018-07-27,CBA02701.CS,0.27999999972
2018-07-27,AU9999.SGE,0.21999999977999998
2018-07-27,NH0100.NHF,0.1999999998
2018-08-03,000300.SH,0.1798463265634524
2018-08-03,000852.SH,0.12069096533916644
2018-08-03,CBA02701.CS,0.2795387987234359
2018-08-03,AU9999.SGE,0.22059738738276619
2018-08-03,NH0100.NHF,0.19932652099117895
2018-08-10,000300.SH,0.17999999981999998
2018-08-10,000852.SH,0.11999999987999999
2018-08-10,CBA02701.CS,0.27999999972
2018-08-10,AU9999.SGE,0.21999999977999998
2018-08-10,NH0100.NHF,0.1999999998
2018-08-17,000300.SH,0.17999999981999998
2018-08-17,000852.SH,0.11999999987999999
2018-08-17,CBA02701.CS,0.27999999972
2018-08-17,AU9999.SGE,0.21999999977999998
2018-08-17,NH0100.NHF,0.1999999998
2018-08-24,000300.SH,0.17999999981999998
2018-08-24,000852.SH,0.11999999987999999
2018-08-24,CBA02701.CS,0.27999999972
2018-08-24,AU9999.SGE,0.21999999977999998
2018-08-24,NH0100.NHF,0.1999999998
2018-08-31,000300.SH,0.1790204121068155
2018-08-31,000852.SH,0.12359324713091027
2018-08-31,CBA02701.CS,0.27784630558185464
2018-08-31,AU9999.SGE,0.22321664236409156
2018-08-31,NH0100.NHF,0.19632339181632777
2018-09-07,000300.SH,0.17999999981999998
2018-09-07,000852.SH,0.11999999987999999
2018-09-07,CBA02701.CS,0.27999999972
2018-09-07,AU9999.SGE,0.21999999977999998
2018-09-07,NH0100.NHF,0.1999999998
2018-09-14,000300.SH,0.17605809947077614
2018-09-14,000852.SH,0.12443018313362271
2018-09-14,CBA02701.CS,0.27873938700560874
2018-09-14,AU9999.SGE,0.2282408831820018
2018-09-14,NH0100.NHF,0.19253144620799068
2018-09-21,000300.SH,0.17981174717277496
2018-09-21,000852.SH,0.1208198556273352
2018-09-21,CBA02701.CS,0.2794561610135593
2018-09-21,AU9999.SGE,0.22071764408632577
2018-09-21,NH0100.NHF,0.19919459110000476
2018-09-28,000300.SH,0.17999999981999998
2018-09-28,000852.SH,0.11999999987999999
2018-09-28,CBA02701.CS,0.27999999972
2018-09-28,AU9999.SGE,0.21999999977999998
2018-09-28,NH0100.NHF,0.1999999998
2018-10-05,000300.SH,0.17999999981999998
2018-10-05,000852.SH,0.11999999987999999
2018-10-05,CBA02701.CS,0.27999999972
2018-10-05,AU9999.SGE,0.21999999977999998
2018-10-05,NH0100.NHF,0.1999999998
2018-10-12,000300.SH,0.17170715887617416
2018-10-12,000852.SH,0.12381447109229268
2018-10-12,CBA02701.CS,0.28168502305590315
2018-10-12,AU9999.SGE,0.23444907022807718
2018-10-12,NH0100.NHF,0.18834427574755275
2018-10-19,000300.SH,0.17999999981999998
2018-10-19,000852.SH,0.11999999987999999
2018-10-19,CBA02701.CS,0.27999999972
2018-10-19,AU9999.SGE,0.21999999977999998
2018-10-19,NH0100.NHF,0.1999999998
2018-10-26,000300.SH,0.17901052807029072
2018-10-26,000852.SH,0.12265477606371049
2018-10-26,CBA02701.CS,0.2784569647418011
2018-10-26,AU9999.SGE,0.22289052691433
2018-10-26,NH0100.NHF,0.19698720320986765
2018-11-02,000300.SH,0.17757807420776
2018-11-02,000852.SH,0.12396493006920363
2018-11-02,CBA02701.CS,0.2782061961534935
2018-11-02,AU9999.SGE,0.2257604324668276
2018-11-02,NH0100.NHF,0.19449036610271508
2018-11-09,000300.SH,0.17835329788474724
2018-11-09,000852.SH,0.12342952865044939
2018-11-09,CBA02701.CS,0.27821807221782047
2018-11-09,AU9999.SGE,0.22428376307750175
2018-11-09,NH0100.NHF,0.19571533716948106
2018-11-16,000300.SH,0.1797089008315613
2018-11-16,000852.SH,0.12115164949503208
2018-11-16,CBA02701.CS,0.27920682007359654
2018-11-16,AU9999.SGE,0.22109806469886797
2018-11-16,NH0100.NHF,0.19883456390094215
2018-11-23,000300.SH,0.17999999981999998
2018-11-23,000852.SH,0.11999999987999999
2018-11-23,CBA02701.CS,0.27999999972
2018-11-23,AU9999.SGE,0.21999999977999998
2018-11-23,NH0100.NHF,0.1999999998
2018-11-30,000300.SH,0.17999999981999998
2018-11-30,000852.SH,0.11999999987999999
2018-11-30,CBA02701.CS,0.27999999972
2018-11-30,AU9999.SGE,0.21999999977999998
2018-11-30,NH0100.NHF,0.1999999998
2018-12-07,000300.SH,0.17999999981999998
2018-12-07,000852.SH,0.11999999987999999
2018-12-07,CBA02701.CS,0.27999999972
2018-12-07,AU9999.SGE,0.21999999977999998
2018-12-07,NH0100.NHF,0.1999999998
2018-12-14,000300.SH,0.17866366440912954
2018-12-14,000852.SH,0.12325631693917041
2018-12-14,CBA02701.CS,0.27822074483702086
2018-12-14,AU9999.SGE,0.22367995989140546
2018-12-14,NH0100.NHF,0.1961793129232737
2018-12-21,000300.SH,0.17999999981999998
2018-12-21,000852.SH,0.11999999987999999
2018-12-21,CBA02701.CS,0.27999999972
2018-12-21,AU9999.SGE,0.21999999977999998
2018-12-21,NH0100.NHF,0.1999999998
2018-12-28,000300.SH,0.17999999981999998
2018-12-28,000852.SH,0.11999999987999999
2018-12-28,CBA02701.CS,0.27999999972
2018-12-28,AU9999.SGE,0.21999999977999998
2018-12-28,NH0100.NHF,0.1999999998
2019-01-04,000300.SH,0.17999999981999998
2019-01-04,000852.SH,0.11999999987999999
2019-01-04,CBA02701.CS,0.27999999972
2019-01-04,AU9999.SGE,0.21999999977999998
2019-01-04,NH0100.NHF,0.1999999998
2019-01-11,000300.SH,0.17972342334012711
2019-01-11,000852.SH,0.12109761134328065
2019-01-11,CBA02701.CS,0.27920854360600494
2019-01-11,AU9999.SGE,0.22108470701388783
2019-01-11,NH0100.NHF,0.1988857136966994
2019-01-18,000300.SH,0.17999999981999998
2019-01-18,000852.SH,0.11999999987999999
2019-01-18,CBA02701.CS,0.27999999972
2019-01-18,AU9999.SGE,0.21999999977999998
2019-01-18,NH0100.NHF,0.1999999998
2019-01-25,000300.SH,0.17916211690194503
2019-01-25,000852.SH,0.12261563177567132
2019-01-25,CBA02701.CS,0.2784537644903464
2019-01-25,AU9999.SGE,0.22258417382942777
2019-01-25,NH0100.NHF,0.19718431200260939
2019-02-01,000300.SH,0.17999999981999998
2019-02-01,000852.SH,0.11999999987999999
2019-02-01,CBA02701.CS,0.27999999972
2019-02-01,AU9999.SGE,0.21999999977999998
2019-02-01,NH0100.NHF,0.1999999998
2019-02-08,000300.SH,0.17999999981999998
2019-02-08,000852.SH,0.11999999987999999
2019-02-08,CBA02701.CS,0.27999999972
2019-02-08,AU9999.SGE,0.21999999977999998
2019-02-08,NH0100.NHF,0.1999999998
2019-02-15,000300.SH,0.1797785505811609
2019-02-15,000852.SH,0.12093562999271774
2019-02-15,CBA02701.CS,0.27937849110699864
2019-02-15,AU9999.SGE,0.22083411105965803
2019-02-15,NH0100.NHF,0.19907321625946453
2019-02-22,000300.SH,0.17999999981999998
2019-02-22,000852.SH,0.11999999987999999
2019-02-22,CBA02701.CS,0.27999999972
2019-02-22,AU9999.SGE,0.21999999977999998
2019-02-22,NH0100.NHF,0.1999999998
2019-03-01,000300.SH,0.17999999981999998
2019-03-01,000852.SH,0.11999999987999999
2019-03-01,CBA02701.CS,0.27999999972
2019-03-01,AU9999.SGE,0.21999999977999998
2019-03-01,NH0100.NHF,0.1999999998
2019-03-08,000300.SH,0.17999999981999998
2019-03-08,000852.SH,0.11999999987999999
2019-03-08,CBA02701.CS,0.27999999972
2019-03-08,AU9999.SGE,0.21999999977999998
2019-03-08,NH0100.NHF,0.1999999998
2019-03-15,000300.SH,0.17999999981999998
2019-03-15,000852.SH,0.11999999987999999
2019-03-15,CBA02701.CS,0.27999999972
2019-03-15,AU9999.SGE,0.21999999977999998
2019-03-15,NH0100.NHF,0.1999999998
2019-03-22,000300.SH,0.17914752506454876
2019-03-22,000852.SH,0.1230305192219188
2019-03-22,CBA02701.CS,0.2782189792020988
2019-03-22,AU9999.SGE,0.22272923841102737
2019-03-22,NH0100.NHF,0.19687373710040618
2019-03-29,000300.SH,0.178908303147195
2019-03-29,000852.SH,0.123759618388709
2019-03-29,CBA02701.CS,0.2779108159828578
2019-03-29,AU9999.SGE,0.2233232004179707
2019-03-29,NH0100.NHF,0.1960980610632675
2019-04-05,000300.SH,0.17999999981999998
2019-04-05,000852.SH,0.11999999987999999
2019-04-05,CBA02701.CS,0.27999999972
2019-04-05,AU9999.SGE,0.21999999977999998
2019-04-05,NH0100.NHF,0.1999999998
2019-04-12,000300.SH,0.17922551810216178
2019-04-12,000852.SH,0.12227810806019106
2019-04-12,CBA02701.CS,0.2785661247792358
2019-04-12,AU9999.SGE,0.22244461206126082
2019-04-12,NH0100.NHF,0.19748563599715063
2019-04-19,000300.SH,0.17999999981999998
2019-04-19,000852.SH,0.11999999987999999
2019-04-19,CBA02701.CS,0.27999999972
2019-04-19,AU9999.SGE,0.21999999977999998
2019-04-19,NH0100.NHF,0.1999999998
2019-04-26,000300.SH,0.17999999981999998
2019-04-26,000852.SH,0.11999999987999999
2019-04-26,CBA02701.CS,0.27999999972
2019-04-26,AU9999.SGE,0.21999999977999998
2019-04-26,NH0100.NHF,0.1999999998
2019-05-03,000300.SH,0.17999999981999998
2019-05-03,000852.SH,0.11999999987999999
2019-05-03,CBA02701.CS,0.27999999972
2019-05-03,AU9999.SGE,0.21999999977999998
2019-05-03,NH0100.NHF,0.1999999998
2019-05-10,000300.SH,0.17997212359117126
2019-05-10,000852.SH,0.12015453364552472
2019-05-10,CBA02701.CS,0.2798947391604553
2019-05-10,AU9999.SGE,0.2201221021084388
2019-05-10,NH0100.NHF,0.1998565004944098
2019-05-17,000300.SH,0.17999999981999998
2019-05-17,000852.SH,0.11999999987999999
2019-05-17,CBA02701.CS,0.27999999972
2019-05-17,AU9999.SGE,0.21999999977999998
2019-05-17,NH0100.NHF,0.1999999998
2019-05-24,000300.SH,0.17999999981999998
2019-05-24,000852.SH,0.11999999987999999
2019-05-24,CBA02701.CS,0.27999999972
2019-05-24,AU9999.SGE,0.21999999977999998
2019-05-24,NH0100.NHF,0.1999999998
2019-05-31,000300.SH,0.17797780778438202
2019-05-31,000852.SH,0.12419214807080536
2019-05-31,CBA02701.CS,0.27798253828046193
2019-05-31,AU9999.SGE,0.22507509036009793
2019-05-31,NH0100.NHF,0.19477241450425276
2019-06-07,000300.SH,0.17999482543898285
2019-06-07,000852.SH,0.12002714887225183
2019-06-07,CBA02701.CS,0.2799798974473511
2019-06-07,AU9999.SGE,0.2200238581737628
2019-06-07,NH0100.NHF,0.1999742690676513
2019-06-14,000300.SH,0.17999999981999998
2019-06-14,000852.SH,0.11999999987999999
2019-06-14,CBA02701.CS,0.27999999972
2019-06-14,AU9999.SGE,0.21999999977999998
2019-06-14,NH0100.NHF,0.1999999998
2019-06-21,000300.SH,0.17999999981999998
2019-06-21,000852.SH,0.11999999987999999
2019-06-21,CBA02701.CS,0.27999999972
2019-06-21,AU9999.SGE,0.21999999977999998
2019-06-21,NH0100.NHF,0.1999999998
2019-06-28,000300.SH,0.17999999981999998
2019-06-28,000852.SH,0.11999999987999999
2019-06-28,CBA02701.CS,0.27999999972
2019-06-28,AU9999.SGE,0.21999999977999998
2019-06-28,NH0100.NHF,0.1999999998
2019-07-05,000300.SH,0.1796049083626453
2019-07-05,000852.SH,0.12260106858986856
2019-07-05,CBA02701.CS,0.27841084968410923
2019-07-05,AU9999.SGE,0.22169088549950336
2019-07-05,NH0100.NHF,0.19769228686387336
2019-07-12,000300.SH,0.17999999981999998
2019-07-12,000852.SH,0.11999999987999999
2019-07-12,CBA02701.CS,0.27999999972
2019-07-12,AU9999.SGE,0.21999999977999998
2019-07-12,NH0100.NHF,0.1999999998
2019-07-19,000300.SH,0.17999999981999998
2019-07-19,000852.SH,0.11999999987999999
2019-07-19,CBA02701.CS,0.27999999972
2019-07-19,AU9999.SGE,0.21999999977999998
2019-07-19,NH0100.NHF,0.1999999998
2019-07-26,000300.SH,0.17999999981999998
2019-07-26,000852.SH,0.11999999987999999
2019-07-26,CBA02701.CS,0.27999999972
2019-07-26,AU9999.SGE,0.21999999977999998
2019-07-26,NH0100.NHF,0.1999999998
2019-08-02,000300.SH,0.1796977638442542
2019-08-02,000852.SH,0.12152765566006987
2019-08-02,CBA02701.CS,0.27902463386275067
2019-08-02,AU9999.SGE,0.2211905794802509
2019-08-02,NH0100.NHF,0.19855936615267436
2019-08-09,000300.SH,0.1798870932400458
2019-08-09,000852.SH,0.12052767554780927
2019-08-09,CBA02701.CS,0.2796417194629817
2019-08-09,AU9999.SGE,0.2204535379230089
2019-08-09,NH0100.NHF,0.19948997282615424
2019-08-16,000300.SH,0.17960465721972285
2019-08-16,000852.SH,0.12158856594710224
2019-08-16,CBA02701.CS,0.27889304974523416
2019-08-16,AU9999.SGE,0.22151589180583053
2019-08-16,NH0100.NHF,0.1983978342821103
2019-08-23,000300.SH,0.17999999981999998
2019-08-23,000852.SH,0.11999999987999999
2019-08-23,CBA02701.CS,0.27999999972
2019-08-23,AU9999.SGE,0.21999999977999998
2019-08-23,NH0100.NHF,0.1999999998
2019-08-30,000300.SH,0.17999999981999998
2019-08-30,000852.SH,0.11999999987999999
2019-08-30,CBA02701.CS,0.27999999972
2019-08-30,AU9999.SGE,0.21999999977999998
2019-08-30,NH0100.NHF,0.1999999998
2019-09-06,000300.SH,0.17999999981999998
2019-09-06,000852.SH,0.11999999987999999
2019-09-06,CBA02701.CS,0.27999999972
2019-09-06,AU9999.SGE,0.21999999977999998
2019-09-06,NH0100.NHF,0.1999999998
2019-09-13,000300.SH,0.17999999981999998
2019-09-13,000852.SH,0.11999999987999999
2019-09-13,CBA02701.CS,0.27999999972
2019-09-13,AU9999.SGE,0.21999999977999998
2019-09-13,NH0100.NHF,0.1999999998
2019-09-20,000300.SH,0.17999999981999998
2019-09-20,000852.SH,0.11999999987999999
2019-09-20,CBA02701.CS,0.27999999972
2019-09-20,AU9999.SGE,0.21999999977999998
2019-09-20,NH0100.NHF,0.1999999998
2019-09-27,000300.SH,0.17889356203524526
2019-09-27,000852.SH,0.12410012165591308
2019-09-27,CBA02701.CS,0.27774511967353926
2019-09-27,AU9999.SGE,0.22341773956948893
2019-09-27,NH0100.NHF,0.19584345606581338
2019-10-04,000300.SH,0.17999999981999998
2019-10-04,000852.SH,0.11999999987999999
2019-10-04,CBA02701.CS,0.27999999972
2019-10-04,AU9999.SGE,0.21999999977999998
2019-10-04,NH0100.NHF,0.1999999998
2019-10-11,000300.SH,0.17999999981999998
2019-10-11,000852.SH,0.11999999987999999
2019-10-11,CBA02701.CS,0.27999999972
2019-10-11,AU9999.SGE,0.21999999977999998
2019-10-11,NH0100.NHF,0.1999999998
2019-10-18,000300.SH,0.17974830517604504
2019-10-18,000852.SH,0.12119900267345578
2019-10-18,CBA02701.CS,0.2792216403912369
2019-10-18,AU9999.SGE,0.22097987385180484
2019-10-18,NH0100.NHF,0.19885117690745754
2019-10-25,000300.SH,0.17998058092416472
2019-10-25,000852.SH,0.12010066681533456
2019-10-25,CBA02701.CS,0.2799292382660713
2019-10-25,AU9999.SGE,0.22008470536260671
2019-10-25,NH0100.NHF,0.19990480763182242
2019-11-01,000300.SH,0.17999999981999998
2019-11-01,000852.SH,0.11999999987999999
2019-11-01,CBA02701.CS,0.27999999972
2019-11-01,AU9999.SGE,0.21999999977999998
2019-11-01,NH0100.NHF,0.1999999998
2019-11-08,000300.SH,0.17959913000667277
2019-11-08,000852.SH,0.12144066614914538
2019-11-08,CBA02701.CS,0.2789494597499569
2019-11-08,AU9999.SGE,0.2215178841968384
2019-11-08,NH0100.NHF,0.19849285889738652
2019-11-15,000300.SH,0.17853347765884128
2019-11-15,000852.SH,0.12325328341673525
2019-11-15,CBA02701.CS,0.2782548197873589
2019-11-15,AU9999.SGE,0.22392106915064489
2019-11-15,NH0100.NHF,0.19603734898641967
2019-11-22,000300.SH,0.17999999981999998
2019-11-22,000852.SH,0.11999999987999999
2019-11-22,CBA02701.CS,0.27999999972
2019-11-22,AU9999.SGE,0.21999999977999998
2019-11-22,NH0100.NHF,0.1999999998
2019-11-29,000300.SH,0.17999999981999998
2019-11-29,000852.SH,0.11999999987999999
2019-11-29,CBA02701.CS,0.27999999972
2019-11-29,AU9999.SGE,0.21999999977999998
2019-11-29,NH0100.NHF,0.1999999998
2019-12-06,000300.SH,0.17999999981999998
2019-12-06,000852.SH,0.11999999987999999
2019-12-06,CBA02701.CS,0.27999999972
2019-12-06,AU9999.SGE,0.21999999977999998
2019-12-06,NH0100.NHF,0.1999999998
2019-12-13,000300.SH,0.17993642180241826
2019-12-13,000852.SH,0.12031863554220229
2019-12-13,CBA02701.CS,0.2797838849006421
2019-12-13,AU9999.SGE,0.22026376796730665
2019-12-13,NH0100.NHF,0.19969728878743065
2019-12-20,000300.SH,0.17977344145338978
2019-12-20,000852.SH,0.12095427910735904
2019-12-20,CBA02701.CS,0.27937126202007284
2019-12-20,AU9999.SGE,0.22084640775132292
2019-12-20,NH0100.NHF,0.19905460866785535
2019-12-27,000300.SH,0.17999999981999998
2019-12-27,000852.SH,0.11999999987999999
2019-12-27,CBA02701.CS,0.27999999972
2019-12-27,AU9999.SGE,0.21999999977999998
2019-12-27,NH0100.NHF,0.1999999998
2020-01-03,000300.SH,0.17966378198211114
2020-01-03,000852.SH,0.12181722722955533
2020-01-03,CBA02701.CS,0.278794037723768
2020-01-03,AU9999.SGE,0.22141794271217702
2020-01-03,NH0100.NHF,0.19830700935238849
2020-01-10,000300.SH,0.17999153683147318
2020-01-10,000852.SH,0.12004443040534214
2020-01-10,CBA02701.CS,0.2799683522508035
2020-01-10,AU9999.SGE,0.22003762414575556
2020-01-10,NH0100.NHF,0.19995805536662553
2020-01-17,000300.SH,0.17985244494308883
2020-01-17,000852.SH,0.12066734234088536
2020-01-17,CBA02701.CS,0.2795540703976877
2020-01-17,AU9999.SGE,0.22057567394028998
2020-01-17,NH0100.NHF,0.1993504673780481
2020-01-24,000300.SH,0.17999999981999998
2020-01-24,000852.SH,0.11999999987999999
2020-01-24,CBA02701.CS,0.27999999972
2020-01-24,AU9999.SGE,0.21999999977999998
2020-01-24,NH0100.NHF,0.1999999998
2020-01-31,000300.SH,0.17962224830602377
2020-01-31,000852.SH,0.12141662499572788
2020-01-31,CBA02701.CS,0.2790904093081372
2020-01-31,AU9999.SGE,0.22131829001004907
2020-01-31,NH0100.NHF,0.19855242638006218
2020-02-07,000300.SH,0.17999999981999998
2020-02-07,000852.SH,0.11999999987999999
2020-02-07,CBA02701.CS,0.27999999972
2020-02-07,AU9999.SGE,0.21999999977999998
2020-02-07,NH0100.NHF,0.1999999998
2020-02-14,000300.SH,0.17999999981999998
2020-02-14,000852.SH,0.11999999987999999
2020-02-14,CBA02701.CS,0.27999999972
2020-02-14,AU9999.SGE,0.21999999977999998
2020-02-14,NH0100.NHF,0.1999999998
2020-02-21,000300.SH,0.1794051447807353
2020-02-21,000852.SH,0.12188336919153354
2020-02-21,CBA02701.CS,0.27864473739997014
2020-02-21,AU9999.SGE,0.2221153307211144
2020-02-21,NH0100.NHF,0.19795141690664658
2020-02-28,000300.SH,0.17896642357049086
2020-02-28,000852.SH,0.12271992586666254
2020-02-28,CBA02701.CS,0.27843047116884734
2020-02-28,AU9999.SGE,0.2229910331123256
2020-02-28,NH0100.NHF,0.19689214528167362
2020-03-06,000300.SH,0.1794195318699073
2020-03-06,000852.SH,0.12186000006899844
2020-03-06,CBA02701.CS,0.2786797624935135
2020-03-06,AU9999.SGE,0.22205357341716742
2020-03-06,NH0100.NHF,0.19798713115041344
2020-03-13,000300.SH,0.17999999981999998
2020-03-13,000852.SH,0.11999999987999999
2020-03-13,CBA02701.CS,0.27999999972
2020-03-13,AU9999.SGE,0.21999999977999998
2020-03-13,NH0100.NHF,0.1999999998
2020-03-20,000300.SH,0.17999999981999998
2020-03-20,000852.SH,0.11999999987999999
2020-03-20,CBA02701.CS,0.27999999972
2020-03-20,AU9999.SGE,0.21999999977999998
2020-03-20,NH0100.NHF,0.1999999998
2020-03-27,000300.SH,0.17998533764054475
2020-03-27,000852.SH,0.12024694391788947
2020-03-27,CBA02701.CS,0.27982699632846114
2020-03-27,AU9999.SGE,0.22013661689549532
2020-03-27,NH0100.NHF,0.19980410421760933
2020-04-03,000300.SH,0.17816846092042316
2020-04-03,000852.SH,0.12351054561556729
2020-04-03,CBA02701.CS,0.27804954975250645
2020-04-03,AU9999.SGE,0.22483958278737154
2020-04-03,NH0100.NHF,0.1954318599241315
2020-04-10,000300.SH,0.17999999981999998
2020-04-10,000852.SH,0.11999999987999999
2020-04-10,CBA02701.CS,0.27999999972
2020-04-10,AU9999.SGE,0.21999999977999998
2020-04-10,NH0100.NHF,0.1999999998
2020-04-17,000300.SH,0.1799495830206789
2020-04-17,000852.SH,0.12025260552358566
2020-04-17,CBA02701.CS,0.27982808519971036
2020-04-17,AU9999.SGE,0.22020979670056967
2020-04-17,NH0100.NHF,0.19975992855545532
2020-04-24,000300.SH,0.17969748302128352
2020-04-24,000852.SH,0.12146781694536297
2020-04-24,CBA02701.CS,0.27900615637854753
2020-04-24,AU9999.SGE,0.22123376152964436
2020-04-24,NH0100.NHF,0.19859478112516152
2020-05-01,000300.SH,0.17959251910328974
2020-05-01,000852.SH,0.12149709268749671
2020-05-01,CBA02701.CS,0.2790434886367421
2020-05-01,AU9999.SGE,0.22140551226302088
2020-05-01,NH0100.NHF,0.19846138630945054
2020-05-08,000300.SH,0.17326597987942008
2020-05-08,000852.SH,0.12410885625211561
2020-05-08,CBA02701.CS,0.2804330914964226
2020-05-08,AU9999.SGE,0.2324196432265548
2020-05-08,NH0100.NHF,0.1897724281454868
2020-05-15,000300.SH,0.17999999981999998
2020-05-15,000852.SH,0.11999999987999999
2020-05-15,CBA02701.CS,0.27999999972
2020-05-15,AU9999.SGE,0.21999999977999998
2020-05-15,NH0100.NHF,0.1999999998
2020-05-22,000300.SH,0.17999999981999998
2020-05-22,000852.SH,0.11999999987999999
2020-05-22,CBA02701.CS,0.27999999972
2020-05-22,AU9999.SGE,0.21999999977999998
2020-05-22,NH0100.NHF,0.1999999998
2020-05-29,000300.SH,0.17999999981999998
2020-05-29,000852.SH,0.11999999987999999
2020-05-29,CBA02701.CS,0.27999999972
2020-05-29,AU9999.SGE,0.21999999977999998
2020-05-29,NH0100.NHF,0.1999999998
2020-06-05,000300.SH,0.17919473576118056
2020-06-05,000852.SH,0.12258971637953535
2020-06-05,CBA02701.CS,0.27846296736194187
2020-06-05,AU9999.SGE,0.2225134607501933
2020-06-05,NH0100.NHF,0.19723911874714878
2020-06-12,000300.SH,0.17999999981999998
2020-06-12,000852.SH,0.11999999987999999
2020-06-12,CBA02701.CS,0.27999999972
2020-06-12,AU9999.SGE,0.21999999977999998
2020-06-12,NH0100.NHF,0.1999999998
2020-06-19,000300.SH,0.17999999981999998
2020-06-19,000852.SH,0.11999999987999999
2020-06-19,CBA02701.CS,0.27999999972
2020-06-19,AU9999.SGE,0.21999999977999998
2020-06-19,NH0100.NHF,0.1999999998
2020-06-26,000300.SH,0.17999999981999998
2020-06-26,000852.SH,0.11999999987999999
2020-06-26,CBA02701.CS,0.27999999972
2020-06-26,AU9999.SGE,0.21999999977999998
2020-06-26,NH0100.NHF,0.1999999998
2020-07-03,000300.SH,0.17828743259977686
2020-07-03,000852.SH,0.12348850782788312
2020-07-03,CBA02701.CS,0.27820897049435206
2020-07-03,AU9999.SGE,0.22441344445781158
2020-07-03,NH0100.NHF,0.1956016436201763
2020-07-10,000300.SH,0.17742462832298037
2020-07-10,000852.SH,0.12412604378801927
2020-07-10,CBA02701.CS,0.27822321630111285
2020-07-10,AU9999.SGE,0.22601084108691044
2020-07-10,NH0100.NHF,0.1942152695009769
2020-07-17,000300.SH,0.17736032652189185
2020-07-17,000852.SH,0.12413012244612973
2020-07-17,CBA02701.CS,0.278247786956883
2020-07-17,AU9999.SGE,0.2261191767240571
2020-07-17,NH0100.NHF,0.19414258635103826
2020-07-24,000300.SH,0.17564525089772876
2020-07-24,000852.SH,0.12415085224857986
2020-07-24,CBA02701.CS,0.2783175314521462
2020-07-24,AU9999.SGE,0.22970090292176604
2020-07-24,NH0100.NHF,0.1921854614797792
2020-07-31,000300.SH,0.17999999981999998
2020-07-31,000852.SH,0.11999999987999999
2020-07-31,CBA02701.CS,0.27999999972
2020-07-31,AU9999.SGE,0.21999999977999998
2020-07-31,NH0100.NHF,0.1999999998
2020-08-07,000300.SH,0.17999999981999998
2020-08-07,000852.SH,0.11999999987999999
2020-08-07,CBA02701.CS,0.27999999972
2020-08-07,AU9999.SGE,0.21999999977999998
2020-08-07,NH0100.NHF,0.1999999998
2020-08-14,000300.SH,0.17999999981999998
2020-08-14,000852.SH,0.11999999987999999
2020-08-14,CBA02701.CS,0.27999999972
2020-08-14,AU9999.SGE,0.21999999977999998
2020-08-14,NH0100.NHF,0.1999999998
2020-08-21,000300.SH,0.17999999981999998
2020-08-21,000852.SH,0.11999999987999999
2020-08-21,CBA02701.CS,0.27999999972
2020-08-21,AU9999.SGE,0.21999999977999998
2020-08-21,NH0100.NHF,0.1999999998
2020-08-28,000300.SH,0.17999999981999998
2020-08-28,000852.SH,0.11999999987999999
2020-08-28,CBA02701.CS,0.27999999972
2020-08-28,AU9999.SGE,0.21999999977999998
2020-08-28,NH0100.NHF,0.1999999998
2020-09-04,000300.SH,0.17999999981999998
2020-09-04,000852.SH,0.11999999987999999
2020-09-04,CBA02701.CS,0.27999999972
2020-09-04,AU9999.SGE,0.21999999977999998
2020-09-04,NH0100.NHF,0.1999999998
2020-09-11,000300.SH,0.17999366038980388
2020-09-11,000852.SH,0.12003365874489401
2020-09-11,CBA02701.CS,0.27997620356469577
2020-09-11,AU9999.SGE,0.22002814748290836
2020-09-11,NH0100.NHF,0.19996832881769794
2020-09-18,000300.SH,0.1784832490792888
2020-09-18,000852.SH,0.12329236682150733
2020-09-18,CBA02701.CS,0.27821838765625445
2020-09-18,AU9999.SGE,0.22405535145014588
2020-09-18,NH0100.NHF,0.1959506439928035
2020-09-25,000300.SH,0.17999999981999998
2020-09-25,000852.SH,0.11999999987999999
2020-09-25,CBA02701.CS,0.27999999972
2020-09-25,AU9999.SGE,0.21999999977999998
2020-09-25,NH0100.NHF,0.1999999998
2020-10-02,000300.SH,0.17999999981999998
2020-10-02,000852.SH,0.11999999987999999
2020-10-02,CBA02701.CS,0.27999999972
2020-10-02,AU9999.SGE,0.21999999977999998
2020-10-02,NH0100.NHF,0.1999999998
2020-10-09,000300.SH,0.17999999981999998
2020-10-09,000852.SH,0.11999999987999999
2020-10-09,CBA02701.CS,0.27999999972
2020-10-09,AU9999.SGE,0.21999999977999998
2020-10-09,NH0100.NHF,0.1999999998
2020-10-16,000300.SH,0.17975330347139834
2020-10-16,000852.SH,0.1210091234200241
2020-10-16,CBA02701.CS,0.27923007259525906
2020-10-16,AU9999.SGE,0.2210287014033635
2020-10-16,NH0100.NHF,0.19897879810995495
2020-10-23,000300.SH,0.17974346252509374
2020-10-23,000852.SH,0.12106293975736283
2020-10-23,CBA02701.CS,0.279303751857139
2020-10-23,AU9999.SGE,0.2209471262129791
2020-10-23,NH0100.NHF,0.1989427186474253
2020-10-30,000300.SH,0.17999999981999998
2020-10-30,000852.SH,0.11999999987999999
2020-10-30,CBA02701.CS,0.27999999972
2020-10-30,AU9999.SGE,0.21999999977999998
2020-10-30,NH0100.NHF,0.1999999998
2020-11-06,000300.SH,0.17975083792351088
2020-11-06,000852.SH,0.12110840219153905
2020-11-06,CBA02701.CS,0.279230962673489
2020-11-06,AU9999.SGE,0.22099688226867786
2020-11-06,NH0100.NHF,0.19891291394278313
2020-11-13,000300.SH,0.17991068469652144
2020-11-13,000852.SH,0.12042082710761316
2020-11-13,CBA02701.CS,0.2796755341061467
2020-11-13,AU9999.SGE,0.22040380595177378
2020-11-13,NH0100.NHF,0.1995891471379449
2020-11-20,000300.SH,0.17999999981999998
2020-11-20,000852.SH,0.11999999987999999
2020-11-20,CBA02701.CS,0.27999999972
2020-11-20,AU9999.SGE,0.21999999977999998
2020-11-20,NH0100.NHF,0.1999999998
2020-11-27,000300.SH,0.17999999981999998
2020-11-27,000852.SH,0.11999999987999999
2020-11-27,CBA02701.CS,0.27999999972
2020-11-27,AU9999.SGE,0.21999999977999998
2020-11-27,NH0100.NHF,0.1999999998
2020-12-04,000300.SH,0.17999999981999998
2020-12-04,000852.SH,0.11999999987999999
2020-12-04,CBA02701.CS,0.27999999972
2020-12-04,AU9999.SGE,0.21999999977999998
2020-12-04,NH0100.NHF,0.1999999998
2020-12-11,000300.SH,0.17934601184328325
2020-12-11,000852.SH,0.12202321620204003
2020-12-11,CBA02701.CS,0.278582833429317
2020-12-11,AU9999.SGE,0.22226074201437854
2020-12-11,NH0100.NHF,0.19778719551098095
2020-12-18,000300.SH,0.1749547368577281
2020-12-18,000852.SH,0.12415722645289405
2020-12-18,CBA02701.CS,0.27886690859692786
2020-12-18,AU9999.SGE,0.23055601674578474
2020-12-18,NH0100.NHF,0.1914651103466652
2020-12-25,000300.SH,0.17999999981999998
2020-12-25,000852.SH,0.11999999987999999
2020-12-25,CBA02701.CS,0.27999999972
2020-12-25,AU9999.SGE,0.21999999977999998
2020-12-25,NH0100.NHF,0.1999999998
2021-01-01,000300.SH,0.17741132874117888
2021-01-01,000852.SH,0.12405980502135976
2021-01-01,CBA02701.CS,0.2782574249397178
2021-01-01,AU9999.SGE,0.22602479871880182
2021-01-01,NH0100.NHF,0.1942466415789416
2021-01-08,000300.SH,0.1776816473989903
2021-01-08,000852.SH,0.12391990502465218
2021-01-08,CBA02701.CS,0.2782135560350772
2021-01-08,AU9999.SGE,0.2255469995752963
2021-01-08,NH0100.NHF,0.19463789096598397
2021-01-15,000300.SH,0.17787365694090485
2021-01-15,000852.SH,0.1235900837066054
2021-01-15,CBA02701.CS,0.2778000445159915
2021-01-15,AU9999.SGE,0.2257224088144399
2021-01-15,NH0100.NHF,0.19501380502205826
2021-01-22,000300.SH,0.17953276004324917
2021-01-22,000852.SH,0.12164432077916117
2021-01-22,CBA02701.CS,0.278940370905912
2021-01-22,AU9999.SGE,0.22159603971803543
2021-01-22,NH0100.NHF,0.19828650755364235
2021-01-29,000300.SH,0.17822365610097332
2021-01-29,000852.SH,0.1236092393691604
2021-01-29,CBA02701.CS,0.278170866030061
2021-01-29,AU9999.SGE,0.22454890601102603
2021-01-29,NH0100.NHF,0.19544733148877907
2021-02-05,000300.SH,0.17828657175873938
2021-02-05,000852.SH,0.12348926061474144
2021-02-05,CBA02701.CS,0.27820886589228133
2021-02-05,AU9999.SGE,0.2244151297382592
2021-02-05,NH0100.NHF,0.19560017099597865
2021-02-12,000300.SH,0.17965675137855197
2021-02-12,000852.SH,0.12131208779299028
2021-02-12,CBA02701.CS,0.2790687530069269
2021-02-12,AU9999.SGE,0.22130691446196615
2021-02-12,NH0100.NHF,0.19865549235956453
2021-02-19,000300.SH,0.17999999981999998
2021-02-19,000852.SH,0.11999999987999999
2021-02-19,CBA02701.CS,0.27999999972
2021-02-19,AU9999.SGE,0.21999999977999998
2021-02-19,NH0100.NHF,0.1999999998
2021-02-26,000300.SH,0.17048533032250182
2021-02-26,000852.SH,0.12320103280489662
2021-02-26,CBA02701.CS,0.28291415276188436
2021-02-26,AU9999.SGE,0.23589948329363075
2021-02-26,NH0100.NHF,0.1874999998170864
2021-03-05,000300.SH,0.17735669916376226
2021-03-05,000852.SH,0.12391781654276794
2021-03-05,CBA02701.CS,0.2779685520991701
2021-03-05,AU9999.SGE,0.22651889011055354
2021-03-05,NH0100.NHF,0.19423804108374595
2021-03-12,000300.SH,0.1794009746722835
2021-03-12,000852.SH,0.12193381124222445
2021-03-12,CBA02701.CS,0.2787411278716152
2021-03-12,AU9999.SGE,0.2219972520663058
2021-03-12,NH0100.NHF,0.1979268331475709
2021-03-19,000300.SH,0.17061990964144028
2021-03-19,000852.SH,0.12316297134571678
2021-03-19,CBA02701.CS,0.2825602654571278
2021-03-19,AU9999.SGE,0.2360244423412477
2021-03-19,NH0100.NHF,0.18763241021446728
2021-03-26,000300.SH,0.17940066708506175
2021-03-26,000852.SH,0.12195468659476731
2021-03-26,CBA02701.CS,0.2787897429996168
2021-03-26,AU9999.SGE,0.22193551776539866
2021-03-26,NH0100.NHF,0.1979193845551555
2021-04-02,000300.SH,0.1789167706215648
2021-04-02,000852.SH,0.12270742760386967
2021-04-02,CBA02701.CS,0.27822688403075896
2021-04-02,AU9999.SGE,0.2233312682769232
2021-04-02,NH0100.NHF,0.1968176484668835
2021-04-09,000300.SH,0.17999999981999998
2021-04-09,000852.SH,0.11999999987999999
2021-04-09,CBA02701.CS,0.27999999972
2021-04-09,AU9999.SGE,0.21999999977999998
2021-04-09,NH0100.NHF,0.1999999998
2021-04-16,000300.SH,0.17999999981999998
2021-04-16,000852.SH,0.11999999987999999
2021-04-16,CBA02701.CS,0.27999999972
2021-04-16,AU9999.SGE,0.21999999977999998
2021-04-16,NH0100.NHF,0.1999999998
2021-04-23,000300.SH,0.17796080306278092
2021-04-23,000852.SH,0.12374377445595633
2021-04-23,CBA02701.CS,0.2781934229916195
2021-04-23,AU9999.SGE,0.22503671418369697
2021-04-23,NH0100.NHF,0.19506528430594633
2021-04-30,000300.SH,0.1798872507887574
2021-04-30,000852.SH,0.12052781146523159
2021-04-30,CBA02701.CS,0.27964503831360255
2021-04-30,AU9999.SGE,0.22044941024496884
2021-04-30,NH0100.NHF,0.1994904881874395
2021-05-07,000300.SH,0.17999999981999998
2021-05-07,000852.SH,0.11999999987999999
2021-05-07,CBA02701.CS,0.27999999972
2021-05-07,AU9999.SGE,0.21999999977999998
2021-05-07,NH0100.NHF,0.1999999998
2021-05-14,000300.SH,0.17999999981999998
2021-05-14,000852.SH,0.11999999987999999
2021-05-14,CBA02701.CS,0.27999999972
2021-05-14,AU9999.SGE,0.21999999977999998
2021-05-14,NH0100.NHF,0.1999999998
2021-05-21,000300.SH,0.17999999981999998
2021-05-21,000852.SH,0.11999999987999999
2021-05-21,CBA02701.CS,0.27999999972
2021-05-21,AU9999.SGE,0.21999999977999998
2021-05-21,NH0100.NHF,0.1999999998
2021-05-28,000300.SH,0.1799011980198923
2021-05-28,000852.SH,0.1204756720556595
2021-05-28,CBA02701.CS,0.2796795241806769
2021-05-28,AU9999.SGE,0.22039965971982856
2021-05-28,NH0100.NHF,0.19954394502394265
2021-06-04,000300.SH,0.17800821389417418
2021-06-04,000852.SH,0.12367874574795745
2021-06-04,CBA02701.CS,0.27804459878937704
2021-06-04,AU9999.SGE,0.22512672845537496
2021-06-04,NH0100.NHF,0.19514171211311637
2021-06-11,000300.SH,0.17999999981999998
2021-06-11,000852.SH,0.11999999987999999
2021-06-11,CBA02701.CS,0.27999999972
2021-06-11,AU9999.SGE,0.21999999977999998
2021-06-11,NH0100.NHF,0.1999999998
2021-06-18,000300.SH,0.17999999981999998
2021-06-18,000852.SH,0.11999999987999999
2021-06-18,CBA02701.CS,0.27999999972
2021-06-18,AU9999.SGE,0.21999999977999998
2021-06-18,NH0100.NHF,0.1999999998
2021-06-25,000300.SH,0.17985153663016706
2021-06-25,000852.SH,0.12066746956997838
2021-06-25,CBA02701.CS,0.27954007312610446
2021-06-25,AU9999.SGE,0.22059334932460775
2021-06-25,NH0100.NHF,0.19934757034914233
2021-07-02,000300.SH,0.17999999981999998
2021-07-02,000852.SH,0.11999999987999999
2021-07-02,CBA02701.CS,0.27999999972
2021-07-02,AU9999.SGE,0.21999999977999998
2021-07-02,NH0100.NHF,0.1999999998
2021-07-09,000300.SH,0.17999999981999998
2021-07-09,000852.SH,0.11999999987999999
2021-07-09,CBA02701.CS,0.27999999972
2021-07-09,AU9999.SGE,0.21999999977999998
2021-07-09,NH0100.NHF,0.1999999998
2021-07-16,000300.SH,0.17999999981999998
2021-07-16,000852.SH,0.11999999987999999
2021-07-16,CBA02701.CS,0.27999999972
2021-07-16,AU9999.SGE,0.21999999977999998
2021-07-16,NH0100.NHF,0.1999999998
2021-07-23,000300.SH,0.17999999981999998
2021-07-23,000852.SH,0.11999999987999999
2021-07-23,CBA02701.CS,0.27999999972
2021-07-23,AU9999.SGE,0.21999999977999998
2021-07-23,NH0100.NHF,0.1999999998
2021-07-30,000300.SH,0.1754962749686463
2021-07-30,000852.SH,0.12446599439191558
2021-07-30,CBA02701.CS,0.279033272440811
2021-07-30,AU9999.SGE,0.22909809458508917
2021-07-30,NH0100.NHF,0.19190636261353783
2021-08-06,000300.SH,0.170516010442175
2021-08-06,000852.SH,0.12317458851573952
2021-08-06,CBA02701.CS,0.2828241433763394
2021-08-06,AU9999.SGE,0.23594495050953862
2021-08-06,NH0100.NHF,0.1875403061562074
2021-08-13,000300.SH,0.17999999981999998
2021-08-13,000852.SH,0.11999999987999999
2021-08-13,CBA02701.CS,0.27999999972
2021-08-13,AU9999.SGE,0.21999999977999998
2021-08-13,NH0100.NHF,0.1999999998
2021-08-20,000300.SH,0.17999999981999998
2021-08-20,000852.SH,0.11999999987999999
2021-08-20,CBA02701.CS,0.27999999972
2021-08-20,AU9999.SGE,0.21999999977999998
2021-08-20,NH0100.NHF,0.1999999998
2021-08-27,000300.SH,0.17991261480909004
2021-08-27,000852.SH,0.12042009709722436
2021-08-27,CBA02701.CS,0.2797161269387945
2021-08-27,AU9999.SGE,0.22035418331364903
2021-08-27,NH0100.NHF,0.1995969768412419
2021-09-03,000300.SH,0.17999999981999998
2021-09-03,000852.SH,0.11999999987999999
2021-09-03,CBA02701.CS,0.27999999972
2021-09-03,AU9999.SGE,0.21999999977999998
2021-09-03,NH0100.NHF,0.1999999998
2021-09-10,000300.SH,0.17999999981999998
2021-09-10,000852.SH,0.11999999987999999
2021-09-10,CBA02701.CS,0.27999999972
2021-09-10,AU9999.SGE,0.21999999977999998
2021-09-10,NH0100.NHF,0.1999999998
2021-09-17,000300.SH,0.1712769815449882
2021-09-17,000852.SH,0.12369062495994577
2021-09-17,CBA02701.CS,0.28172449897670826
2021-09-17,AU9999.SGE,0.2353695713198519
2021-09-17,NH0100.NHF,0.18793832219850587
2021-09-24,000300.SH,0.17999999981999998
2021-09-24,000852.SH,0.11999999987999999
2021-09-24,CBA02701.CS,0.27999999972
2021-09-24,AU9999.SGE,0.21999999977999998
2021-09-24,NH0100.NHF,0.1999999998
2021-10-01,000300.SH,0.17999999981999998
2021-10-01,000852.SH,0.11999999987999999
2021-10-01,CBA02701.CS,0.27999999972
2021-10-01,AU9999.SGE,0.21999999977999998
2021-10-01,NH0100.NHF,0.1999999998
2021-10-08,000300.SH,0.17999999981999998
2021-10-08,000852.SH,0.11999999987999999
2021-10-08,CBA02701.CS,0.27999999972
2021-10-08,AU9999.SGE,0.21999999977999998
2021-10-08,NH0100.NHF,0.1999999998
2021-10-15,000300.SH,0.17999999981999998
2021-10-15,000852.SH,0.11999999987999999
2021-10-15,CBA02701.CS,0.27999999972
2021-10-15,AU9999.SGE,0.21999999977999998
2021-10-15,NH0100.NHF,0.1999999998
2021-10-22,000300.SH,0.17999999981999998
2021-10-22,000852.SH,0.11999999987999999
2021-10-22,CBA02701.CS,0.27999999972
2021-10-22,AU9999.SGE,0.21999999977999998
2021-10-22,NH0100.NHF,0.1999999998
2021-10-29,000300.SH,0.17999999981999998
2021-10-29,000852.SH,0.11999999987999999
2021-10-29,CBA02701.CS,0.27999999972
2021-10-29,AU9999.SGE,0.21999999977999998
2021-10-29,NH0100.NHF,0.1999999998
2021-11-05,000300.SH,0.17969100717015923
2021-11-05,000852.SH,0.12123527829034023
2021-11-05,CBA02701.CS,0.2791244404517062
2021-11-05,AU9999.SGE,0.22119879903308606
2021-11-05,NH0100.NHF,0.19875047405470816
2021-11-12,000300.SH,0.17999999981999998
2021-11-12,000852.SH,0.11999999987999999
2021-11-12,CBA02701.CS,0.27999999972
2021-11-12,AU9999.SGE,0.21999999977999998
2021-11-12,NH0100.NHF,0.1999999998
2021-11-19,000300.SH,0.17999999981999998
2021-11-19,000852.SH,0.11999999987999999
2021-11-19,CBA02701.CS,0.27999999972
2021-11-19,AU9999.SGE,0.21999999977999998
2021-11-19,NH0100.NHF,0.1999999998
2021-11-26,000300.SH,0.17999999981999998
2021-11-26,000852.SH,0.11999999987999999
2021-11-26,CBA02701.CS,0.27999999972
2021-11-26,AU9999.SGE,0.21999999977999998
2021-11-26,NH0100.NHF,0.1999999998
2021-12-03,000300.SH,0.17999999981999998
2021-12-03,000852.SH,0.11999999987999999
2021-12-03,CBA02701.CS,0.27999999972
2021-12-03,AU9999.SGE,0.21999999977999998
2021-12-03,NH0100.NHF,0.1999999998
2021-12-10,000300.SH,0.17986383576271747
2021-12-10,000852.SH,0.12065138137860397
2021-12-10,CBA02701.CS,0.27956506424653715
2021-12-10,AU9999.SGE,0.22054472196079172
2021-12-10,NH0100.NHF,0.19937499565134953
2021-12-17,000300.SH,0.1764997390624086
2021-12-17,000852.SH,0.12435942094901004
2021-12-17,CBA02701.CS,0.27854224897686414
2021-12-17,AU9999.SGE,0.2275443426272728
2021-12-17,NH0100.NHF,0.1930542473844444
2021-12-24,000300.SH,0.17999999981999998
2021-12-24,000852.SH,0.11999999987999999
2021-12-24,CBA02701.CS,0.27999999972
2021-12-24,AU9999.SGE,0.21999999977999998
2021-12-24,NH0100.NHF,0.1999999998
2021-12-31,000300.SH,0.17999999981999998
2021-12-31,000852.SH,0.11999999987999999
2021-12-31,CBA02701.CS,0.27999999972
2021-12-31,AU9999.SGE,0.21999999977999998
2021-12-31,NH0100.NHF,0.1999999998
2022-01-07,000300.SH,0.17999999981999998
2022-01-07,000852.SH,0.11999999987999999
2022-01-07,CBA02701.CS,0.27999999972
2022-01-07,AU9999.SGE,0.21999999977999998
2022-01-07,NH0100.NHF,0.1999999998
2022-01-14,000300.SH,0.17999999981999998
2022-01-14,000852.SH,0.11999999987999999
2022-01-14,CBA02701.CS,0.27999999972
2022-01-14,AU9999.SGE,0.21999999977999998
2022-01-14,NH0100.NHF,0.1999999998
2022-01-21,000300.SH,0.17972941587002894
2022-01-21,000852.SH,0.12112146976721633
2022-01-21,CBA02701.CS,0.27920971340660056
2022-01-21,AU9999.SGE,0.22106189986927996
2022-01-21,NH0100.NHF,0.1988775000868741
2022-01-28,000300.SH,0.17999999981999998
2022-01-28,000852.SH,0.11999999987999999
2022-01-28,CBA02701.CS,0.27999999972
2022-01-28,AU9999.SGE,0.21999999977999998
2022-01-28,NH0100.NHF,0.1999999998
2022-02-04,000300.SH,0.17999999981999998
2022-02-04,000852.SH,0.11999999987999999
2022-02-04,CBA02701.CS,0.27999999972
2022-02-04,AU9999.SGE,0.21999999977999998
2022-02-04,NH0100.NHF,0.1999999998
2022-02-11,000300.SH,0.17999999981999998
2022-02-11,000852.SH,0.11999999987999999
2022-02-11,CBA02701.CS,0.27999999972
2022-02-11,AU9999.SGE,0.21999999977999998
2022-02-11,NH0100.NHF,0.1999999998
2022-02-18,000300.SH,0.17999999981999998
2022-02-18,000852.SH,0.11999999987999999
2022-02-18,CBA02701.CS,0.27999999972
2022-02-18,AU9999.SGE,0.21999999977999998
2022-02-18,NH0100.NHF,0.1999999998
2022-02-25,000300.SH,0.17951943034155207
2022-02-25,000852.SH,0.12166739824380048
2022-02-25,CBA02701.CS,0.2788502988317047
2022-02-25,AU9999.SGE,0.22171769607404207
2022-02-25,NH0100.NHF,0.19824517550890047
2022-03-04,000300.SH,0.17999999981999998
2022-03-04,000852.SH,0.11999999987999999
2022-03-04,CBA02701.CS,0.27999999972
2022-03-04,AU9999.SGE,0.21999999977999998
2022-03-04,NH0100.NHF,0.1999999998
2022-03-11,000300.SH,0.17999999981999998
2022-03-11,000852.SH,0.11999999987999999
2022-03-11,CBA02701.CS,0.27999999972
2022-03-11,AU9999.SGE,0.21999999977999998
2022-03-11,NH0100.NHF,0.1999999998
2022-03-18,000300.SH,0.17999999981999998
2022-03-18,000852.SH,0.11999999987999999
2022-03-18,CBA02701.CS,0.27999999972
2022-03-18,AU9999.SGE,0.21999999977999998
2022-03-18,NH0100.NHF,0.1999999998
2022-03-25,000300.SH,0.1789501854008494
2022-03-25,000852.SH,0.1227053178145289
2022-03-25,CBA02701.CS,0.278340358330673
2022-03-25,AU9999.SGE,0.22313265448986624
2022-03-25,NH0100.NHF,0.1968714829640825
2022-04-01,000300.SH,0.17999999981999998
2022-04-01,000852.SH,0.11999999987999999
2022-04-01,CBA02701.CS,0.27999999972
2022-04-01,AU9999.SGE,0.21999999977999998
2022-04-01,NH0100.NHF,0.1999999998
2022-04-08,000300.SH,0.17999999981999998
2022-04-08,000852.SH,0.11999999987999999
2022-04-08,CBA02701.CS,0.27999999972
2022-04-08,AU9999.SGE,0.21999999977999998
2022-04-08,NH0100.NHF,0.1999999998
2022-04-15,000300.SH,0.17993441116545808
2022-04-15,000852.SH,0.12032280101273374
2022-04-15,CBA02701.CS,0.2797801926533578
2022-04-15,AU9999.SGE,0.22027071602705606
2022-04-15,NH0100.NHF,0.1996918781413943
2022-04-22,000300.SH,0.1792980891570692
2022-04-22,000852.SH,0.12212176284042006
2022-04-22,CBA02701.CS,0.2785839658617719
2022-04-22,AU9999.SGE,0.22232613107636656
2022-04-22,NH0100.NHF,0.19767005006437222
2022-04-29,000300.SH,0.1706611846139271
2022-04-29,000852.SH,0.12304945772039547
2022-04-29,CBA02701.CS,0.28239823115254087
2022-04-29,AU9999.SGE,0.23616009521828213
2022-04-29,NH0100.NHF,0.18773103029485436
2022-05-06,000300.SH,0.17111000793681377
2022-05-06,000852.SH,0.12288008219747353
2022-05-06,CBA02701.CS,0.2811957190574271
2022-05-06,AU9999.SGE,0.23661739477272625
2022-05-06,NH0100.NHF,0.18819679503555928
2022-05-13,000300.SH,0.17963953285042933
2022-05-13,000852.SH,0.1213684407585774
2022-05-13,CBA02701.CS,0.2791188004202344
2022-05-13,AU9999.SGE,0.22126683513234738
2022-05-13,NH0100.NHF,0.19860638983841145
2022-05-20,000300.SH,0.17999999981999998
2022-05-20,000852.SH,0.11999999987999999
2022-05-20,CBA02701.CS,0.27999999972
2022-05-20,AU9999.SGE,0.21999999977999998
2022-05-20,NH0100.NHF,0.1999999998
2022-05-27,000300.SH,0.17913846113265627
2022-05-27,000852.SH,0.12244513857599042
2022-05-27,CBA02701.CS,0.2785306625067168
2022-05-27,AU9999.SGE,0.22261005297572953
2022-05-27,NH0100.NHF,0.19727568380890684
2022-06-03,000300.SH,0.17962906819421343
2022-06-03,000852.SH,0.12139773993614164
2022-06-03,CBA02701.CS,0.2791015114278633
2022-06-03,AU9999.SGE,0.22129805436641278
2022-06-03,NH0100.NHF,0.19857362507536885
2022-06-10,000300.SH,0.17999999981999998
2022-06-10,000852.SH,0.11999999987999999
2022-06-10,CBA02701.CS,0.27999999972
2022-06-10,AU9999.SGE,0.21999999977999998
2022-06-10,NH0100.NHF,0.1999999998
2022-06-17,000300.SH,0.1797676236987767
2022-06-17,000852.SH,0.12095030313079284
2022-06-17,CBA02701.CS,0.27928560089811016
2022-06-17,AU9999.SGE,0.22095686062990383
2022-06-17,NH0100.NHF,0.1990396106424164
2022-06-24,000300.SH,0.179732373855545
2022-06-24,000852.SH,0.12109068167831093
2022-06-24,CBA02701.CS,0.279241480819622
2022-06-24,AU9999.SGE,0.22103095423500896
2022-06-24,NH0100.NHF,0.19890450841151314
2022-07-01,000300.SH,0.1795878004510533
2022-07-01,000852.SH,0.12150959858449081
2022-07-01,CBA02701.CS,0.27902719117131564
2022-07-01,AU9999.SGE,0.2214294297546742
2022-07-01,NH0100.NHF,0.198445979038466
2022-07-08,000300.SH,0.17999999981999998
2022-07-08,000852.SH,0.11999999987999999
2022-07-08,CBA02701.CS,0.27999999972
2022-07-08,AU9999.SGE,0.21999999977999998
2022-07-08,NH0100.NHF,0.1999999998
2022-07-15,000300.SH,0.17999999981999998
2022-07-15,000852.SH,0.11999999987999999
2022-07-15,CBA02701.CS,0.27999999972
2022-07-15,AU9999.SGE,0.21999999977999998
2022-07-15,NH0100.NHF,0.1999999998
2022-07-22,000300.SH,0.17871808400758982
2022-07-22,000852.SH,0.12304707880923262
2022-07-22,CBA02701.CS,0.27831284767682907
2022-07-22,AU9999.SGE,0.22353580968376033
2022-07-22,NH0100.NHF,0.19638617882258808
2022-07-29,000300.SH,0.17999999981999998
2022-07-29,000852.SH,0.11999999987999999
2022-07-29,CBA02701.CS,0.27999999972
2022-07-29,AU9999.SGE,0.21999999977999998
2022-07-29,NH0100.NHF,0.1999999998
2022-08-05,000300.SH,0.1795530561895843
2022-08-05,000852.SH,0.12159950843245017
2022-08-05,CBA02701.CS,0.27898470238017564
2022-08-05,AU9999.SGE,0.22151894893282711
2022-08-05,NH0100.NHF,0.1983437830649627
2022-08-12,000300.SH,0.1798908659109742
2022-08-12,000852.SH,0.1205224876523991
2022-08-12,CBA02701.CS,0.279648779123848
2022-08-12,AU9999.SGE,0.2204393971322964
2022-08-12,NH0100.NHF,0.19949846918048225
2022-08-19,000300.SH,0.17999999981999998
2022-08-19,000852.SH,0.11999999987999999
2022-08-19,CBA02701.CS,0.27999999972
2022-08-19,AU9999.SGE,0.21999999977999998
2022-08-19,NH0100.NHF,0.1999999998
2022-08-26,000300.SH,0.17999999981999998
2022-08-26,000852.SH,0.11999999987999999
2022-08-26,CBA02701.CS,0.27999999972
2022-08-26,AU9999.SGE,0.21999999977999998
2022-08-26,NH0100.NHF,0.1999999998
2022-09-02,000300.SH,0.17999999981999998
2022-09-02,000852.SH,0.11999999987999999
2022-09-02,CBA02701.CS,0.27999999972
2022-09-02,AU9999.SGE,0.21999999977999998
2022-09-02,NH0100.NHF,0.1999999998
2022-09-09,000300.SH,0.17999999981999998
2022-09-09,000852.SH,0.11999999987999999
2022-09-09,CBA02701.CS,0.27999999972
2022-09-09,AU9999.SGE,0.21999999977999998
2022-09-09,NH0100.NHF,0.1999999998
2022-09-16,000300.SH,0.17979736385337347
2022-09-16,000852.SH,0.12087721302803481
2022-09-16,CBA02701.CS,0.2793793181361176
2022-09-16,AU9999.SGE,0.22081417944739548
2022-09-16,NH0100.NHF,0.1991319245350786
2022-09-23,000300.SH,0.17999999981999998
2022-09-23,000852.SH,0.11999999987999999
2022-09-23,CBA02701.CS,0.27999999972
2022-09-23,AU9999.SGE,0.21999999977999998
2022-09-23,NH0100.NHF,0.1999999998
2022-09-30,000300.SH,0.17999999981999998
2022-09-30,000852.SH,0.11999999987999999
2022-09-30,CBA02701.CS,0.27999999972
2022-09-30,AU9999.SGE,0.21999999977999998
2022-09-30,NH0100.NHF,0.1999999998
2022-10-07,000300.SH,0.17999999981999998
2022-10-07,000852.SH,0.11999999987999999
2022-10-07,CBA02701.CS,0.27999999972
2022-10-07,AU9999.SGE,0.21999999977999998
2022-10-07,NH0100.NHF,0.1999999998
2022-10-14,000300.SH,0.17963257858806042
2022-10-14,000852.SH,0.12138795530156553
2022-10-14,CBA02701.CS,0.2791072768539664
2022-10-14,AU9999.SGE,0.22128760442438325
2022-10-14,NH0100.NHF,0.19858458383202424
2022-10-21,000300.SH,0.17993531927155793
2022-10-21,000852.SH,0.12032633468704682
2022-10-21,CBA02701.CS,0.2797788062783967
2022-10-21,AU9999.SGE,0.22026905227899737
2022-10-21,NH0100.NHF,0.1996904864840011
2022-10-28,000300.SH,0.17993627582152222
2022-10-28,000852.SH,0.12032808103927431
2022-10-28,CBA02701.CS,0.2797706756812938
2022-10-28,AU9999.SGE,0.22027553738482847
2022-10-28,NH0100.NHF,0.19968942907308115
2022-11-04,000300.SH,0.170814530444275
2022-11-04,000852.SH,0.12323604343855382
2022-11-04,CBA02701.CS,0.2823492948217605
2022-11-04,AU9999.SGE,0.23581948818939838
2022-11-04,NH0100.NHF,0.18778064210601217
2022-11-11,000300.SH,0.17846109622089226
2022-11-11,000852.SH,0.12324244574721607
2022-11-11,CBA02701.CS,0.2780015704587233
2022-11-11,AU9999.SGE,0.22436529224847784
2022-11-11,NH0100.NHF,0.19592959432469048
2022-11-18,000300.SH,0.17999999981999998
2022-11-18,000852.SH,0.11999999987999999
2022-11-18,CBA02701.CS,0.27999999972
2022-11-18,AU9999.SGE,0.21999999977999998
2022-11-18,NH0100.NHF,0.1999999998
2022-11-25,000300.SH,0.17999999981999998
2022-11-25,000852.SH,0.11999999987999999
2022-11-25,CBA02701.CS,0.27999999972
2022-11-25,AU9999.SGE,0.21999999977999998
2022-11-25,NH0100.NHF,0.1999999998
2022-12-02,000300.SH,0.17999371434666583
2022-12-02,000852.SH,0.12003324743174264
2022-12-02,CBA02701.CS,0.2799771716102815
2022-12-02,AU9999.SGE,0.220027090329263
2022-12-02,NH0100.NHF,0.1999687752820469
2022-12-09,000300.SH,0.17969281814864524
2022-12-09,000852.SH,0.12123421202636356
2022-12-09,CBA02701.CS,0.2791982106913842
2022-12-09,AU9999.SGE,0.2211121525682316
2022-12-09,NH0100.NHF,0.19876260556537537
2022-12-16,000300.SH,0.17999999981999998
2022-12-16,000852.SH,0.11999999987999999
2022-12-16,CBA02701.CS,0.27999999972
2022-12-16,AU9999.SGE,0.21999999977999998
2022-12-16,NH0100.NHF,0.1999999998
2022-12-23,000300.SH,0.17999999981999998
2022-12-23,000852.SH,0.11999999987999999
2022-12-23,CBA02701.CS,0.27999999972
2022-12-23,AU9999.SGE,0.21999999977999998
2022-12-23,NH0100.NHF,0.1999999998
2022-12-30,000300.SH,0.1781668886313253
2022-12-30,000852.SH,0.12358959708183907
2022-12-30,CBA02701.CS,0.27819776082351505
2022-12-30,AU9999.SGE,0.22464713137392073
2022-12-30,NH0100.NHF,0.19539862108939976
2023-01-06,000300.SH,0.17783632918641062
2023-01-06,000852.SH,0.12399714165829591
2023-01-06,CBA02701.CS,0.2781217615375423
2023-01-06,AU9999.SGE,0.22529159863768583
2023-01-06,NH0100.NHF,0.1947531679800654
2023-01-13,000300.SH,0.17999999981999998
2023-01-13,000852.SH,0.11999999987999999
2023-01-13,CBA02701.CS,0.27999999972
2023-01-13,AU9999.SGE,0.21999999977999998
2023-01-13,NH0100.NHF,0.1999999998
2023-01-20,000300.SH,0.17999999981999998
2023-01-20,000852.SH,0.11999999987999999
2023-01-20,CBA02701.CS,0.27999999972
2023-01-20,AU9999.SGE,0.21999999977999998
2023-01-20,NH0100.NHF,0.1999999998
2023-01-27,000300.SH,0.17999999981999998
2023-01-27,000852.SH,0.11999999987999999
2023-01-27,CBA02701.CS,0.27999999972
2023-01-27,AU9999.SGE,0.21999999977999998
2023-01-27,NH0100.NHF,0.1999999998
2023-02-03,000300.SH,0.17999999981999998
2023-02-03,000852.SH,0.11999999987999999
2023-02-03,CBA02701.CS,0.27999999972
2023-02-03,AU9999.SGE,0.21999999977999998
2023-02-03,NH0100.NHF,0.1999999998
2023-02-10,000300.SH,0.17972208872017964
2023-02-10,000852.SH,0.12108845565908123
2023-02-10,CBA02701.CS,0.2791651742260627
2023-02-10,AU9999.SGE,0.22113977964757078
2023-02-10,NH0100.NHF,0.1988845007471057
2023-02-17,000300.SH,0.17935285587256822
2023-02-17,000852.SH,0.12196236131347322
2023-02-17,CBA02701.CS,0.27851673358942786
2023-02-17,AU9999.SGE,0.2223427407505519
2023-02-17,NH0100.NHF,0.19782530747397875
2023-02-24,000300.SH,0.17848311005124773
2023-02-24,000852.SH,0.1233048700689382
2023-02-24,CBA02701.CS,0.27824270361742337
2023-02-24,AU9999.SGE,0.22402369240454006
2023-02-24,NH0100.NHF,0.19594562285785055
2023-03-03,000300.SH,0.17056300134705654
2023-03-03,000852.SH,0.1231340853791912
2023-03-03,CBA02701.CS,0.28268628138233004
2023-03-03,AU9999.SGE,0.23601458992557467
2023-03-03,NH0100.NHF,0.1876020409658475
2023-03-10,000300.SH,0.17852488684241902
2023-03-10,000852.SH,0.1232605344065949
2023-03-10,CBA02701.CS,0.2782159243561323
2023-03-10,AU9999.SGE,0.22398065255760957
2023-03-10,NH0100.NHF,0.19601800083724402
2023-03-17,000300.SH,0.17999999981999998
2023-03-17,000852.SH,0.11999999987999999
2023-03-17,CBA02701.CS,0.27999999972
2023-03-17,AU9999.SGE,0.21999999977999998
2023-03-17,NH0100.NHF,0.1999999998
2023-03-24,000300.SH,0.17999999981999998
2023-03-24,000852.SH,0.11999999987999999
2023-03-24,CBA02701.CS,0.27999999972
2023-03-24,AU9999.SGE,0.21999999977999998
2023-03-24,NH0100.NHF,0.1999999998
2023-03-31,000300.SH,0.17999999981999998
2023-03-31,000852.SH,0.11999999987999999
2023-03-31,CBA02701.CS,0.27999999972
2023-03-31,AU9999.SGE,0.21999999977999998
2023-03-31,NH0100.NHF,0.1999999998
2023-04-07,000300.SH,0.17999999981999998
2023-04-07,000852.SH,0.11999999987999999
2023-04-07,CBA02701.CS,0.27999999972
2023-04-07,AU9999.SGE,0.21999999977999998
2023-04-07,NH0100.NHF,0.1999999998
2023-04-14,000300.SH,0.17999999981999998
2023-04-14,000852.SH,0.11999999987999999
2023-04-14,CBA02701.CS,0.27999999972
2023-04-14,AU9999.SGE,0.21999999977999998
2023-04-14,NH0100.NHF,0.1999999998
2023-04-21,000300.SH,0.17999999981999998
2023-04-21,000852.SH,0.11999999987999999
2023-04-21,CBA02701.CS,0.27999999972
2023-04-21,AU9999.SGE,0.21999999977999998
2023-04-21,NH0100.NHF,0.1999999998
2023-04-28,000300.SH,0.17998230146235286
2023-04-28,000852.SH,0.12009063069145011
2023-04-28,CBA02701.CS,0.27992902278347315
2023-04-28,AU9999.SGE,0.22008491691809304
2023-04-28,NH0100.NHF,0.19991312714463097
2023-05-05,000300.SH,0.17999999981999998
2023-05-05,000852.SH,0.11999999987999999
2023-05-05,CBA02701.CS,0.27999999972
2023-05-05,AU9999.SGE,0.21999999977999998
2023-05-05,NH0100.NHF,0.1999999998
2023-05-12,000300.SH,0.17961093770796852
2023-05-12,000852.SH,0.12140909477575816
2023-05-12,CBA02701.CS,0.2789679960646593
2023-05-12,AU9999.SGE,0.22148321256428338
2023-05-12,NH0100.NHF,0.1985287578873307
2023-05-19,000300.SH,0.17999999981999998
2023-05-19,000852.SH,0.11999999987999999
2023-05-19,CBA02701.CS,0.27999999972
2023-05-19,AU9999.SGE,0.21999999977999998
2023-05-19,NH0100.NHF,0.1999999998
2023-05-26,000300.SH,0.17988391608787987
2023-05-26,000852.SH,0.1205415781726028
2023-05-26,CBA02701.CS,0.27963600600578636
2023-05-26,AU9999.SGE,0.22046171968381184
2023-05-26,NH0100.NHF,0.19947677904991912
2023-06-02,000300.SH,0.17999999981999998
2023-06-02,000852.SH,0.11999999987999999
2023-06-02,CBA02701.CS,0.27999999972
2023-06-02,AU9999.SGE,0.21999999977999998
2023-06-02,NH0100.NHF,0.1999999998
2023-06-09,000300.SH,0.17999999981999998
2023-06-09,000852.SH,0.11999999987999999
2023-06-09,CBA02701.CS,0.27999999972
2023-06-09,AU9999.SGE,0.21999999977999998
2023-06-09,NH0100.NHF,0.1999999998
2023-06-16,000300.SH,0.17918964640455584
2023-06-16,000852.SH,0.122360284448494
2023-06-16,CBA02701.CS,0.2785774397711292
2023-06-16,AU9999.SGE,0.22247870064180847
2023-06-16,NH0100.NHF,0.19739392773401243
2023-06-23,000300.SH,0.17048533032250182
2023-06-23,000852.SH,0.12320103280489662
2023-06-23,CBA02701.CS,0.28291415276188436
2023-06-23,AU9999.SGE,0.23589948329363075
2023-06-23,NH0100.NHF,0.1874999998170864
2023-06-30,000300.SH,0.17999999981999998
2023-06-30,000852.SH,0.11999999987999999
2023-06-30,CBA02701.CS,0.27999999972
2023-06-30,AU9999.SGE,0.21999999977999998
2023-06-30,NH0100.NHF,0.1999999998
2023-07-07,000300.SH,0.17968799242607011
2023-07-07,000852.SH,0.12123425541298068
2023-07-07,CBA02701.CS,0.2791990333306465
2023-07-07,AU9999.SGE,0.22112152979408864
2023-07-07,NH0100.NHF,0.19875718803621406
2023-07-14,000300.SH,0.17875414556497052
2023-07-14,000852.SH,0.12300337935487937
2023-07-14,CBA02701.CS,0.27832690126744886
2023-07-14,AU9999.SGE,0.22345873043805342
2023-07-14,NH0100.NHF,0.19645684237464775
2023-07-21,000300.SH,0.1785577420214998
2023-07-21,000852.SH,0.12316137502707278
2023-07-21,CBA02701.CS,0.2781288724193973
2023-07-21,AU9999.SGE,0.22404456673490084
2023-07-21,NH0100.NHF,0.1961074427971292
2023-07-28,000300.SH,0.17990236735565218
2023-07-28,000852.SH,0.12046422080945361
2023-07-28,CBA02701.CS,0.2796866923349142
2023-07-28,AU9999.SGE,0.22039324093012388
2023-07-28,NH0100.NHF,0.19955347756985595
2023-08-04,000300.SH,0.1788547260733181
2023-08-04,000852.SH,0.12287493525338541
2023-08-04,CBA02701.CS,0.27837131472860116
2023-08-04,AU9999.SGE,0.2232402507731652
2023-08-04,NH0100.NHF,0.19665877217153
2023-08-11,000300.SH,0.17935642964449672
2023-08-11,000852.SH,0.12204751943372859
2023-08-11,CBA02701.CS,0.2787413154214225
2023-08-11,AU9999.SGE,0.22205097144339297
2023-08-11,NH0100.NHF,0.197803763056959
2023-08-18,000300.SH,0.17999999981999998
2023-08-18,000852.SH,0.11999999987999999
2023-08-18,CBA02701.CS,0.27999999972
2023-08-18,AU9999.SGE,0.21999999977999998
2023-08-18,NH0100.NHF,0.1999999998
2023-08-25,000300.SH,0.17999999981999998
2023-08-25,000852.SH,0.11999999987999999
2023-08-25,CBA02701.CS,0.27999999972
2023-08-25,AU9999.SGE,0.21999999977999998
2023-08-25,NH0100.NHF,0.1999999998
2023-09-01,000300.SH,0.17702026872719626
2023-09-01,000852.SH,0.1242916440715291
2023-09-01,CBA02701.CS,0.278325373410446
2023-09-01,AU9999.SGE,0.22670025158171273
2023-09-01,NH0100.NHF,0.193662461209116
2023-09-08,000300.SH,0.17999999981999998
2023-09-08,000852.SH,0.11999999987999999
2023-09-08,CBA02701.CS,0.27999999972
2023-09-08,AU9999.SGE,0.21999999977999998
2023-09-08,NH0100.NHF,0.1999999998
2023-09-15,000300.SH,0.17999999981999998
2023-09-15,000852.SH,0.11999999987999999
2023-09-15,CBA02701.CS,0.27999999972
2023-09-15,AU9999.SGE,0.21999999977999998
2023-09-15,NH0100.NHF,0.1999999998
2023-09-22,000300.SH,0.17999999981999998
2023-09-22,000852.SH,0.11999999987999999
2023-09-22,CBA02701.CS,0.27999999972
2023-09-22,AU9999.SGE,0.21999999977999998
2023-09-22,NH0100.NHF,0.1999999998
2023-09-29,000300.SH,0.17999999981999998
2023-09-29,000852.SH,0.11999999987999999
2023-09-29,CBA02701.CS,0.27999999972
2023-09-29,AU9999.SGE,0.21999999977999998
2023-09-29,NH0100.NHF,0.1999999998
2023-10-06,000300.SH,0.17999999981999998
2023-10-06,000852.SH,0.11999999987999999
2023-10-06,CBA02701.CS,0.27999999972
2023-10-06,AU9999.SGE,0.21999999977999998
2023-10-06,NH0100.NHF,0.1999999998
2023-10-13,000300.SH,0.17999999981999998
2023-10-13,000852.SH,0.11999999987999999
2023-10-13,CBA02701.CS,0.27999999972
2023-10-13,AU9999.SGE,0.21999999977999998
2023-10-13,NH0100.NHF,0.1999999998
2023-10-20,000300.SH,0.17999999981999998
2023-10-20,000852.SH,0.11999999987999999
2023-10-20,CBA02701.CS,0.27999999972
2023-10-20,AU9999.SGE,0.21999999977999998
2023-10-20,NH0100.NHF,0.1999999998
2023-10-27,000300.SH,0.17999999981999998
2023-10-27,000852.SH,0.11999999987999999
2023-10-27,CBA02701.CS,0.27999999972
2023-10-27,AU9999.SGE,0.21999999977999998
2023-10-27,NH0100.NHF,0.1999999998
2023-11-03,000300.SH,0.17946298438522038
2023-11-03,000852.SH,0.12193529576014536
2023-11-03,CBA02701.CS,0.27877442796379476
2023-11-03,AU9999.SGE,0.22182655845876223
2023-11-03,NH0100.NHF,0.19800073243207714
2023-11-10,000300.SH,0.17999999981999998
2023-11-10,000852.SH,0.11999999987999999
2023-11-10,CBA02701.CS,0.27999999972
2023-11-10,AU9999.SGE,0.21999999977999998
2023-11-10,NH0100.NHF,0.1999999998
2023-11-17,000300.SH,0.17999999981999998
2023-11-17,000852.SH,0.11999999987999999
2023-11-17,CBA02701.CS,0.27999999972
2023-11-17,AU9999.SGE,0.21999999977999998
2023-11-17,NH0100.NHF,0.1999999998
2023-11-24,000300.SH,0.17999999981999998
2023-11-24,000852.SH,0.11999999987999999
2023-11-24,CBA02701.CS,0.27999999972
2023-11-24,AU9999.SGE,0.21999999977999998
2023-11-24,NH0100.NHF,0.1999999998
2023-12-01,000300.SH,0.17999999981999998
2023-12-01,000852.SH,0.11999999987999999
2023-12-01,CBA02701.CS,0.27999999972
2023-12-01,AU9999.SGE,0.21999999977999998
2023-12-01,NH0100.NHF,0.1999999998
2023-12-08,000300.SH,0.17999999981999998
2023-12-08,000852.SH,0.11999999987999999
2023-12-08,CBA02701.CS,0.27999999972
2023-12-08,AU9999.SGE,0.21999999977999998
2023-12-08,NH0100.NHF,0.1999999998
2023-12-15,000300.SH,0.17999999981999998
2023-12-15,000852.SH,0.11999999987999999
2023-12-15,CBA02701.CS,0.27999999972
2023-12-15,AU9999.SGE,0.21999999977999998
2023-12-15,NH0100.NHF,0.1999999998
2023-12-22,000300.SH,0.17999999981999998
2023-12-22,000852.SH,0.11999999987999999
2023-12-22,CBA02701.CS,0.27999999972
2023-12-22,AU9999.SGE,0.21999999977999998
2023-12-22,NH0100.NHF,0.1999999998
2023-12-29,000300.SH,0.17964232546099565
2023-12-29,000852.SH,0.12136055589180583
2023-12-29,CBA02701.CS,0.2791234691625012
2023-12-29,AU9999.SGE,0.22125846596119822
2023-12-29,NH0100.NHF,0.19861518252349927
2024-01-05,000300.SH,0.17998591700916028
2024-01-05,000852.SH,0.12007374894567144
2024-01-05,CBA02701.CS,0.2799494434690873
2024-01-05,AU9999.SGE,0.22006030109837266
2024-01-05,NH0100.NHF,0.19993058847770828
2024-01-12,000300.SH,0.17726012507894157
2024-01-12,000852.SH,0.12412656031185634
2024-01-12,CBA02701.CS,0.2782911052116723
2024-01-12,AU9999.SGE,0.22628593118117446
2024-01-12,NH0100.NHF,0.19403627721635522
2024-01-19,000300.SH,0.17822174642803248
2024-01-19,000852.SH,0.12347784130673362
2024-01-19,CBA02701.CS,0.2780740001061344
2024-01-19,AU9999.SGE,0.22470995108726327
2024-01-19,NH0100.NHF,0.1955164600718361
2024-01-26,000300.SH,0.17048533032250182
2024-01-26,000852.SH,0.12320103280489662
2024-01-26,CBA02701.CS,0.28291415276188436
2024-01-26,AU9999.SGE,0.23589948329363075
2024-01-26,NH0100.NHF,0.1874999998170864
2024-02-02,000300.SH,0.17801644165123467
2024-02-02,000852.SH,0.1237043232363929
2024-02-02,CBA02701.CS,0.27819286616461847
2024-02-02,AU9999.SGE,0.2249326932626297
2024-02-02,NH0100.NHF,0.1951536746851241
2024-02-09,000300.SH,0.17412225213618232
2024-02-09,000852.SH,0.12436665492580568
2024-02-09,CBA02701.CS,0.27990566859296334
2024-02-09,AU9999.SGE,0.23108925870419847
2024-02-09,NH0100.NHF,0.19051616464084994
2024-02-16,000300.SH,0.17412225213618232
2024-02-16,000852.SH,0.12436665492580568
2024-02-16,CBA02701.CS,0.27990566859296334
2024-02-16,AU9999.SGE,0.23108925870419847
2024-02-16,NH0100.NHF,0.19051616464084994
2024-02-23,000300.SH,0.1796893674144408
2024-02-23,000852.SH,0.12122327627105356
2024-02-23,CBA02701.CS,0.2792056264286635
2024-02-23,AU9999.SGE,0.22111514783926434
2024-02-23,NH0100.NHF,0.19876658104657777
2024-03-01,000300.SH,0.17091472039764324
2024-03-01,000852.SH,0.12320235915133074
2024-03-01,CBA02701.CS,0.28223944046558214
2024-03-01,AU9999.SGE,0.23574130371160176
2024-03-01,NH0100.NHF,0.1879021752738421
2024-03-08,000300.SH,0.17999999981999998
2024-03-08,000852.SH,0.11999999987999999
2024-03-08,CBA02701.CS,0.27999999972
2024-03-08,AU9999.SGE,0.21999999977999998
2024-03-08,NH0100.NHF,0.1999999998
2024-03-15,000300.SH,0.17999999981999998
2024-03-15,000852.SH,0.11999999987999999
2024-03-15,CBA02701.CS,0.27999999972
2024-03-15,AU9999.SGE,0.21999999977999998
2024-03-15,NH0100.NHF,0.1999999998
2024-03-22,000300.SH,0.17999999981999998
2024-03-22,000852.SH,0.11999999987999999
2024-03-22,CBA02701.CS,0.27999999972
2024-03-22,AU9999.SGE,0.21999999977999998
2024-03-22,NH0100.NHF,0.1999999998
2024-03-29,000300.SH,0.17999999981999998
2024-03-29,000852.SH,0.11999999987999999
2024-03-29,CBA02701.CS,0.27999999972
2024-03-29,AU9999.SGE,0.21999999977999998
2024-03-29,NH0100.NHF,0.1999999998
2024-04-05,000300.SH,0.17921157286256598
2024-04-05,000852.SH,0.12230714094182099
2024-04-05,CBA02701.CS,0.2785632765044039
2024-04-05,AU9999.SGE,0.22246709272141757
2024-04-05,NH0100.NHF,0.19745091596979142
2024-04-12,000300.SH,0.17925767926096137
2024-04-12,000852.SH,0.12212708401869134
2024-04-12,CBA02701.CS,0.27833936167223916
2024-04-12,AU9999.SGE,0.22268635987291086
2024-04-12,NH0100.NHF,0.19758951417519705
2024-04-19,000300.SH,0.17999999981999998
2024-04-19,000852.SH,0.11999999987999999
2024-04-19,CBA02701.CS,0.27999999972
2024-04-19,AU9999.SGE,0.21999999977999998
2024-04-19,NH0100.NHF,0.1999999998
2024-04-26,000300.SH,0.17999999981999998
2024-04-26,000852.SH,0.11999999987999999
2024-04-26,CBA02701.CS,0.27999999972
2024-04-26,AU9999.SGE,0.21999999977999998
2024-04-26,NH0100.NHF,0.1999999998
2024-05-03,000300.SH,0.17999999981999998
2024-05-03,000852.SH,0.11999999987999999
2024-05-03,CBA02701.CS,0.27999999972
2024-05-03,AU9999.SGE,0.21999999977999998
2024-05-03,NH0100.NHF,0.1999999998
2024-05-10,000300.SH,0.17999999981999998
2024-05-10,000852.SH,0.11999999987999999
2024-05-10,CBA02701.CS,0.27999999972
2024-05-10,AU9999.SGE,0.21999999977999998
2024-05-10,NH0100.NHF,0.1999999998
2024-05-17,000300.SH,0.1799086174883291
2024-05-17,000852.SH,0.12044052730637306
2024-05-17,CBA02701.CS,0.2796817003291503
2024-05-17,AU9999.SGE,0.22039411456276634
2024-05-17,NH0100.NHF,0.19957503931338128
2024-05-24,000300.SH,0.17999999981999998
2024-05-24,000852.SH,0.11999999987999999
2024-05-24,CBA02701.CS,0.27999999972
2024-05-24,AU9999.SGE,0.21999999977999998
2024-05-24,NH0100.NHF,0.1999999998
2024-05-31,000300.SH,0.17999999981999998
2024-05-31,000852.SH,0.11999999987999999
2024-05-31,CBA02701.CS,0.27999999972
2024-05-31,AU9999.SGE,0.21999999977999998
2024-05-31,NH0100.NHF,0.1999999998
2024-06-07,000300.SH,0.17999999981999998
2024-06-07,000852.SH,0.11999999987999999
2024-06-07,CBA02701.CS,0.27999999972
2024-06-07,AU9999.SGE,0.21999999977999998
2024-06-07,NH0100.NHF,0.1999999998
2024-06-14,000300.SH,0.17999999981999998
2024-06-14,000852.SH,0.11999999987999999
2024-06-14,CBA02701.CS,0.27999999972
2024-06-14,AU9999.SGE,0.21999999977999998
2024-06-14,NH0100.NHF,0.1999999998
2024-06-21,000300.SH,0.17999999981999998
2024-06-21,000852.SH,0.11999999987999999
2024-06-21,CBA02701.CS,0.27999999972
2024-06-21,AU9999.SGE,0.21999999977999998
2024-06-21,NH0100.NHF,0.1999999998
2024-06-28,000300.SH,0.17999999981999998
2024-06-28,000852.SH,0.11999999987999999
2024-06-28,CBA02701.CS,0.27999999972
2024-06-28,AU9999.SGE,0.21999999977999998
2024-06-28,NH0100.NHF,0.1999999998
2024-07-05,000300.SH,0.17999999981999998
2024-07-05,000852.SH,0.11999999987999999
2024-07-05,CBA02701.CS,0.27999999972
2024-07-05,AU9999.SGE,0.21999999977999998
2024-07-05,NH0100.NHF,0.1999999998
2024-07-12,000300.SH,0.17310434125858476
2024-07-12,000852.SH,0.12427917855466449
2024-07-12,CBA02701.CS,0.28062196397376504
2024-07-12,AU9999.SGE,0.2324904966897882
2024-07-12,NH0100.NHF,0.18950401852319743
2024-07-19,000300.SH,0.17999999981999998
2024-07-19,000852.SH,0.11999999987999999
2024-07-19,CBA02701.CS,0.27999999972
2024-07-19,AU9999.SGE,0.21999999977999998
2024-07-19,NH0100.NHF,0.1999999998
2024-07-26,000300.SH,0.17910171220144194
2024-07-26,000852.SH,0.12250921999431176
2024-07-26,CBA02701.CS,0.2784433416024455
2024-07-26,AU9999.SGE,0.2227637873748693
2024-07-26,NH0100.NHF,0.19718193782693152
2024-08-02,000300.SH,0.1795387423197348
2024-08-02,000852.SH,0.12162593562866501
2024-08-02,CBA02701.CS,0.2789279167698427
2024-08-02,AU9999.SGE,0.22160396861206405
2024-08-02,NH0100.NHF,0.19830343566969325
2024-08-09,000300.SH,0.17999999981999998
2024-08-09,000852.SH,0.11999999987999999
2024-08-09,CBA02701.CS,0.27999999972
2024-08-09,AU9999.SGE,0.21999999977999998
2024-08-09,NH0100.NHF,0.1999999998
2024-08-16,000300.SH,0.17999999981999998
2024-08-16,000852.SH,0.11999999987999999
2024-08-16,CBA02701.CS,0.27999999972
2024-08-16,AU9999.SGE,0.21999999977999998
2024-08-16,NH0100.NHF,0.1999999998
2024-08-23,000300.SH,0.17999999981999998
2024-08-23,000852.SH,0.11999999987999999
2024-08-23,CBA02701.CS,0.27999999972
2024-08-23,AU9999.SGE,0.21999999977999998
2024-08-23,NH0100.NHF,0.1999999998
2024-08-30,000300.SH,0.17999999981999998
2024-08-30,000852.SH,0.11999999987999999
2024-08-30,CBA02701.CS,0.27999999972
2024-08-30,AU9999.SGE,0.21999999977999998
2024-08-30,NH0100.NHF,0.1999999998
2024-09-06,000300.SH,0.17999999981999998
2024-09-06,000852.SH,0.11999999987999999
2024-09-06,CBA02701.CS,0.27999999972
2024-09-06,AU9999.SGE,0.21999999977999998
2024-09-06,NH0100.NHF,0.1999999998
2024-09-13,000300.SH,0.17999999981999998
2024-09-13,000852.SH,0.11999999987999999
2024-09-13,CBA02701.CS,0.27999999972
2024-09-13,AU9999.SGE,0.21999999977999998
2024-09-13,NH0100.NHF,0.1999999998
2024-09-20,000300.SH,0.17999999981999998
2024-09-20,000852.SH,0.11999999987999999
2024-09-20,CBA02701.CS,0.27999999972
2024-09-20,AU9999.SGE,0.21999999977999998
2024-09-20,NH0100.NHF,0.1999999998
2024-09-27,000300.SH,0.1707318367874237
2024-09-27,000852.SH,0.12371382663461425
2024-09-27,CBA02701.CS,0.28257194613914965
2024-09-27,AU9999.SGE,0.2355716655979026
2024-09-27,NH0100.NHF,0.1874107238409097
2024-10-04,000300.SH,0.17306192852984195
2024-10-04,000852.SH,0.12412484088740572
2024-10-04,CBA02701.CS,0.2807012735937107
2024-10-04,AU9999.SGE,0.2325478984709027
2024-10-04,NH0100.NHF,0.1895640575181389
2024-10-11,000300.SH,0.170563439901591
2024-10-11,000852.SH,0.12336351986263551
2024-10-11,CBA02701.CS,0.2828057190326846
2024-10-11,AU9999.SGE,0.23579560892977
2024-10-11,NH0100.NHF,0.1874717112733188
2024-10-18,000300.SH,0.1788525735294389
2024-10-18,000852.SH,0.12285969625684659
2024-10-18,CBA02701.CS,0.2783325737957519
2024-10-18,AU9999.SGE,0.22329406632045898
2024-10-18,NH0100.NHF,0.1966610890975036
2024-10-25,000300.SH,0.17999999981999998
2024-10-25,000852.SH,0.11999999987999999
2024-10-25,CBA02701.CS,0.27999999972
2024-10-25,AU9999.SGE,0.21999999977999998
2024-10-25,NH0100.NHF,0.1999999998
2024-11-01,000300.SH,0.17999999981999998
2024-11-01,000852.SH,0.11999999987999999
2024-11-01,CBA02701.CS,0.27999999972
2024-11-01,AU9999.SGE,0.21999999977999998
2024-11-01,NH0100.NHF,0.1999999998
2024-11-08,000300.SH,0.1795000496091083
2024-11-08,000852.SH,0.1216632141145741
2024-11-08,CBA02701.CS,0.2787419562748828
2024-11-08,AU9999.SGE,0.22188279933635238
2024-11-08,NH0100.NHF,0.19821197966508242
2024-11-15,000300.SH,0.17406377949937815
2024-11-15,000852.SH,0.1242878788838218
2024-11-15,CBA02701.CS,0.2798573678345775
2024-11-15,AU9999.SGE,0.23129739416964584
2024-11-15,NH0100.NHF,0.19049357861257651
2024-11-22,000300.SH,0.17999999981999998
2024-11-22,000852.SH,0.11999999987999999
2024-11-22,CBA02701.CS,0.27999999972
2024-11-22,AU9999.SGE,0.21999999977999998
2024-11-22,NH0100.NHF,0.1999999998
2024-11-29,000300.SH,0.17999999981999998
2024-11-29,000852.SH,0.11999999987999999
2024-11-29,CBA02701.CS,0.27999999972
2024-11-29,AU9999.SGE,0.21999999977999998
2024-11-29,NH0100.NHF,0.1999999998
2024-12-06,000300.SH,0.17999999981999998
2024-12-06,000852.SH,0.11999999987999999
2024-12-06,CBA02701.CS,0.27999999972
2024-12-06,AU9999.SGE,0.21999999977999998
2024-12-06,NH0100.NHF,0.1999999998
2024-12-13,000300.SH,0.17999999981999998
2024-12-13,000852.SH,0.11999999987999999
2024-12-13,CBA02701.CS,0.27999999972
2024-12-13,AU9999.SGE,0.21999999977999998
2024-12-13,NH0100.NHF,0.1999999998
2024-12-20,000300.SH,0.17999999981999998
2024-12-20,000852.SH,0.11999999987999999
2024-12-20,CBA02701.CS,0.27999999972
2024-12-20,AU9999.SGE,0.21999999977999998
2024-12-20,NH0100.NHF,0.1999999998
2024-12-27,000300.SH,0.17999999981999998
2024-12-27,000852.SH,0.11999999987999999
2024-12-27,CBA02701.CS,0.27999999972
2024-12-27,AU9999.SGE,0.21999999977999998
2024-12-27,NH0100.NHF,0.1999999998
2025-01-03,000300.SH,0.17999999981999998
2025-01-03,000852.SH,0.11999999987999999
2025-01-03,CBA02701.CS,0.27999999972
2025-01-03,AU9999.SGE,0.21999999977999998
2025-01-03,NH0100.NHF,0.1999999998
2025-01-10,000300.SH,0.17999999981999998
2025-01-10,000852.SH,0.11999999987999999
2025-01-10,CBA02701.CS,0.27999999972
2025-01-10,AU9999.SGE,0.21999999977999998
2025-01-10,NH0100.NHF,0.1999999998
2025-01-17,000300.SH,0.17999999981999998
2025-01-17,000852.SH,0.11999999987999999
2025-01-17,CBA02701.CS,0.27999999972
2025-01-17,AU9999.SGE,0.21999999977999998
2025-01-17,NH0100.NHF,0.1999999998
2025-01-24,000300.SH,0.17979220235671198
2025-01-24,000852.SH,0.12090459275138946
2025-01-24,CBA02701.CS,0.2794027373587903
2025-01-24,AU9999.SGE,0.22078886469998368
2025-01-24,NH0100.NHF,0.1991116018331245
2025-01-31,000300.SH,0.17999999981999998
2025-01-31,000852.SH,0.11999999987999999
2025-01-31,CBA02701.CS,0.27999999972
2025-01-31,AU9999.SGE,0.21999999977999998
2025-01-31,NH0100.NHF,0.1999999998
2025-02-07,000300.SH,0.1798149823084016
2025-02-07,000852.SH,0.1208168989769173
2025-02-07,CBA02701.CS,0.27934127255837093
2025-02-07,AU9999.SGE,0.22084131372264124
2025-02-07,NH0100.NHF,0.19918553143366882
2025-02-14,000300.SH,0.17999999981999998
2025-02-14,000852.SH,0.11999999987999999
2025-02-14,CBA02701.CS,0.27999999972
2025-02-14,AU9999.SGE,0.21999999977999998
2025-02-14,NH0100.NHF,0.1999999998
2025-02-21,000300.SH,0.17999999981999998
2025-02-21,000852.SH,0.11999999987999999
2025-02-21,CBA02701.CS,0.27999999972
2025-02-21,AU9999.SGE,0.21999999977999998
2025-02-21,NH0100.NHF,0.1999999998
2025-02-28,000300.SH,0.17999999981999998
2025-02-28,000852.SH,0.11999999987999999
2025-02-28,CBA02701.CS,0.27999999972
2025-02-28,AU9999.SGE,0.21999999977999998
2025-02-28,NH0100.NHF,0.1999999998
2025-03-07,000300.SH,0.17999999981999998
2025-03-07,000852.SH,0.11999999987999999
2025-03-07,CBA02701.CS,0.27999999972
2025-03-07,AU9999.SGE,0.21999999977999998
2025-03-07,NH0100.NHF,0.1999999998
2025-03-14,000300.SH,0.17999999981999998
2025-03-14,000852.SH,0.11999999987999999
2025-03-14,CBA02701.CS,0.27999999972
2025-03-14,AU9999.SGE,0.21999999977999998
2025-03-14,NH0100.NHF,0.1999999998
2025-03-21,000300.SH,0.17999999981999998
2025-03-21,000852.SH,0.11999999987999999
2025-03-21,CBA02701.CS,0.27999999972
2025-03-21,AU9999.SGE,0.21999999977999998
2025-03-21,NH0100.NHF,0.1999999998
2025-03-28,000300.SH,0.17999999981999998
2025-03-28,000852.SH,0.11999999987999999
2025-03-28,CBA02701.CS,0.27999999972
2025-03-28,AU9999.SGE,0.21999999977999998
2025-03-28,NH0100.NHF,0.1999999998
2025-04-04,000300.SH,0.17999999981999998
2025-04-04,000852.SH,0.11999999987999999
2025-04-04,CBA02701.CS,0.27999999972
2025-04-04,AU9999.SGE,0.21999999977999998
2025-04-04,NH0100.NHF,0.1999999998
2025-04-11,000300.SH,0.17971666570826883
2025-04-11,000852.SH,0.12128571394212556
2025-04-11,CBA02701.CS,0.27900753719826465
2025-04-11,AU9999.SGE,0.22125737643175983
2025-04-11,NH0100.NHF,0.198732705719581
2025-04-18,000300.SH,0.17999999981999998
2025-04-18,000852.SH,0.11999999987999999
2025-04-18,CBA02701.CS,0.27999999972
2025-04-18,AU9999.SGE,0.21999999977999998
2025-04-18,NH0100.NHF,0.1999999998
2025-04-25,000300.SH,0.17999999981999998
2025-04-25,000852.SH,0.11999999987999999
2025-04-25,CBA02701.CS,0.27999999972
2025-04-25,AU9999.SGE,0.21999999977999998
2025-04-25,NH0100.NHF,0.1999999998
2025-05-02,000300.SH,0.17999999981999998
2025-05-02,000852.SH,0.11999999987999999
2025-05-02,CBA02701.CS,0.27999999972
2025-05-02,AU9999.SGE,0.21999999977999998
2025-05-02,NH0100.NHF,0.1999999998
2025-05-09,000300.SH,0.17999999981999998
2025-05-09,000852.SH,0.11999999987999999
2025-05-09,CBA02701.CS,0.27999999972
2025-05-09,AU9999.SGE,0.21999999977999998
2025-05-09,NH0100.NHF,0.1999999998
2025-05-16,000300.SH,0.17999999981999998
2025-05-16,000852.SH,0.11999999987999999
2025-05-16,CBA02701.CS,0.27999999972
2025-05-16,AU9999.SGE,0.21999999977999998
2025-05-16,NH0100.NHF,0.1999999998
2025-05-23,000300.SH,0.17999999981999998
2025-05-23,000852.SH,0.11999999987999999
2025-05-23,CBA02701.CS,0.27999999972
2025-05-23,AU9999.SGE,0.21999999977999998
2025-05-23,NH0100.NHF,0.1999999998
2025-05-30,000300.SH,0.17999999981999998
2025-05-30,000852.SH,0.11999999987999999
2025-05-30,CBA02701.CS,0.27999999972
2025-05-30,AU9999.SGE,0.21999999977999998
2025-05-30,NH0100.NHF,0.1999999998
2025-06-06,000300.SH,0.17999999981999998
2025-06-06,000852.SH,0.11999999987999999
2025-06-06,CBA02701.CS,0.27999999972
2025-06-06,AU9999.SGE,0.21999999977999998
2025-06-06,NH0100.NHF,0.1999999998
2025-06-13,000300.SH,0.17999999981999998
2025-06-13,000852.SH,0.11999999987999999
2025-06-13,CBA02701.CS,0.27999999972
2025-06-13,AU9999.SGE,0.21999999977999998
2025-06-13,NH0100.NHF,0.1999999998
2025-06-20,000300.SH,0.17999999981999998
2025-06-20,000852.SH,0.11999999987999999
2025-06-20,CBA02701.CS,0.27999999972
2025-06-20,AU9999.SGE,0.21999999977999998
2025-06-20,NH0100.NHF,0.1999999998
2025-06-27,000300.SH,0.1779217842415679
2025-06-27,000852.SH,0.1237705345353279
2025-06-27,CBA02701.CS,0.27819453438330694
2025-06-27,AU9999.SGE,0.22510918000845043
2025-06-27,NH0100.NHF,0.19500396583134685
2025-07-04,000300.SH,0.17999999981999998
2025-07-04,000852.SH,0.11999999987999999
2025-07-04,CBA02701.CS,0.27999999972
2025-07-04,AU9999.SGE,0.21999999977999998
2025-07-04,NH0100.NHF,0.1999999998
2025-07-11,000300.SH,0.17999999981999998
2025-07-11,000852.SH,0.11999999987999999
2025-07-11,CBA02701.CS,0.27999999972
2025-07-11,AU9999.SGE,0.21999999977999998
2025-07-11,NH0100.NHF,0.1999999998
2025-07-18,000300.SH,0.17999999981999998
2025-07-18,000852.SH,0.11999999987999999
2025-07-18,CBA02701.CS,0.27999999972
2025-07-18,AU9999.SGE,0.21999999977999998
2025-07-18,NH0100.NHF,0.1999999998
2025-07-25,000300.SH,0.17999999981999998
2025-07-25,000852.SH,0.11999999987999999
2025-07-25,CBA02701.CS,0.27999999972
2025-07-25,AU9999.SGE,0.21999999977999998
2025-07-25,NH0100.NHF,0.1999999998
2025-08-01,000300.SH,0.17999999981999998
2025-08-01,000852.SH,0.11999999987999999
2025-08-01,CBA02701.CS,0.27999999972
2025-08-01,AU9999.SGE,0.21999999977999998
2025-08-01,NH0100.NHF,0.1999999998
2025-08-08,000300.SH,0.17999999981999998
2025-08-08,000852.SH,0.11999999987999999
2025-08-08,CBA02701.CS,0.27999999972
2025-08-08,AU9999.SGE,0.21999999977999998
2025-08-08,NH0100.NHF,0.1999999998
2025-08-15,000300.SH,0.17999999981999998
2025-08-15,000852.SH,0.11999999987999999
2025-08-15,CBA02701.CS,0.27999999972
2025-08-15,AU9999.SGE,0.21999999977999998
2025-08-15,NH0100.NHF,0.1999999998
2025-08-22,000300.SH,0.17999999981999998
2025-08-22,000852.SH,0.11999999987999999
2025-08-22,CBA02701.CS,0.27999999972
2025-08-22,AU9999.SGE,0.21999999977999998
2025-08-22,NH0100.NHF,0.1999999998
2025-08-29,000300.SH,0.17999999981999998
2025-08-29,000852.SH,0.11999999987999999
2025-08-29,CBA02701.CS,0.27999999972
2025-08-29,AU9999.SGE,0.21999999977999998
2025-08-29,NH0100.NHF,0.1999999998
2025-09-05,000300.SH,0.17964319500903284
2025-09-05,000852.SH,0.12136216293793643
2025-09-05,CBA02701.CS,0.2790633333288743
2025-09-05,AU9999.SGE,0.22132381319162622
2025-09-05,NH0100.NHF,0.19860749453253004
2025-09-12,000300.SH,0.17880331129949678
2025-09-12,000852.SH,0.12294183570367241
2025-09-12,CBA02701.CS,0.27834762366704097
2025-09-12,AU9999.SGE,0.2233525951838548
2025-09-12,NH0100.NHF,0.19655463314593496
2025-09-19,000300.SH,0.17999999981999998
2025-09-19,000852.SH,0.11999999987999999
2025-09-19,CBA02701.CS,0.27999999972
2025-09-19,AU9999.SGE,0.21999999977999998
2025-09-19,NH0100.NHF,0.1999999998
2025-09-26,000300.SH,0.17999999981999998
2025-09-26,000852.SH,0.11999999987999999
2025-09-26,CBA02701.CS,0.27999999972
2025-09-26,AU9999.SGE,0.21999999977999998
2025-09-26,NH0100.NHF,0.1999999998
2025-10-03,000300.SH,0.17999999981999998
2025-10-03,000852.SH,0.11999999987999999
2025-10-03,CBA02701.CS,0.27999999972
2025-10-03,AU9999.SGE,0.21999999977999998
2025-10-03,NH0100.NHF,0.1999999998
2025-10-10,000300.SH,0.17999999981999998
2025-10-10,000852.SH,0.11999999987999999
2025-10-10,CBA02701.CS,0.27999999972
2025-10-10,AU9999.SGE,0.21999999977999998
2025-10-10,NH0100.NHF,0.1999999998
2025-10-17,000300.SH,0.17999999981999998
2025-10-17,000852.SH,0.11999999987999999
2025-10-17,CBA02701.CS,0.27999999972
2025-10-17,AU9999.SGE,0.21999999977999998
2025-10-17,NH0100.NHF,0.1999999998
2025-10-24,000300.SH,0.17999999981999998
2025-10-24,000852.SH,0.11999999987999999
2025-10-24,CBA02701.CS,0.27999999972
2025-10-24,AU9999.SGE,0.21999999977999998
2025-10-24,NH0100.NHF,0.1999999998
2025-10-31,000300.SH,0.17999999981999998
2025-10-31,000852.SH,0.11999999987999999
2025-10-31,CBA02701.CS,0.27999999972
2025-10-31,AU9999.SGE,0.21999999977999998
2025-10-31,NH0100.NHF,0.1999999998
2025-11-07,000300.SH,0.17999999981999998
2025-11-07,000852.SH,0.11999999987999999
2025-11-07,CBA02701.CS,0.27999999972
2025-11-07,AU9999.SGE,0.21999999977999998
2025-11-07,NH0100.NHF,0.1999999998
2025-11-14,000300.SH,0.17999999981999998
2025-11-14,000852.SH,0.11999999987999999
2025-11-14,CBA02701.CS,0.27999999972
2025-11-14,AU9999.SGE,0.21999999977999998
2025-11-14,NH0100.NHF,0.1999999998
2025-11-21,000300.SH,0.17999999981999998
2025-11-21,000852.SH,0.11999999987999999
2025-11-21,CBA02701.CS,0.27999999972
2025-11-21,AU9999.SGE,0.21999999977999998
2025-11-21,NH0100.NHF,0.1999999998
2025-11-28,000300.SH,0.17989537805778819
2025-11-28,000852.SH,0.12048201563238772
2025-11-28,CBA02701.CS,0.2796230920427269
2025-11-28,AU9999.SGE,0.22047341629327746
2025-11-28,NH0100.NHF,0.1995260969738196
2025-12-05,000300.SH,0.17922111540771732
2025-12-05,000852.SH,0.12223252304368804
2025-12-05,CBA02701.CS,0.278440112275688
2025-12-05,AU9999.SGE,0.22261265193193824
2025-12-05,NH0100.NHF,0.19749359634096852
2025-12-12,000300.SH,0.17980620090002827
2025-12-12,000852.SH,0.12146812752875123
2025-12-12,CBA02701.CS,0.2790612547460866
2025-12-12,AU9999.SGE,0.22093903076370183
2025-12-12,NH0100.NHF,0.1987253850614321
2025-12-19,000300.SH,0.17445218383732664
2025-12-19,000852.SH,0.1243719246957864
2025-12-19,CBA02701.CS,0.2793428624574997
2025-12-19,AU9999.SGE,0.23101619707329252
2025-12-19,NH0100.NHF,0.1908168309360948
2025-12-26,000300.SH,0.1795852317824261
2025-12-26,000852.SH,0.12149272896753281
2025-12-26,CBA02701.CS,0.27896942517996526
2025-12-26,AU9999.SGE,0.22150617489417737
2025-12-26,NH0100.NHF,0.19844643817589835
2026-01-02,000300.SH,0.17999999981999998
2026-01-02,000852.SH,0.11999999987999999
2026-01-02,CBA02701.CS,0.27999999972
2026-01-02,AU9999.SGE,0.21999999977999998
2026-01-02,NH0100.NHF,0.1999999998
2026-01-09,000300.SH,0.17999999981999998
2026-01-09,000852.SH,0.11999999987999999
2026-01-09,CBA02701.CS,0.27999999972
2026-01-09,AU9999.SGE,0.21999999977999998
2026-01-09,NH0100.NHF,0.1999999998
2026-01-16,000300.SH,0.17784983712561697
2026-01-16,000852.SH,0.1238353077612858
2026-01-16,CBA02701.CS,0.27819021391612475
2026-01-16,AU9999.SGE,0.22524437199231284
2026-01-16,NH0100.NHF,0.19488026820465953
2026-01-23,000300.SH,0.17945028055331574
2026-01-23,000852.SH,0.12180309251489022
2026-01-23,CBA02701.CS,0.27874321146746406
2026-01-23,AU9999.SGE,0.22193697426561665
2026-01-23,NH0100.NHF,0.19806644019871336
2026-01-30,000300.SH,0.1799728452290737
2026-01-30,000852.SH,0.12013587868446768
2026-01-30,CBA02701.CS,0.27988615568870157
2026-01-30,AU9999.SGE,0.22013701616143894
2026-01-30,NH0100.NHF,0.1998681032363183
2026-02-06,000300.SH,0.17999999981999998
2026-02-06,000852.SH,0.11999999987999999
2026-02-06,CBA02701.CS,0.27999999972
2026-02-06,AU9999.SGE,0.21999999977999998
2026-02-06,NH0100.NHF,0.1999999998
2026-02-13,000300.SH,0.17999999981999998
2026-02-13,000852.SH,0.11999999987999999
2026-02-13,CBA02701.CS,0.27999999972
2026-02-13,AU9999.SGE,0.21999999977999998
2026-02-13,NH0100.NHF,0.1999999998
2026-02-20,000300.SH,0.17999999981999998
2026-02-20,000852.SH,0.11999999987999999
2026-02-20,CBA02701.CS,0.27999999972
2026-02-20,AU9999.SGE,0.21999999977999998
2026-02-20,NH0100.NHF,0.1999999998
2026-02-27,000300.SH,0.17999999981999998
2026-02-27,000852.SH,0.11999999987999999
2026-02-27,CBA02701.CS,0.27999999972
2026-02-27,AU9999.SGE,0.21999999977999998
2026-02-27,NH0100.NHF,0.1999999998
2026-03-06,000300.SH,0.17964245299970827
2026-03-06,000852.SH,0.1213292418771224
2026-03-06,CBA02701.CS,0.2790380046079176
2026-03-06,AU9999.SGE,0.22136592015248976
2026-03-06,NH0100.NHF,0.19862437936276187
2026-03-13,000300.SH,0.17824948126473356
2026-03-13,000852.SH,0.12346351456950277
2026-03-13,CBA02701.CS,0.2780937740011254
2026-03-13,AU9999.SGE,0.22463355378042954
2026-03-13,NH0100.NHF,0.1955596753842087
2026-03-20,000300.SH,0.17974787004960116
2026-03-20,000852.SH,0.1210697180124557
2026-03-20,CBA02701.CS,0.2792197081236776
2026-03-20,AU9999.SGE,0.2210299786414863
2026-03-20,NH0100.NHF,0.19893272417277916
2026-03-27,000300.SH,0.17999999981999998
2026-03-27,000852.SH,0.11999999987999999
2026-03-27,CBA02701.CS,0.27999999972
2026-03-27,AU9999.SGE,0.21999999977999998
2026-03-27,NH0100.NHF,0.1999999998
2026-04-03,000300.SH,0.17999999981999998
2026-04-03,000852.SH,0.11999999987999999
2026-04-03,CBA02701.CS,0.27999999972
2026-04-03,AU9999.SGE,0.21999999977999998
2026-04-03,NH0100.NHF,0.1999999998
2026-04-10,000300.SH,0.17543331906008766
2026-04-10,000852.SH,0.12423976079433903
2026-04-10,CBA02701.CS,0.27865933990246977
2026-04-10,AU9999.SGE,0.22973650420513966
2026-04-10,NH0100.NHF,0.1919310750379636
2026-04-17,000300.SH,0.1707972290199043
2026-04-17,000852.SH,0.12293219619572766
2026-04-17,CBA02701.CS,0.2819991038505849
2026-04-17,AU9999.SGE,0.23636170982883511
2026-04-17,NH0100.NHF,0.18790976010494786
2026-04-24,000300.SH,0.1707972290199043
2026-04-24,000852.SH,0.12293219619572766
2026-04-24,CBA02701.CS,0.2819991038505849
2026-04-24,AU9999.SGE,0.23636170982883511
2026-04-24,NH0100.NHF,0.18790976010494786
