date,code,weight
2015-01-02,000300.SH,0.1464428516352214
2015-01-02,000852.SH,0.24637226824371436
2015-01-02,CBA02701.CS,0.166951032919401
2015-01-02,AU9999.SGE,0.20650883111479382
2015-01-02,NH0100.NHF,0.23372501508686927
2015-01-09,000300.SH,0.1618485431125291
2015-01-09,000852.SH,0.21970248926981656
2015-01-09,CBA02701.CS,0.1884545130095916
2015-01-09,AU9999.SGE,0.20097487222679997
2015-01-09,NH0100.NHF,0.22901958138126272
2015-01-16,000300.SH,0.2510731132758913
2015-01-16,000852.SH,0.21677510949961273
2015-01-16,CBA02701.CS,0.1567296748566237
2015-01-16,AU9999.SGE,0.17281466644692517
2015-01-16,NH0100.NHF,0.20260743492094693
2015-01-23,000300.SH,0.13140852307114606
2015-01-23,000852.SH,0.14336801674806668
2015-01-23,CBA02701.CS,0.25708822645752677
2015-01-23,AU9999.SGE,0.1707327927963405
2015-01-23,NH0100.NHF,0.29740243992692
2015-01-30,000300.SH,0.18837754453541922
2015-01-30,000852.SH,0.29271534275962463
2015-01-30,CBA02701.CS,0.20522680843606356
2015-01-30,AU9999.SGE,0.16913755744802933
2015-01-30,NH0100.NHF,0.1445427458208633
2015-02-06,000300.SH,0.11568959495709377
2015-02-06,000852.SH,0.13297920674027805
2015-02-06,CBA02701.CS,0.25358194185753574
2015-02-06,AU9999.SGE,0.37918380129649604
2015-02-06,NH0100.NHF,0.1185654541485964
2015-02-13,000300.SH,0.1809855242379581
2015-02-13,000852.SH,0.1476856081497705
2015-02-13,CBA02701.CS,0.13468430016402339
2015-02-13,AU9999.SGE,0.24484820413696468
2015-02-13,NH0100.NHF,0.2917963623112832
2015-02-20,000300.SH,0.18196674134632104
2015-02-20,000852.SH,0.1694458432320934
2015-02-20,CBA02701.CS,0.3000421743314111
2015-02-20,AU9999.SGE,0.222854607794257
2015-02-20,NH0100.NHF,0.12569063229591726
2015-02-27,000300.SH,0.1504192172792942
2015-02-27,000852.SH,0.10846916068284129
2015-02-27,CBA02701.CS,0.13535288796778586
2015-02-27,AU9999.SGE,0.47270065728305855
2015-02-27,NH0100.NHF,0.1330580757870201
2015-03-06,000300.SH,0.11391931076774
2015-03-06,000852.SH,0.29585083847739574
2015-03-06,CBA02701.CS,0.18848221689572153
2015-03-06,AU9999.SGE,0.20970809759372566
2015-03-06,NH0100.NHF,0.19203953526541698
2015-03-13,000300.SH,0.17197371545286277
2015-03-13,000852.SH,0.20895629122205697
2015-03-13,CBA02701.CS,0.13225145683086734
2015-03-13,AU9999.SGE,0.2158053417669236
2015-03-13,NH0100.NHF,0.2710131937272893
2015-03-20,000300.SH,0.14643860929825353
2015-03-20,000852.SH,0.22555196043323303
2015-03-20,CBA02701.CS,0.14713505976847216
2015-03-20,AU9999.SGE,0.35663240247012157
2015-03-20,NH0100.NHF,0.12424196702991956
2015-03-27,000300.SH,0.17392639623677672
2015-03-27,000852.SH,0.19385292797984457
2015-03-27,CBA02701.CS,0.19105179582366374
2015-03-27,AU9999.SGE,0.23565694533971815
2015-03-27,NH0100.NHF,0.20551193361999673
2015-04-03,000300.SH,0.15420753875924942
2015-04-03,000852.SH,0.20102979743984187
2015-04-03,CBA02701.CS,0.168272162112927
2015-04-03,AU9999.SGE,0.2396955313537537
2015-04-03,NH0100.NHF,0.23679496933422803
2015-04-10,000300.SH,0.25925520072647884
2015-04-10,000852.SH,0.21262313424723966
2015-04-10,CBA02701.CS,0.16960975475420467
2015-04-10,AU9999.SGE,0.2501633757189272
2015-04-10,NH0100.NHF,0.10834853355314972
2015-04-17,000300.SH,0.20956979083731128
2015-04-17,000852.SH,0.31539353569644324
2015-04-17,CBA02701.CS,0.09707791516073704
2015-04-17,AU9999.SGE,0.18459928415041993
2015-04-17,NH0100.NHF,0.19335947315508856
2015-04-24,000300.SH,0.4575982871229765
2015-04-24,000852.SH,0.12079873776830465
2015-04-24,CBA02701.CS,0.19773858004229194
2015-04-24,AU9999.SGE,0.0981375296319464
2015-04-24,NH0100.NHF,0.12572686443448047
2015-05-01,000300.SH,0.2528120636170948
2015-05-01,000852.SH,0.1712072123889432
2015-05-01,CBA02701.CS,0.23066300641344936
2015-05-01,AU9999.SGE,0.14073088620244725
2015-05-01,NH0100.NHF,0.2045868303780653
2015-05-08,000300.SH,0.16715988032444035
2015-05-08,000852.SH,0.29086578087675014
2015-05-08,CBA02701.CS,0.218328133599337
2015-05-08,AU9999.SGE,0.16182484874621317
2015-05-08,NH0100.NHF,0.16182135545325932
2015-05-15,000300.SH,0.1705423311256751
2015-05-15,000852.SH,0.18546365309189947
2015-05-15,CBA02701.CS,0.2387087847045604
2015-05-15,AU9999.SGE,0.18320290721610047
2015-05-15,NH0100.NHF,0.2220823228617644
2015-05-22,000300.SH,0.15324729217536184
2015-05-22,000852.SH,0.28019132246453987
2015-05-22,CBA02701.CS,0.2218159196199554
2015-05-22,AU9999.SGE,0.19437437176151026
2015-05-22,NH0100.NHF,0.15037109297863246
2015-05-29,000300.SH,0.30202481725460456
2015-05-29,000852.SH,0.22077132674243666
2015-05-29,CBA02701.CS,0.10548037235922673
2015-05-29,AU9999.SGE,0.08742472733400437
2015-05-29,NH0100.NHF,0.2842987553097276
2015-06-05,000300.SH,0.2914877871932064
2015-06-05,000852.SH,0.17727527599998863
2015-06-05,CBA02701.CS,0.16646712421538987
2015-06-05,AU9999.SGE,0.1659106879029434
2015-06-05,NH0100.NHF,0.1988591236884716
2015-06-12,000300.SH,0.15979266922305796
2015-06-12,000852.SH,0.31487914777325476
2015-06-12,CBA02701.CS,0.1693976455989836
2015-06-12,AU9999.SGE,0.1522711598741833
2015-06-12,NH0100.NHF,0.20365937653052024
2015-06-19,000300.SH,0.25615054021497036
2015-06-19,000852.SH,0.2627306255852012
2015-06-19,CBA02701.CS,0.14809301366496036
2015-06-19,AU9999.SGE,0.16784113126929573
2015-06-19,NH0100.NHF,0.16518468826557223
2015-06-26,000300.SH,0.1407714295416257
2015-06-26,000852.SH,0.24773766690870427
2015-06-26,CBA02701.CS,0.2175513764753144
2015-06-26,AU9999.SGE,0.14686521147802511
2015-06-26,NH0100.NHF,0.24707431459633056
2015-07-03,000300.SH,0.1821040968478504
2015-07-03,000852.SH,0.25522323531819857
2015-07-03,CBA02701.CS,0.15198158725718627
2015-07-03,AU9999.SGE,0.27020933322974233
2015-07-03,NH0100.NHF,0.14048174634702237
2015-07-10,000300.SH,0.17923794434178197
2015-07-10,000852.SH,0.15237373596338882
2015-07-10,CBA02701.CS,0.2587538375153301
2015-07-10,AU9999.SGE,0.1946596809813789
2015-07-10,NH0100.NHF,0.21497480019812007
2015-07-17,000300.SH,0.17490313863612553
2015-07-17,000852.SH,0.28936302376735085
2015-07-17,CBA02701.CS,0.10517527729551528
2015-07-17,AU9999.SGE,0.2969763838573268
2015-07-17,NH0100.NHF,0.13358217544368148
2015-07-24,000300.SH,0.16888375074345674
2015-07-24,000852.SH,0.1439811118132294
2015-07-24,CBA02701.CS,0.2872845478868783
2015-07-24,AU9999.SGE,0.16993666451140738
2015-07-24,NH0100.NHF,0.2299139240450281
2015-07-31,000300.SH,0.2487412854214488
2015-07-31,000852.SH,0.2532738144835134
2015-07-31,CBA02701.CS,0.18708923272105754
2015-07-31,AU9999.SGE,0.14955414579647397
2015-07-31,NH0100.NHF,0.16134152057750625
2015-08-07,000300.SH,0.13871367843743862
2015-08-07,000852.SH,0.1364508324926321
2015-08-07,CBA02701.CS,0.19120548151514832
2015-08-07,AU9999.SGE,0.30462682531412794
2015-08-07,NH0100.NHF,0.22900318124065303
2015-08-14,000300.SH,0.21460473770301652
2015-08-14,000852.SH,0.16622404753528705
2015-08-14,CBA02701.CS,0.2581642782345979
2015-08-14,AU9999.SGE,0.16108750725240073
2015-08-14,NH0100.NHF,0.1999194282746977
2015-08-21,000300.SH,0.17660498917183692
2015-08-21,000852.SH,0.15830635209538368
2015-08-21,CBA02701.CS,0.19099164503321342
2015-08-21,AU9999.SGE,0.23628733600245946
2015-08-21,NH0100.NHF,0.23780967669710637
2015-08-28,000300.SH,0.14790754333799447
2015-08-28,000852.SH,0.2841416681561915
2015-08-28,CBA02701.CS,0.1863297002605762
2015-08-28,AU9999.SGE,0.2400298438654413
2015-08-28,NH0100.NHF,0.14159124337979626
2015-09-04,000300.SH,0.1488067208095776
2015-09-04,000852.SH,0.15013196087160266
2015-09-04,CBA02701.CS,0.18074111107585328
2015-09-04,AU9999.SGE,0.29473541070414566
2015-09-04,NH0100.NHF,0.22558479553882071
2015-09-11,000300.SH,0.15880882672293317
2015-09-11,000852.SH,0.15151047895013073
2015-09-11,CBA02701.CS,0.2966870320961135
2015-09-11,AU9999.SGE,0.09348276849194356
2015-09-11,NH0100.NHF,0.2995108927388789
2015-09-18,000300.SH,0.18130335009838353
2015-09-18,000852.SH,0.3562562174462475
2015-09-18,CBA02701.CS,0.16870490820751963
2015-09-18,AU9999.SGE,0.09683314549036508
2015-09-18,NH0100.NHF,0.1969023777574843
2015-09-25,000300.SH,0.31080574047528114
2015-09-25,000852.SH,0.15400117280371498
2015-09-25,CBA02701.CS,0.16222965853048135
2015-09-25,AU9999.SGE,0.2044945483629607
2015-09-25,NH0100.NHF,0.16846887882756187
2015-10-02,000300.SH,0.22876493231094996
2015-10-02,000852.SH,0.14694457167253838
2015-10-02,CBA02701.CS,0.1316629224342473
2015-10-02,AU9999.SGE,0.212777024644982
2015-10-02,NH0100.NHF,0.27985054793728226
2015-10-09,000300.SH,0.14069632957459347
2015-10-09,000852.SH,0.09594950429821437
2015-10-09,CBA02701.CS,0.2892537883754003
2015-10-09,AU9999.SGE,0.2761651918498931
2015-10-09,NH0100.NHF,0.19793518490189876
2015-10-16,000300.SH,0.13539096237692044
2015-10-16,000852.SH,0.2251380351710165
2015-10-16,CBA02701.CS,0.2845765655171575
2015-10-16,AU9999.SGE,0.16810222592070645
2015-10-16,NH0100.NHF,0.18679221001419907
2015-10-23,000300.SH,0.2440282399109716
2015-10-23,000852.SH,0.3166728073574985
2015-10-23,CBA02701.CS,0.1421290784872706
2015-10-23,AU9999.SGE,0.1927767663425266
2015-10-23,NH0100.NHF,0.10439310690173259
2015-10-30,000300.SH,0.31266184980468364
2015-10-30,000852.SH,0.16863796469366713
2015-10-30,CBA02701.CS,0.13086140588662007
2015-10-30,AU9999.SGE,0.14970396521695997
2015-10-30,NH0100.NHF,0.23813481339806924
2015-11-06,000300.SH,0.1639882904170116
2015-11-06,000852.SH,0.2098574146085403
2015-11-06,CBA02701.CS,0.10185303913867415
2015-11-06,AU9999.SGE,0.1830863008868529
2015-11-06,NH0100.NHF,0.3412149539489209
2015-11-13,000300.SH,0.2681530106613271
2015-11-13,000852.SH,0.174805122286769
2015-11-13,CBA02701.CS,0.18171240242487144
2015-11-13,AU9999.SGE,0.15775691435539949
2015-11-13,NH0100.NHF,0.21757254927163297
2015-11-20,000300.SH,0.12959537786420675
2015-11-20,000852.SH,0.1269198769570223
2015-11-20,CBA02701.CS,0.2636335344026985
2015-11-20,AU9999.SGE,0.2111475083345694
2015-11-20,NH0100.NHF,0.26870370144150296
2015-11-27,000300.SH,0.3117631175426767
2015-11-27,000852.SH,0.14361081949528895
2015-11-27,CBA02701.CS,0.09961103602008003
2015-11-27,AU9999.SGE,0.23066480776778386
2015-11-27,NH0100.NHF,0.2143502181741703
2015-12-04,000300.SH,0.1249237330818115
2015-12-04,000852.SH,0.1707244307293669
2015-12-04,CBA02701.CS,0.12174645267329928
2015-12-04,AU9999.SGE,0.2821446352795554
2015-12-04,NH0100.NHF,0.30046074723596683
2015-12-11,000300.SH,0.2237281217407714
2015-12-11,000852.SH,0.13091435792848222
2015-12-11,CBA02701.CS,0.15870040540861174
2015-12-11,AU9999.SGE,0.23876652459425837
2015-12-11,NH0100.NHF,0.24789058932787625
2015-12-18,000300.SH,0.34604242241398686
2015-12-18,000852.SH,0.25893542982869355
2015-12-18,CBA02701.CS,0.1527884298038626
2015-12-18,AU9999.SGE,0.10277143055695177
2015-12-18,NH0100.NHF,0.13946228639650515
2015-12-25,000300.SH,0.17926874008493124
2015-12-25,000852.SH,0.19003342925741415
2015-12-25,CBA02701.CS,0.26341253835787637
2015-12-25,AU9999.SGE,0.1737116226128679
2015-12-25,NH0100.NHF,0.19357366868691028
2016-01-01,000300.SH,0.20688391699568362
2016-01-01,000852.SH,0.1239132863157516
2016-01-01,CBA02701.CS,0.2082205059124503
2016-01-01,AU9999.SGE,0.1489326495060761
2016-01-01,NH0100.NHF,0.31204964027003834
2016-01-08,000300.SH,0.2295516860970645
2016-01-08,000852.SH,0.16866107767209312
2016-01-08,CBA02701.CS,0.15425616744523402
2016-01-08,AU9999.SGE,0.21140266725955242
2016-01-08,NH0100.NHF,0.2361284005260559
2016-01-15,000300.SH,0.2335053159823323
2016-01-15,000852.SH,0.14454881623772334
2016-01-15,CBA02701.CS,0.24035489573955693
2016-01-15,AU9999.SGE,0.14723496212820614
2016-01-15,NH0100.NHF,0.23435600891218134
2016-01-22,000300.SH,0.21382310670842672
2016-01-22,000852.SH,0.21882138852211225
2016-01-22,CBA02701.CS,0.17521001725666863
2016-01-22,AU9999.SGE,0.1756051848384076
2016-01-22,NH0100.NHF,0.21654030167438482
2016-01-29,000300.SH,0.15087393613373526
2016-01-29,000852.SH,0.3231066411922151
2016-01-29,CBA02701.CS,0.2227823066674186
2016-01-29,AU9999.SGE,0.06820273203169246
2016-01-29,NH0100.NHF,0.2350343829749387
2016-02-05,000300.SH,0.12797498141272073
2016-02-05,000852.SH,0.28041171025123274
2016-02-05,CBA02701.CS,0.18256050387646375
2016-02-05,AU9999.SGE,0.26357754623145174
2016-02-05,NH0100.NHF,0.1454752572281311
2016-02-12,000300.SH,0.35942784934179134
2016-02-12,000852.SH,0.2139970126510963
2016-02-12,CBA02701.CS,0.12967110475282295
2016-02-12,AU9999.SGE,0.13366836318921277
2016-02-12,NH0100.NHF,0.1632356690650766
2016-02-19,000300.SH,0.15792035884940583
2016-02-19,000852.SH,0.3812026975433082
2016-02-19,CBA02701.CS,0.2814710113525417
2016-02-19,AU9999.SGE,0.08995345652787096
2016-02-19,NH0100.NHF,0.0894524747268733
2016-02-26,000300.SH,0.17002850890471194
2016-02-26,000852.SH,0.38243866795919157
2016-02-26,CBA02701.CS,0.15937186649190763
2016-02-26,AU9999.SGE,0.13765338330573754
2016-02-26,NH0100.NHF,0.15050757233845136
2016-03-04,000300.SH,0.1831051113747403
2016-03-04,000852.SH,0.31616661250864364
2016-03-04,CBA02701.CS,0.21029641171362265
2016-03-04,AU9999.SGE,0.17312614874709464
2016-03-04,NH0100.NHF,0.11730571465589874
2016-03-11,000300.SH,0.17828375004312472
2016-03-11,000852.SH,0.16088538498032887
2016-03-11,CBA02701.CS,0.13123761866261854
2016-03-11,AU9999.SGE,0.16786630010432863
2016-03-11,NH0100.NHF,0.3617269452095992
2016-03-18,000300.SH,0.0907280994101081
2016-03-18,000852.SH,0.25856460123736985
2016-03-18,CBA02701.CS,0.2776346119002149
2016-03-18,AU9999.SGE,0.21933613143437622
2016-03-18,NH0100.NHF,0.15373655501793101
2016-03-25,000300.SH,0.10483362766892884
2016-03-25,000852.SH,0.11409178056540373
2016-03-25,CBA02701.CS,0.5360314680340649
2016-03-25,AU9999.SGE,0.12675811951424645
2016-03-25,NH0100.NHF,0.11828500321735604
2016-04-01,000300.SH,0.16052707994617946
2016-04-01,000852.SH,0.08404141044460792
2016-04-01,CBA02701.CS,0.30663973753710205
2016-04-01,AU9999.SGE,0.24662489977789903
2016-04-01,NH0100.NHF,0.20216687129421163
2016-04-08,000300.SH,0.17453334010090443
2016-04-08,000852.SH,0.2579434712432671
2016-04-08,CBA02701.CS,0.1750520716918679
2016-04-08,AU9999.SGE,0.2185721129673414
2016-04-08,NH0100.NHF,0.17389900299661915
2016-04-15,000300.SH,0.12492078786375073
2016-04-15,000852.SH,0.1670955156150318
2016-04-15,CBA02701.CS,0.19970853276717013
2016-04-15,AU9999.SGE,0.3632055723010421
2016-04-15,NH0100.NHF,0.1450695904530052
2016-04-22,000300.SH,0.4356744472242316
2016-04-22,000852.SH,0.13991877733334057
2016-04-22,CBA02701.CS,0.15647375747094558
2016-04-22,AU9999.SGE,0.11187162267263252
2016-04-22,NH0100.NHF,0.15606139429884955
2016-04-29,000300.SH,0.19121111576168923
2016-04-29,000852.SH,0.24685399310410674
2016-04-29,CBA02701.CS,0.1650261906398816
2016-04-29,AU9999.SGE,0.17421139652099374
2016-04-29,NH0100.NHF,0.2226973029733285
2016-05-06,000300.SH,0.2528917772299487
2016-05-06,000852.SH,0.27918758038760005
2016-05-06,CBA02701.CS,0.18168170864061234
2016-05-06,AU9999.SGE,0.11768532318444697
2016-05-06,NH0100.NHF,0.16855360955739185
2016-05-13,000300.SH,0.3026536706113499
2016-05-13,000852.SH,0.2187346183792638
2016-05-13,CBA02701.CS,0.13757335703663542
2016-05-13,AU9999.SGE,0.17971175750293422
2016-05-13,NH0100.NHF,0.16132659546981665
2016-05-20,000300.SH,0.2530680922426947
2016-05-20,000852.SH,0.1311986691351569
2016-05-20,CBA02701.CS,0.20468190958581717
2016-05-20,AU9999.SGE,0.17729351397091148
2016-05-20,NH0100.NHF,0.2337578140654196
2016-05-27,000300.SH,0.4327157751021859
2016-05-27,000852.SH,0.2064152115322791
2016-05-27,CBA02701.CS,0.1336940357469477
2016-05-27,AU9999.SGE,0.14399562908858218
2016-05-27,NH0100.NHF,0.0831793475300049
2016-06-03,000300.SH,0.15513874655452398
2016-06-03,000852.SH,0.2148954869480281
2016-06-03,CBA02701.CS,0.22339092687963696
2016-06-03,AU9999.SGE,0.14816974369171101
2016-06-03,NH0100.NHF,0.2584050949260998
2016-06-10,000300.SH,0.1576960436076914
2016-06-10,000852.SH,0.19889009884539557
2016-06-10,CBA02701.CS,0.17454574070558998
2016-06-10,AU9999.SGE,0.0958746338554865
2016-06-10,NH0100.NHF,0.3729934819858367
2016-06-17,000300.SH,0.2165469770569195
2016-06-17,000852.SH,0.14058875983162988
2016-06-17,CBA02701.CS,0.1804795344587615
2016-06-17,AU9999.SGE,0.2151254596219544
2016-06-17,NH0100.NHF,0.24725926803073453
2016-06-24,000300.SH,0.2803717051092259
2016-06-24,000852.SH,0.15905173751091267
2016-06-24,CBA02701.CS,0.07231361903470954
2016-06-24,AU9999.SGE,0.10828047167138911
2016-06-24,NH0100.NHF,0.37998246567376276
2016-07-01,000300.SH,0.3239533028465295
2016-07-01,000852.SH,0.12913104514424928
2016-07-01,CBA02701.CS,0.2951478594833014
2016-07-01,AU9999.SGE,0.15575163836856656
2016-07-01,NH0100.NHF,0.09601615315735301
2016-07-08,000300.SH,0.23039719195152483
2016-07-08,000852.SH,0.18209182333226626
2016-07-08,CBA02701.CS,0.3469204980181543
2016-07-08,AU9999.SGE,0.10278241771669819
2016-07-08,NH0100.NHF,0.1378080679813563
2016-07-15,000300.SH,0.1602670087251464
2016-07-15,000852.SH,0.2596942139078416
2016-07-15,CBA02701.CS,0.2667948736017589
2016-07-15,AU9999.SGE,0.18494095522269668
2016-07-15,NH0100.NHF,0.12830294754255625
2016-07-22,000300.SH,0.3564040540930883
2016-07-22,000852.SH,0.17227096101310022
2016-07-22,CBA02701.CS,0.12014050206812886
2016-07-22,AU9999.SGE,0.19409587568734565
2016-07-22,NH0100.NHF,0.15708860613833706
2016-07-29,000300.SH,0.15009211030815423
2016-07-29,000852.SH,0.27072617934354326
2016-07-29,CBA02701.CS,0.18629489885404915
2016-07-29,AU9999.SGE,0.14064109880529643
2016-07-29,NH0100.NHF,0.2522457116889568
2016-08-05,000300.SH,0.11094967796181049
2016-08-05,000852.SH,0.2776369161161908
2016-08-05,CBA02701.CS,0.21380784457039317
2016-08-05,AU9999.SGE,0.26933254908088966
2016-08-05,NH0100.NHF,0.12827301127071583
2016-08-12,000300.SH,0.17416608155721933
2016-08-12,000852.SH,0.15583519830954914
2016-08-12,CBA02701.CS,0.1993277072277822
2016-08-12,AU9999.SGE,0.1782564009051577
2016-08-12,NH0100.NHF,0.29241461100029154
2016-08-19,000300.SH,0.11250785311959356
2016-08-19,000852.SH,0.1553470998600669
2016-08-19,CBA02701.CS,0.4191732461436478
2016-08-19,AU9999.SGE,0.1677091451206171
2016-08-19,NH0100.NHF,0.1452626547560745
2016-08-26,000300.SH,0.10770626072568353
2016-08-26,000852.SH,0.16586870554424651
2016-08-26,CBA02701.CS,0.1766027882289803
2016-08-26,AU9999.SGE,0.3450918802894007
2016-08-26,NH0100.NHF,0.20473036421168886
2016-09-02,000300.SH,0.11460675607736498
2016-09-02,000852.SH,0.394126139823309
2016-09-02,CBA02701.CS,0.11237454205231893
2016-09-02,AU9999.SGE,0.1126949266580851
2016-09-02,NH0100.NHF,0.26619763438892197
2016-09-09,000300.SH,0.20470640066489626
2016-09-09,000852.SH,0.10058378779189095
2016-09-09,CBA02701.CS,0.12282033376016196
2016-09-09,AU9999.SGE,0.42293855292532834
2016-09-09,NH0100.NHF,0.1489509238577224
2016-09-16,000300.SH,0.1375705520611751
2016-09-16,000852.SH,0.20038610456676675
2016-09-16,CBA02701.CS,0.23417429193760445
2016-09-16,AU9999.SGE,0.1900063951024987
2016-09-16,NH0100.NHF,0.23786265533195508
2016-09-23,000300.SH,0.19693867650187544
2016-09-23,000852.SH,0.1431657271501072
2016-09-23,CBA02701.CS,0.2386164562005141
2016-09-23,AU9999.SGE,0.18644109636736655
2016-09-23,NH0100.NHF,0.23483804278013662
2016-09-30,000300.SH,0.21716975143676248
2016-09-30,000852.SH,0.12783416737036768
2016-09-30,CBA02701.CS,0.20595154782357686
2016-09-30,AU9999.SGE,0.15915177263081445
2016-09-30,NH0100.NHF,0.2898927597384785
2016-10-07,000300.SH,0.17811103912683396
2016-10-07,000852.SH,0.14574459936805687
2016-10-07,CBA02701.CS,0.2197252178149513
2016-10-07,AU9999.SGE,0.13727898483220102
2016-10-07,NH0100.NHF,0.31914015785795663
2016-10-14,000300.SH,0.20801304627737277
2016-10-14,000852.SH,0.23553772205980245
2016-10-14,CBA02701.CS,0.1384485059770323
2016-10-14,AU9999.SGE,0.26926897808691486
2016-10-14,NH0100.NHF,0.1487317465988776
2016-10-21,000300.SH,0.19200484070598564
2016-10-21,000852.SH,0.22873911514618983
2016-10-21,CBA02701.CS,0.14825748287103846
2016-10-21,AU9999.SGE,0.1456225021411262
2016-10-21,NH0100.NHF,0.28537605813565986
2016-10-28,000300.SH,0.18581621001850587
2016-10-28,000852.SH,0.21106796690872326
2016-10-28,CBA02701.CS,0.1578465407566621
2016-10-28,AU9999.SGE,0.3052614267309713
2016-10-28,NH0100.NHF,0.1400078545851375
2016-11-04,000300.SH,0.13736097118845877
2016-11-04,000852.SH,0.3145557423127584
2016-11-04,CBA02701.CS,0.08180503528139726
2016-11-04,AU9999.SGE,0.34355060966180034
2016-11-04,NH0100.NHF,0.12272764055558517
2016-11-11,000300.SH,0.40606182140285274
2016-11-11,000852.SH,0.150381808704455
2016-11-11,CBA02701.CS,0.11457927518906588
2016-11-11,AU9999.SGE,0.14965785356955444
2016-11-11,NH0100.NHF,0.1793192401340718
2016-11-18,000300.SH,0.1854497359639892
2016-11-18,000852.SH,0.2669346878801999
2016-11-18,CBA02701.CS,0.21112983390492385
2016-11-18,AU9999.SGE,0.12631705911583035
2016-11-18,NH0100.NHF,0.21016868213505666
2016-11-25,000300.SH,0.22364620239175972
2016-11-25,000852.SH,0.18467690624683963
2016-11-25,CBA02701.CS,0.24070781592496038
2016-11-25,AU9999.SGE,0.21120666621171844
2016-11-25,NH0100.NHF,0.13976240822472172
2016-12-02,000300.SH,0.28946565216201975
2016-12-02,000852.SH,0.12413273402582992
2016-12-02,CBA02701.CS,0.16303837842455093
2016-12-02,AU9999.SGE,0.19461437161434253
2016-12-02,NH0100.NHF,0.2287488627732569
2016-12-09,000300.SH,0.32384951793040023
2016-12-09,000852.SH,0.10848005941554999
2016-12-09,CBA02701.CS,0.17612275913867473
2016-12-09,AU9999.SGE,0.18093230207787447
2016-12-09,NH0100.NHF,0.2106153604375005
2016-12-16,000300.SH,0.14596330460105852
2016-12-16,000852.SH,0.11917950178641686
2016-12-16,CBA02701.CS,0.10878368040367192
2016-12-16,AU9999.SGE,0.49081777159170403
2016-12-16,NH0100.NHF,0.13525574061714854
2016-12-23,000300.SH,0.11824439137956373
2016-12-23,000852.SH,0.17960028955284857
2016-12-23,CBA02701.CS,0.2573407806269388
2016-12-23,AU9999.SGE,0.22619330538215826
2016-12-23,NH0100.NHF,0.21862123205849057
2016-12-30,000300.SH,0.16726638058726834
2016-12-30,000852.SH,0.22488042254150073
2016-12-30,CBA02701.CS,0.17671791809141357
2016-12-30,AU9999.SGE,0.19125291754373247
2016-12-30,NH0100.NHF,0.239882360236085
2017-01-06,000300.SH,0.19165457321074322
2017-01-06,000852.SH,0.24741338189325357
2017-01-06,CBA02701.CS,0.17842432545319628
2017-01-06,AU9999.SGE,0.1602830188043926
2017-01-06,NH0100.NHF,0.22222469963841435
2017-01-13,000300.SH,0.28619702544613396
2017-01-13,000852.SH,0.1565490662697077
2017-01-13,CBA02701.CS,0.18404195262629888
2017-01-13,AU9999.SGE,0.1895351378751707
2017-01-13,NH0100.NHF,0.1836768167826888
2017-01-20,000300.SH,0.23384654097287497
2017-01-20,000852.SH,0.1519769844612777
2017-01-20,CBA02701.CS,0.21806896360525432
2017-01-20,AU9999.SGE,0.19223384036857633
2017-01-20,NH0100.NHF,0.20387366959201664
2017-01-27,000300.SH,0.17671179814002846
2017-01-27,000852.SH,0.2540591461476289
2017-01-27,CBA02701.CS,0.17609881830672902
2017-01-27,AU9999.SGE,0.1517290545110314
2017-01-27,NH0100.NHF,0.24140118189458218
2017-02-03,000300.SH,0.21493437031285278
2017-02-03,000852.SH,0.20012680683435202
2017-02-03,CBA02701.CS,0.1912530165960426
2017-02-03,AU9999.SGE,0.2586306087475297
2017-02-03,NH0100.NHF,0.13505519650922304
2017-02-10,000300.SH,0.3956207197860016
2017-02-10,000852.SH,0.16099757860386132
2017-02-10,CBA02701.CS,0.1599296092847696
2017-02-10,AU9999.SGE,0.14787597825794752
2017-02-10,NH0100.NHF,0.13557611306741993
2017-02-17,000300.SH,0.23292877462027675
2017-02-17,000852.SH,0.14163805937198307
2017-02-17,CBA02701.CS,0.2573272139574518
2017-02-17,AU9999.SGE,0.21032313680955633
2017-02-17,NH0100.NHF,0.15778281424073198
2017-02-24,000300.SH,0.29791685078487545
2017-02-24,000852.SH,0.18032974352941072
2017-02-24,CBA02701.CS,0.19108001196593555
2017-02-24,AU9999.SGE,0.12941225930068065
2017-02-24,NH0100.NHF,0.20126113341909763
2017-03-03,000300.SH,0.15148149575345984
2017-03-03,000852.SH,0.15592394710226065
2017-03-03,CBA02701.CS,0.3647513387978795
2017-03-03,AU9999.SGE,0.1267718811872723
2017-03-03,NH0100.NHF,0.20107133615912745
2017-03-10,000300.SH,0.23760042138725332
2017-03-10,000852.SH,0.0995786861908383
2017-03-10,CBA02701.CS,0.46906092021230544
2017-03-10,AU9999.SGE,0.06925873879841812
2017-03-10,NH0100.NHF,0.12450123241118491
2017-03-17,000300.SH,0.2724650589683052
2017-03-17,000852.SH,0.14654362641761112
2017-03-17,CBA02701.CS,0.27683037402127175
2017-03-17,AU9999.SGE,0.11977691461447773
2017-03-17,NH0100.NHF,0.18438402497833417
2017-03-24,000300.SH,0.17449805789197576
2017-03-24,000852.SH,0.17033379285185643
2017-03-24,CBA02701.CS,0.24915069984321983
2017-03-24,AU9999.SGE,0.2084548390906169
2017-03-24,NH0100.NHF,0.19756260932233105
2017-03-31,000300.SH,0.20309636107462395
2017-03-31,000852.SH,0.19399071844140298
2017-03-31,CBA02701.CS,0.20367501791094858
2017-03-31,AU9999.SGE,0.18127023350230925
2017-03-31,NH0100.NHF,0.21796766807071527
2017-04-07,000300.SH,0.16251205514731737
2017-04-07,000852.SH,0.19044871326280804
2017-04-07,CBA02701.CS,0.19335799427283995
2017-04-07,AU9999.SGE,0.16606653857041184
2017-04-07,NH0100.NHF,0.2876146977466228
2017-04-14,000300.SH,0.19084218919017848
2017-04-14,000852.SH,0.20342135394510144
2017-04-14,CBA02701.CS,0.23107629474929406
2017-04-14,AU9999.SGE,0.2299335004566604
2017-04-14,NH0100.NHF,0.14472666065876558
2017-04-21,000300.SH,0.16686787059274058
2017-04-21,000852.SH,0.14440271688358133
2017-04-21,CBA02701.CS,0.15964688480635963
2017-04-21,AU9999.SGE,0.3069905165546068
2017-04-21,NH0100.NHF,0.22209201016271177
2017-04-28,000300.SH,0.17669305161688995
2017-04-28,000852.SH,0.21561735004142304
2017-04-28,CBA02701.CS,0.20973525584295155
2017-04-28,AU9999.SGE,0.13291038679642714
2017-04-28,NH0100.NHF,0.26504395470230824
2017-05-05,000300.SH,0.15741482081903885
2017-05-05,000852.SH,0.21373332342562834
2017-05-05,CBA02701.CS,0.254912351511424
2017-05-05,AU9999.SGE,0.22297224667899807
2017-05-05,NH0100.NHF,0.15096725656491064
2017-05-12,000300.SH,0.1903276481981128
2017-05-12,000852.SH,0.2014230831193566
2017-05-12,CBA02701.CS,0.1601548830062892
2017-05-12,AU9999.SGE,0.22854490751913725
2017-05-12,NH0100.NHF,0.21954947715710416
2017-05-19,000300.SH,0.46731455013722606
2017-05-19,000852.SH,0.18571154468630696
2017-05-19,CBA02701.CS,0.10139023051250268
2017-05-19,AU9999.SGE,0.11468083951532516
2017-05-19,NH0100.NHF,0.13090283414863926
2017-05-26,000300.SH,0.1746311808220767
2017-05-26,000852.SH,0.38305926230447596
2017-05-26,CBA02701.CS,0.16402535401842877
2017-05-26,AU9999.SGE,0.12372516820524669
2017-05-26,NH0100.NHF,0.1545590336497718
2017-06-02,000300.SH,0.11355842986525305
2017-06-02,000852.SH,0.1267510384344385
2017-06-02,CBA02701.CS,0.1664834246967156
2017-06-02,AU9999.SGE,0.2142425483362398
2017-06-02,NH0100.NHF,0.37896455766735304
2017-06-09,000300.SH,0.17990497935241478
2017-06-09,000852.SH,0.14574648889054045
2017-06-09,CBA02701.CS,0.17821654917984794
2017-06-09,AU9999.SGE,0.2540515260956076
2017-06-09,NH0100.NHF,0.24208045548158919
2017-06-16,000300.SH,0.14476029226693743
2017-06-16,000852.SH,0.17013189545638943
2017-06-16,CBA02701.CS,0.20367720538250433
2017-06-16,AU9999.SGE,0.2318048490116117
2017-06-16,NH0100.NHF,0.24962575688255717
2017-06-23,000300.SH,0.28415847129239563
2017-06-23,000852.SH,0.2643883990288272
2017-06-23,CBA02701.CS,0.11514778366196304
2017-06-23,AU9999.SGE,0.1295508199652656
2017-06-23,NH0100.NHF,0.20675452505154837
2017-06-30,000300.SH,0.15992155779192277
2017-06-30,000852.SH,0.1543692768394443
2017-06-30,CBA02701.CS,0.40931506757483216
2017-06-30,AU9999.SGE,0.14897664534410016
2017-06-30,NH0100.NHF,0.12741745144970068
2017-07-07,000300.SH,0.2923472324396507
2017-07-07,000852.SH,0.14271750561396962
2017-07-07,CBA02701.CS,0.19526090133672752
2017-07-07,AU9999.SGE,0.1581853613643782
2017-07-07,NH0100.NHF,0.2114889982452741
2017-07-14,000300.SH,0.19048796435141024
2017-07-14,000852.SH,0.1714760768882069
2017-07-14,CBA02701.CS,0.22831908501443637
2017-07-14,AU9999.SGE,0.2673927095513387
2017-07-14,NH0100.NHF,0.14232416319460764
2017-07-21,000300.SH,0.20033870891466965
2017-07-21,000852.SH,0.14705305453993056
2017-07-21,CBA02701.CS,0.30644114221227403
2017-07-21,AU9999.SGE,0.12424953041742985
2017-07-21,NH0100.NHF,0.22191756291569595
2017-07-28,000300.SH,0.1414670183858098
2017-07-28,000852.SH,0.16659278464758848
2017-07-28,CBA02701.CS,0.2534928319433518
2017-07-28,AU9999.SGE,0.19221467904976344
2017-07-28,NH0100.NHF,0.24623268497348658
2017-08-04,000300.SH,0.2239638433300474
2017-08-04,000852.SH,0.20080883273561226
2017-08-04,CBA02701.CS,0.1368625036209629
2017-08-04,AU9999.SGE,0.2622657327682753
2017-08-04,NH0100.NHF,0.176099086545102
2017-08-11,000300.SH,0.17002993707855524
2017-08-11,000852.SH,0.257951583175402
2017-08-11,CBA02701.CS,0.2174813534928246
2017-08-11,AU9999.SGE,0.19629720232306413
2017-08-11,NH0100.NHF,0.15823992293015385
2017-08-18,000300.SH,0.23243962436421867
2017-08-18,000852.SH,0.11089341359692408
2017-08-18,CBA02701.CS,0.3588646877466335
2017-08-18,AU9999.SGE,0.12946459416839037
2017-08-18,NH0100.NHF,0.16833767912383343
2017-08-25,000300.SH,0.07292854831947851
2017-08-25,000852.SH,0.10953162793682773
2017-08-25,CBA02701.CS,0.1499452117185473
2017-08-25,AU9999.SGE,0.3756835814745352
2017-08-25,NH0100.NHF,0.2919110295506114
2017-09-01,000300.SH,0.20049880462337905
2017-09-01,000852.SH,0.30024561975190006
2017-09-01,CBA02701.CS,0.19593630745159693
2017-09-01,AU9999.SGE,0.1901461329164183
2017-09-01,NH0100.NHF,0.11317313425670568
2017-09-08,000300.SH,0.32507068541884127
2017-09-08,000852.SH,0.1773177641840803
2017-09-08,CBA02701.CS,0.19466345859833342
2017-09-08,AU9999.SGE,0.13671051546536372
2017-09-08,NH0100.NHF,0.1662375753333813
2017-09-15,000300.SH,0.1616671908288281
2017-09-15,000852.SH,0.33934776770061253
2017-09-15,CBA02701.CS,0.15421299531777458
2017-09-15,AU9999.SGE,0.1298240910148066
2017-09-15,NH0100.NHF,0.21494795413797826
2017-09-22,000300.SH,0.30253941643755716
2017-09-22,000852.SH,0.15572737137702217
2017-09-22,CBA02701.CS,0.11278455063710564
2017-09-22,AU9999.SGE,0.2306713825329416
2017-09-22,NH0100.NHF,0.1982772780153732
2017-09-29,000300.SH,0.31012272670117114
2017-09-29,000852.SH,0.1274761580017875
2017-09-29,CBA02701.CS,0.13209410707641273
2017-09-29,AU9999.SGE,0.2246543948545341
2017-09-29,NH0100.NHF,0.2056526123660943
2017-10-06,000300.SH,0.22235516843775452
2017-10-06,000852.SH,0.2463029672613
2017-10-06,CBA02701.CS,0.10129362257537017
2017-10-06,AU9999.SGE,0.18920410898334028
2017-10-06,NH0100.NHF,0.240844131742235
2017-10-13,000300.SH,0.18647538968771055
2017-10-13,000852.SH,0.19113792876741417
2017-10-13,CBA02701.CS,0.25447503355283263
2017-10-13,AU9999.SGE,0.1533622736175389
2017-10-13,NH0100.NHF,0.2145493733745038
2017-10-20,000300.SH,0.25593746763490743
2017-10-20,000852.SH,0.13536416434577714
2017-10-20,CBA02701.CS,0.21418988928340227
2017-10-20,AU9999.SGE,0.2461613283384241
2017-10-20,NH0100.NHF,0.1483471493974891
2017-10-27,000300.SH,0.12348031941162019
2017-10-27,000852.SH,0.20160311266486464
2017-10-27,CBA02701.CS,0.11786439866764235
2017-10-27,AU9999.SGE,0.20155197619836643
2017-10-27,NH0100.NHF,0.3555001920575063
2017-11-03,000300.SH,0.139889173629246
2017-11-03,000852.SH,0.19368953270480688
2017-11-03,CBA02701.CS,0.19796738746295092
2017-11-03,AU9999.SGE,0.2361311703163238
2017-11-03,NH0100.NHF,0.23232273488667232
2017-11-10,000300.SH,0.1868459023101897
2017-11-10,000852.SH,0.13666304082166034
2017-11-10,CBA02701.CS,0.31126759010617533
2017-11-10,AU9999.SGE,0.08349116033840016
2017-11-10,NH0100.NHF,0.28173230542357447
2017-11-17,000300.SH,0.11121766738941903
2017-11-17,000852.SH,0.5252199919746684
2017-11-17,CBA02701.CS,0.08656690332908161
2017-11-17,AU9999.SGE,0.15686529789297685
2017-11-17,NH0100.NHF,0.12013013841385399
2017-11-24,000300.SH,0.10060465650957379
2017-11-24,000852.SH,0.14076863280436172
2017-11-24,CBA02701.CS,0.23308317094467945
2017-11-24,AU9999.SGE,0.27451232216385535
2017-11-24,NH0100.NHF,0.25103121657752964
2017-12-01,000300.SH,0.13868953095167708
2017-12-01,000852.SH,0.29814784354631013
2017-12-01,CBA02701.CS,0.2506726754861415
2017-12-01,AU9999.SGE,0.13999628354804622
2017-12-01,NH0100.NHF,0.17249366546782494
2017-12-08,000300.SH,0.1947680999766459
2017-12-08,000852.SH,0.25482995207622916
2017-12-08,CBA02701.CS,0.2054125184749616
2017-12-08,AU9999.SGE,0.1497757171957887
2017-12-08,NH0100.NHF,0.1952137112763747
2017-12-15,000300.SH,0.21487725908520136
2017-12-15,000852.SH,0.22876829364908682
2017-12-15,CBA02701.CS,0.26790826073932544
2017-12-15,AU9999.SGE,0.1343678581636661
2017-12-15,NH0100.NHF,0.15407832736272015
2017-12-22,000300.SH,0.10698388208120128
2017-12-22,000852.SH,0.21168085572936315
2017-12-22,CBA02701.CS,0.33236476058173975
2017-12-22,AU9999.SGE,0.15230936049277022
2017-12-22,NH0100.NHF,0.1966611401149255
2017-12-29,000300.SH,0.11266052084686382
2017-12-29,000852.SH,0.1691917287817226
2017-12-29,CBA02701.CS,0.4388432066354887
2017-12-29,AU9999.SGE,0.13514459778393798
2017-12-29,NH0100.NHF,0.14415994495198686
2018-01-05,000300.SH,0.19079822918877384
2018-01-05,000852.SH,0.15398158677636795
2018-01-05,CBA02701.CS,0.13974576743345793
2018-01-05,AU9999.SGE,0.13481534534881118
2018-01-05,NH0100.NHF,0.38065907025258905
2018-01-12,000300.SH,0.08587892175531531
2018-01-12,000852.SH,0.3605931708305974
2018-01-12,CBA02701.CS,0.0640892612558594
2018-01-12,AU9999.SGE,0.3144508573537632
2018-01-12,NH0100.NHF,0.17498778780446467
2018-01-19,000300.SH,0.31107401139209195
2018-01-19,000852.SH,0.0753266252244051
2018-01-19,CBA02701.CS,0.2974887142803273
2018-01-19,AU9999.SGE,0.23347045257182172
2018-01-19,NH0100.NHF,0.08264019553135378
2018-01-26,000300.SH,0.20099103828933398
2018-01-26,000852.SH,0.12586020752766128
2018-01-26,CBA02701.CS,0.19775030070967367
2018-01-26,AU9999.SGE,0.1466275314719729
2018-01-26,NH0100.NHF,0.32877092100135813
2018-02-02,000300.SH,0.3042487379009911
2018-02-02,000852.SH,0.19483776054004281
2018-02-02,CBA02701.CS,0.1660319853560943
2018-02-02,AU9999.SGE,0.1822290522394466
2018-02-02,NH0100.NHF,0.15265246296342513
2018-02-09,000300.SH,0.12335843488290632
2018-02-09,000852.SH,0.13575462927733223
2018-02-09,CBA02701.CS,0.19223384562605175
2018-02-09,AU9999.SGE,0.22836383730607995
2018-02-09,NH0100.NHF,0.3202892519076297
2018-02-16,000300.SH,0.45838743319589376
2018-02-16,000852.SH,0.1171104920141674
2018-02-16,CBA02701.CS,0.18396759770514912
2018-02-16,AU9999.SGE,0.1588624805070651
2018-02-16,NH0100.NHF,0.0816719955777247
2018-02-23,000300.SH,0.27106366440876734
2018-02-23,000852.SH,0.16632321847993872
2018-02-23,CBA02701.CS,0.12562967768183794
2018-02-23,AU9999.SGE,0.23775875019029685
2018-02-23,NH0100.NHF,0.19922468823915906
2018-03-02,000300.SH,0.19376136020245244
2018-03-02,000852.SH,0.14405692065649323
2018-03-02,CBA02701.CS,0.46213487593773467
2018-03-02,AU9999.SGE,0.09551474070348606
2018-03-02,NH0100.NHF,0.1045321014998336
2018-03-09,000300.SH,0.25989959751231
2018-03-09,000852.SH,0.07835256671194325
2018-03-09,CBA02701.CS,0.12091782591627788
2018-03-09,AU9999.SGE,0.3134602764726312
2018-03-09,NH0100.NHF,0.22736973238683755
2018-03-16,000300.SH,0.18717659386979507
2018-03-16,000852.SH,0.18433484335819705
2018-03-16,CBA02701.CS,0.19669810956745432
2018-03-16,AU9999.SGE,0.23630926220092155
2018-03-16,NH0100.NHF,0.19548119000363195
2018-03-23,000300.SH,0.13030783592238798
2018-03-23,000852.SH,0.1506398989733678
2018-03-23,CBA02701.CS,0.24371865673645954
2018-03-23,AU9999.SGE,0.19034638539690293
2018-03-23,NH0100.NHF,0.28498722197088167
2018-03-30,000300.SH,0.1561376319218243
2018-03-30,000852.SH,0.13566227252169533
2018-03-30,CBA02701.CS,0.2602212488625003
2018-03-30,AU9999.SGE,0.24282051757074768
2018-03-30,NH0100.NHF,0.20515832812323237
2018-04-06,000300.SH,0.2217109608186414
2018-04-06,000852.SH,0.08150471749082872
2018-04-06,CBA02701.CS,0.24888474148715733
2018-04-06,AU9999.SGE,0.07925178378627455
2018-04-06,NH0100.NHF,0.3686477954170979
2018-04-13,000300.SH,0.2620272373260421
2018-04-13,000852.SH,0.14444485129517856
2018-04-13,CBA02701.CS,0.20446875867845687
2018-04-13,AU9999.SGE,0.206548245858266
2018-04-13,NH0100.NHF,0.18251090584205643
2018-04-20,000300.SH,0.21174610707855732
2018-04-20,000852.SH,0.16420044738929837
2018-04-20,CBA02701.CS,0.16922361644268566
2018-04-20,AU9999.SGE,0.1547199092745514
2018-04-20,NH0100.NHF,0.3001099188149072
2018-04-27,000300.SH,0.16974040572071689
2018-04-27,000852.SH,0.15268055411920087
2018-04-27,CBA02701.CS,0.29691950675947154
2018-04-27,AU9999.SGE,0.19279767988573118
2018-04-27,NH0100.NHF,0.18786185251487955
2018-05-04,000300.SH,0.12973745975123863
2018-05-04,000852.SH,0.5581650362510268
2018-05-04,CBA02701.CS,0.11337123388794455
2018-05-04,AU9999.SGE,0.07093248056019792
2018-05-04,NH0100.NHF,0.12779378854959214
2018-05-11,000300.SH,0.13971680818130794
2018-05-11,000852.SH,0.26052495585947044
2018-05-11,CBA02701.CS,0.3415461172680297
2018-05-11,AU9999.SGE,0.16473231336663807
2018-05-11,NH0100.NHF,0.09347980432455368
2018-05-18,000300.SH,0.42004633915388945
2018-05-18,000852.SH,0.11651066320483977
2018-05-18,CBA02701.CS,0.1735353833762097
2018-05-18,AU9999.SGE,0.15856607202909698
2018-05-18,NH0100.NHF,0.13134154123596403
2018-05-25,000300.SH,0.19200838571120799
2018-05-25,000852.SH,0.34124119156306776
2018-05-25,CBA02701.CS,0.13112120675507039
2018-05-25,AU9999.SGE,0.1372822517823642
2018-05-25,NH0100.NHF,0.19834696318828982
2018-06-01,000300.SH,0.11922041025974245
2018-06-01,000852.SH,0.17653353135807123
2018-06-01,CBA02701.CS,0.10550435574053912
2018-06-01,AU9999.SGE,0.4902559938026193
2018-06-01,NH0100.NHF,0.10848570783902779
2018-06-08,000300.SH,0.12336562755950249
2018-06-08,000852.SH,0.24413971509431634
2018-06-08,CBA02701.CS,0.17098116763149912
2018-06-08,AU9999.SGE,0.3073438094453962
2018-06-08,NH0100.NHF,0.15416967926928574
2018-06-15,000300.SH,0.13058682107333575
2018-06-15,000852.SH,0.1636608258538025
2018-06-15,CBA02701.CS,0.15310485177762997
2018-06-15,AU9999.SGE,0.29227569069274123
2018-06-15,NH0100.NHF,0.2603718096024905
2018-06-22,000300.SH,0.10631324687599791
2018-06-22,000852.SH,0.3121798389687284
2018-06-22,CBA02701.CS,0.16746242107220832
2018-06-22,AU9999.SGE,0.20592218095015433
2018-06-22,NH0100.NHF,0.20812231113291116
2018-06-29,000300.SH,0.16103268971278675
2018-06-29,000852.SH,0.2030699978972232
2018-06-29,CBA02701.CS,0.2067867095018907
2018-06-29,AU9999.SGE,0.26470704884857543
2018-06-29,NH0100.NHF,0.16440355303952384
2018-07-06,000300.SH,0.2400392512318586
2018-07-06,000852.SH,0.1425346153077289
2018-07-06,CBA02701.CS,0.29065170721247596
2018-07-06,AU9999.SGE,0.18598535862289428
2018-07-06,NH0100.NHF,0.14078906662504223
2018-07-13,000300.SH,0.20959848709501389
2018-07-13,000852.SH,0.1584449065594247
2018-07-13,CBA02701.CS,0.23358986532552958
2018-07-13,AU9999.SGE,0.2543745047895997
2018-07-13,NH0100.NHF,0.1439922352304321
2018-07-20,000300.SH,0.10146639560480833
2018-07-20,000852.SH,0.1750767074875138
2018-07-20,CBA02701.CS,0.3088956668513032
2018-07-20,AU9999.SGE,0.2546191060038678
2018-07-20,NH0100.NHF,0.15994212305250682
2018-07-27,000300.SH,0.18636152590452598
2018-07-27,000852.SH,0.16798927245269524
2018-07-27,CBA02701.CS,0.16867667786175244
2018-07-27,AU9999.SGE,0.2002390139711179
2018-07-27,NH0100.NHF,0.2767335088099082
2018-08-03,000300.SH,0.23649888882437112
2018-08-03,000852.SH,0.09498423399797086
2018-08-03,CBA02701.CS,0.2513966658008921
2018-08-03,AU9999.SGE,0.21260153252905437
2018-08-03,NH0100.NHF,0.2045186778477114
2018-08-10,000300.SH,0.13925269066384452
2018-08-10,000852.SH,0.46126367477267705
2018-08-10,CBA02701.CS,0.21150934063691582
2018-08-10,AU9999.SGE,0.09093749999394068
2018-08-10,NH0100.NHF,0.09703679293262193
2018-08-17,000300.SH,0.16454149576720112
2018-08-17,000852.SH,0.19270048933974798
2018-08-17,CBA02701.CS,0.1126423176335142
2018-08-17,AU9999.SGE,0.29218762314880153
2018-08-17,NH0100.NHF,0.2379280731107351
2018-08-24,000300.SH,0.21608602691648676
2018-08-24,000852.SH,0.16870736273484327
2018-08-24,CBA02701.CS,0.19237821054680038
2018-08-24,AU9999.SGE,0.26343781539011246
2018-08-24,NH0100.NHF,0.1593905834117569
2018-08-31,000300.SH,0.19915002865027254
2018-08-31,000852.SH,0.1387750767667086
2018-08-31,CBA02701.CS,0.31625745746228695
2018-08-31,AU9999.SGE,0.2261670618603129
2018-08-31,NH0100.NHF,0.11965037426041888
2018-09-07,000300.SH,0.3363424142759738
2018-09-07,000852.SH,0.18227921025986674
2018-09-07,CBA02701.CS,0.1532457368365214
2018-09-07,AU9999.SGE,0.19201059639239382
2018-09-07,NH0100.NHF,0.13612204123524416
2018-09-14,000300.SH,0.1087611661631936
2018-09-14,000852.SH,0.13903596790318082
2018-09-14,CBA02701.CS,0.3886305781915062
2018-09-14,AU9999.SGE,0.078114230025652
2018-09-14,NH0100.NHF,0.28545805671646723
2018-09-21,000300.SH,0.1699166276362516
2018-09-21,000852.SH,0.1867820071617998
2018-09-21,CBA02701.CS,0.27839123128548954
2018-09-21,AU9999.SGE,0.1842870247807482
2018-09-21,NH0100.NHF,0.18062310813571078
2018-09-28,000300.SH,0.29913580064207396
2018-09-28,000852.SH,0.21918823816195546
2018-09-28,CBA02701.CS,0.22024167520662807
2018-09-28,AU9999.SGE,0.11715351016868468
2018-09-28,NH0100.NHF,0.14428077482065788
2018-10-05,000300.SH,0.35854658234103826
2018-10-05,000852.SH,0.10880032750941104
2018-10-05,CBA02701.CS,0.12643389063351013
2018-10-05,AU9999.SGE,0.2263410786613976
2018-10-05,NH0100.NHF,0.17987811985464291
2018-10-12,000300.SH,0.12055731680616755
2018-10-12,000852.SH,0.29610305260033853
2018-10-12,CBA02701.CS,0.19834467058763003
2018-10-12,AU9999.SGE,0.1432102761394439
2018-10-12,NH0100.NHF,0.2417846828664199
2018-10-19,000300.SH,0.18208582083973646
2018-10-19,000852.SH,0.0988040157998244
2018-10-19,CBA02701.CS,0.13565858104449718
2018-10-19,AU9999.SGE,0.2928227720392164
2018-10-19,NH0100.NHF,0.29062880927672563
2018-10-26,000300.SH,0.09275099602466134
2018-10-26,000852.SH,0.35852291897279065
2018-10-26,CBA02701.CS,0.10211132057448764
2018-10-26,AU9999.SGE,0.2683513978268852
2018-10-26,NH0100.NHF,0.1782633656011752
2018-11-02,000300.SH,0.14045650894365924
2018-11-02,000852.SH,0.20959181899328658
2018-11-02,CBA02701.CS,0.1927452405352919
2018-11-02,AU9999.SGE,0.32871618427447075
2018-11-02,NH0100.NHF,0.12849024625329136
2018-11-09,000300.SH,0.10470282773572295
2018-11-09,000852.SH,0.3823944046667631
2018-11-09,CBA02701.CS,0.12543185486102454
2018-11-09,AU9999.SGE,0.09561737155300365
2018-11-09,NH0100.NHF,0.2918535401834857
2018-11-16,000300.SH,0.14753938557414922
2018-11-16,000852.SH,0.22836745572090023
2018-11-16,CBA02701.CS,0.11657946417325002
2018-11-16,AU9999.SGE,0.13193608828931336
2018-11-16,NH0100.NHF,0.37557760524238715
2018-11-23,000300.SH,0.14885779726901777
2018-11-23,000852.SH,0.3059471260937994
2018-11-23,CBA02701.CS,0.21936460108086572
2018-11-23,AU9999.SGE,0.16956455005478702
2018-11-23,NH0100.NHF,0.15626592450153007
2018-11-30,000300.SH,0.13156788240029377
2018-11-30,000852.SH,0.2777935282803447
2018-11-30,CBA02701.CS,0.24183830111060886
2018-11-30,AU9999.SGE,0.16580882255371557
2018-11-30,NH0100.NHF,0.18299146465503696
2018-12-07,000300.SH,0.19359865473252175
2018-12-07,000852.SH,0.14378555589488515
2018-12-07,CBA02701.CS,0.20016084580260296
2018-12-07,AU9999.SGE,0.28957449887441267
2018-12-07,NH0100.NHF,0.1728804436955775
2018-12-14,000300.SH,0.1971565391642634
2018-12-14,000852.SH,0.1726689649465868
2018-12-14,CBA02701.CS,0.1868363614222751
2018-12-14,AU9999.SGE,0.16955488087948611
2018-12-14,NH0100.NHF,0.27378325258738845
2018-12-21,000300.SH,0.1376773771997702
2018-12-21,000852.SH,0.08583576693007318
2018-12-21,CBA02701.CS,0.20604741205559837
2018-12-21,AU9999.SGE,0.13867246371818157
2018-12-21,NH0100.NHF,0.4317669790963768
2018-12-28,000300.SH,0.11017690350375148
2018-12-28,000852.SH,0.25540602791541117
2018-12-28,CBA02701.CS,0.31197060168984825
2018-12-28,AU9999.SGE,0.17838886718683486
2018-12-28,NH0100.NHF,0.1440575987041542
2019-01-04,000300.SH,0.21527832647038
2019-01-04,000852.SH,0.22304912492541193
2019-01-04,CBA02701.CS,0.24799130360187815
2019-01-04,AU9999.SGE,0.11701098517019774
2019-01-04,NH0100.NHF,0.19667025883213202
2019-01-11,000300.SH,0.11876813375030876
2019-01-11,000852.SH,0.17142991784223083
2019-01-11,CBA02701.CS,0.24076412782473217
2019-01-11,AU9999.SGE,0.22630239637715424
2019-01-11,NH0100.NHF,0.2427354232055738
2019-01-18,000300.SH,0.18879654429955814
2019-01-18,000852.SH,0.16647365298638991
2019-01-18,CBA02701.CS,0.14017259010271857
2019-01-18,AU9999.SGE,0.1496649015839414
2019-01-18,NH0100.NHF,0.3548923100273919
2019-01-25,000300.SH,0.2676274125308676
2019-01-25,000852.SH,0.14129528772032737
2019-01-25,CBA02701.CS,0.2152684833615345
2019-01-25,AU9999.SGE,0.2093592984891016
2019-01-25,NH0100.NHF,0.1664495168981689
2019-02-01,000300.SH,0.12927120053926056
2019-02-01,000852.SH,0.3114808199743853
2019-02-01,CBA02701.CS,0.18355278892183646
2019-02-01,AU9999.SGE,0.1989574991390988
2019-02-01,NH0100.NHF,0.1767376904254187
2019-02-08,000300.SH,0.11241623946620176
2019-02-08,000852.SH,0.30331964436406467
2019-02-08,CBA02701.CS,0.2162301596967837
2019-02-08,AU9999.SGE,0.1609375579820013
2019-02-08,NH0100.NHF,0.20709639749094857
2019-02-15,000300.SH,0.2495679032658873
2019-02-15,000852.SH,0.1616668537419994
2019-02-15,CBA02701.CS,0.18431328392720314
2019-02-15,AU9999.SGE,0.1917806246780652
2019-02-15,NH0100.NHF,0.21267133338684502
2019-02-22,000300.SH,0.22464114284525188
2019-02-22,000852.SH,0.20428874890656984
2019-02-22,CBA02701.CS,0.2711343560164589
2019-02-22,AU9999.SGE,0.1507507246449835
2019-02-22,NH0100.NHF,0.14918502658673574
2019-03-01,000300.SH,0.19922562337236327
2019-03-01,000852.SH,0.24657430270841102
2019-03-01,CBA02701.CS,0.1466251776318244
2019-03-01,AU9999.SGE,0.22795529140331136
2019-03-01,NH0100.NHF,0.17961960388409004
2019-03-08,000300.SH,0.19022770915852447
2019-03-08,000852.SH,0.22927279523847702
2019-03-08,CBA02701.CS,0.3154979406783678
2019-03-08,AU9999.SGE,0.1490394826886702
2019-03-08,NH0100.NHF,0.11596207123596051
2019-03-15,000300.SH,0.20516647646858865
2019-03-15,000852.SH,0.1537440923883458
2019-03-15,CBA02701.CS,0.24568382836052632
2019-03-15,AU9999.SGE,0.26272570974686293
2019-03-15,NH0100.NHF,0.13267989203567615
2019-03-22,000300.SH,0.16441823030890035
2019-03-22,000852.SH,0.2852578060654404
2019-03-22,CBA02701.CS,0.2503335033765673
2019-03-22,AU9999.SGE,0.18732608176639184
2019-03-22,NH0100.NHF,0.11266437748269999
2019-03-29,000300.SH,0.10694424431476698
2019-03-29,000852.SH,0.15848292585958185
2019-03-29,CBA02701.CS,0.13803523369110163
2019-03-29,AU9999.SGE,0.4402888402620512
2019-03-29,NH0100.NHF,0.15624875487249842
2019-04-05,000300.SH,0.257565831969799
2019-04-05,000852.SH,0.11141816449410252
2019-04-05,CBA02701.CS,0.24260683304861483
2019-04-05,AU9999.SGE,0.2625115861108485
2019-04-05,NH0100.NHF,0.12589758337663504
2019-04-12,000300.SH,0.15940486684043856
2019-04-12,000852.SH,0.161399748693152
2019-04-12,CBA02701.CS,0.25816545140430935
2019-04-12,AU9999.SGE,0.22970286587300023
2019-04-12,NH0100.NHF,0.1913270661890999
2019-04-19,000300.SH,0.21260542912630473
2019-04-19,000852.SH,0.136840439538393
2019-04-19,CBA02701.CS,0.2236192362495523
2019-04-19,AU9999.SGE,0.2778373756778511
2019-04-19,NH0100.NHF,0.14909751840789878
2019-04-26,000300.SH,0.1387128663738331
2019-04-26,000852.SH,0.2784938386674619
2019-04-26,CBA02701.CS,0.12608834301357838
2019-04-26,AU9999.SGE,0.2438726342102553
2019-04-26,NH0100.NHF,0.2128323167348711
2019-05-03,000300.SH,0.19502853198230688
2019-05-03,000852.SH,0.2748371981075227
2019-05-03,CBA02701.CS,0.16502787775585032
2019-05-03,AU9999.SGE,0.18160362405058264
2019-05-03,NH0100.NHF,0.18350276710373728
2019-05-10,000300.SH,0.1878568540776593
2019-05-10,000852.SH,0.3117404648549932
2019-05-10,CBA02701.CS,0.25816403068519383
2019-05-10,AU9999.SGE,0.153888826481513
2019-05-10,NH0100.NHF,0.08834982290064071
2019-05-17,000300.SH,0.16439048507069637
2019-05-17,000852.SH,0.3071614531788568
2019-05-17,CBA02701.CS,0.2077093170372989
2019-05-17,AU9999.SGE,0.18616839620573097
2019-05-17,NH0100.NHF,0.1345703475074171
2019-05-24,000300.SH,0.12535843318440232
2019-05-24,000852.SH,0.4477214101423246
2019-05-24,CBA02701.CS,0.15470001719682563
2019-05-24,AU9999.SGE,0.09142906552818085
2019-05-24,NH0100.NHF,0.1807910729482666
2019-05-31,000300.SH,0.18022739723007397
2019-05-31,000852.SH,0.16328308085021026
2019-05-31,CBA02701.CS,0.1729298871379113
2019-05-31,AU9999.SGE,0.30957841308743284
2019-05-31,NH0100.NHF,0.17398122069437158
2019-06-07,000300.SH,0.2159947475186024
2019-06-07,000852.SH,0.2001605785558384
2019-06-07,CBA02701.CS,0.16070658635962587
2019-06-07,AU9999.SGE,0.16997476866075306
2019-06-07,NH0100.NHF,0.25316331790518004
2019-06-14,000300.SH,0.2020969741765802
2019-06-14,000852.SH,0.14914287052612596
2019-06-14,CBA02701.CS,0.2605873704587161
2019-06-14,AU9999.SGE,0.16884839048747763
2019-06-14,NH0100.NHF,0.21932439335110004
2019-06-21,000300.SH,0.1797877969826858
2019-06-21,000852.SH,0.2015048468837719
2019-06-21,CBA02701.CS,0.15668359173154373
2019-06-21,AU9999.SGE,0.29110933364422953
2019-06-21,NH0100.NHF,0.17091442975776908
2019-06-28,000300.SH,0.07934619605227215
2019-06-28,000852.SH,0.10459433978405643
2019-06-28,CBA02701.CS,0.18840160445067708
2019-06-28,AU9999.SGE,0.1527929013728856
2019-06-28,NH0100.NHF,0.4748649573401087
2019-07-05,000300.SH,0.20385047937543524
2019-07-05,000852.SH,0.2493458454636718
2019-07-05,CBA02701.CS,0.1834864981602995
2019-07-05,AU9999.SGE,0.1825594734456494
2019-07-05,NH0100.NHF,0.18075770255494397
2019-07-12,000300.SH,0.15062162026908102
2019-07-12,000852.SH,0.22936376861150742
2019-07-12,CBA02701.CS,0.3186448822161711
2019-07-12,AU9999.SGE,0.12647711314629026
2019-07-12,NH0100.NHF,0.17489261475695023
2019-07-19,000300.SH,0.12969518228337426
2019-07-19,000852.SH,0.23257396663918228
2019-07-19,CBA02701.CS,0.13028604307466884
2019-07-19,AU9999.SGE,0.3409149225596789
2019-07-19,NH0100.NHF,0.16652988444309552
2019-07-26,000300.SH,0.1660298970483831
2019-07-26,000852.SH,0.13286642148807482
2019-07-26,CBA02701.CS,0.23758108842388195
2019-07-26,AU9999.SGE,0.33096508553716714
2019-07-26,NH0100.NHF,0.13255750650249296
2019-08-02,000300.SH,0.1994599998781862
2019-08-02,000852.SH,0.34534214530171725
2019-08-02,CBA02701.CS,0.17733610187779128
2019-08-02,AU9999.SGE,0.1602972431455248
2019-08-02,NH0100.NHF,0.11756450879678032
2019-08-09,000300.SH,0.21689909721618106
2019-08-09,000852.SH,0.21454872001648684
2019-08-09,CBA02701.CS,0.12917064250515697
2019-08-09,AU9999.SGE,0.3142724039492846
2019-08-09,NH0100.NHF,0.1251091353128905
2019-08-16,000300.SH,0.20159877594023165
2019-08-16,000852.SH,0.28126242948728447
2019-08-16,CBA02701.CS,0.12528196649681764
2019-08-16,AU9999.SGE,0.18798169553768568
2019-08-16,NH0100.NHF,0.20387513153798048
2019-08-23,000300.SH,0.18631640204210584
2019-08-23,000852.SH,0.19739986000895487
2019-08-23,CBA02701.CS,0.3046266734184435
2019-08-23,AU9999.SGE,0.1421505446498486
2019-08-23,NH0100.NHF,0.16950651888064724
2019-08-30,000300.SH,0.1574822459902414
2019-08-30,000852.SH,0.2483265620348672
2019-08-30,CBA02701.CS,0.20852956312162949
2019-08-30,AU9999.SGE,0.17512452403239057
2019-08-30,NH0100.NHF,0.21053710382087132
2019-09-06,000300.SH,0.3136563040623824
2019-09-06,000852.SH,0.134188118357702
2019-09-06,CBA02701.CS,0.09332861547711006
2019-09-06,AU9999.SGE,0.2318327960456467
2019-09-06,NH0100.NHF,0.22699416505715891
2019-09-13,000300.SH,0.14526521300611445
2019-09-13,000852.SH,0.212815186298128
2019-09-13,CBA02701.CS,0.15868097160067107
2019-09-13,AU9999.SGE,0.337473806480964
2019-09-13,NH0100.NHF,0.14576482161412244
2019-09-20,000300.SH,0.2392025739023319
2019-09-20,000852.SH,0.15708973161593642
2019-09-20,CBA02701.CS,0.19409836369540256
2019-09-20,AU9999.SGE,0.24790352846080663
2019-09-20,NH0100.NHF,0.1617058013255224
2019-09-27,000300.SH,0.14495467760104713
2019-09-27,000852.SH,0.16549117075272757
2019-09-27,CBA02701.CS,0.2531837014162665
2019-09-27,AU9999.SGE,0.1564352267651273
2019-09-27,NH0100.NHF,0.2799352224648314
2019-10-04,000300.SH,0.3640452036819404
2019-10-04,000852.SH,0.12257523915017203
2019-10-04,CBA02701.CS,0.21731084489317698
2019-10-04,AU9999.SGE,0.18730324729747044
2019-10-04,NH0100.NHF,0.10876546397724014
2019-10-11,000300.SH,0.16429481831470336
2019-10-11,000852.SH,0.2258147211036131
2019-10-11,CBA02701.CS,0.194044975328776
2019-10-11,AU9999.SGE,0.32974709939274327
2019-10-11,NH0100.NHF,0.0860983848601643
2019-10-18,000300.SH,0.26781694483186136
2019-10-18,000852.SH,0.18669647442611623
2019-10-18,CBA02701.CS,0.1381526218558605
2019-10-18,AU9999.SGE,0.17164643605342428
2019-10-18,NH0100.NHF,0.23568752183273753
2019-10-25,000300.SH,0.1683703215998788
2019-10-25,000852.SH,0.1465182145867478
2019-10-25,CBA02701.CS,0.17205729243061474
2019-10-25,AU9999.SGE,0.3065753125843504
2019-10-25,NH0100.NHF,0.20647885779840838
2019-11-01,000300.SH,0.21630089946795858
2019-11-01,000852.SH,0.11942714919359713
2019-11-01,CBA02701.CS,0.15024236120508955
2019-11-01,AU9999.SGE,0.30652776796686104
2019-11-01,NH0100.NHF,0.20750182116649352
2019-11-08,000300.SH,0.1260198221830799
2019-11-08,000852.SH,0.29678240905884856
2019-11-08,CBA02701.CS,0.21319805788492904
2019-11-08,AU9999.SGE,0.21440059848932985
2019-11-08,NH0100.NHF,0.1495991113838127
2019-11-15,000300.SH,0.22281108110492728
2019-11-15,000852.SH,0.19992033617566318
2019-11-15,CBA02701.CS,0.2348764534194841
2019-11-15,AU9999.SGE,0.18905366934985227
2019-11-15,NH0100.NHF,0.15333845895007328
2019-11-22,000300.SH,0.14963743154486067
2019-11-22,000852.SH,0.20288636639979377
2019-11-22,CBA02701.CS,0.3328152657671036
2019-11-22,AU9999.SGE,0.12324343868129724
2019-11-22,NH0100.NHF,0.19141749660694468
2019-11-29,000300.SH,0.4241418076331333
2019-11-29,000852.SH,0.2746918489831459
2019-11-29,CBA02701.CS,0.09626862227968211
2019-11-29,AU9999.SGE,0.10581456711130732
2019-11-29,NH0100.NHF,0.09908315299273134
2019-12-06,000300.SH,0.1876560668241659
2019-12-06,000852.SH,0.14981491990365323
2019-12-06,CBA02701.CS,0.2860143327231875
2019-12-06,AU9999.SGE,0.1551714573145686
2019-12-06,NH0100.NHF,0.22134322223442468
2019-12-13,000300.SH,0.11857577895824965
2019-12-13,000852.SH,0.4920818392858592
2019-12-13,CBA02701.CS,0.19434710168022876
2019-12-13,AU9999.SGE,0.09636216485016151
2019-12-13,NH0100.NHF,0.09863311422550065
2019-12-20,000300.SH,0.19387252832441285
2019-12-20,000852.SH,0.15722430491034645
2019-12-20,CBA02701.CS,0.23143843016838364
2019-12-20,AU9999.SGE,0.23339364955580916
2019-12-20,NH0100.NHF,0.18407108604104794
2019-12-27,000300.SH,0.1543278197344565
2019-12-27,000852.SH,0.1932318635200261
2019-12-27,CBA02701.CS,0.1849927652191423
2019-12-27,AU9999.SGE,0.25099880393564905
2019-12-27,NH0100.NHF,0.21644874659072585
2020-01-03,000300.SH,0.4245814954385062
2020-01-03,000852.SH,0.12047817186410588
2020-01-03,CBA02701.CS,0.17417787082986463
2020-01-03,AU9999.SGE,0.14906136781594428
2020-01-03,NH0100.NHF,0.131701093051579
2020-01-10,000300.SH,0.19203971283703472
2020-01-10,000852.SH,0.28130597359912773
2020-01-10,CBA02701.CS,0.1840078375866671
2020-01-10,AU9999.SGE,0.20594892179129154
2020-01-10,NH0100.NHF,0.13669755318587898
2020-01-17,000300.SH,0.3213913986256639
2020-01-17,000852.SH,0.2522956413650832
2020-01-17,CBA02701.CS,0.14258477248517837
2020-01-17,AU9999.SGE,0.1232188391916792
2020-01-17,NH0100.NHF,0.16050934733239525
2020-01-24,000300.SH,0.12885488519433397
2020-01-24,000852.SH,0.10525385102996868
2020-01-24,CBA02701.CS,0.44884544207255966
2020-01-24,AU9999.SGE,0.11139386921238452
2020-01-24,NH0100.NHF,0.20565195149075324
2020-01-31,000300.SH,0.16583234240958986
2020-01-31,000852.SH,0.3193289352432211
2020-01-31,CBA02701.CS,0.16639469887597863
2020-01-31,AU9999.SGE,0.09703604827790074
2020-01-31,NH0100.NHF,0.25140797419330957
2020-02-07,000300.SH,0.23930036579242733
2020-02-07,000852.SH,0.3007408424107685
2020-02-07,CBA02701.CS,0.12343547645935343
2020-02-07,AU9999.SGE,0.1835332839069123
2020-02-07,NH0100.NHF,0.1529900304305384
2020-02-14,000300.SH,0.1466317822933804
2020-02-14,000852.SH,0.23986630157372016
2020-02-14,CBA02701.CS,0.21781016115064716
2020-02-14,AU9999.SGE,0.2622869285392225
2020-02-14,NH0100.NHF,0.13340482544302978
2020-02-21,000300.SH,0.15894135189131722
2020-02-21,000852.SH,0.1572008117336859
2020-02-21,CBA02701.CS,0.30052332711994534
2020-02-21,AU9999.SGE,0.2605803532167169
2020-02-21,NH0100.NHF,0.1227541550383345
2020-02-28,000300.SH,0.14031588113347584
2020-02-28,000852.SH,0.25084668230416646
2020-02-28,CBA02701.CS,0.15444495482769136
2020-02-28,AU9999.SGE,0.2874193188177
2020-02-28,NH0100.NHF,0.16697316191696626
2020-03-06,000300.SH,0.13594305802424692
2020-03-06,000852.SH,0.17502848854664058
2020-03-06,CBA02701.CS,0.17075951198232592
2020-03-06,AU9999.SGE,0.12458216927962651
2020-03-06,NH0100.NHF,0.39368677116716017
2020-03-13,000300.SH,0.13719882982394088
2020-03-13,000852.SH,0.19863531881728874
2020-03-13,CBA02701.CS,0.21697589735900813
2020-03-13,AU9999.SGE,0.3510845463566588
2020-03-13,NH0100.NHF,0.09610540664310346
2020-03-20,000300.SH,0.20288857268977917
2020-03-20,000852.SH,0.12359448987130969
2020-03-20,CBA02701.CS,0.23725517103180896
2020-03-20,AU9999.SGE,0.2580750830757526
2020-03-20,NH0100.NHF,0.17818668233134954
2020-03-27,000300.SH,0.15815258180674296
2020-03-27,000852.SH,0.29143861561838835
2020-03-27,CBA02701.CS,0.1990769061468153
2020-03-27,AU9999.SGE,0.17600302694697526
2020-03-27,NH0100.NHF,0.17532886848107795
2020-04-03,000300.SH,0.26740269031772906
2020-04-03,000852.SH,0.19592148355605604
2020-04-03,CBA02701.CS,0.30640501778335344
2020-04-03,AU9999.SGE,0.1569465629513776
2020-04-03,NH0100.NHF,0.07332424439148368
2020-04-10,000300.SH,0.11292529935443636
2020-04-10,000852.SH,0.2984025657941649
2020-04-10,CBA02701.CS,0.1813841125402865
2020-04-10,AU9999.SGE,0.08481268515113374
2020-04-10,NH0100.NHF,0.32247533615997837
2020-04-17,000300.SH,0.18547841002315713
2020-04-17,000852.SH,0.16910779194667772
2020-04-17,CBA02701.CS,0.1948551466446472
2020-04-17,AU9999.SGE,0.23691719289265925
2020-04-17,NH0100.NHF,0.21364145749285865
2020-04-24,000300.SH,0.18887058103296087
2020-04-24,000852.SH,0.14877507985413285
2020-04-24,CBA02701.CS,0.29904813937188657
2020-04-24,AU9999.SGE,0.16533357093619483
2020-04-24,NH0100.NHF,0.19797262780482477
2020-05-01,000300.SH,0.13046777432566123
2020-05-01,000852.SH,0.39574223267033826
2020-05-01,CBA02701.CS,0.15355254731862464
2020-05-01,AU9999.SGE,0.18813103642587506
2020-05-01,NH0100.NHF,0.13210640825950073
2020-05-08,000300.SH,0.20040391100294824
2020-05-08,000852.SH,0.11444338009952866
2020-05-08,CBA02701.CS,0.22187816018506404
2020-05-08,AU9999.SGE,0.16410086353733888
2020-05-08,NH0100.NHF,0.29917368417512014
2020-05-15,000300.SH,0.19687408410251134
2020-05-15,000852.SH,0.194727865227513
2020-05-15,CBA02701.CS,0.08447553164059027
2020-05-15,AU9999.SGE,0.3731245337202307
2020-05-15,NH0100.NHF,0.15079798430915456
2020-05-22,000300.SH,0.29427175143416084
2020-05-22,000852.SH,0.40572824786583905
2020-05-22,CBA02701.CS,0.07348427603385659
2020-05-22,AU9999.SGE,0.1429208283683509
2020-05-22,NH0100.NHF,0.08359489529779252
2020-05-29,000300.SH,0.2511374794172292
2020-05-29,000852.SH,0.2681344358127228
2020-05-29,CBA02701.CS,0.12554934553344418
2020-05-29,AU9999.SGE,0.10477499880247874
2020-05-29,NH0100.NHF,0.25040373943412503
2020-06-05,000300.SH,0.1951986403092162
2020-06-05,000852.SH,0.16469727276237936
2020-06-05,CBA02701.CS,0.25675847210444913
2020-06-05,AU9999.SGE,0.256912471901537
2020-06-05,NH0100.NHF,0.12643314192241822
2020-06-12,000300.SH,0.2656412533803336
2020-06-12,000852.SH,0.2439980832744106
2020-06-12,CBA02701.CS,0.11202564135509568
2020-06-12,AU9999.SGE,0.19270193678995481
2020-06-12,NH0100.NHF,0.18563308420020516
2020-06-19,000300.SH,0.17243756063409485
2020-06-19,000852.SH,0.20175400110805336
2020-06-19,CBA02701.CS,0.07638862661006753
2020-06-19,AU9999.SGE,0.22611318019827242
2020-06-19,NH0100.NHF,0.3233066304495117
2020-06-26,000300.SH,0.254416366838328
2020-06-26,000852.SH,0.24361143354218096
2020-06-26,CBA02701.CS,0.07859344670164664
2020-06-26,AU9999.SGE,0.21933350332487805
2020-06-26,NH0100.NHF,0.2040452485929663
2020-07-03,000300.SH,0.13602242605777115
2020-07-03,000852.SH,0.15720194026466966
2020-07-03,CBA02701.CS,0.17690368040579435
2020-07-03,AU9999.SGE,0.4173679893183093
2020-07-03,NH0100.NHF,0.11250396295345555
2020-07-10,000300.SH,0.10953404523994831
2020-07-10,000852.SH,0.10552662997689169
2020-07-10,CBA02701.CS,0.12863614101027288
2020-07-10,AU9999.SGE,0.526935233039716
2020-07-10,NH0100.NHF,0.12936794973317106
2020-07-17,000300.SH,0.07666276694493085
2020-07-17,000852.SH,0.07484268690178743
2020-07-17,CBA02701.CS,0.08648937821024844
2020-07-17,AU9999.SGE,0.4814627568482808
2020-07-17,NH0100.NHF,0.28054241009475234
2020-07-24,000300.SH,0.08453769391968538
2020-07-24,000852.SH,0.0824717298396872
2020-07-24,CBA02701.CS,0.5514500587256123
2020-07-24,AU9999.SGE,0.11693954357279093
2020-07-24,NH0100.NHF,0.1646009729422241
2020-07-31,000300.SH,0.34743834628659537
2020-07-31,000852.SH,0.2995919698476168
2020-07-31,CBA02701.CS,0.11322108428929925
2020-07-31,AU9999.SGE,0.14384714603410229
2020-07-31,NH0100.NHF,0.09590145254238623
2020-08-07,000300.SH,0.19242057348704494
2020-08-07,000852.SH,0.1946811053754007
2020-08-07,CBA02701.CS,0.29756241021128926
2020-08-07,AU9999.SGE,0.12884524574798897
2020-08-07,NH0100.NHF,0.18649066417827617
2020-08-14,000300.SH,0.261115391386475
2020-08-14,000852.SH,0.2585702643840759
2020-08-14,CBA02701.CS,0.282071544356964
2020-08-14,AU9999.SGE,0.04490103599180774
2020-08-14,NH0100.NHF,0.1533417628806773
2020-08-21,000300.SH,0.2530805699093427
2020-08-21,000852.SH,0.23470255672781926
2020-08-21,CBA02701.CS,0.22584591021255068
2020-08-21,AU9999.SGE,0.04407880140487054
2020-08-21,NH0100.NHF,0.24229216074541668
2020-08-28,000300.SH,0.2542519219384561
2020-08-28,000852.SH,0.2529523557041941
2020-08-28,CBA02701.CS,0.20814819086077305
2020-08-28,AU9999.SGE,0.11639643868807474
2020-08-28,NH0100.NHF,0.168251091808502
2020-09-04,000300.SH,0.32455838078980687
2020-09-04,000852.SH,0.3458181118501112
2020-09-04,CBA02701.CS,0.10494710593410368
2020-09-04,AU9999.SGE,0.1327985958540826
2020-09-04,NH0100.NHF,0.09187780457189568
2020-09-11,000300.SH,0.19709956775424978
2020-09-11,000852.SH,0.19546715638237053
2020-09-11,CBA02701.CS,0.22271472008772272
2020-09-11,AU9999.SGE,0.17706526631279046
2020-09-11,NH0100.NHF,0.2076532884628666
2020-09-18,000300.SH,0.11298062900876255
2020-09-18,000852.SH,0.2364972058770774
2020-09-18,CBA02701.CS,0.26474533285636276
2020-09-18,AU9999.SGE,0.2410512240141599
2020-09-18,NH0100.NHF,0.14472560724363737
2020-09-25,000300.SH,0.18925693022394333
2020-09-25,000852.SH,0.345003116492105
2020-09-25,CBA02701.CS,0.22839696823307973
2020-09-25,AU9999.SGE,0.12528329988897502
2020-09-25,NH0100.NHF,0.11205968416189692
2020-10-02,000300.SH,0.2752982211117347
2020-10-02,000852.SH,0.2922599523576088
2020-10-02,CBA02701.CS,0.17887644141580503
2020-10-02,AU9999.SGE,0.11010438295305135
2020-10-02,NH0100.NHF,0.14346100116180005
2020-10-09,000300.SH,0.2752982211117347
2020-10-09,000852.SH,0.2922599523576088
2020-10-09,CBA02701.CS,0.17887644141580503
2020-10-09,AU9999.SGE,0.11010438295305135
2020-10-09,NH0100.NHF,0.14346100116180005
2020-10-16,000300.SH,0.1707315624268138
2020-10-16,000852.SH,0.16685661291363843
2020-10-16,CBA02701.CS,0.43225946953615974
2020-10-16,AU9999.SGE,0.12808944383652732
2020-10-16,NH0100.NHF,0.10206291028686078
2020-10-23,000300.SH,0.1843286832032458
2020-10-23,000852.SH,0.1821304324082584
2020-10-23,CBA02701.CS,0.1690919034162258
2020-10-23,AU9999.SGE,0.2921182064374895
2020-10-23,NH0100.NHF,0.17233077353478052
2020-10-30,000300.SH,0.23506813517233044
2020-10-30,000852.SH,0.24239562192451056
2020-10-30,CBA02701.CS,0.15906674995097417
2020-10-30,AU9999.SGE,0.20785108193712745
2020-10-30,NH0100.NHF,0.15561841001505736
2020-11-06,000300.SH,0.22023200411729765
2020-11-06,000852.SH,0.19537576348583788
2020-11-06,CBA02701.CS,0.3159184791603852
2020-11-06,AU9999.SGE,0.19811061314599915
2020-11-06,NH0100.NHF,0.07036313909048016
2020-11-13,000300.SH,0.17053725275181414
2020-11-13,000852.SH,0.16992703592990188
2020-11-13,CBA02701.CS,0.3588289974573306
2020-11-13,AU9999.SGE,0.1218339086936177
2020-11-13,NH0100.NHF,0.17887280416733567
2020-11-20,000300.SH,0.2578270525359662
2020-11-20,000852.SH,0.25167775276178367
2020-11-20,CBA02701.CS,0.24249756961863916
2020-11-20,AU9999.SGE,0.14554817846816026
2020-11-20,NH0100.NHF,0.10244944561545057
2020-11-27,000300.SH,0.21173943171615126
2020-11-27,000852.SH,0.20879934487298038
2020-11-27,CBA02701.CS,0.2807151991517296
2020-11-27,AU9999.SGE,0.14269370346601795
2020-11-27,NH0100.NHF,0.15605231979312076
2020-12-04,000300.SH,0.13297271942398345
2020-12-04,000852.SH,0.13880425243362512
2020-12-04,CBA02701.CS,0.5739010571208426
2020-12-04,AU9999.SGE,0.06925264452509793
2020-12-04,NH0100.NHF,0.08506932549645088
2020-12-11,000300.SH,0.1684530977139448
2020-12-11,000852.SH,0.16658495248608435
2020-12-11,CBA02701.CS,0.4032534391990296
2020-12-11,AU9999.SGE,0.15985112008238833
2020-12-11,NH0100.NHF,0.10185738951855287
2020-12-18,000300.SH,0.10214532150797957
2020-12-18,000852.SH,0.10254249776924582
2020-12-18,CBA02701.CS,0.4866893212161164
2020-12-18,AU9999.SGE,0.1656807682937531
2020-12-18,NH0100.NHF,0.14294209021290502
2020-12-25,000300.SH,0.2053813214699774
2020-12-25,000852.SH,0.21125670214533893
2020-12-25,CBA02701.CS,0.32168102738739573
2020-12-25,AU9999.SGE,0.14856671169278513
2020-12-25,NH0100.NHF,0.1131142363045028
2021-01-01,000300.SH,0.14696711831346432
2021-01-01,000852.SH,0.14899286047535512
2021-01-01,CBA02701.CS,0.21013921514003986
2021-01-01,AU9999.SGE,0.4388180626576473
2021-01-01,NH0100.NHF,0.055082742413493334
2021-01-08,000300.SH,0.14067283180562265
2021-01-08,000852.SH,0.1461384622143829
2021-01-08,CBA02701.CS,0.20118356820888758
2021-01-08,AU9999.SGE,0.3939245458830375
2021-01-08,NH0100.NHF,0.11808059088806917
2021-01-15,000300.SH,0.11727191039001562
2021-01-15,000852.SH,0.11843418200878839
2021-01-15,CBA02701.CS,0.542386150239994
2021-01-15,AU9999.SGE,0.13521883053268907
2021-01-15,NH0100.NHF,0.0866889258285128
2021-01-22,000300.SH,0.20375575038097637
2021-01-22,000852.SH,0.20816606498718296
2021-01-22,CBA02701.CS,0.2803168983314979
2021-01-22,AU9999.SGE,0.24714182273004057
2021-01-22,NH0100.NHF,0.060619462570301985
2021-01-29,000300.SH,0.16881847512766035
2021-01-29,000852.SH,0.16257321809535527
2021-01-29,CBA02701.CS,0.2646206653403713
2021-01-29,AU9999.SGE,0.31125126946134285
2021-01-29,NH0100.NHF,0.09273637097527004
2021-02-05,000300.SH,0.14164692060271936
2021-02-05,000852.SH,0.1460436377759681
2021-02-05,CBA02701.CS,0.17915251909037383
2021-02-05,AU9999.SGE,0.3876384076279409
2021-02-05,NH0100.NHF,0.14551851390299758
2021-02-12,000300.SH,0.18266522524200432
2021-02-12,000852.SH,0.1790887899209859
2021-02-12,CBA02701.CS,0.3322985461464636
2021-02-12,AU9999.SGE,0.16535680898319255
2021-02-12,NH0100.NHF,0.1405906287073535
2021-02-19,000300.SH,0.1999999998
2021-02-19,000852.SH,0.1999999998
2021-02-19,CBA02701.CS,0.1999999998
2021-02-19,AU9999.SGE,0.1999999998
2021-02-19,NH0100.NHF,0.1999999998
2021-02-26,000300.SH,0.07551878703859347
2021-02-26,000852.SH,0.07774252698829057
2021-02-26,CBA02701.CS,0.32452245574613986
2021-02-26,AU9999.SGE,0.3823460049631901
2021-02-26,NH0100.NHF,0.13987022426378587
2021-03-05,000300.SH,0.12571334001541012
2021-03-05,000852.SH,0.1381335692331646
2021-03-05,CBA02701.CS,0.4384041932431932
2021-03-05,AU9999.SGE,0.18170051022341185
2021-03-05,NH0100.NHF,0.11604838628482028
2021-03-12,000300.SH,0.17036331910673772
2021-03-12,000852.SH,0.17328331022682408
2021-03-12,CBA02701.CS,0.2750004737165586
2021-03-12,AU9999.SGE,0.19702617757049543
2021-03-12,NH0100.NHF,0.18432671837938402
2021-03-19,000300.SH,0.0709941140620575
2021-03-19,000852.SH,0.06977249732500891
2021-03-19,CBA02701.CS,0.48698781820364656
2021-03-19,AU9999.SGE,0.34109996098228434
2021-03-19,NH0100.NHF,0.03114560842700268
2021-03-26,000300.SH,0.13440905528305902
2021-03-26,000852.SH,0.1412096217658509
2021-03-26,CBA02701.CS,0.16269712583175072
2021-03-26,AU9999.SGE,0.2105974326255977
2021-03-26,NH0100.NHF,0.3510867634937416
2021-04-02,000300.SH,0.15763159721795394
2021-04-02,000852.SH,0.15921589251741947
2021-04-02,CBA02701.CS,0.40134812473460213
2021-04-02,AU9999.SGE,0.17294757776732061
2021-04-02,NH0100.NHF,0.10885680676270362
2021-04-09,000300.SH,0.24247253973274666
2021-04-09,000852.SH,0.27937833397361983
2021-04-09,CBA02701.CS,0.18634600046652708
2021-04-09,AU9999.SGE,0.132070092208892
2021-04-09,NH0100.NHF,0.15973303261821428
2021-04-16,000300.SH,0.23658842171459604
2021-04-16,000852.SH,0.24135664124580142
2021-04-16,CBA02701.CS,0.16285284564350536
2021-04-16,AU9999.SGE,0.19920397740734852
2021-04-16,NH0100.NHF,0.1599981129887487
2021-04-23,000300.SH,0.1548128278597247
2021-04-23,000852.SH,0.15858565622181267
2021-04-23,CBA02701.CS,0.2466963195140664
2021-04-23,AU9999.SGE,0.3247197901950193
2021-04-23,NH0100.NHF,0.11518540520937692
2021-04-30,000300.SH,0.20638509703979713
2021-04-30,000852.SH,0.2195164027855814
2021-04-30,CBA02701.CS,0.20890752717759836
2021-04-30,AU9999.SGE,0.2560577530888811
2021-04-30,NH0100.NHF,0.10913321890814189
2021-05-07,000300.SH,0.47007559544877503
2021-05-07,000852.SH,0.22992440385122484
2021-05-07,CBA02701.CS,0.15875959935783193
2021-05-07,AU9999.SGE,0.07441766040045233
2021-05-07,NH0100.NHF,0.06682273994171585
2021-05-14,000300.SH,0.2763237719411059
2021-05-14,000852.SH,0.27145038054197956
2021-05-14,CBA02701.CS,0.20316107394967955
2021-05-14,AU9999.SGE,0.1792555725748121
2021-05-14,NH0100.NHF,0.06980919999242272
2021-05-21,000300.SH,0.2972857941880635
2021-05-21,000852.SH,0.2982333925407924
2021-05-21,CBA02701.CS,0.13913918773818645
2021-05-21,AU9999.SGE,0.16840842440672857
2021-05-21,NH0100.NHF,0.09693320012622912
2021-05-28,000300.SH,0.13104651087691283
2021-05-28,000852.SH,0.12885068703553718
2021-05-28,CBA02701.CS,0.10648762794230446
2021-05-28,AU9999.SGE,0.20180624197138697
2021-05-28,NH0100.NHF,0.4318089311738585
2021-06-04,000300.SH,0.14247107073135878
2021-06-04,000852.SH,0.1394818409041237
2021-06-04,CBA02701.CS,0.3201907725983764
2021-06-04,AU9999.SGE,0.20805304119030615
2021-06-04,NH0100.NHF,0.1898032735758348
2021-06-11,000300.SH,0.18787629821724988
2021-06-11,000852.SH,0.1950305167845914
2021-06-11,CBA02701.CS,0.3754191695090954
2021-06-11,AU9999.SGE,0.12327559820694223
2021-06-11,NH0100.NHF,0.1183984162821211
2021-06-18,000300.SH,0.3430730607478632
2021-06-18,000852.SH,0.3205313685540948
2021-06-18,CBA02701.CS,0.19573699092917374
2021-06-18,AU9999.SGE,0.083105731969468
2021-06-18,NH0100.NHF,0.05755284679940019
2021-06-25,000300.SH,0.20091313131616542
2021-06-25,000852.SH,0.2074572289906319
2021-06-25,CBA02701.CS,0.25470207447648524
2021-06-25,AU9999.SGE,0.20253894076173687
2021-06-25,NH0100.NHF,0.13438862345498054
2021-07-02,000300.SH,0.2810490805890625
2021-07-02,000852.SH,0.25974819277659283
2021-07-02,CBA02701.CS,0.1575209335814676
2021-07-02,AU9999.SGE,0.21483558172581213
2021-07-02,NH0100.NHF,0.08684621032706473
2021-07-09,000300.SH,0.3094028279834147
2021-07-09,000852.SH,0.27431908670307853
2021-07-09,CBA02701.CS,0.21688249194823836
2021-07-09,AU9999.SGE,0.1497626577243197
2021-07-09,NH0100.NHF,0.04963293464094873
2021-07-16,000300.SH,0.23644739721244287
2021-07-16,000852.SH,0.23896284381205618
2021-07-16,CBA02701.CS,0.12945410761559378
2021-07-16,AU9999.SGE,0.300709026777592
2021-07-16,NH0100.NHF,0.0944266235823151
2021-07-23,000300.SH,0.27048148735170857
2021-07-23,000852.SH,0.2641066962681215
2021-07-23,CBA02701.CS,0.17611643229151377
2021-07-23,AU9999.SGE,0.16540887546882288
2021-07-23,NH0100.NHF,0.12388650761983318
2021-07-30,000300.SH,0.1235033132290804
2021-07-30,000852.SH,0.12403057101206802
2021-07-30,CBA02701.CS,0.2664989601146443
2021-07-30,AU9999.SGE,0.3040566058421137
2021-07-30,NH0100.NHF,0.1819105488020935
2021-08-06,000300.SH,0.07211916254037394
2021-08-06,000852.SH,0.07258604870424694
2021-08-06,CBA02701.CS,0.3702976542908095
2021-08-06,AU9999.SGE,0.33479756177792896
2021-08-06,NH0100.NHF,0.15019957168664058
2021-08-13,000300.SH,0.2598351695780347
2021-08-13,000852.SH,0.2768539835482537
2021-08-13,CBA02701.CS,0.08139506060222494
2021-08-13,AU9999.SGE,0.17884406145450452
2021-08-13,NH0100.NHF,0.20307172381698194
2021-08-20,000300.SH,0.16155307280982484
2021-08-20,000852.SH,0.1619934133145532
2021-08-20,CBA02701.CS,0.09482430294708036
2021-08-20,AU9999.SGE,0.09682734587112597
2021-08-20,NH0100.NHF,0.4848018640574156
2021-08-27,000300.SH,0.16241547883253513
2021-08-27,000852.SH,0.16907822121756322
2021-08-27,CBA02701.CS,0.13082802715341474
2021-08-27,AU9999.SGE,0.2705196334830731
2021-08-27,NH0100.NHF,0.26715863831341374
2021-09-03,000300.SH,0.15049782425766198
2021-09-03,000852.SH,0.1565414638012632
2021-09-03,CBA02701.CS,0.07900036227852635
2021-09-03,AU9999.SGE,0.34221426895539114
2021-09-03,NH0100.NHF,0.27174607970715714
2021-09-10,000300.SH,0.17129572162374457
2021-09-10,000852.SH,0.1737631555001699
2021-09-10,CBA02701.CS,0.09527657855025086
2021-09-10,AU9999.SGE,0.16707930246315383
2021-09-10,NH0100.NHF,0.3925852408626807
2021-09-17,000300.SH,0.08786441066202083
2021-09-17,000852.SH,0.07518848795367966
2021-09-17,CBA02701.CS,0.33924599364278757
2021-09-17,AU9999.SGE,0.1849078984803162
2021-09-17,NH0100.NHF,0.31279320826119567
2021-09-24,000300.SH,0.2636341897315658
2021-09-24,000852.SH,0.1758714948836861
2021-09-24,CBA02701.CS,0.1597109738443506
2021-09-24,AU9999.SGE,0.1880654526332936
2021-09-24,NH0100.NHF,0.21271788790710383
2021-10-01,000300.SH,0.23913206311629337
2021-10-01,000852.SH,0.2377578605102017
2021-10-01,CBA02701.CS,0.13295962192417338
2021-10-01,AU9999.SGE,0.15982630039057627
2021-10-01,NH0100.NHF,0.23032415305875534
2021-10-08,000300.SH,0.23913206311629337
2021-10-08,000852.SH,0.2377578605102017
2021-10-08,CBA02701.CS,0.13295962192417338
2021-10-08,AU9999.SGE,0.15982630039057627
2021-10-08,NH0100.NHF,0.23032415305875534
2021-10-15,000300.SH,0.284540287888431
2021-10-15,000852.SH,0.29105519723223416
2021-10-15,CBA02701.CS,0.06322393148365249
2021-10-15,AU9999.SGE,0.10785172354779023
2021-10-15,NH0100.NHF,0.2533288588478921
2021-10-22,000300.SH,0.259298064580148
2021-10-22,000852.SH,0.26678031445202444
2021-10-22,CBA02701.CS,0.14054688607175442
2021-10-22,AU9999.SGE,0.1614233560082714
2021-10-22,NH0100.NHF,0.1719513778878019
2021-10-29,000300.SH,0.16225957995911905
2021-10-29,000852.SH,0.16199502510913086
2021-10-29,CBA02701.CS,0.09570560332340611
2021-10-29,AU9999.SGE,0.23353657109220047
2021-10-29,NH0100.NHF,0.3465032195161435
2021-11-05,000300.SH,0.18224142222917075
2021-11-05,000852.SH,0.17408520854457876
2021-11-05,CBA02701.CS,0.3156015732117646
2021-11-05,AU9999.SGE,0.1625027904564089
2021-11-05,NH0100.NHF,0.16556900455807716
2021-11-12,000300.SH,0.2685115841112179
2021-11-12,000852.SH,0.31066100640885985
2021-11-12,CBA02701.CS,0.23035265342717812
2021-11-12,AU9999.SGE,0.09507103634697893
2021-11-12,NH0100.NHF,0.09540371870576504
2021-11-19,000300.SH,0.18171077781066367
2021-11-19,000852.SH,0.1841295188637888
2021-11-19,CBA02701.CS,0.2517318310362071
2021-11-19,AU9999.SGE,0.13659942665741637
2021-11-19,NH0100.NHF,0.245828444631924
2021-11-26,000300.SH,0.23465984912875495
2021-11-26,000852.SH,0.23240410062185488
2021-11-26,CBA02701.CS,0.31612644785243693
2021-11-26,AU9999.SGE,0.04893762630113088
2021-11-26,NH0100.NHF,0.16787197509582244
2021-12-03,000300.SH,0.3399788735024576
2021-12-03,000852.SH,0.35964001988765065
2021-12-03,CBA02701.CS,0.06751467376036802
2021-12-03,AU9999.SGE,0.08405346736556919
2021-12-03,NH0100.NHF,0.14881296448395429
2021-12-10,000300.SH,0.14250068063515778
2021-12-10,000852.SH,0.1344707233915063
2021-12-10,CBA02701.CS,0.1179485694143208
2021-12-10,AU9999.SGE,0.21432655972992612
2021-12-10,NH0100.NHF,0.39075346582908904
2021-12-17,000300.SH,0.10649051707020898
2021-12-17,000852.SH,0.10845855779623784
2021-12-17,CBA02701.CS,0.19874403235891944
2021-12-17,AU9999.SGE,0.26433461808637415
2021-12-17,NH0100.NHF,0.32197227368825954
2021-12-24,000300.SH,0.18226389919353825
2021-12-24,000852.SH,0.1777896070162206
2021-12-24,CBA02701.CS,0.13827351607820468
2021-12-24,AU9999.SGE,0.18690880281345737
2021-12-24,NH0100.NHF,0.314764173898579
2021-12-31,000300.SH,0.26808724050272115
2021-12-31,000852.SH,0.2616937469918492
2021-12-31,CBA02701.CS,0.12079396533444878
2021-12-31,AU9999.SGE,0.18324939551160932
2021-12-31,NH0100.NHF,0.16617565065937154
2022-01-07,000300.SH,0.19224258046094453
2022-01-07,000852.SH,0.1821595140922049
2022-01-07,CBA02701.CS,0.0852842635744282
2022-01-07,AU9999.SGE,0.40902410620670093
2022-01-07,NH0100.NHF,0.1312895346657214
2022-01-14,000300.SH,0.277066234600608
2022-01-14,000852.SH,0.26301696427419125
2022-01-14,CBA02701.CS,0.09736761250009375
2022-01-14,AU9999.SGE,0.1533773677558663
2022-01-14,NH0100.NHF,0.20917181986924074
2022-01-21,000300.SH,0.16973126612874237
2022-01-21,000852.SH,0.16151229818335838
2022-01-21,CBA02701.CS,0.27198482534636137
2022-01-21,AU9999.SGE,0.15303257449300753
2022-01-21,NH0100.NHF,0.24373903484853024
2022-01-28,000300.SH,0.12699313880908222
2022-01-28,000852.SH,0.1017937496157437
2022-01-28,CBA02701.CS,0.06345452788557375
2022-01-28,AU9999.SGE,0.10604363971178422
2022-01-28,NH0100.NHF,0.6017149429778161
2022-02-04,000300.SH,0.1999999998
2022-02-04,000852.SH,0.1999999998
2022-02-04,CBA02701.CS,0.1999999998
2022-02-04,AU9999.SGE,0.1999999998
2022-02-04,NH0100.NHF,0.1999999998
2022-02-11,000300.SH,0.21249711829024837
2022-02-11,000852.SH,0.20978259947920977
2022-02-11,CBA02701.CS,0.07198365183548217
2022-02-11,AU9999.SGE,0.14758505886893877
2022-02-11,NH0100.NHF,0.35815157052612084
2022-02-18,000300.SH,0.23281127398047397
2022-02-18,000852.SH,0.2437989738107421
2022-02-18,CBA02701.CS,0.28616199639342244
2022-02-18,AU9999.SGE,0.18229015107273686
2022-02-18,NH0100.NHF,0.05493760374262462
2022-02-25,000300.SH,0.18269432089972729
2022-02-25,000852.SH,0.18009891525084415
2022-02-25,CBA02701.CS,0.33489151794373495
2022-02-25,AU9999.SGE,0.17931075536430177
2022-02-25,NH0100.NHF,0.12300448954139176
2022-03-04,000300.SH,0.24992694565236326
2022-03-04,000852.SH,0.23712737101738374
2022-03-04,CBA02701.CS,0.20921724804620376
2022-03-04,AU9999.SGE,0.16914356395312083
2022-03-04,NH0100.NHF,0.13458487033092842
2022-03-11,000300.SH,0.1895908911395921
2022-03-11,000852.SH,0.1854246286999336
2022-03-11,CBA02701.CS,0.26953195210602565
2022-03-11,AU9999.SGE,0.1427979086823849
2022-03-11,NH0100.NHF,0.21265461837206376
2022-03-18,000300.SH,0.22058949449503393
2022-03-18,000852.SH,0.23688531590596137
2022-03-18,CBA02701.CS,0.246984535078283
2022-03-18,AU9999.SGE,0.09529931478473454
2022-03-18,NH0100.NHF,0.20024133873598715
2022-03-25,000300.SH,0.14089850757531017
2022-03-25,000852.SH,0.15266854570679636
2022-03-25,CBA02701.CS,0.2729250872698445
2022-03-25,AU9999.SGE,0.18571290152653488
2022-03-25,NH0100.NHF,0.2477949569215141
2022-04-01,000300.SH,0.2178312240007434
2022-04-01,000852.SH,0.24706433325767954
2022-04-01,CBA02701.CS,0.2834503718305538
2022-04-01,AU9999.SGE,0.16156711424851203
2022-04-01,NH0100.NHF,0.0900869556625111
2022-04-08,000300.SH,0.29172638841325665
2022-04-08,000852.SH,0.372659587670889
2022-04-08,CBA02701.CS,0.09599977949406353
2022-04-08,AU9999.SGE,0.1377668965669689
2022-04-08,NH0100.NHF,0.10184734685482186
2022-04-15,000300.SH,0.20752203417498014
2022-04-15,000852.SH,0.21708316881996814
2022-04-15,CBA02701.CS,0.22566076533371948
2022-04-15,AU9999.SGE,0.21975278820439795
2022-04-15,NH0100.NHF,0.12998124246693404
2022-04-22,000300.SH,0.15461498827387132
2022-04-22,000852.SH,0.15663767643289297
2022-04-22,CBA02701.CS,0.30486356657832603
2022-04-22,AU9999.SGE,0.16611185556747843
2022-04-22,NH0100.NHF,0.21777191214743113
2022-04-29,000300.SH,0.08599418099796391
2022-04-29,000852.SH,0.0888935985706693
2022-04-29,CBA02701.CS,0.43268496612487
2022-04-29,AU9999.SGE,0.24098543560156457
2022-04-29,NH0100.NHF,0.15144181770493229
2022-05-06,000300.SH,0.007358711272121348
2022-05-06,000852.SH,0.006994481330089393
2022-05-06,CBA02701.CS,0.9020340871761544
2022-05-06,AU9999.SGE,0.06577351213791499
2022-05-06,NH0100.NHF,0.01783920708371973
2022-05-13,000300.SH,0.15790164665863862
2022-05-13,000852.SH,0.16080563807498768
2022-05-13,CBA02701.CS,0.1948712343866564
2022-05-13,AU9999.SGE,0.19486834882045134
2022-05-13,NH0100.NHF,0.29155313105926584
2022-05-20,000300.SH,0.222969037211317
2022-05-20,000852.SH,0.24081364198506255
2022-05-20,CBA02701.CS,0.1886444666283913
2022-05-20,AU9999.SGE,0.18766079627986681
2022-05-20,NH0100.NHF,0.1599120568953623
2022-05-27,000300.SH,0.15572226255498364
2022-05-27,000852.SH,0.1569231233533098
2022-05-27,CBA02701.CS,0.23376467760335545
2022-05-27,AU9999.SGE,0.2162569016194234
2022-05-27,NH0100.NHF,0.23733303386892757
2022-06-03,000300.SH,0.12832151171977665
2022-06-03,000852.SH,0.12896039126308587
2022-06-03,CBA02701.CS,0.1175101874814075
2022-06-03,AU9999.SGE,0.24105365773274554
2022-06-03,NH0100.NHF,0.38415425080298443
2022-06-10,000300.SH,0.2379424000309172
2022-06-10,000852.SH,0.25033285278797973
2022-06-10,CBA02701.CS,0.17541503321805443
2022-06-10,AU9999.SGE,0.1422510390322352
2022-06-10,NH0100.NHF,0.19405867393081325
2022-06-17,000300.SH,0.16595049125525566
2022-06-17,000852.SH,0.17572450924676333
2022-06-17,CBA02701.CS,0.377974075593484
2022-06-17,AU9999.SGE,0.1341445751703923
2022-06-17,NH0100.NHF,0.14620634773410476
2022-06-24,000300.SH,0.19150116561286157
2022-06-24,000852.SH,0.18814600542292761
2022-06-24,CBA02701.CS,0.2878110182045672
2022-06-24,AU9999.SGE,0.18290270765913566
2022-06-24,NH0100.NHF,0.1496391021005078
2022-07-01,000300.SH,0.21018648426123954
2022-07-01,000852.SH,0.20958213355436023
2022-07-01,CBA02701.CS,0.2711286114415332
2022-07-01,AU9999.SGE,0.253843376083585
2022-07-01,NH0100.NHF,0.055259393659281904
2022-07-08,000300.SH,0.20989107405264454
2022-07-08,000852.SH,0.2033535011758072
2022-07-08,CBA02701.CS,0.2607437312632859
2022-07-08,AU9999.SGE,0.12347337759253689
2022-07-08,NH0100.NHF,0.20253831491572538
2022-07-15,000300.SH,0.23639401267222956
2022-07-15,000852.SH,0.23804368998753594
2022-07-15,CBA02701.CS,0.1236552466866951
2022-07-15,AU9999.SGE,0.14012827631850888
2022-07-15,NH0100.NHF,0.2617787733350304
2022-07-22,000300.SH,0.14403130048578955
2022-07-22,000852.SH,0.1440551842109856
2022-07-22,CBA02701.CS,0.1663464264529692
2022-07-22,AU9999.SGE,0.3589111997703014
2022-07-22,NH0100.NHF,0.18665588807995423
2022-07-29,000300.SH,0.28638444498132304
2022-07-29,000852.SH,0.29384241910574305
2022-07-29,CBA02701.CS,0.19585795320520577
2022-07-29,AU9999.SGE,0.15062970771418743
2022-07-29,NH0100.NHF,0.07328547399354064
2022-08-05,000300.SH,0.1948722259814615
2022-08-05,000852.SH,0.19493608448527228
2022-08-05,CBA02701.CS,0.21130246916907788
2022-08-05,AU9999.SGE,0.2959190858504517
2022-08-05,NH0100.NHF,0.10297013351373664
2022-08-12,000300.SH,0.14985694238397032
2022-08-12,000852.SH,0.14636867422816102
2022-08-12,CBA02701.CS,0.10137214225276081
2022-08-12,AU9999.SGE,0.3790030462726159
2022-08-12,NH0100.NHF,0.2233991938624918
2022-08-19,000300.SH,0.19282223494690454
2022-08-19,000852.SH,0.1900607987611728
2022-08-19,CBA02701.CS,0.0796607094834089
2022-08-19,AU9999.SGE,0.2850632837078384
2022-08-19,NH0100.NHF,0.2523929721006752
2022-08-26,000300.SH,0.2678348266954759
2022-08-26,000852.SH,0.2607862914368946
2022-08-26,CBA02701.CS,0.10328262502706578
2022-08-26,AU9999.SGE,0.23757645685165432
2022-08-26,NH0100.NHF,0.13051979898890945
2022-09-02,000300.SH,0.2813007383377621
2022-09-02,000852.SH,0.2643234225990359
2022-09-02,CBA02701.CS,0.16916716152981467
2022-09-02,AU9999.SGE,0.1433720713640034
2022-09-02,NH0100.NHF,0.14183660516938384
2022-09-09,000300.SH,0.14705054212488425
2022-09-09,000852.SH,0.15408317340178698
2022-09-09,CBA02701.CS,0.13549370291025833
2022-09-09,AU9999.SGE,0.06571651489086792
2022-09-09,NH0100.NHF,0.49765606567220233
2022-09-16,000300.SH,0.19040490685491798
2022-09-16,000852.SH,0.1855499930805181
2022-09-16,CBA02701.CS,0.2861056817852611
2022-09-16,AU9999.SGE,0.17164216068888266
2022-09-16,NH0100.NHF,0.16629725659042027
2022-09-23,000300.SH,0.2811841628774347
2022-09-23,000852.SH,0.2953417781949469
2022-09-23,CBA02701.CS,0.10652808832566718
2022-09-23,AU9999.SGE,0.17318175204245112
2022-09-23,NH0100.NHF,0.14376421755950006
2022-09-30,000300.SH,0.2563351093746962
2022-09-30,000852.SH,0.2401181600382299
2022-09-30,CBA02701.CS,0.06588917008407397
2022-09-30,AU9999.SGE,0.15598525896147886
2022-09-30,NH0100.NHF,0.2816723005415208
2022-10-07,000300.SH,0.1999999998
2022-10-07,000852.SH,0.1999999998
2022-10-07,CBA02701.CS,0.1999999998
2022-10-07,AU9999.SGE,0.1999999998
2022-10-07,NH0100.NHF,0.1999999998
2022-10-14,000300.SH,0.16189053549129342
2022-10-14,000852.SH,0.1622104875392639
2022-10-14,CBA02701.CS,0.1439050475975376
2022-10-14,AU9999.SGE,0.32114081031743924
2022-10-14,NH0100.NHF,0.21085311805446577
2022-10-21,000300.SH,0.17221159145567294
2022-10-21,000852.SH,0.1674842098224651
2022-10-21,CBA02701.CS,0.13979932219207386
2022-10-21,AU9999.SGE,0.24572813624281675
2022-10-21,NH0100.NHF,0.27477673928697127
2022-10-28,000300.SH,0.2071102744138062
2022-10-28,000852.SH,0.19583898500411245
2022-10-28,CBA02701.CS,0.24087542321701938
2022-10-28,AU9999.SGE,0.18833700313699747
2022-10-28,NH0100.NHF,0.1678383132280644
2022-11-04,000300.SH,0.09224560814048981
2022-11-04,000852.SH,0.09029893476953842
2022-11-04,CBA02701.CS,0.34070367309859106
2022-11-04,AU9999.SGE,0.22618994661462202
2022-11-04,NH0100.NHF,0.25056183637675866
2022-11-11,000300.SH,0.10644658786665016
2022-11-11,000852.SH,0.1046309591591958
2022-11-11,CBA02701.CS,0.29835072737729934
2022-11-11,AU9999.SGE,0.12528756306300817
2022-11-11,NH0100.NHF,0.3652841615338464
2022-11-18,000300.SH,0.213783377587696
2022-11-18,000852.SH,0.21749227243941746
2022-11-18,CBA02701.CS,0.1380828943205292
2022-11-18,AU9999.SGE,0.14269172338404382
2022-11-18,NH0100.NHF,0.28794973126831336
2022-11-25,000300.SH,0.21076898359381635
2022-11-25,000852.SH,0.21366010272899058
2022-11-25,CBA02701.CS,0.05689022157282628
2022-11-25,AU9999.SGE,0.3558433715023362
2022-11-25,NH0100.NHF,0.1628373196020306
2022-12-02,000300.SH,0.09360571501318517
2022-12-02,000852.SH,0.09402399690519883
2022-12-02,CBA02701.CS,0.051307709663293996
2022-12-02,AU9999.SGE,0.5805635036076243
2022-12-02,NH0100.NHF,0.18049907381069774
2022-12-09,000300.SH,0.17663956382371504
2022-12-09,000852.SH,0.17211294834944246
2022-12-09,CBA02701.CS,0.20971307066246864
2022-12-09,AU9999.SGE,0.20794523819715963
2022-12-09,NH0100.NHF,0.233589177967214
2022-12-16,000300.SH,0.20163052261575815
2022-12-16,000852.SH,0.19506191747125223
2022-12-16,CBA02701.CS,0.2795960644762982
2022-12-16,AU9999.SGE,0.15252912444188996
2022-12-16,NH0100.NHF,0.17118236999480146
2022-12-23,000300.SH,0.21727728505928032
2022-12-23,000852.SH,0.24057077501589327
2022-12-23,CBA02701.CS,0.1313922836772985
2022-12-23,AU9999.SGE,0.21965367823887638
2022-12-23,NH0100.NHF,0.1911059770086515
2022-12-30,000300.SH,0.1379690199960194
2022-12-30,000852.SH,0.1422025570746023
2022-12-30,CBA02701.CS,0.2266498800866492
2022-12-30,AU9999.SGE,0.2622744965709867
2022-12-30,NH0100.NHF,0.23090404527174224
2023-01-06,000300.SH,0.08150062670652
2023-01-06,000852.SH,0.07440867603711186
2023-01-06,CBA02701.CS,0.0792833247571907
2023-01-06,AU9999.SGE,0.7174176614187829
2023-01-06,NH0100.NHF,0.04738971008039447
2023-01-13,000300.SH,0.16702383500274798
2023-01-13,000852.SH,0.16957129862898682
2023-01-13,CBA02701.CS,0.07634402926449291
2023-01-13,AU9999.SGE,0.4946056423753584
2023-01-13,NH0100.NHF,0.09245519372841386
2023-01-20,000300.SH,0.24919556764904838
2023-01-20,000852.SH,0.25955257319657726
2023-01-20,CBA02701.CS,0.15616598313383498
2023-01-20,AU9999.SGE,0.22119386330396187
2023-01-20,NH0100.NHF,0.1138920117165773
2023-01-27,000300.SH,0.1999999998
2023-01-27,000852.SH,0.1999999998
2023-01-27,CBA02701.CS,0.1999999998
2023-01-27,AU9999.SGE,0.1999999998
2023-01-27,NH0100.NHF,0.1999999998
2023-02-03,000300.SH,0.21339095759397922
2023-02-03,000852.SH,0.19171365341908053
2023-02-03,CBA02701.CS,0.27121062867557166
2023-02-03,AU9999.SGE,0.11994493361624556
2023-02-03,NH0100.NHF,0.20373982569512308
2023-02-10,000300.SH,0.1515531288411512
2023-02-10,000852.SH,0.1514835346057213
2023-02-10,CBA02701.CS,0.416983016741606
2023-02-10,AU9999.SGE,0.11469803379099318
2023-02-10,NH0100.NHF,0.16528228502052844
2023-02-17,000300.SH,0.10979581640083806
2023-02-17,000852.SH,0.11070649393364343
2023-02-17,CBA02701.CS,0.4582780254066462
2023-02-17,AU9999.SGE,0.09028466627367132
2023-02-17,NH0100.NHF,0.23093499698520095
2023-02-24,000300.SH,0.1416402687234647
2023-02-24,000852.SH,0.1453086578853303
2023-02-24,CBA02701.CS,0.21969511627168795
2023-02-24,AU9999.SGE,0.25610697822034934
2023-02-24,NH0100.NHF,0.23724897789916782
2023-03-03,000300.SH,0.10158344485717137
2023-03-03,000852.SH,0.10350692121623593
2023-03-03,CBA02701.CS,0.3886844215278599
2023-03-03,AU9999.SGE,0.301161220499802
2023-03-03,NH0100.NHF,0.10506399089893093
2023-03-10,000300.SH,0.15463998711856905
2023-03-10,000852.SH,0.15337567076151587
2023-03-10,CBA02701.CS,0.26826525220290093
2023-03-10,AU9999.SGE,0.23853772586367394
2023-03-10,NH0100.NHF,0.18518136305334013
2023-03-17,000300.SH,0.20986830599005374
2023-03-17,000852.SH,0.21590764396561937
2023-03-17,CBA02701.CS,0.2508211673369368
2023-03-17,AU9999.SGE,0.0947018035835153
2023-03-17,NH0100.NHF,0.2287010781238747
2023-03-24,000300.SH,0.14655846566572098
2023-03-24,000852.SH,0.1523929878031803
2023-03-24,CBA02701.CS,0.4213873041059813
2023-03-24,AU9999.SGE,0.08349173766876133
2023-03-24,NH0100.NHF,0.19616950375635608
2023-03-31,000300.SH,0.22091515846436907
2023-03-31,000852.SH,0.24024575641233598
2023-03-31,CBA02701.CS,0.3371986766778194
2023-03-31,AU9999.SGE,0.07712696755743238
2023-03-31,NH0100.NHF,0.12451343988804306
2023-04-07,000300.SH,0.0882257241088089
2023-04-07,000852.SH,0.09115892578260067
2023-04-07,CBA02701.CS,0.7293807892813544
2023-04-07,AU9999.SGE,0.03618327953411797
2023-04-07,NH0100.NHF,0.05505128029311805
2023-04-14,000300.SH,0.1849506673930077
2023-04-14,000852.SH,0.19237050727406635
2023-04-14,CBA02701.CS,0.3820474207315943
2023-04-14,AU9999.SGE,0.11999944587155752
2023-04-14,NH0100.NHF,0.12063195772977407
2023-04-21,000300.SH,0.20127254382655294
2023-04-21,000852.SH,0.19572217356919097
2023-04-21,CBA02701.CS,0.3805167771129363
2023-04-21,AU9999.SGE,0.1075909135861258
2023-04-21,NH0100.NHF,0.11489759090519391
2023-04-28,000300.SH,0.1853256179154041
2023-04-28,000852.SH,0.18525678162392
2023-04-28,CBA02701.CS,0.3821631103107617
2023-04-28,AU9999.SGE,0.12464799843335542
2023-04-28,NH0100.NHF,0.12260649071655876
2023-05-05,000300.SH,0.18788330820995483
2023-05-05,000852.SH,0.1865712834423828
2023-05-05,CBA02701.CS,0.36679830798224944
2023-05-05,AU9999.SGE,0.05205030636426541
2023-05-05,NH0100.NHF,0.20669679300114757
2023-05-12,000300.SH,0.15439242196666877
2023-05-12,000852.SH,0.1618611822067216
2023-05-12,CBA02701.CS,0.36442336333157627
2023-05-12,AU9999.SGE,0.13471499418972013
2023-05-12,NH0100.NHF,0.1846080373053132
2023-05-19,000300.SH,0.2839753085915147
2023-05-19,000852.SH,0.2945828770452525
2023-05-19,CBA02701.CS,0.08228598921400691
2023-05-19,AU9999.SGE,0.11454048401715204
2023-05-19,NH0100.NHF,0.2246153401320738
2023-05-26,000300.SH,0.14472529622740382
2023-05-26,000852.SH,0.14923492986446765
2023-05-26,CBA02701.CS,0.11272919167025114
2023-05-26,AU9999.SGE,0.27112913489281126
2023-05-26,NH0100.NHF,0.3221814463450662
2023-06-02,000300.SH,0.21080218286369962
2023-06-02,000852.SH,0.22355251054477357
2023-06-02,CBA02701.CS,0.15889877094789195
2023-06-02,AU9999.SGE,0.19248033118636157
2023-06-02,NH0100.NHF,0.2142662034572733
2023-06-09,000300.SH,0.27213800287346435
2023-06-09,000852.SH,0.29578552023570853
2023-06-09,CBA02701.CS,0.2577702861850863
2023-06-09,AU9999.SGE,0.09280325469749708
2023-06-09,NH0100.NHF,0.08150293500824382
2023-06-16,000300.SH,0.16351512997089732
2023-06-16,000852.SH,0.17063213480655523
2023-06-16,CBA02701.CS,0.242239059459489
2023-06-16,AU9999.SGE,0.2315172319625985
2023-06-16,NH0100.NHF,0.1920964428004599
2023-06-23,000300.SH,0.06608565424768874
2023-06-23,000852.SH,0.06873645409762387
2023-06-23,CBA02701.CS,0.1800841860704739
2023-06-23,AU9999.SGE,0.6119221017758514
2023-06-23,NH0100.NHF,0.07317160280836199
2023-06-30,000300.SH,0.3004355464837601
2023-06-30,000852.SH,0.31732459245349554
2023-06-30,CBA02701.CS,0.19261169828680832
2023-06-30,AU9999.SGE,0.12938449409351693
2023-06-30,NH0100.NHF,0.06024366768241925
2023-07-07,000300.SH,0.206645396550949
2023-07-07,000852.SH,0.20495838415377174
2023-07-07,CBA02701.CS,0.1966896897321006
2023-07-07,AU9999.SGE,0.3308206793355057
2023-07-07,NH0100.NHF,0.06088584922767285
2023-07-14,000300.SH,0.1665545328111339
2023-07-14,000852.SH,0.1768199863308635
2023-07-14,CBA02701.CS,0.22023680703863777
2023-07-14,AU9999.SGE,0.34476355282962434
2023-07-14,NH0100.NHF,0.0916251199897406
2023-07-21,000300.SH,0.13721532058006294
2023-07-21,000852.SH,0.1394578804080223
2023-07-21,CBA02701.CS,0.3043352321188908
2023-07-21,AU9999.SGE,0.18004828528972228
2023-07-21,NH0100.NHF,0.23894328060330156
2023-07-28,000300.SH,0.13585114304787088
2023-07-28,000852.SH,0.13745070694483896
2023-07-28,CBA02701.CS,0.14680932431283325
2023-07-28,AU9999.SGE,0.14601470853613074
2023-07-28,NH0100.NHF,0.4338741161583261
2023-08-04,000300.SH,0.151396939133347
2023-08-04,000852.SH,0.15728201152688678
2023-08-04,CBA02701.CS,0.1987742601067388
2023-08-04,AU9999.SGE,0.2927021093053545
2023-08-04,NH0100.NHF,0.19984467892767285
2023-08-11,000300.SH,0.17348056367412984
2023-08-11,000852.SH,0.1805004523934142
2023-08-11,CBA02701.CS,0.17650068560355858
2023-08-11,AU9999.SGE,0.37046235158863006
2023-08-11,NH0100.NHF,0.09905594574026733
2023-08-18,000300.SH,0.29343868168699466
2023-08-18,000852.SH,0.4065613176130052
2023-08-18,CBA02701.CS,0.05868570110351028
2023-08-18,AU9999.SGE,0.17347794991506
2023-08-18,NH0100.NHF,0.06783634868142975
2023-08-25,000300.SH,0.36079902155654053
2023-08-25,000852.SH,0.3038725731116575
2023-08-25,CBA02701.CS,0.07366872234965978
2023-08-25,AU9999.SGE,0.19505132508016443
2023-08-25,NH0100.NHF,0.06660835690197764
2023-09-01,000300.SH,0.11325733954254558
2023-09-01,000852.SH,0.10916406201305956
2023-09-01,CBA02701.CS,0.1428884783055946
2023-09-01,AU9999.SGE,0.5147963686056699
2023-09-01,NH0100.NHF,0.11989375053313031
2023-09-08,000300.SH,0.21003299939830772
2023-09-08,000852.SH,0.18363545710583307
2023-09-08,CBA02701.CS,0.13167839592694924
2023-09-08,AU9999.SGE,0.2674298671229085
2023-09-08,NH0100.NHF,0.20722327944600152
2023-09-15,000300.SH,0.3151456693425982
2023-09-15,000852.SH,0.31135871792074105
2023-09-15,CBA02701.CS,0.08734352609676291
2023-09-15,AU9999.SGE,0.20030940529890284
2023-09-15,NH0100.NHF,0.08584268034099495
2023-09-22,000300.SH,0.3119659987466846
2023-09-22,000852.SH,0.3374978489943778
2023-09-22,CBA02701.CS,0.10793443917571627
2023-09-22,AU9999.SGE,0.1225317505061175
2023-09-22,NH0100.NHF,0.12006996157710369
2023-09-29,000300.SH,0.32112438981490543
2023-09-29,000852.SH,0.35576108319048727
2023-09-29,CBA02701.CS,0.14100746192614358
2023-09-29,AU9999.SGE,0.05453707125621824
2023-09-29,NH0100.NHF,0.1275699928122453
2023-10-06,000300.SH,0.32112438981490543
2023-10-06,000852.SH,0.35576108319048727
2023-10-06,CBA02701.CS,0.14100746192614358
2023-10-06,AU9999.SGE,0.05453707125621824
2023-10-06,NH0100.NHF,0.1275699928122453
2023-10-13,000300.SH,0.26662993164270493
2023-10-13,000852.SH,0.2638100196254465
2023-10-13,CBA02701.CS,0.19946653275769569
2023-10-13,AU9999.SGE,0.07975317423637268
2023-10-13,NH0100.NHF,0.19034034073778033
2023-10-20,000300.SH,0.1834653264352925
2023-10-20,000852.SH,0.1858584897842393
2023-10-20,CBA02701.CS,0.39160037323495045
2023-10-20,AU9999.SGE,0.09133124488287485
2023-10-20,NH0100.NHF,0.14774456466264285
2023-10-27,000300.SH,0.15534762786826015
2023-10-27,000852.SH,0.15827067221571994
2023-10-27,CBA02701.CS,0.11535310726597718
2023-10-27,AU9999.SGE,0.10137591453974108
2023-10-27,NH0100.NHF,0.4696526771103016
2023-11-03,000300.SH,0.1894934962631637
2023-11-03,000852.SH,0.1697362600897973
2023-11-03,CBA02701.CS,0.2523363927467477
2023-11-03,AU9999.SGE,0.22216492746129946
2023-11-03,NH0100.NHF,0.16626892243899177
2023-11-10,000300.SH,0.3016985083832358
2023-11-10,000852.SH,0.32473733956317535
2023-11-10,CBA02701.CS,0.1297062580617377
2023-11-10,AU9999.SGE,0.09178105454169161
2023-11-10,NH0100.NHF,0.15207683845015948
2023-11-17,000300.SH,0.20867718001315116
2023-11-17,000852.SH,0.21765535360855456
2023-11-17,CBA02701.CS,0.22268935148920482
2023-11-17,AU9999.SGE,0.09591162601230438
2023-11-17,NH0100.NHF,0.25506648787678504
2023-11-24,000300.SH,0.28236094465999906
2023-11-24,000852.SH,0.291387318943597
2023-11-24,CBA02701.CS,0.11054344830503521
2023-11-24,AU9999.SGE,0.16138076299004223
2023-11-24,NH0100.NHF,0.15432752410132639
2023-12-01,000300.SH,0.2859384964658308
2023-12-01,000852.SH,0.3095055960052788
2023-12-01,CBA02701.CS,0.09468136669113038
2023-12-01,AU9999.SGE,0.05423242441996386
2023-12-01,NH0100.NHF,0.2556421154177961
2023-12-08,000300.SH,0.14843525713116004
2023-12-08,000852.SH,0.14647843048403156
2023-12-08,CBA02701.CS,0.4903880977699547
2023-12-08,AU9999.SGE,0.07467935025543425
2023-12-08,NH0100.NHF,0.1400188633594195
2023-12-15,000300.SH,0.15601731862578636
2023-12-15,000852.SH,0.1595948441924817
2023-12-15,CBA02701.CS,0.13859421461806912
2023-12-15,AU9999.SGE,0.14786924152979664
2023-12-15,NH0100.NHF,0.39792438003386604
2023-12-22,000300.SH,0.21382465528209071
2023-12-22,000852.SH,0.2034874687437739
2023-12-22,CBA02701.CS,0.16502684641064044
2023-12-22,AU9999.SGE,0.18414362348558866
2023-12-22,NH0100.NHF,0.23351740507790633
2023-12-29,000300.SH,0.1183536139531217
2023-12-29,000852.SH,0.1334222701679606
2023-12-29,CBA02701.CS,0.09056627740084536
2023-12-29,AU9999.SGE,0.49735922283487227
2023-12-29,NH0100.NHF,0.1602986146432001
2024-01-05,000300.SH,0.17144071138374328
2024-01-05,000852.SH,0.1969530969538233
2024-01-05,CBA02701.CS,0.12790643226468565
2024-01-05,AU9999.SGE,0.33644901028257124
2024-01-05,NH0100.NHF,0.1672507481151765
2024-01-12,000300.SH,0.13044954592602723
2024-01-12,000852.SH,0.14491244188061875
2024-01-12,CBA02701.CS,0.2514115976243173
2024-01-12,AU9999.SGE,0.2876515403963411
2024-01-12,NH0100.NHF,0.1855748731726956
2024-01-19,000300.SH,0.0951816953894739
2024-01-19,000852.SH,0.1745154692223548
2024-01-19,CBA02701.CS,0.27373460696925445
2024-01-19,AU9999.SGE,0.17443725831541548
2024-01-19,NH0100.NHF,0.2821309691035012
2024-01-26,000300.SH,0.07426650951339335
2024-01-26,000852.SH,0.10657674803879053
2024-01-26,CBA02701.CS,0.2900602723915961
2024-01-26,AU9999.SGE,0.29036784293903434
2024-01-26,NH0100.NHF,0.23872862611718562
2024-02-02,000300.SH,0.11351476722897971
2024-02-02,000852.SH,0.12091856778715547
2024-02-02,CBA02701.CS,0.154248844847806
2024-02-02,AU9999.SGE,0.3187795807582523
2024-02-02,NH0100.NHF,0.29253823837780646
2024-02-09,000300.SH,0.0826603837152407
2024-02-09,000852.SH,0.08226747099149359
2024-02-09,CBA02701.CS,0.14366557518203135
2024-02-09,AU9999.SGE,0.3738483588732373
2024-02-09,NH0100.NHF,0.3175582102379972
2024-02-16,000300.SH,0.0826603837152407
2024-02-16,000852.SH,0.08226747099149359
2024-02-16,CBA02701.CS,0.14366557518203135
2024-02-16,AU9999.SGE,0.3738483588732373
2024-02-16,NH0100.NHF,0.3175582102379972
2024-02-23,000300.SH,0.12647770766839816
2024-02-23,000852.SH,0.14000259381589988
2024-02-23,CBA02701.CS,0.11154080371154572
2024-02-23,AU9999.SGE,0.2775076309309083
2024-02-23,NH0100.NHF,0.34447126287324803
2024-03-01,000300.SH,0.09948307119887806
2024-03-01,000852.SH,0.10055873122910865
2024-03-01,CBA02701.CS,0.3854293263540128
2024-03-01,AU9999.SGE,0.24100407577011304
2024-03-01,NH0100.NHF,0.17352479444788738
2024-03-08,000300.SH,0.2197891159943539
2024-03-08,000852.SH,0.1930924969238196
2024-03-08,CBA02701.CS,0.21455417948894756
2024-03-08,AU9999.SGE,0.0692294038260444
2024-03-08,NH0100.NHF,0.30333480276683455
2024-03-15,000300.SH,0.31831134448234083
2024-03-15,000852.SH,0.35533859082276137
2024-03-15,CBA02701.CS,0.0719828095980198
2024-03-15,AU9999.SGE,0.05417344263502547
2024-03-15,NH0100.NHF,0.20019381146185264
2024-03-22,000300.SH,0.3087286041912696
2024-03-22,000852.SH,0.3154719555917441
2024-03-22,CBA02701.CS,0.07375920218784843
2024-03-22,AU9999.SGE,0.08944018314452822
2024-03-22,NH0100.NHF,0.21260005388460962
2024-03-29,000300.SH,0.2697727620026512
2024-03-29,000852.SH,0.254127129288248
2024-03-29,CBA02701.CS,0.17414251792000707
2024-03-29,AU9999.SGE,0.20271671198913346
2024-03-29,NH0100.NHF,0.0992408777999602
2024-04-05,000300.SH,0.17341320089548168
2024-04-05,000852.SH,0.1739961482580961
2024-04-05,CBA02701.CS,0.2770051421589491
2024-04-05,AU9999.SGE,0.21995638093672876
2024-04-05,NH0100.NHF,0.1556291267507443
2024-04-12,000300.SH,0.08380901036124774
2024-04-12,000852.SH,0.08283447172508532
2024-04-12,CBA02701.CS,0.6229245754583814
2024-04-12,AU9999.SGE,0.06500618644335966
2024-04-12,NH0100.NHF,0.14542575501192587
2024-04-19,000300.SH,0.15904347399836608
2024-04-19,000852.SH,0.1527643604178224
2024-04-19,CBA02701.CS,0.21178685711389164
2024-04-19,AU9999.SGE,0.1202303554949313
2024-04-19,NH0100.NHF,0.35617495197498866
2024-04-26,000300.SH,0.23368960430049804
2024-04-26,000852.SH,0.2213877602215881
2024-04-26,CBA02701.CS,0.1958463901251629
2024-04-26,AU9999.SGE,0.14202591878455068
2024-04-26,NH0100.NHF,0.20705032556820036
2024-05-03,000300.SH,0.06737074394845581
2024-05-03,000852.SH,0.06461403880696413
2024-05-03,CBA02701.CS,0.021851429433300935
2024-05-03,AU9999.SGE,0.024414627766323176
2024-05-03,NH0100.NHF,0.8217491590449558
2024-05-10,000300.SH,0.1552187063439087
2024-05-10,000852.SH,0.14628610808152467
2024-05-10,CBA02701.CS,0.08208811677794532
2024-05-10,AU9999.SGE,0.45715737296630277
2024-05-10,NH0100.NHF,0.1592496948303185
2024-05-17,000300.SH,0.21220766132157806
2024-05-17,000852.SH,0.20762680080233986
2024-05-17,CBA02701.CS,0.30280426842468394
2024-05-17,AU9999.SGE,0.1783230655960023
2024-05-17,NH0100.NHF,0.09903820285539576
2024-05-24,000300.SH,0.23835684639787583
2024-05-24,000852.SH,0.21094248334704668
2024-05-24,CBA02701.CS,0.18284573634122475
2024-05-24,AU9999.SGE,0.04969406224127049
2024-05-24,NH0100.NHF,0.31816087067258225
2024-05-31,000300.SH,0.356868469666137
2024-05-31,000852.SH,0.30005739654902774
2024-05-31,CBA02701.CS,0.1860646034331344
2024-05-31,AU9999.SGE,0.08060793061404488
2024-05-31,NH0100.NHF,0.07640159873765597
2024-06-07,000300.SH,0.2716785635034983
2024-06-07,000852.SH,0.2615745089527913
2024-06-07,CBA02701.CS,0.2467073397409424
2024-06-07,AU9999.SGE,0.12223874489468933
2024-06-07,NH0100.NHF,0.09780084190807868
2024-06-14,000300.SH,0.22930211037294185
2024-06-14,000852.SH,0.22802963271907264
2024-06-14,CBA02701.CS,0.23296599503836646
2024-06-14,AU9999.SGE,0.12834815525627272
2024-06-14,NH0100.NHF,0.18135410561334642
2024-06-21,000300.SH,0.25226412732492365
2024-06-21,000852.SH,0.27643286526969757
2024-06-21,CBA02701.CS,0.2267022385909089
2024-06-21,AU9999.SGE,0.06333018824625694
2024-06-21,NH0100.NHF,0.18127057956821294
2024-06-28,000300.SH,0.28668780455359166
2024-06-28,000852.SH,0.24272468663907484
2024-06-28,CBA02701.CS,0.2804954058020018
2024-06-28,AU9999.SGE,0.07053400474118073
2024-06-28,NH0100.NHF,0.11955809726415109
2024-07-05,000300.SH,0.320048962055279
2024-07-05,000852.SH,0.2689107395298553
2024-07-05,CBA02701.CS,0.14010168396772446
2024-07-05,AU9999.SGE,0.09149329774790152
2024-07-05,NH0100.NHF,0.17944531569923963
2024-07-12,000300.SH,0.125097030994049
2024-07-12,000852.SH,0.11789732781438574
2024-07-12,CBA02701.CS,0.30645418720753576
2024-07-12,AU9999.SGE,0.34521319230829917
2024-07-12,NH0100.NHF,0.10533826067573021
2024-07-19,000300.SH,0.32185886303868966
2024-07-19,000852.SH,0.3203889794388504
2024-07-19,CBA02701.CS,0.1363152754838327
2024-07-19,AU9999.SGE,0.1139506751324786
2024-07-19,NH0100.NHF,0.10748620590614841
2024-07-26,000300.SH,0.13392175634850673
2024-07-26,000852.SH,0.13153533941024287
2024-07-26,CBA02701.CS,0.22973783897951383
2024-07-26,AU9999.SGE,0.16678572620787074
2024-07-26,NH0100.NHF,0.33801933805386586
2024-08-02,000300.SH,0.1452423796175903
2024-08-02,000852.SH,0.14472129410433102
2024-08-02,CBA02701.CS,0.2144923755620432
2024-08-02,AU9999.SGE,0.16229288310178167
2024-08-02,NH0100.NHF,0.33325106661425374
2024-08-09,000300.SH,0.21271749286687533
2024-08-09,000852.SH,0.22176818816169203
2024-08-09,CBA02701.CS,0.14593904399467367
2024-08-09,AU9999.SGE,0.0922258820940381
2024-08-09,NH0100.NHF,0.3273493918827208
2024-08-16,000300.SH,0.3040362606712378
2024-08-16,000852.SH,0.2962699751701577
2024-08-16,CBA02701.CS,0.09048069037988168
2024-08-16,AU9999.SGE,0.09399353830044999
2024-08-16,NH0100.NHF,0.21521953447827274
2024-08-23,000300.SH,0.22348700908334307
2024-08-23,000852.SH,0.22338547075871393
2024-08-23,CBA02701.CS,0.06933035734704923
2024-08-23,AU9999.SGE,0.4116756686317544
2024-08-23,NH0100.NHF,0.07212149317913931
2024-08-30,000300.SH,0.3356279712995835
2024-08-30,000852.SH,0.34031628833472594
2024-08-30,CBA02701.CS,0.06675526214421547
2024-08-30,AU9999.SGE,0.1500242239817641
2024-08-30,NH0100.NHF,0.10727625323971084
2024-09-06,000300.SH,0.22901457409915976
2024-09-06,000852.SH,0.2325896553990728
2024-09-06,CBA02701.CS,0.07260947299499995
2024-09-06,AU9999.SGE,0.2609337884996423
2024-09-06,NH0100.NHF,0.2048525080071251
2024-09-13,000300.SH,0.36611837629627736
2024-09-13,000852.SH,0.3338816230037227
2024-09-13,CBA02701.CS,0.08383779555777411
2024-09-13,AU9999.SGE,0.14466926238781735
2024-09-13,NH0100.NHF,0.0714929417544085
2024-09-20,000300.SH,0.13083393521966574
2024-09-20,000852.SH,0.2946638082992991
2024-09-20,CBA02701.CS,0.12121577048655104
2024-09-20,AU9999.SGE,0.3379810766605813
2024-09-20,NH0100.NHF,0.11530540833390267
2024-09-27,000300.SH,0.06347107060203601
2024-09-27,000852.SH,0.054137366015523505
2024-09-27,CBA02701.CS,0.23946407865895167
2024-09-27,AU9999.SGE,0.4109316814715504
2024-09-27,NH0100.NHF,0.23199580225193836
2024-10-04,000300.SH,0.06998928125395142
2024-10-04,000852.SH,0.08125991287759256
2024-10-04,CBA02701.CS,0.1258432721238054
2024-10-04,AU9999.SGE,0.4963095729164431
2024-10-04,NH0100.NHF,0.22659795982820738
2024-10-11,000300.SH,0.049145108706939944
2024-10-11,000852.SH,0.04672317767908639
2024-10-11,CBA02701.CS,0.1740619411108324
2024-10-11,AU9999.SGE,0.2774056405838246
2024-10-11,NH0100.NHF,0.4526641309193166
2024-10-18,000300.SH,0.1456131625601594
2024-10-18,000852.SH,0.15157828772417573
2024-10-18,CBA02701.CS,0.2496407991477144
2024-10-18,AU9999.SGE,0.210527076340849
2024-10-18,NH0100.NHF,0.2426406732271015
2024-10-25,000300.SH,0.18804496809786295
2024-10-25,000852.SH,0.1935353960528851
2024-10-25,CBA02701.CS,0.11644952443354145
2024-10-25,AU9999.SGE,0.17669006369834434
2024-10-25,NH0100.NHF,0.325280046717366
2024-11-01,000300.SH,0.2529199171106393
2024-11-01,000852.SH,0.24831552668026166
2024-11-01,CBA02701.CS,0.08692056404815224
2024-11-01,AU9999.SGE,0.20038877015728954
2024-11-01,NH0100.NHF,0.2114552210036572
2024-11-08,000300.SH,0.13201609916856227
2024-11-08,000852.SH,0.13403109370705907
2024-11-08,CBA02701.CS,0.45117827127829785
2024-11-08,AU9999.SGE,0.10710353706841563
2024-11-08,NH0100.NHF,0.17567099777766515
2024-11-15,000300.SH,0.12104356978953085
2024-11-15,000852.SH,0.12110070712992432
2024-11-15,CBA02701.CS,0.33713957576600195
2024-11-15,AU9999.SGE,0.28078332516157106
2024-11-15,NH0100.NHF,0.1399328211529717
2024-11-22,000300.SH,0.2702173946455357
2024-11-22,000852.SH,0.26677443009880913
2024-11-22,CBA02701.CS,0.1772607291354854
2024-11-22,AU9999.SGE,0.04444604655848862
2024-11-22,NH0100.NHF,0.24130139856168098
2024-11-29,000300.SH,0.29424489290816114
2024-11-29,000852.SH,0.27660560973930887
2024-11-29,CBA02701.CS,0.11774549920753623
2024-11-29,AU9999.SGE,0.02503251789035865
2024-11-29,NH0100.NHF,0.2863714792546351
2024-12-06,000300.SH,0.32543945955116804
2024-12-06,000852.SH,0.3094062376929679
2024-12-06,CBA02701.CS,0.16390363683646778
2024-12-06,AU9999.SGE,0.12198771851199829
2024-12-06,NH0100.NHF,0.0792629464073979
2024-12-13,000300.SH,0.33251792882642645
2024-12-13,000852.SH,0.34009450774991273
2024-12-13,CBA02701.CS,0.09811098910908629
2024-12-13,AU9999.SGE,0.13718552700004552
2024-12-13,NH0100.NHF,0.09209104631452894
2024-12-20,000300.SH,0.3245448247060032
2024-12-20,000852.SH,0.37545517459399685
2024-12-20,CBA02701.CS,0.05914906029508992
2024-12-20,AU9999.SGE,0.0866285932517964
2024-12-20,NH0100.NHF,0.15422234615311356
2024-12-27,000300.SH,0.35084848894894366
2024-12-27,000852.SH,0.3491515103510562
2024-12-27,CBA02701.CS,0.1152468225183808
2024-12-27,AU9999.SGE,0.11592150399096908
2024-12-27,NH0100.NHF,0.06883167319065016
2025-01-03,000300.SH,0.13849213391267068
2025-01-03,000852.SH,0.13317163009684754
2025-01-03,CBA02701.CS,0.0860678460340142
2025-01-03,AU9999.SGE,0.28178432211921295
2025-01-03,NH0100.NHF,0.3604840668372546
2025-01-10,000300.SH,0.18854864539600674
2025-01-10,000852.SH,0.17548891634237976
2025-01-10,CBA02701.CS,0.07899672052824984
2025-01-10,AU9999.SGE,0.4460025347297044
2025-01-10,NH0100.NHF,0.11096318200365916
2025-01-17,000300.SH,0.28415762257233984
2025-01-17,000852.SH,0.3096106818688906
2025-01-17,CBA02701.CS,0.07808376258317248
2025-01-17,AU9999.SGE,0.26145570237138877
2025-01-17,NH0100.NHF,0.0666922296042083
2025-01-24,000300.SH,0.19433915741849572
2025-01-24,000852.SH,0.18989340209610064
2025-01-24,CBA02701.CS,0.19579048414281155
2025-01-24,AU9999.SGE,0.24937766816082052
2025-01-24,NH0100.NHF,0.17059928718177142
2025-01-31,000300.SH,0.09955644047783817
2025-01-31,000852.SH,0.11675568650174732
2025-01-31,CBA02701.CS,0.018115070227298777
2025-01-31,AU9999.SGE,0.7305101892982058
2025-01-31,NH0100.NHF,0.03506261249490998
2025-02-07,000300.SH,0.1154292949606406
2025-02-07,000852.SH,0.10828688914811993
2025-02-07,CBA02701.CS,0.46281063355879043
2025-02-07,AU9999.SGE,0.07372968776542077
2025-02-07,NH0100.NHF,0.23974349356702823
2025-02-14,000300.SH,0.35884866507677443
2025-02-14,000852.SH,0.34115133422322547
2025-02-14,CBA02701.CS,0.09860555641633612
2025-02-14,AU9999.SGE,0.10767377221439844
2025-02-14,NH0100.NHF,0.09372067106926553
2025-02-21,000300.SH,0.32134934368577794
2025-02-21,000852.SH,0.37865065561422184
2025-02-21,CBA02701.CS,0.1677198640838275
2025-02-21,AU9999.SGE,0.07132047215213279
2025-02-21,NH0100.NHF,0.06095966346403986
2025-02-28,000300.SH,0.3381406414603687
2025-02-28,000852.SH,0.36185935783963113
2025-02-28,CBA02701.CS,0.10732762611768012
2025-02-28,AU9999.SGE,0.08091352241402502
2025-02-28,NH0100.NHF,0.11175885116829491
2025-03-07,000300.SH,0.37725459724601906
2025-03-07,000852.SH,0.32274540205398095
2025-03-07,CBA02701.CS,0.0953561777460355
2025-03-07,AU9999.SGE,0.11640151405238534
2025-03-07,NH0100.NHF,0.08824230790157912
2025-03-14,000300.SH,0.28909095496289494
2025-03-14,000852.SH,0.2840626459347499
2025-03-14,CBA02701.CS,0.07687183353986163
2025-03-14,AU9999.SGE,0.20155841232583777
2025-03-14,NH0100.NHF,0.14841615223665583
2025-03-21,000300.SH,0.35617769165693675
2025-03-21,000852.SH,0.34382230764306326
2025-03-21,CBA02701.CS,0.09041444605497838
2025-03-21,AU9999.SGE,0.12239317131744172
2025-03-21,NH0100.NHF,0.08719238232757984
2025-03-28,000300.SH,0.32987242408103434
2025-03-28,000852.SH,0.3309519686972504
2025-03-28,CBA02701.CS,0.07594899352746652
2025-03-28,AU9999.SGE,0.11613966676709675
2025-03-28,NH0100.NHF,0.1470869459271517
2025-04-04,000300.SH,0.4085355657168048
2025-04-04,000852.SH,0.19381367136288233
2025-04-04,CBA02701.CS,0.12647291024755167
2025-04-04,AU9999.SGE,0.18295575425598767
2025-04-04,NH0100.NHF,0.0882220974167734
2025-04-11,000300.SH,0.1526356292519608
2025-04-11,000852.SH,0.12164060594075314
2025-04-11,CBA02701.CS,0.4996301312388786
2025-04-11,AU9999.SGE,0.09815737492267501
2025-04-11,NH0100.NHF,0.1279362576457323
2025-04-18,000300.SH,0.2109108717908725
2025-04-18,000852.SH,0.2147383558385247
2025-04-18,CBA02701.CS,0.24049608160682648
2025-04-18,AU9999.SGE,0.18085548410801824
2025-04-18,NH0100.NHF,0.15299920565575814
2025-04-25,000300.SH,0.36858412691951326
2025-04-25,000852.SH,0.33141587238048675
2025-04-25,CBA02701.CS,0.17840762957721187
2025-04-25,AU9999.SGE,0.03281642791024841
2025-04-25,NH0100.NHF,0.08877594221253964
2025-05-02,000300.SH,0.375796886287178
2025-05-02,000852.SH,0.3242031130128221
2025-05-02,CBA02701.CS,0.13524687101768593
2025-05-02,AU9999.SGE,0.05892858078607129
2025-05-02,NH0100.NHF,0.10582454789624268
2025-05-09,000300.SH,0.28792078939404764
2025-05-09,000852.SH,0.3407708687097691
2025-05-09,CBA02701.CS,0.12158706489171403
2025-05-09,AU9999.SGE,0.1484041068331969
2025-05-09,NH0100.NHF,0.10131716917127215
2025-05-16,000300.SH,0.2159871745052435
2025-05-16,000852.SH,0.21295836427548762
2025-05-16,CBA02701.CS,0.062328484948502405
2025-05-16,AU9999.SGE,0.03056327563967442
2025-05-16,NH0100.NHF,0.47816269963109215
2025-05-23,000300.SH,0.3356656057580268
2025-05-23,000852.SH,0.33964017655469486
2025-05-23,CBA02701.CS,0.11204230012668588
2025-05-23,AU9999.SGE,0.03038001607935311
2025-05-23,NH0100.NHF,0.18227190048123942
2025-05-30,000300.SH,0.30022880310910716
2025-05-30,000852.SH,0.29456540909684964
2025-05-30,CBA02701.CS,0.1944372447997546
2025-05-30,AU9999.SGE,0.05325233680498619
2025-05-30,NH0100.NHF,0.1575162051893024
2025-06-06,000300.SH,0.23891188586290485
2025-06-06,000852.SH,0.2258295803447688
2025-06-06,CBA02701.CS,0.18821614898341757
2025-06-06,AU9999.SGE,0.09374654094002338
2025-06-06,NH0100.NHF,0.2532958428688853
2025-06-13,000300.SH,0.3947343491871283
2025-06-13,000852.SH,0.3052656501128716
2025-06-13,CBA02701.CS,0.1279704435992402
2025-06-13,AU9999.SGE,0.056894388751795574
2025-06-13,NH0100.NHF,0.11513516734896426
2025-06-20,000300.SH,0.10584617158397328
2025-06-20,000852.SH,0.3135014011418005
2025-06-20,CBA02701.CS,0.19182114252563146
2025-06-20,AU9999.SGE,0.10387850922071346
2025-06-20,NH0100.NHF,0.2849527745278812
2025-06-27,000300.SH,0.11322191048725103
2025-06-27,000852.SH,0.20895379572584763
2025-06-27,CBA02701.CS,0.20284548278615355
2025-06-27,AU9999.SGE,0.3790263285178724
2025-06-27,NH0100.NHF,0.09595248148287525
2025-07-04,000300.SH,0.24593691746634275
2025-07-04,000852.SH,0.25860423407490285
2025-07-04,CBA02701.CS,0.2633784314844472
2025-07-04,AU9999.SGE,0.13214886824803695
2025-07-04,NH0100.NHF,0.09993154772627029
2025-07-11,000300.SH,0.31626978070202805
2025-07-11,000852.SH,0.3106839318628139
2025-07-11,CBA02701.CS,0.07495565232579157
2025-07-11,AU9999.SGE,0.0665014192982686
2025-07-11,NH0100.NHF,0.23158921481109787
2025-07-18,000300.SH,0.3426611597202186
2025-07-18,000852.SH,0.3184250530308297
2025-07-18,CBA02701.CS,0.08803643161691635
2025-07-18,AU9999.SGE,0.11831852855677788
2025-07-18,NH0100.NHF,0.13255882607525746
2025-07-25,000300.SH,0.3005971051996013
2025-07-25,000852.SH,0.30787866799803143
2025-07-25,CBA02701.CS,0.10445983448953002
2025-07-25,AU9999.SGE,0.18355133107826183
2025-07-25,NH0100.NHF,0.10351306023457547
2025-08-01,000300.SH,0.23880847340558858
2025-08-01,000852.SH,0.2333005727184361
2025-08-01,CBA02701.CS,0.11535465469599528
2025-08-01,AU9999.SGE,0.20815078550915284
2025-08-01,NH0100.NHF,0.20438551267082708
2025-08-08,000300.SH,0.21043164007220308
2025-08-08,000852.SH,0.20150675402545604
2025-08-08,CBA02701.CS,0.26006405081643225
2025-08-08,AU9999.SGE,0.12748594158379364
2025-08-08,NH0100.NHF,0.2005116125021149
2025-08-15,000300.SH,0.35596612770408237
2025-08-15,000852.SH,0.34403387159591753
2025-08-15,CBA02701.CS,0.14375592156516442
2025-08-15,AU9999.SGE,0.0682828065551762
2025-08-15,NH0100.NHF,0.08796127157965931
2025-08-22,000300.SH,0.30807031023939013
2025-08-22,000852.SH,0.33179311918131155
2025-08-22,CBA02701.CS,0.15780210770280606
2025-08-22,AU9999.SGE,0.151770721106503
2025-08-22,NH0100.NHF,0.05056374076998935
2025-08-29,000300.SH,0.20068542644078632
2025-08-29,000852.SH,0.2284837580177699
2025-08-29,CBA02701.CS,0.12077842956579159
2025-08-29,AU9999.SGE,0.23937415604044324
2025-08-29,NH0100.NHF,0.21067822893520893
2025-09-05,000300.SH,0.16217398996240442
2025-09-05,000852.SH,0.15831436831711948
2025-09-05,CBA02701.CS,0.2563002370195603
2025-09-05,AU9999.SGE,0.15940971661323816
2025-09-05,NH0100.NHF,0.26380168708767754
2025-09-12,000300.SH,0.14315909740170535
2025-09-12,000852.SH,0.1476476268191884
2025-09-12,CBA02701.CS,0.21169773995776597
2025-09-12,AU9999.SGE,0.24123788285826597
2025-09-12,NH0100.NHF,0.25625765196307426
2025-09-19,000300.SH,0.2162684163666291
2025-09-19,000852.SH,0.21913122830129542
2025-09-19,CBA02701.CS,0.18423023791040627
2025-09-19,AU9999.SGE,0.16614680608382476
2025-09-19,NH0100.NHF,0.21422331033784447
2025-09-26,000300.SH,0.32711411229134996
2025-09-26,000852.SH,0.3017235420630123
2025-09-26,CBA02701.CS,0.03266089938257643
2025-09-26,AU9999.SGE,0.11597949251705461
2025-09-26,NH0100.NHF,0.22252195274600658
2025-10-03,000300.SH,0.29487776075313366
2025-10-03,000852.SH,0.2855245026050293
2025-10-03,CBA02701.CS,0.02607304615690147
2025-10-03,AU9999.SGE,0.28477609724774094
2025-10-03,NH0100.NHF,0.10874859223719435
2025-10-10,000300.SH,0.1999999998
2025-10-10,000852.SH,0.1999999998
2025-10-10,CBA02701.CS,0.1999999998
2025-10-10,AU9999.SGE,0.1999999998
2025-10-10,NH0100.NHF,0.1999999998
2025-10-17,000300.SH,0.2169606041908763
2025-10-17,000852.SH,0.21232022331076447
2025-10-17,CBA02701.CS,0.2028367970502208
2025-10-17,AU9999.SGE,0.08450234607845679
2025-10-17,NH0100.NHF,0.2833800283696816
2025-10-24,000300.SH,0.19777347068253143
2025-10-24,000852.SH,0.20036311240176216
2025-10-24,CBA02701.CS,0.3888780588855007
2025-10-24,AU9999.SGE,0.032585287901813025
2025-10-24,NH0100.NHF,0.18040006912839263
2025-10-31,000300.SH,0.26584108631621545
2025-10-31,000852.SH,0.2874955595655395
2025-10-31,CBA02701.CS,0.15131841818175829
2025-10-31,AU9999.SGE,0.1021273824737474
2025-10-31,NH0100.NHF,0.19321755246273914
2025-11-07,000300.SH,0.2250362414434177
2025-11-07,000852.SH,0.22098258992839379
2025-11-07,CBA02701.CS,0.14311383896097263
2025-11-07,AU9999.SGE,0.19253842075372457
2025-11-07,NH0100.NHF,0.21832890791349113
2025-11-14,000300.SH,0.2577152902871293
2025-11-14,000852.SH,0.30293180510186307
2025-11-14,CBA02701.CS,0.25918150223481273
2025-11-14,AU9999.SGE,0.05235487712906668
2025-11-14,NH0100.NHF,0.12781652424712833
2025-11-21,000300.SH,0.18638807026858717
2025-11-21,000852.SH,0.1866460539793352
2025-11-21,CBA02701.CS,0.4593187246435458
2025-11-21,AU9999.SGE,0.057960386559705854
2025-11-21,NH0100.NHF,0.10968676354882596
2025-11-28,000300.SH,0.16228622593759315
2025-11-28,000852.SH,0.18057256407265174
2025-11-28,CBA02701.CS,0.41172350614695497
2025-11-28,AU9999.SGE,0.11891839641762343
2025-11-28,NH0100.NHF,0.12649930642517673
2025-12-05,000300.SH,0.1585013710078076
2025-12-05,000852.SH,0.17158306741232288
2025-12-05,CBA02701.CS,0.4428662590285434
2025-12-05,AU9999.SGE,0.15854753610795097
2025-12-05,NH0100.NHF,0.0685017654433751
2025-12-12,000300.SH,0.28595744593934935
2025-12-12,000852.SH,0.13615133368691107
2025-12-12,CBA02701.CS,0.18896016520874565
2025-12-12,AU9999.SGE,0.2649609122422243
2025-12-12,NH0100.NHF,0.12397014192276953
2025-12-19,000300.SH,0.10937011694651742
2025-12-19,000852.SH,0.10267601251641531
2025-12-19,CBA02701.CS,0.3689018048276837
2025-12-19,AU9999.SGE,0.20579907337372635
2025-12-19,NH0100.NHF,0.2132529913356571
2025-12-26,000300.SH,0.15123934179214862
2025-12-26,000852.SH,0.16146095088946485
2025-12-26,CBA02701.CS,0.268607753365799
2025-12-26,AU9999.SGE,0.15415215313383634
2025-12-26,NH0100.NHF,0.2645397998187512
2026-01-02,000300.SH,0.22513604135324752
2026-01-02,000852.SH,0.23670663536507158
2026-01-02,CBA02701.CS,0.23781618622619563
2026-01-02,AU9999.SGE,0.08238134250059936
2026-01-02,NH0100.NHF,0.21795979355488596
2026-01-09,000300.SH,0.22680862246347971
2026-01-09,000852.SH,0.23586124536407008
2026-01-09,CBA02701.CS,0.0941813512240752
2026-01-09,AU9999.SGE,0.1759779257166006
2026-01-09,NH0100.NHF,0.26717085423177434
2026-01-16,000300.SH,0.1365961849331121
2026-01-16,000852.SH,0.13531985216212414
2026-01-16,CBA02701.CS,0.18928564293199945
2026-01-16,AU9999.SGE,0.35646024570094975
2026-01-16,NH0100.NHF,0.18233807327181448
2026-01-23,000300.SH,0.0794928073836078
2026-01-23,000852.SH,0.3564092525664017
2026-01-23,CBA02701.CS,0.270938048153455
2026-01-23,AU9999.SGE,0.12540417068568435
2026-01-23,NH0100.NHF,0.16775572021085125
2026-01-30,000300.SH,0.08202846846936097
2026-01-30,000852.SH,0.1837704924633314
2026-01-30,CBA02701.CS,0.49104431332541637
2026-01-30,AU9999.SGE,0.06576076851734687
2026-01-30,NH0100.NHF,0.17739595622454438
2026-02-06,000300.SH,0.08153264245008314
2026-02-06,000852.SH,0.08186484335189058
2026-02-06,CBA02701.CS,0.722391455005741
2026-02-06,AU9999.SGE,0.022956696843125304
2026-02-06,NH0100.NHF,0.09125436134915996
2026-02-13,000300.SH,0.07093233104684506
2026-02-13,000852.SH,0.0742481018346366
2026-02-13,CBA02701.CS,0.4745170436961337
2026-02-13,AU9999.SGE,0.03478958469569668
2026-02-13,NH0100.NHF,0.34551293772668806
2026-02-20,000300.SH,0.1999999998
2026-02-20,000852.SH,0.1999999998
2026-02-20,CBA02701.CS,0.1999999998
2026-02-20,AU9999.SGE,0.1999999998
2026-02-20,NH0100.NHF,0.1999999998
2026-02-27,000300.SH,0.27938976028524515
2026-02-27,000852.SH,0.26795469686080975
2026-02-27,CBA02701.CS,0.11131431014578415
2026-02-27,AU9999.SGE,0.24030881213505464
2026-02-27,NH0100.NHF,0.10103241957310634
2026-03-06,000300.SH,0.15633936664294468
2026-03-06,000852.SH,0.16309376236425324
2026-03-06,CBA02701.CS,0.32913764843793764
2026-03-06,AU9999.SGE,0.13954923284890863
2026-03-06,NH0100.NHF,0.2118799887059557
2026-03-13,000300.SH,0.15392941625585047
2026-03-13,000852.SH,0.1565218630839638
2026-03-13,CBA02701.CS,0.3315435925777589
2026-03-13,AU9999.SGE,0.22372686383448173
2026-03-13,NH0100.NHF,0.13427826324794498
2026-03-20,000300.SH,0.20183186676895393
2026-03-20,000852.SH,0.18823080566904374
2026-03-20,CBA02701.CS,0.3815071266032962
2026-03-20,AU9999.SGE,0.16366098668949206
2026-03-20,NH0100.NHF,0.06476921326921406
2026-03-27,000300.SH,0.2561075437392184
2026-03-27,000852.SH,0.24751077864199098
2026-03-27,CBA02701.CS,0.16613194846224472
2026-03-27,AU9999.SGE,0.1509812058097473
2026-03-27,NH0100.NHF,0.17926852234679852
2026-04-03,000300.SH,0.26328115643243705
2026-04-03,000852.SH,0.2512105274584342
2026-04-03,CBA02701.CS,0.18301901877038734
2026-04-03,AU9999.SGE,0.12379792750810875
2026-04-03,NH0100.NHF,0.17869136883063247
2026-04-10,000300.SH,0.11622307288907757
2026-04-10,000852.SH,0.11543102012381234
2026-04-10,CBA02701.CS,0.4722840166884946
2026-04-10,AU9999.SGE,0.1891093602968009
2026-04-10,NH0100.NHF,0.10695252900181441
2026-04-17,000300.SH,0.06242962828777063
2026-04-17,000852.SH,0.06358569948450263
2026-04-17,CBA02701.CS,0.6179106596970361
2026-04-17,AU9999.SGE,0.20683131227233462
2026-04-17,NH0100.NHF,0.04924269925835594
