date,code,weight
2015-01-02,000300.SH,0.17787776620161044
2015-01-02,000852.SH,0.12390159667711814
2015-01-02,CBA02701.CS,0.27802993660161235
2015-01-02,AU9999.SGE,0.22534122631394723
2015-01-02,NH0100.NHF,0.19484947320571194
2015-01-09,000300.SH,0.17999999981999998
2015-01-09,000852.SH,0.11999999987999999
2015-01-09,CBA02701.CS,0.27999999972
2015-01-09,AU9999.SGE,0.21999999977999998
2015-01-09,NH0100.NHF,0.1999999998
2015-01-16,000300.SH,0.179549729188596
2015-01-16,000852.SH,0.12160792575198184
2015-01-16,CBA02701.CS,0.27897991885619705
2015-01-16,AU9999.SGE,0.22152839680126513
2015-01-16,NH0100.NHF,0.19833402840195993
2015-01-23,000300.SH,0.17906214595494407
2015-01-23,000852.SH,0.12257545085998185
2015-01-23,CBA02701.CS,0.27849041796176777
2015-01-23,AU9999.SGE,0.22277125975654907
2015-01-23,NH0100.NHF,0.19710072446675708
2015-01-30,000300.SH,0.17999999981999998
2015-01-30,000852.SH,0.11999999987999999
2015-01-30,CBA02701.CS,0.27999999972
2015-01-30,AU9999.SGE,0.21999999977999998
2015-01-30,NH0100.NHF,0.1999999998
2015-02-06,000300.SH,0.17999999981999998
2015-02-06,000852.SH,0.11999999987999999
2015-02-06,CBA02701.CS,0.27999999972
2015-02-06,AU9999.SGE,0.21999999977999998
2015-02-06,NH0100.NHF,0.1999999998
2015-02-13,000300.SH,0.17999999981999998
2015-02-13,000852.SH,0.11999999987999999
2015-02-13,CBA02701.CS,0.27999999972
2015-02-13,AU9999.SGE,0.21999999977999998
2015-02-13,NH0100.NHF,0.1999999998
2015-02-20,000300.SH,0.17899688780290685
2015-02-20,000852.SH,0.12395963148286293
2015-02-20,CBA02701.CS,0.2777036508267183
2015-02-20,AU9999.SGE,0.22329458268785665
2015-02-20,NH0100.NHF,0.19604524619965535
2015-02-27,000300.SH,0.17999999981999998
2015-02-27,000852.SH,0.11999999987999999
2015-02-27,CBA02701.CS,0.27999999972
2015-02-27,AU9999.SGE,0.21999999977999998
2015-02-27,NH0100.NHF,0.1999999998
2015-03-06,000300.SH,0.17999999981999998
2015-03-06,000852.SH,0.11999999987999999
2015-03-06,CBA02701.CS,0.27999999972
2015-03-06,AU9999.SGE,0.21999999977999998
2015-03-06,NH0100.NHF,0.1999999998
2015-03-13,000300.SH,0.17999999981999998
2015-03-13,000852.SH,0.11999999987999999
2015-03-13,CBA02701.CS,0.27999999972
2015-03-13,AU9999.SGE,0.21999999977999998
2015-03-13,NH0100.NHF,0.1999999998
2015-03-20,000300.SH,0.17999999981999998
2015-03-20,000852.SH,0.11999999987999999
2015-03-20,CBA02701.CS,0.27999999972
2015-03-20,AU9999.SGE,0.21999999977999998
2015-03-20,NH0100.NHF,0.1999999998
2015-03-27,000300.SH,0.17980126050580475
2015-03-27,000852.SH,0.12097950016505435
2015-03-27,CBA02701.CS,0.27935731236986366
2015-03-27,AU9999.SGE,0.22079347090851895
2015-03-27,NH0100.NHF,0.19906845505075826
2015-04-03,000300.SH,0.17895282945488758
2015-04-03,000852.SH,0.12419919256677296
2015-04-03,CBA02701.CS,0.27768113841004427
2015-04-03,AU9999.SGE,0.22332710237629982
2015-04-03,NH0100.NHF,0.19583973619199527
2015-04-10,000300.SH,0.17992419894828074
2015-04-10,000852.SH,0.12070280055978959
2015-04-10,CBA02701.CS,0.2795384745327977
2015-04-10,AU9999.SGE,0.22042691168598855
2015-04-10,NH0100.NHF,0.19940761327314355
2015-04-17,000300.SH,0.17974738068403054
2015-04-17,000852.SH,0.12104123700088945
2015-04-17,CBA02701.CS,0.279317076267472
2015-04-17,AU9999.SGE,0.22093161531773975
2015-04-17,NH0100.NHF,0.19896268972986825
2015-04-24,000300.SH,0.17999999981999998
2015-04-24,000852.SH,0.11999999987999999
2015-04-24,CBA02701.CS,0.27999999972
2015-04-24,AU9999.SGE,0.21999999977999998
2015-04-24,NH0100.NHF,0.1999999998
2015-05-01,000300.SH,0.17941222912781735
2015-05-01,000852.SH,0.12187634815270752
2015-05-01,CBA02701.CS,0.2786323738474573
2015-05-01,AU9999.SGE,0.22211666965398993
2015-05-01,NH0100.NHF,0.19796237821802798
2015-05-08,000300.SH,0.1792900417320246
2015-05-08,000852.SH,0.12220801258747892
2015-05-08,CBA02701.CS,0.2786131621082092
2015-05-08,AU9999.SGE,0.22227907607390937
2015-05-08,NH0100.NHF,0.19760970649837784
2015-05-15,000300.SH,0.17999999981999998
2015-05-15,000852.SH,0.11999999987999999
2015-05-15,CBA02701.CS,0.27999999972
2015-05-15,AU9999.SGE,0.21999999977999998
2015-05-15,NH0100.NHF,0.1999999998
2015-05-22,000300.SH,0.17999999981999998
2015-05-22,000852.SH,0.11999999987999999
2015-05-22,CBA02701.CS,0.27999999972
2015-05-22,AU9999.SGE,0.21999999977999998
2015-05-22,NH0100.NHF,0.1999999998
2015-05-29,000300.SH,0.17727828613119317
2015-05-29,000852.SH,0.12467779914225109
2015-05-29,CBA02701.CS,0.27804858021320217
2015-05-29,AU9999.SGE,0.22632011015340198
2015-05-29,NH0100.NHF,0.19367522335995146
2015-06-05,000300.SH,0.17941813204558804
2015-06-05,000852.SH,0.12190405605674753
2015-06-05,CBA02701.CS,0.2787785467572763
2015-06-05,AU9999.SGE,0.22192919305974176
2015-06-05,NH0100.NHF,0.19797007108064618
2015-06-12,000300.SH,0.17999999981999998
2015-06-12,000852.SH,0.11999999987999999
2015-06-12,CBA02701.CS,0.27999999972
2015-06-12,AU9999.SGE,0.21999999977999998
2015-06-12,NH0100.NHF,0.1999999998
2015-06-19,000300.SH,0.17717786141541136
2015-06-19,000852.SH,0.1241597131376083
2015-06-19,CBA02701.CS,0.278311946460436
2015-06-19,AU9999.SGE,0.22642631577491534
2015-06-19,NH0100.NHF,0.19392416221162892
2015-06-26,000300.SH,0.17913989165664146
2015-06-26,000852.SH,0.12241646079867695
2015-06-26,CBA02701.CS,0.27847331538348563
2015-06-26,AU9999.SGE,0.22268206555524758
2015-06-26,NH0100.NHF,0.19728826560594834
2015-07-03,000300.SH,0.17999999981999998
2015-07-03,000852.SH,0.11999999987999999
2015-07-03,CBA02701.CS,0.27999999972
2015-07-03,AU9999.SGE,0.21999999977999998
2015-07-03,NH0100.NHF,0.1999999998
2015-07-10,000300.SH,0.17999999981999998
2015-07-10,000852.SH,0.11999999987999999
2015-07-10,CBA02701.CS,0.27999999972
2015-07-10,AU9999.SGE,0.21999999977999998
2015-07-10,NH0100.NHF,0.1999999998
2015-07-17,000300.SH,0.17999999981999998
2015-07-17,000852.SH,0.11999999987999999
2015-07-17,CBA02701.CS,0.27999999972
2015-07-17,AU9999.SGE,0.21999999977999998
2015-07-17,NH0100.NHF,0.1999999998
2015-07-24,000300.SH,0.17999999981999998
2015-07-24,000852.SH,0.11999999987999999
2015-07-24,CBA02701.CS,0.27999999972
2015-07-24,AU9999.SGE,0.21999999977999998
2015-07-24,NH0100.NHF,0.1999999998
2015-07-31,000300.SH,0.17888335685844867
2015-07-31,000852.SH,0.12283650209518636
2015-07-31,CBA02701.CS,0.2783854447399632
2015-07-31,AU9999.SGE,0.2231770625913889
2015-07-31,NH0100.NHF,0.19671763271501277
2015-08-07,000300.SH,0.17999999981999998
2015-08-07,000852.SH,0.11999999987999999
2015-08-07,CBA02701.CS,0.27999999972
2015-08-07,AU9999.SGE,0.21999999977999998
2015-08-07,NH0100.NHF,0.1999999998
2015-08-14,000300.SH,0.17999999981999998
2015-08-14,000852.SH,0.11999999987999999
2015-08-14,CBA02701.CS,0.27999999972
2015-08-14,AU9999.SGE,0.21999999977999998
2015-08-14,NH0100.NHF,0.1999999998
2015-08-21,000300.SH,0.17999999981999998
2015-08-21,000852.SH,0.11999999987999999
2015-08-21,CBA02701.CS,0.27999999972
2015-08-21,AU9999.SGE,0.21999999977999998
2015-08-21,NH0100.NHF,0.1999999998
2015-08-28,000300.SH,0.17999999981999998
2015-08-28,000852.SH,0.11999999987999999
2015-08-28,CBA02701.CS,0.27999999972
2015-08-28,AU9999.SGE,0.21999999977999998
2015-08-28,NH0100.NHF,0.1999999998
2015-09-04,000300.SH,0.1732482737490883
2015-09-04,000852.SH,0.12405347150373894
2015-09-04,CBA02701.CS,0.2803652622423265
2015-09-04,AU9999.SGE,0.23255410640181529
2015-09-04,NH0100.NHF,0.18977888510303106
2015-09-11,000300.SH,0.1799644690062728
2015-09-11,000852.SH,0.1201810177552755
2015-09-11,CBA02701.CS,0.2798755662805768
2015-09-11,AU9999.SGE,0.22015045868753866
2015-09-11,NH0100.NHF,0.19982848727033597
2015-09-18,000300.SH,0.1796270236974582
2015-09-18,000852.SH,0.1213869917653399
2015-09-18,CBA02701.CS,0.279053252546566
2015-09-18,AU9999.SGE,0.2213607359610153
2015-09-18,NH0100.NHF,0.19857199502962072
2015-09-25,000300.SH,0.17999999981999998
2015-09-25,000852.SH,0.11999999987999999
2015-09-25,CBA02701.CS,0.27999999972
2015-09-25,AU9999.SGE,0.21999999977999998
2015-09-25,NH0100.NHF,0.1999999998
2015-10-02,000300.SH,0.17992611714968265
2015-10-02,000852.SH,0.12035717262324463
2015-10-02,CBA02701.CS,0.27974274481423117
2015-10-02,AU9999.SGE,0.22031817426713388
2015-10-02,NH0100.NHF,0.19965579014570756
2015-10-09,000300.SH,0.17999999981999998
2015-10-09,000852.SH,0.11999999987999999
2015-10-09,CBA02701.CS,0.27999999972
2015-10-09,AU9999.SGE,0.21999999977999998
2015-10-09,NH0100.NHF,0.1999999998
2015-10-16,000300.SH,0.17999999981999998
2015-10-16,000852.SH,0.11999999987999999
2015-10-16,CBA02701.CS,0.27999999972
2015-10-16,AU9999.SGE,0.21999999977999998
2015-10-16,NH0100.NHF,0.1999999998
2015-10-23,000300.SH,0.17999999981999998
2015-10-23,000852.SH,0.11999999987999999
2015-10-23,CBA02701.CS,0.27999999972
2015-10-23,AU9999.SGE,0.21999999977999998
2015-10-23,NH0100.NHF,0.1999999998
2015-10-30,000300.SH,0.17999999981999998
2015-10-30,000852.SH,0.11999999987999999
2015-10-30,CBA02701.CS,0.27999999972
2015-10-30,AU9999.SGE,0.21999999977999998
2015-10-30,NH0100.NHF,0.1999999998
2015-11-06,000300.SH,0.17862462205394367
2015-11-06,000852.SH,0.12329090754821478
2015-11-06,CBA02701.CS,0.2780938410421581
2015-11-06,AU9999.SGE,0.22389394090840992
2015-11-06,NH0100.NHF,0.19609668744727327
2015-11-13,000300.SH,0.17963929682272947
2015-11-13,000852.SH,0.1215107601622098
2015-11-13,CBA02701.CS,0.2789883153915922
2015-11-13,AU9999.SGE,0.2213627012638559
2015-11-13,NH0100.NHF,0.1984989253596126
2015-11-20,000300.SH,0.17999999981999998
2015-11-20,000852.SH,0.11999999987999999
2015-11-20,CBA02701.CS,0.27999999972
2015-11-20,AU9999.SGE,0.21999999977999998
2015-11-20,NH0100.NHF,0.1999999998
2015-11-27,000300.SH,0.17999999981999998
2015-11-27,000852.SH,0.11999999987999999
2015-11-27,CBA02701.CS,0.27999999972
2015-11-27,AU9999.SGE,0.21999999977999998
2015-11-27,NH0100.NHF,0.1999999998
2015-12-04,000300.SH,0.179734939127018
2015-12-04,000852.SH,0.12107655153310634
2015-12-04,CBA02701.CS,0.27927716545135584
2015-12-04,AU9999.SGE,0.220990377297751
2015-12-04,NH0100.NHF,0.19892096559076897
2015-12-11,000300.SH,0.17999999981999998
2015-12-11,000852.SH,0.11999999987999999
2015-12-11,CBA02701.CS,0.27999999972
2015-12-11,AU9999.SGE,0.21999999977999998
2015-12-11,NH0100.NHF,0.1999999998
2015-12-18,000300.SH,0.17999999981999998
2015-12-18,000852.SH,0.11999999987999999
2015-12-18,CBA02701.CS,0.27999999972
2015-12-18,AU9999.SGE,0.21999999977999998
2015-12-18,NH0100.NHF,0.1999999998
2015-12-25,000300.SH,0.17969707031498536
2015-12-25,000852.SH,0.12117926242962188
2015-12-25,CBA02701.CS,0.27915997172088153
2015-12-25,AU9999.SGE,0.2211661401641963
2015-12-25,NH0100.NHF,0.19879755437031502
2016-01-01,000300.SH,0.17999999981999998
2016-01-01,000852.SH,0.11999999987999999
2016-01-01,CBA02701.CS,0.27999999972
2016-01-01,AU9999.SGE,0.21999999977999998
2016-01-01,NH0100.NHF,0.1999999998
2016-01-08,000300.SH,0.17856836182900704
2016-01-08,000852.SH,0.12429326756467954
2016-01-08,CBA02701.CS,0.2773752621177083
2016-01-08,AU9999.SGE,0.22445994704512745
2016-01-08,NH0100.NHF,0.1953031604434775
2016-01-15,000300.SH,0.17999999981999998
2016-01-15,000852.SH,0.11999999987999999
2016-01-15,CBA02701.CS,0.27999999972
2016-01-15,AU9999.SGE,0.21999999977999998
2016-01-15,NH0100.NHF,0.1999999998
2016-01-22,000300.SH,0.17840027842746534
2016-01-22,000852.SH,0.12338574252966368
2016-01-22,CBA02701.CS,0.2782259297237709
2016-01-22,AU9999.SGE,0.2241903486789299
2016-01-22,NH0100.NHF,0.1957976996401702
2016-01-29,000300.SH,0.17999999981999998
2016-01-29,000852.SH,0.11999999987999999
2016-01-29,CBA02701.CS,0.27999999972
2016-01-29,AU9999.SGE,0.21999999977999998
2016-01-29,NH0100.NHF,0.1999999998
2016-02-05,000300.SH,0.17999999981999998
2016-02-05,000852.SH,0.11999999987999999
2016-02-05,CBA02701.CS,0.27999999972
2016-02-05,AU9999.SGE,0.21999999977999998
2016-02-05,NH0100.NHF,0.1999999998
2016-02-12,000300.SH,0.1780696023217418
2016-02-12,000852.SH,0.12422045628237958
2016-02-12,CBA02701.CS,0.27765609875105945
2016-02-12,AU9999.SGE,0.2252364818085721
2016-02-12,NH0100.NHF,0.1948173598362471
2016-02-19,000300.SH,0.1798074608644084
2016-02-19,000852.SH,0.1212861706570791
2016-02-19,CBA02701.CS,0.27916946218688404
2016-02-19,AU9999.SGE,0.22088049684511826
2016-02-19,NH0100.NHF,0.19885640844651026
2016-02-26,000300.SH,0.17970401429377722
2016-02-26,000852.SH,0.12126273808652792
2016-02-26,CBA02701.CS,0.2791822780375793
2016-02-26,AU9999.SGE,0.22109579974811935
2016-02-26,NH0100.NHF,0.19875516883399613
2016-03-04,000300.SH,0.179883153870333
2016-03-04,000852.SH,0.1205384150824602
2016-03-04,CBA02701.CS,0.279611018846525
2016-03-04,AU9999.SGE,0.22049266756645525
2016-03-04,NH0100.NHF,0.19947474363422657
2016-03-11,000300.SH,0.17999999981999998
2016-03-11,000852.SH,0.11999999987999999
2016-03-11,CBA02701.CS,0.27999999972
2016-03-11,AU9999.SGE,0.21999999977999998
2016-03-11,NH0100.NHF,0.1999999998
2016-03-18,000300.SH,0.17999999981999998
2016-03-18,000852.SH,0.11999999987999999
2016-03-18,CBA02701.CS,0.27999999972
2016-03-18,AU9999.SGE,0.21999999977999998
2016-03-18,NH0100.NHF,0.1999999998
2016-03-25,000300.SH,0.17999999981999998
2016-03-25,000852.SH,0.11999999987999999
2016-03-25,CBA02701.CS,0.27999999972
2016-03-25,AU9999.SGE,0.21999999977999998
2016-03-25,NH0100.NHF,0.1999999998
2016-04-01,000300.SH,0.17999999981999998
2016-04-01,000852.SH,0.11999999987999999
2016-04-01,CBA02701.CS,0.27999999972
2016-04-01,AU9999.SGE,0.21999999977999998
2016-04-01,NH0100.NHF,0.1999999998
2016-04-08,000300.SH,0.17875925386223648
2016-04-08,000852.SH,0.12344164555259511
2016-04-08,CBA02701.CS,0.2781052819421255
2016-04-08,AU9999.SGE,0.223538323711043
2016-04-08,NH0100.NHF,0.1961554939319998
2016-04-15,000300.SH,0.17925181964294365
2016-04-15,000852.SH,0.12222493321772612
2016-04-15,CBA02701.CS,0.27857762973865025
2016-04-15,AU9999.SGE,0.22239472316762268
2016-04-15,NH0100.NHF,0.19755089323305716
2016-04-22,000300.SH,0.17999999981999998
2016-04-22,000852.SH,0.11999999987999999
2016-04-22,CBA02701.CS,0.27999999972
2016-04-22,AU9999.SGE,0.21999999977999998
2016-04-22,NH0100.NHF,0.1999999998
2016-04-29,000300.SH,0.17999999981999998
2016-04-29,000852.SH,0.11999999987999999
2016-04-29,CBA02701.CS,0.27999999972
2016-04-29,AU9999.SGE,0.21999999977999998
2016-04-29,NH0100.NHF,0.1999999998
2016-05-06,000300.SH,0.17960634974167256
2016-05-06,000852.SH,0.12267267263418982
2016-05-06,CBA02701.CS,0.2781258168858842
2016-05-06,AU9999.SGE,0.22198309134915784
2016-05-06,NH0100.NHF,0.1976120683890956
2016-05-13,000300.SH,0.17999999981999998
2016-05-13,000852.SH,0.11999999987999999
2016-05-13,CBA02701.CS,0.27999999972
2016-05-13,AU9999.SGE,0.21999999977999998
2016-05-13,NH0100.NHF,0.1999999998
2016-05-20,000300.SH,0.17999999981999998
2016-05-20,000852.SH,0.11999999987999999
2016-05-20,CBA02701.CS,0.27999999972
2016-05-20,AU9999.SGE,0.21999999977999998
2016-05-20,NH0100.NHF,0.1999999998
2016-05-27,000300.SH,0.17999999981999998
2016-05-27,000852.SH,0.11999999987999999
2016-05-27,CBA02701.CS,0.27999999972
2016-05-27,AU9999.SGE,0.21999999977999998
2016-05-27,NH0100.NHF,0.1999999998
2016-06-03,000300.SH,0.17999999981999998
2016-06-03,000852.SH,0.11999999987999999
2016-06-03,CBA02701.CS,0.27999999972
2016-06-03,AU9999.SGE,0.21999999977999998
2016-06-03,NH0100.NHF,0.1999999998
2016-06-10,000300.SH,0.17999999981999998
2016-06-10,000852.SH,0.11999999987999999
2016-06-10,CBA02701.CS,0.27999999972
2016-06-10,AU9999.SGE,0.21999999977999998
2016-06-10,NH0100.NHF,0.1999999998
2016-06-17,000300.SH,0.17757172034682578
2016-06-17,000852.SH,0.12370075895407927
2016-06-17,CBA02701.CS,0.2777173757851918
2016-06-17,AU9999.SGE,0.2264210956179676
2016-06-17,NH0100.NHF,0.19458904829593543
2016-06-24,000300.SH,0.17999999981999998
2016-06-24,000852.SH,0.11999999987999999
2016-06-24,CBA02701.CS,0.27999999972
2016-06-24,AU9999.SGE,0.21999999977999998
2016-06-24,NH0100.NHF,0.1999999998
2016-07-01,000300.SH,0.17999999981999998
2016-07-01,000852.SH,0.11999999987999999
2016-07-01,CBA02701.CS,0.27999999972
2016-07-01,AU9999.SGE,0.21999999977999998
2016-07-01,NH0100.NHF,0.1999999998
2016-07-08,000300.SH,0.17999999981999998
2016-07-08,000852.SH,0.11999999987999999
2016-07-08,CBA02701.CS,0.27999999972
2016-07-08,AU9999.SGE,0.21999999977999998
2016-07-08,NH0100.NHF,0.1999999998
2016-07-15,000300.SH,0.17999999981999998
2016-07-15,000852.SH,0.11999999987999999
2016-07-15,CBA02701.CS,0.27999999972
2016-07-15,AU9999.SGE,0.21999999977999998
2016-07-15,NH0100.NHF,0.1999999998
2016-07-22,000300.SH,0.17999999981999998
2016-07-22,000852.SH,0.11999999987999999
2016-07-22,CBA02701.CS,0.27999999972
2016-07-22,AU9999.SGE,0.21999999977999998
2016-07-22,NH0100.NHF,0.1999999998
2016-07-29,000300.SH,0.17999999981999998
2016-07-29,000852.SH,0.11999999987999999
2016-07-29,CBA02701.CS,0.27999999972
2016-07-29,AU9999.SGE,0.21999999977999998
2016-07-29,NH0100.NHF,0.1999999998
2016-08-05,000300.SH,0.17892065387143255
2016-08-05,000852.SH,0.12323221899058395
2016-08-05,CBA02701.CS,0.27817470680037204
2016-08-05,AU9999.SGE,0.22319101706395664
2016-08-05,NH0100.NHF,0.19648140227365476
2016-08-12,000300.SH,0.17999999981999998
2016-08-12,000852.SH,0.11999999987999999
2016-08-12,CBA02701.CS,0.27999999972
2016-08-12,AU9999.SGE,0.21999999977999998
2016-08-12,NH0100.NHF,0.1999999998
2016-08-19,000300.SH,0.17999999981999998
2016-08-19,000852.SH,0.11999999987999999
2016-08-19,CBA02701.CS,0.27999999972
2016-08-19,AU9999.SGE,0.21999999977999998
2016-08-19,NH0100.NHF,0.1999999998
2016-08-26,000300.SH,0.17974735695643285
2016-08-26,000852.SH,0.12155580130801837
2016-08-26,CBA02701.CS,0.27900809209853183
2016-08-26,AU9999.SGE,0.22109293530619928
2016-08-26,NH0100.NHF,0.1985958133308176
2016-09-02,000300.SH,0.17999999981999998
2016-09-02,000852.SH,0.11999999987999999
2016-09-02,CBA02701.CS,0.27999999972
2016-09-02,AU9999.SGE,0.21999999977999998
2016-09-02,NH0100.NHF,0.1999999998
2016-09-09,000300.SH,0.17999999981999998
2016-09-09,000852.SH,0.11999999987999999
2016-09-09,CBA02701.CS,0.27999999972
2016-09-09,AU9999.SGE,0.21999999977999998
2016-09-09,NH0100.NHF,0.1999999998
2016-09-16,000300.SH,0.1775197315700224
2016-09-16,000852.SH,0.12414395472133556
2016-09-16,CBA02701.CS,0.2781771123375858
2016-09-16,AU9999.SGE,0.22585291412727998
2016-09-16,NH0100.NHF,0.1943062862437762
2016-09-23,000300.SH,0.17983433941354168
2016-09-23,000852.SH,0.12073319565440575
2016-09-23,CBA02701.CS,0.279498300423432
2016-09-23,AU9999.SGE,0.22065332589019426
2016-09-23,NH0100.NHF,0.19928083761842624
2016-09-30,000300.SH,0.17952487971201045
2016-09-30,000852.SH,0.12163976267059409
2016-09-30,CBA02701.CS,0.2788678475872524
2016-09-30,AU9999.SGE,0.22169630503586604
2016-09-30,NH0100.NHF,0.19827120399427692
2016-10-07,000300.SH,0.17999999981999998
2016-10-07,000852.SH,0.11999999987999999
2016-10-07,CBA02701.CS,0.27999999972
2016-10-07,AU9999.SGE,0.21999999977999998
2016-10-07,NH0100.NHF,0.1999999998
2016-10-14,000300.SH,0.17999999981999998
2016-10-14,000852.SH,0.11999999987999999
2016-10-14,CBA02701.CS,0.27999999972
2016-10-14,AU9999.SGE,0.21999999977999998
2016-10-14,NH0100.NHF,0.1999999998
2016-10-21,000300.SH,0.17841575340078583
2016-10-21,000852.SH,0.12322225720912389
2016-10-21,CBA02701.CS,0.2779365386487369
2016-10-21,AU9999.SGE,0.22454291198093856
2016-10-21,NH0100.NHF,0.19588253776041464
2016-10-28,000300.SH,0.17999999981999998
2016-10-28,000852.SH,0.11999999987999999
2016-10-28,CBA02701.CS,0.27999999972
2016-10-28,AU9999.SGE,0.21999999977999998
2016-10-28,NH0100.NHF,0.1999999998
2016-11-04,000300.SH,0.17999999981999998
2016-11-04,000852.SH,0.11999999987999999
2016-11-04,CBA02701.CS,0.27999999972
2016-11-04,AU9999.SGE,0.21999999977999998
2016-11-04,NH0100.NHF,0.1999999998
2016-11-11,000300.SH,0.17999999981999998
2016-11-11,000852.SH,0.11999999987999999
2016-11-11,CBA02701.CS,0.27999999972
2016-11-11,AU9999.SGE,0.21999999977999998
2016-11-11,NH0100.NHF,0.1999999998
2016-11-18,000300.SH,0.1797993620210628
2016-11-18,000852.SH,0.12122679960512885
2016-11-18,CBA02701.CS,0.27915249256261354
2016-11-18,AU9999.SGE,0.22093852881404805
2016-11-18,NH0100.NHF,0.19888281599714683
2016-11-25,000300.SH,0.17999999981999998
2016-11-25,000852.SH,0.11999999987999999
2016-11-25,CBA02701.CS,0.27999999972
2016-11-25,AU9999.SGE,0.21999999977999998
2016-11-25,NH0100.NHF,0.1999999998
2016-12-02,000300.SH,0.17999999981999998
2016-12-02,000852.SH,0.11999999987999999
2016-12-02,CBA02701.CS,0.27999999972
2016-12-02,AU9999.SGE,0.21999999977999998
2016-12-02,NH0100.NHF,0.1999999998
2016-12-09,000300.SH,0.1744310869969684
2016-12-09,000852.SH,0.12424652189178452
2016-12-09,CBA02701.CS,0.2794440053341549
2016-12-09,AU9999.SGE,0.23099288175583257
2016-12-09,NH0100.NHF,0.19088550302125953
2016-12-16,000300.SH,0.17999999981999998
2016-12-16,000852.SH,0.11999999987999999
2016-12-16,CBA02701.CS,0.27999999972
2016-12-16,AU9999.SGE,0.21999999977999998
2016-12-16,NH0100.NHF,0.1999999998
2016-12-23,000300.SH,0.1771762762133676
2016-12-23,000852.SH,0.12440630153704124
2016-12-23,CBA02701.CS,0.27820803469915395
2016-12-23,AU9999.SGE,0.2264572086753081
2016-12-23,NH0100.NHF,0.19375217787512902
2016-12-30,000300.SH,0.178631553378502
2016-12-30,000852.SH,0.12384863097360083
2016-12-30,CBA02701.CS,0.27793749508535814
2016-12-30,AU9999.SGE,0.22385262923162533
2016-12-30,NH0100.NHF,0.19572969033091372
2017-01-06,000300.SH,0.17992321547701565
2017-01-06,000852.SH,0.12079939883128817
2017-01-06,CBA02701.CS,0.27943630237942935
2017-01-06,AU9999.SGE,0.22050907923763233
2017-01-06,NH0100.NHF,0.19933200307463445
2017-01-13,000300.SH,0.17999999981999998
2017-01-13,000852.SH,0.11999999987999999
2017-01-13,CBA02701.CS,0.27999999972
2017-01-13,AU9999.SGE,0.21999999977999998
2017-01-13,NH0100.NHF,0.1999999998
2017-01-20,000300.SH,0.17999999981999998
2017-01-20,000852.SH,0.11999999987999999
2017-01-20,CBA02701.CS,0.27999999972
2017-01-20,AU9999.SGE,0.21999999977999998
2017-01-20,NH0100.NHF,0.1999999998
2017-01-27,000300.SH,0.17999999981999998
2017-01-27,000852.SH,0.11999999987999999
2017-01-27,CBA02701.CS,0.27999999972
2017-01-27,AU9999.SGE,0.21999999977999998
2017-01-27,NH0100.NHF,0.1999999998
2017-02-03,000300.SH,0.17999999981999998
2017-02-03,000852.SH,0.11999999987999999
2017-02-03,CBA02701.CS,0.27999999972
2017-02-03,AU9999.SGE,0.21999999977999998
2017-02-03,NH0100.NHF,0.1999999998
2017-02-10,000300.SH,0.17738212350253968
2017-02-10,000852.SH,0.12387833581725993
2017-02-10,CBA02701.CS,0.27790800692691636
2017-02-10,AU9999.SGE,0.2265471212965655
2017-02-10,NH0100.NHF,0.19428441145671846
2017-02-17,000300.SH,0.17873169746511672
2017-02-17,000852.SH,0.12294994443970828
2017-02-17,CBA02701.CS,0.27815266974482966
2017-02-17,AU9999.SGE,0.22372257318728317
2017-02-17,NH0100.NHF,0.19644311416306207
2017-02-24,000300.SH,0.1798794207034439
2017-02-24,000852.SH,0.12152284762649532
2017-02-24,CBA02701.CS,0.2790262757569451
2017-02-24,AU9999.SGE,0.22080198245600893
2017-02-24,NH0100.NHF,0.19876947245710683
2017-03-03,000300.SH,0.17999999981999998
2017-03-03,000852.SH,0.11999999987999999
2017-03-03,CBA02701.CS,0.27999999972
2017-03-03,AU9999.SGE,0.21999999977999998
2017-03-03,NH0100.NHF,0.1999999998
2017-03-10,000300.SH,0.17933561289114922
2017-03-10,000852.SH,0.12208980507421965
2017-03-10,CBA02701.CS,0.278719638910002
2017-03-10,AU9999.SGE,0.22210455517897632
2017-03-10,NH0100.NHF,0.1977503869456527
2017-03-17,000300.SH,0.17999999981999998
2017-03-17,000852.SH,0.11999999987999999
2017-03-17,CBA02701.CS,0.27999999972
2017-03-17,AU9999.SGE,0.21999999977999998
2017-03-17,NH0100.NHF,0.1999999998
2017-03-24,000300.SH,0.17999999981999998
2017-03-24,000852.SH,0.11999999987999999
2017-03-24,CBA02701.CS,0.27999999972
2017-03-24,AU9999.SGE,0.21999999977999998
2017-03-24,NH0100.NHF,0.1999999998
2017-03-31,000300.SH,0.17974955931254616
2017-03-31,000852.SH,0.12154226958154388
2017-03-31,CBA02701.CS,0.27901614635089556
2017-03-31,AU9999.SGE,0.22108406465857106
2017-03-31,NH0100.NHF,0.1986079590964434
2017-04-07,000300.SH,0.17945684262462241
2017-04-07,000852.SH,0.1219675276504474
2017-04-07,CBA02701.CS,0.27875639290274706
2017-04-07,AU9999.SGE,0.22184830766650132
2017-04-07,NH0100.NHF,0.19797092815568174
2017-04-14,000300.SH,0.17999999981999998
2017-04-14,000852.SH,0.11999999987999999
2017-04-14,CBA02701.CS,0.27999999972
2017-04-14,AU9999.SGE,0.21999999977999998
2017-04-14,NH0100.NHF,0.1999999998
2017-04-21,000300.SH,0.17876293712593008
2017-04-21,000852.SH,0.12331159054864682
2017-04-21,CBA02701.CS,0.2778355310783687
2017-04-21,AU9999.SGE,0.22388181236694712
2017-04-21,NH0100.NHF,0.1962081278801073
2017-04-28,000300.SH,0.17969705114096757
2017-04-28,000852.SH,0.12120001452096597
2017-04-28,CBA02701.CS,0.2792197127311359
2017-04-28,AU9999.SGE,0.22109129167546468
2017-04-28,NH0100.NHF,0.19879192893146597
2017-05-05,000300.SH,0.17945287875242633
2017-05-05,000852.SH,0.12183366331702485
2017-05-05,CBA02701.CS,0.27881129136205357
2017-05-05,AU9999.SGE,0.2218435586373399
2017-05-05,NH0100.NHF,0.19805860693115537
2017-05-12,000300.SH,0.17729284655154354
2017-05-12,000852.SH,0.12511764123181418
2017-05-12,CBA02701.CS,0.27785728563493844
2017-05-12,AU9999.SGE,0.22634473109581882
2017-05-12,NH0100.NHF,0.19338749448588496
2017-05-19,000300.SH,0.17999999981999998
2017-05-19,000852.SH,0.11999999987999999
2017-05-19,CBA02701.CS,0.27999999972
2017-05-19,AU9999.SGE,0.21999999977999998
2017-05-19,NH0100.NHF,0.1999999998
2017-05-26,000300.SH,0.17999999981999998
2017-05-26,000852.SH,0.11999999987999999
2017-05-26,CBA02701.CS,0.27999999972
2017-05-26,AU9999.SGE,0.21999999977999998
2017-05-26,NH0100.NHF,0.1999999998
2017-06-02,000300.SH,0.17999999981999998
2017-06-02,000852.SH,0.11999999987999999
2017-06-02,CBA02701.CS,0.27999999972
2017-06-02,AU9999.SGE,0.21999999977999998
2017-06-02,NH0100.NHF,0.1999999998
2017-06-09,000300.SH,0.17999999981999998
2017-06-09,000852.SH,0.11999999987999999
2017-06-09,CBA02701.CS,0.27999999972
2017-06-09,AU9999.SGE,0.21999999977999998
2017-06-09,NH0100.NHF,0.1999999998
2017-06-16,000300.SH,0.17941251641757436
2017-06-16,000852.SH,0.12190544224578712
2017-06-16,CBA02701.CS,0.278745683950837
2017-06-16,AU9999.SGE,0.22197774501972165
2017-06-16,NH0100.NHF,0.19795861136607992
2017-06-23,000300.SH,0.17949387536514994
2017-06-23,000852.SH,0.12257542448072266
2017-06-23,CBA02701.CS,0.2783060684989311
2017-06-23,AU9999.SGE,0.22205578370721268
2017-06-23,NH0100.NHF,0.1975688469479835
2017-06-30,000300.SH,0.17999999981999998
2017-06-30,000852.SH,0.11999999987999999
2017-06-30,CBA02701.CS,0.27999999972
2017-06-30,AU9999.SGE,0.21999999977999998
2017-06-30,NH0100.NHF,0.1999999998
2017-07-07,000300.SH,0.17999999981999998
2017-07-07,000852.SH,0.11999999987999999
2017-07-07,CBA02701.CS,0.27999999972
2017-07-07,AU9999.SGE,0.21999999977999998
2017-07-07,NH0100.NHF,0.1999999998
2017-07-14,000300.SH,0.17091872983162884
2017-07-14,000852.SH,0.12327226386494075
2017-07-14,CBA02701.CS,0.28234244498077343
2017-07-14,AU9999.SGE,0.23559120134357983
2017-07-14,NH0100.NHF,0.18787535897907712
2017-07-21,000300.SH,0.17999999981999998
2017-07-21,000852.SH,0.11999999987999999
2017-07-21,CBA02701.CS,0.27999999972
2017-07-21,AU9999.SGE,0.21999999977999998
2017-07-21,NH0100.NHF,0.1999999998
2017-07-28,000300.SH,0.17987512237780418
2017-07-28,000852.SH,0.1205774640766244
2017-07-28,CBA02701.CS,0.2796125193419765
2017-07-28,AU9999.SGE,0.2204939577083625
2017-07-28,NH0100.NHF,0.19944093549523234
2017-08-04,000300.SH,0.17999999981999998
2017-08-04,000852.SH,0.11999999987999999
2017-08-04,CBA02701.CS,0.27999999972
2017-08-04,AU9999.SGE,0.21999999977999998
2017-08-04,NH0100.NHF,0.1999999998
2017-08-11,000300.SH,0.1798434705470253
2017-08-11,000852.SH,0.12073164472918671
2017-08-11,CBA02701.CS,0.2795132166824277
2017-08-11,AU9999.SGE,0.22061754661938043
2017-08-11,NH0100.NHF,0.1992941204219799
2017-08-18,000300.SH,0.17999999981999998
2017-08-18,000852.SH,0.11999999987999999
2017-08-18,CBA02701.CS,0.27999999972
2017-08-18,AU9999.SGE,0.21999999977999998
2017-08-18,NH0100.NHF,0.1999999998
2017-08-25,000300.SH,0.17940809923089926
2017-08-25,000852.SH,0.12193867662621528
2017-08-25,CBA02701.CS,0.2787982078909358
2017-08-25,AU9999.SGE,0.22191590056459273
2017-08-25,NH0100.NHF,0.19793911468735678
2017-09-01,000300.SH,0.1799943404205197
2017-09-01,000852.SH,0.12003533411850308
2017-09-01,CBA02701.CS,0.2799759086303034
2017-09-01,AU9999.SGE,0.22002641662753483
2017-09-01,NH0100.NHF,0.19996799920313904
2017-09-08,000300.SH,0.17980430632982505
2017-09-08,000852.SH,0.12084662161991042
2017-09-08,CBA02701.CS,0.2794391491916469
2017-09-08,AU9999.SGE,0.22074300493004925
2017-09-08,NH0100.NHF,0.19916691692856817
2017-09-15,000300.SH,0.1798184864599191
2017-09-15,000852.SH,0.1207944442850925
2017-09-15,CBA02701.CS,0.279468895457687
2017-09-15,AU9999.SGE,0.2206981130549605
2017-09-15,NH0100.NHF,0.199220059742341
2017-09-22,000300.SH,0.17999999981999998
2017-09-22,000852.SH,0.11999999987999999
2017-09-22,CBA02701.CS,0.27999999972
2017-09-22,AU9999.SGE,0.21999999977999998
2017-09-22,NH0100.NHF,0.1999999998
2017-09-29,000300.SH,0.17985134813250794
2017-09-29,000852.SH,0.1206715960951244
2017-09-29,CBA02701.CS,0.27955131763194574
2017-09-29,AU9999.SGE,0.22057957651038226
2017-09-29,NH0100.NHF,0.1993461606300397
2017-10-06,000300.SH,0.17999999981999998
2017-10-06,000852.SH,0.11999999987999999
2017-10-06,CBA02701.CS,0.27999999972
2017-10-06,AU9999.SGE,0.21999999977999998
2017-10-06,NH0100.NHF,0.1999999998
2017-10-13,000300.SH,0.17999999981999998
2017-10-13,000852.SH,0.11999999987999999
2017-10-13,CBA02701.CS,0.27999999972
2017-10-13,AU9999.SGE,0.21999999977999998
2017-10-13,NH0100.NHF,0.1999999998
2017-10-20,000300.SH,0.17978346816126636
2017-10-20,000852.SH,0.12091283879898142
2017-10-20,CBA02701.CS,0.2793706893619422
2017-10-20,AU9999.SGE,0.22084067392596743
2017-10-20,NH0100.NHF,0.1990923287518424
2017-10-27,000300.SH,0.17999999981999998
2017-10-27,000852.SH,0.11999999987999999
2017-10-27,CBA02701.CS,0.27999999972
2017-10-27,AU9999.SGE,0.21999999977999998
2017-10-27,NH0100.NHF,0.1999999998
2017-11-03,000300.SH,0.1741591114762421
2017-11-03,000852.SH,0.12427444065871733
2017-11-03,CBA02701.CS,0.27974249791514705
2017-11-03,AU9999.SGE,0.23122789346330888
2017-11-03,NH0100.NHF,0.19059605548658462
2017-11-10,000300.SH,0.17999999981999998
2017-11-10,000852.SH,0.11999999987999999
2017-11-10,CBA02701.CS,0.27999999972
2017-11-10,AU9999.SGE,0.21999999977999998
2017-11-10,NH0100.NHF,0.1999999998
2017-11-17,000300.SH,0.17669855267723428
2017-11-17,000852.SH,0.12419890384043142
2017-11-17,CBA02701.CS,0.27826604791460385
2017-11-17,AU9999.SGE,0.22748886732021437
2017-11-17,NH0100.NHF,0.19334762724751603
2017-11-24,000300.SH,0.17999999981999998
2017-11-24,000852.SH,0.11999999987999999
2017-11-24,CBA02701.CS,0.27999999972
2017-11-24,AU9999.SGE,0.21999999977999998
2017-11-24,NH0100.NHF,0.1999999998
2017-12-01,000300.SH,0.17832985579987015
2017-12-01,000852.SH,0.12338638101276363
2017-12-01,CBA02701.CS,0.27808965954437403
2017-12-01,AU9999.SGE,0.2244943405541018
2017-12-01,NH0100.NHF,0.1956997620888904
2017-12-08,000300.SH,0.17987862418317982
2017-12-08,000852.SH,0.12079124002633994
2017-12-08,CBA02701.CS,0.27946377269247363
2017-12-08,AU9999.SGE,0.22057644134464094
2017-12-08,NH0100.NHF,0.1992899207533655
2017-12-15,000300.SH,0.17999999981999998
2017-12-15,000852.SH,0.11999999987999999
2017-12-15,CBA02701.CS,0.27999999972
2017-12-15,AU9999.SGE,0.21999999977999998
2017-12-15,NH0100.NHF,0.1999999998
2017-12-22,000300.SH,0.17980764816375344
2017-12-22,000852.SH,0.12082731890908933
2017-12-22,CBA02701.CS,0.2794230171929874
2017-12-22,AU9999.SGE,0.22076106030022316
2017-12-22,NH0100.NHF,0.19918095443394654
2017-12-29,000300.SH,0.17928703320894177
2017-12-29,000852.SH,0.12246811539407325
2017-12-29,CBA02701.CS,0.27841817985321754
2017-12-29,AU9999.SGE,0.22241076394213422
2017-12-29,NH0100.NHF,0.1974159066016333
2018-01-05,000300.SH,0.17826087604543564
2018-01-05,000852.SH,0.12351152156404664
2018-01-05,CBA02701.CS,0.27820591005497514
2018-01-05,AU9999.SGE,0.22446532302945685
2018-01-05,NH0100.NHF,0.19555636830608555
2018-01-12,000300.SH,0.17942154695908907
2018-01-12,000852.SH,0.12190939400013892
2018-01-12,CBA02701.CS,0.2788137740692646
2018-01-12,AU9999.SGE,0.22188023780044927
2018-01-12,NH0100.NHF,0.19797504617105802
2018-01-19,000300.SH,0.176721086498107
2018-01-19,000852.SH,0.12419619462770219
2018-01-19,CBA02701.CS,0.2782630120255817
2018-01-19,AU9999.SGE,0.22744508335142047
2018-01-19,NH0100.NHF,0.19337462249718881
2018-01-26,000300.SH,0.17999999981999998
2018-01-26,000852.SH,0.11999999987999999
2018-01-26,CBA02701.CS,0.27999999972
2018-01-26,AU9999.SGE,0.21999999977999998
2018-01-26,NH0100.NHF,0.1999999998
2018-02-02,000300.SH,0.17999999981999998
2018-02-02,000852.SH,0.11999999987999999
2018-02-02,CBA02701.CS,0.27999999972
2018-02-02,AU9999.SGE,0.21999999977999998
2018-02-02,NH0100.NHF,0.1999999998
2018-02-09,000300.SH,0.17999999981999998
2018-02-09,000852.SH,0.11999999987999999
2018-02-09,CBA02701.CS,0.27999999972
2018-02-09,AU9999.SGE,0.21999999977999998
2018-02-09,NH0100.NHF,0.1999999998
2018-02-16,000300.SH,0.17999999981999998
2018-02-16,000852.SH,0.11999999987999999
2018-02-16,CBA02701.CS,0.27999999972
2018-02-16,AU9999.SGE,0.21999999977999998
2018-02-16,NH0100.NHF,0.1999999998
2018-02-23,000300.SH,0.1799470930594024
2018-02-23,000852.SH,0.120860127080851
2018-02-23,CBA02701.CS,0.2794418632144469
2018-02-23,AU9999.SGE,0.22042967039715775
2018-02-23,NH0100.NHF,0.19932124524814174
2018-03-02,000300.SH,0.1795957066879882
2018-03-02,000852.SH,0.1218854989369156
2018-03-02,CBA02701.CS,0.2788152025058869
2018-03-02,AU9999.SGE,0.2215148531571182
2018-03-02,NH0100.NHF,0.19818873771209095
2018-03-09,000300.SH,0.17999999981999998
2018-03-09,000852.SH,0.11999999987999999
2018-03-09,CBA02701.CS,0.27999999972
2018-03-09,AU9999.SGE,0.21999999977999998
2018-03-09,NH0100.NHF,0.1999999998
2018-03-16,000300.SH,0.17999999981999998
2018-03-16,000852.SH,0.11999999987999999
2018-03-16,CBA02701.CS,0.27999999972
2018-03-16,AU9999.SGE,0.21999999977999998
2018-03-16,NH0100.NHF,0.1999999998
2018-03-23,000300.SH,0.1799373647194885
2018-03-23,000852.SH,0.120537241938034
2018-03-23,CBA02701.CS,0.2796300297357284
2018-03-23,AU9999.SGE,0.22035572699431827
2018-03-23,NH0100.NHF,0.19953963561243074
2018-03-30,000300.SH,0.17986935154930353
2018-03-30,000852.SH,0.12070388828236113
2018-03-30,CBA02701.CS,0.27947455788216696
2018-03-30,AU9999.SGE,0.2206158668388953
2018-03-30,NH0100.NHF,0.19933633444727278
2018-04-06,000300.SH,0.17978030262872163
2018-04-06,000852.SH,0.12093080031481049
2018-04-06,CBA02701.CS,0.2793859928446956
2018-04-06,AU9999.SGE,0.2208236630347159
2018-04-06,NH0100.NHF,0.19907924017705628
2018-04-13,000300.SH,0.17818613548478934
2018-04-13,000852.SH,0.12356765195906311
2018-04-13,CBA02701.CS,0.2781869583126642
2018-04-13,AU9999.SGE,0.22462612466283732
2018-04-13,NH0100.NHF,0.1954331285806461
2018-04-20,000300.SH,0.17999999981999998
2018-04-20,000852.SH,0.11999999987999999
2018-04-20,CBA02701.CS,0.27999999972
2018-04-20,AU9999.SGE,0.21999999977999998
2018-04-20,NH0100.NHF,0.1999999998
2018-04-27,000300.SH,0.1794844135852112
2018-04-27,000852.SH,0.12223187668386774
2018-04-27,CBA02701.CS,0.27854929756833247
2018-04-27,AU9999.SGE,0.22192670934617484
2018-04-27,NH0100.NHF,0.19780770181641363
2018-05-04,000300.SH,0.17999999981999998
2018-05-04,000852.SH,0.11999999987999999
2018-05-04,CBA02701.CS,0.27999999972
2018-05-04,AU9999.SGE,0.21999999977999998
2018-05-04,NH0100.NHF,0.1999999998
2018-05-11,000300.SH,0.1799797815836215
2018-05-11,000852.SH,0.12010392616552418
2018-05-11,CBA02701.CS,0.27992280264018077
2018-05-11,AU9999.SGE,0.22009248491527658
2018-05-11,NH0100.NHF,0.199901003695397
2018-05-18,000300.SH,0.1796570056224855
2018-05-18,000852.SH,0.12131863062206917
2018-05-18,CBA02701.CS,0.2791483801449615
2018-05-18,AU9999.SGE,0.2212142288142798
2018-05-18,NH0100.NHF,0.198661753796204
2018-05-25,000300.SH,0.17950248629769341
2018-05-25,000852.SH,0.12168519367190253
2018-05-25,CBA02701.CS,0.2788159791539021
2018-05-25,AU9999.SGE,0.2217861525839442
2018-05-25,NH0100.NHF,0.19821018729255768
2018-06-01,000300.SH,0.17930891944983102
2018-06-01,000852.SH,0.12213327374024892
2018-06-01,CBA02701.CS,0.27867060525095705
2018-06-01,AU9999.SGE,0.22220111651187938
2018-06-01,NH0100.NHF,0.19768608404708357
2018-06-08,000300.SH,0.1794447523503716
2018-06-08,000852.SH,0.12181612775562424
2018-06-08,CBA02701.CS,0.2787381743110075
2018-06-08,AU9999.SGE,0.22194973692428527
2018-06-08,NH0100.NHF,0.19805120765871137
2018-06-15,000300.SH,0.17913935484202692
2018-06-15,000852.SH,0.12245013629640213
2018-06-15,CBA02701.CS,0.27854575313038604
2018-06-15,AU9999.SGE,0.22258931332964943
2018-06-15,NH0100.NHF,0.19727544140153533
2018-06-22,000300.SH,0.1784601794479044
2018-06-22,000852.SH,0.12372816661467097
2018-06-22,CBA02701.CS,0.27804377362348703
2018-06-22,AU9999.SGE,0.2241431139960097
2018-06-22,NH0100.NHF,0.19562476531792777
2018-06-29,000300.SH,0.17999999981999998
2018-06-29,000852.SH,0.11999999987999999
2018-06-29,CBA02701.CS,0.27999999972
2018-06-29,AU9999.SGE,0.21999999977999998
2018-06-29,NH0100.NHF,0.1999999998
2018-07-06,000300.SH,0.17999999981999998
2018-07-06,000852.SH,0.11999999987999999
2018-07-06,CBA02701.CS,0.27999999972
2018-07-06,AU9999.SGE,0.21999999977999998
2018-07-06,NH0100.NHF,0.1999999998
2018-07-13,000300.SH,0.17994055802651868
2018-07-13,000852.SH,0.12029272855132193
2018-07-13,CBA02701.CS,0.2797914583998181
2018-07-13,AU9999.SGE,0.22025580197999856
2018-07-13,NH0100.NHF,0.1997194520423427
2018-07-20,000300.SH,0.17993814182291595
2018-07-20,000852.SH,0.12032233455220298
2018-07-20,CBA02701.CS,0.27978173586377947
2018-07-20,AU9999.SGE,0.22026116749462885
2018-07-20,NH0100.NHF,0.19969661926647264
2018-07-27,000300.SH,0.17998980914506263
2018-07-27,000852.SH,0.12005363293082073
2018-07-27,CBA02701.CS,0.2799632041570165
2018-07-27,AU9999.SGE,0.22004377724837668
2018-07-27,NH0100.NHF,0.19994957551872358
2018-08-03,000300.SH,0.17999999981999998
2018-08-03,000852.SH,0.11999999987999999
2018-08-03,CBA02701.CS,0.27999999972
2018-08-03,AU9999.SGE,0.21999999977999998
2018-08-03,NH0100.NHF,0.1999999998
2018-08-10,000300.SH,0.17999999981999998
2018-08-10,000852.SH,0.11999999987999999
2018-08-10,CBA02701.CS,0.27999999972
2018-08-10,AU9999.SGE,0.21999999977999998
2018-08-10,NH0100.NHF,0.1999999998
2018-08-17,000300.SH,0.17999999981999998
2018-08-17,000852.SH,0.11999999987999999
2018-08-17,CBA02701.CS,0.27999999972
2018-08-17,AU9999.SGE,0.21999999977999998
2018-08-17,NH0100.NHF,0.1999999998
2018-08-24,000300.SH,0.17789078778265113
2018-08-24,000852.SH,0.12372252309662185
2018-08-24,CBA02701.CS,0.2780679949008242
2018-08-24,AU9999.SGE,0.22533556975833471
2018-08-24,NH0100.NHF,0.19498312346156793
2018-08-31,000300.SH,0.17741405860207377
2018-08-31,000852.SH,0.12469139177299277
2018-08-31,CBA02701.CS,0.2779840429830157
2018-08-31,AU9999.SGE,0.22609755695734327
2018-08-31,NH0100.NHF,0.19381294868457438
2018-09-07,000300.SH,0.17999999981999998
2018-09-07,000852.SH,0.11999999987999999
2018-09-07,CBA02701.CS,0.27999999972
2018-09-07,AU9999.SGE,0.21999999977999998
2018-09-07,NH0100.NHF,0.1999999998
2018-09-14,000300.SH,0.17999999981999998
2018-09-14,000852.SH,0.11999999987999999
2018-09-14,CBA02701.CS,0.27999999972
2018-09-14,AU9999.SGE,0.21999999977999998
2018-09-14,NH0100.NHF,0.1999999998
2018-09-21,000300.SH,0.17954773172110083
2018-09-21,000852.SH,0.12160745190997317
2018-09-21,CBA02701.CS,0.27896273733795396
2018-09-21,AU9999.SGE,0.2215522095569775
2018-09-21,NH0100.NHF,0.1983298684739945
2018-09-28,000300.SH,0.17999999981999998
2018-09-28,000852.SH,0.11999999987999999
2018-09-28,CBA02701.CS,0.27999999972
2018-09-28,AU9999.SGE,0.21999999977999998
2018-09-28,NH0100.NHF,0.1999999998
2018-10-05,000300.SH,0.17999999981999998
2018-10-05,000852.SH,0.11999999987999999
2018-10-05,CBA02701.CS,0.27999999972
2018-10-05,AU9999.SGE,0.21999999977999998
2018-10-05,NH0100.NHF,0.1999999998
2018-10-12,000300.SH,0.17992420147313137
2018-10-12,000852.SH,0.12041272998927371
2018-10-12,CBA02701.CS,0.2797087405684598
2018-10-12,AU9999.SGE,0.22034040855816056
2018-10-12,NH0100.NHF,0.19961391841097448
2018-10-19,000300.SH,0.17999999981999998
2018-10-19,000852.SH,0.11999999987999999
2018-10-19,CBA02701.CS,0.27999999972
2018-10-19,AU9999.SGE,0.21999999977999998
2018-10-19,NH0100.NHF,0.1999999998
2018-10-26,000300.SH,0.17999999981999998
2018-10-26,000852.SH,0.11999999987999999
2018-10-26,CBA02701.CS,0.27999999972
2018-10-26,AU9999.SGE,0.21999999977999998
2018-10-26,NH0100.NHF,0.1999999998
2018-11-02,000300.SH,0.17999999981999998
2018-11-02,000852.SH,0.11999999987999999
2018-11-02,CBA02701.CS,0.27999999972
2018-11-02,AU9999.SGE,0.21999999977999998
2018-11-02,NH0100.NHF,0.1999999998
2018-11-09,000300.SH,0.17999999981999998
2018-11-09,000852.SH,0.11999999987999999
2018-11-09,CBA02701.CS,0.27999999972
2018-11-09,AU9999.SGE,0.21999999977999998
2018-11-09,NH0100.NHF,0.1999999998
2018-11-16,000300.SH,0.17925941571828963
2018-11-16,000852.SH,0.12228988449558126
2018-11-16,CBA02701.CS,0.27860640322549
2018-11-16,AU9999.SGE,0.22232243149386993
2018-11-16,NH0100.NHF,0.19752186406676903
2018-11-23,000300.SH,0.17999999981999998
2018-11-23,000852.SH,0.11999999987999999
2018-11-23,CBA02701.CS,0.27999999972
2018-11-23,AU9999.SGE,0.21999999977999998
2018-11-23,NH0100.NHF,0.1999999998
2018-11-30,000300.SH,0.17999999981999998
2018-11-30,000852.SH,0.11999999987999999
2018-11-30,CBA02701.CS,0.27999999972
2018-11-30,AU9999.SGE,0.21999999977999998
2018-11-30,NH0100.NHF,0.1999999998
2018-12-07,000300.SH,0.17990215529010506
2018-12-07,000852.SH,0.12046517617925923
2018-12-07,CBA02701.CS,0.2796862867369221
2018-12-07,AU9999.SGE,0.22039380440207146
2018-12-07,NH0100.NHF,0.199552576391642
2018-12-14,000300.SH,0.17918294590171938
2018-12-14,000852.SH,0.1223653304145627
2018-12-14,CBA02701.CS,0.27855699334226636
2018-12-14,AU9999.SGE,0.22251424540957773
2018-12-14,NH0100.NHF,0.19738048393187393
2018-12-21,000300.SH,0.1789586198292528
2018-12-21,000852.SH,0.12273121144079778
2018-12-21,CBA02701.CS,0.27842597576881073
2018-12-21,AU9999.SGE,0.2230086875649823
2018-12-21,NH0100.NHF,0.19687550439615625
2018-12-28,000300.SH,0.17999999981999998
2018-12-28,000852.SH,0.11999999987999999
2018-12-28,CBA02701.CS,0.27999999972
2018-12-28,AU9999.SGE,0.21999999977999998
2018-12-28,NH0100.NHF,0.1999999998
2019-01-04,000300.SH,0.17944145752468996
2019-01-04,000852.SH,0.12304197866496694
2019-01-04,CBA02701.CS,0.27808318719252645
2019-01-04,AU9999.SGE,0.22224954290187923
2019-01-04,NH0100.NHF,0.1971838327159373
2019-01-11,000300.SH,0.17974533688987065
2019-01-11,000852.SH,0.12129310515636728
2019-01-11,CBA02701.CS,0.279067748956643
2019-01-11,AU9999.SGE,0.22112549645995
2019-01-11,NH0100.NHF,0.198768311537169
2019-01-18,000300.SH,0.17999999981999998
2019-01-18,000852.SH,0.11999999987999999
2019-01-18,CBA02701.CS,0.27999999972
2019-01-18,AU9999.SGE,0.21999999977999998
2019-01-18,NH0100.NHF,0.1999999998
2019-01-25,000300.SH,0.17999999981999998
2019-01-25,000852.SH,0.11999999987999999
2019-01-25,CBA02701.CS,0.27999999972
2019-01-25,AU9999.SGE,0.21999999977999998
2019-01-25,NH0100.NHF,0.1999999998
2019-02-01,000300.SH,0.17793887463811467
2019-02-01,000852.SH,0.1246745458161319
2019-02-01,CBA02701.CS,0.2777797774427351
2019-02-01,AU9999.SGE,0.2252115699701059
2019-02-01,NH0100.NHF,0.19439523113291254
2019-02-08,000300.SH,0.17999999981999998
2019-02-08,000852.SH,0.11999999987999999
2019-02-08,CBA02701.CS,0.27999999972
2019-02-08,AU9999.SGE,0.21999999977999998
2019-02-08,NH0100.NHF,0.1999999998
2019-02-15,000300.SH,0.1797125732023678
2019-02-15,000852.SH,0.12170013222747245
2019-02-15,CBA02701.CS,0.2789228605900188
2019-02-15,AU9999.SGE,0.2212109402597091
2019-02-15,NH0100.NHF,0.19845349272043164
2019-02-22,000300.SH,0.17987269977427406
2019-02-22,000852.SH,0.12057790994030455
2019-02-22,CBA02701.CS,0.279572755531363
2019-02-22,AU9999.SGE,0.22054380232877382
2019-02-22,NH0100.NHF,0.19943283142528465
2019-03-01,000300.SH,0.17999999981999998
2019-03-01,000852.SH,0.11999999987999999
2019-03-01,CBA02701.CS,0.27999999972
2019-03-01,AU9999.SGE,0.21999999977999998
2019-03-01,NH0100.NHF,0.1999999998
2019-03-08,000300.SH,0.17999999981999998
2019-03-08,000852.SH,0.11999999987999999
2019-03-08,CBA02701.CS,0.27999999972
2019-03-08,AU9999.SGE,0.21999999977999998
2019-03-08,NH0100.NHF,0.1999999998
2019-03-15,000300.SH,0.1795397877311176
2019-03-15,000852.SH,0.12163288419507647
2019-03-15,CBA02701.CS,0.2789657789631094
2019-03-15,AU9999.SGE,0.2215565250312833
2019-03-15,NH0100.NHF,0.19830502307941314
2019-03-22,000300.SH,0.1797146183621985
2019-03-22,000852.SH,0.12113274169758788
2019-03-22,CBA02701.CS,0.2792141211848626
2019-03-22,AU9999.SGE,0.22108447970868475
2019-03-22,NH0100.NHF,0.19885403804666607
2019-03-29,000300.SH,0.17934574954809954
2019-03-29,000852.SH,0.123277890946367
2019-03-29,CBA02701.CS,0.27807277546673537
2019-03-29,AU9999.SGE,0.22238020648001292
2019-03-29,NH0100.NHF,0.19692337655878528
2019-04-05,000300.SH,0.17999999981999998
2019-04-05,000852.SH,0.11999999987999999
2019-04-05,CBA02701.CS,0.27999999972
2019-04-05,AU9999.SGE,0.21999999977999998
2019-04-05,NH0100.NHF,0.1999999998
2019-04-12,000300.SH,0.17999999981999998
2019-04-12,000852.SH,0.11999999987999999
2019-04-12,CBA02701.CS,0.27999999972
2019-04-12,AU9999.SGE,0.21999999977999998
2019-04-12,NH0100.NHF,0.1999999998
2019-04-19,000300.SH,0.17999999981999998
2019-04-19,000852.SH,0.11999999987999999
2019-04-19,CBA02701.CS,0.27999999972
2019-04-19,AU9999.SGE,0.21999999977999998
2019-04-19,NH0100.NHF,0.1999999998
2019-04-26,000300.SH,0.17999999981999998
2019-04-26,000852.SH,0.11999999987999999
2019-04-26,CBA02701.CS,0.27999999972
2019-04-26,AU9999.SGE,0.21999999977999998
2019-04-26,NH0100.NHF,0.1999999998
2019-05-03,000300.SH,0.17922080486551148
2019-05-03,000852.SH,0.12267531609804114
2019-05-03,CBA02701.CS,0.27830722317483664
2019-05-03,AU9999.SGE,0.22260216301853641
2019-05-03,NH0100.NHF,0.1971944918430743
2019-05-10,000300.SH,0.1799218516506591
2019-05-10,000852.SH,0.12037947681683249
2019-05-10,CBA02701.CS,0.2797431235641075
2019-05-10,AU9999.SGE,0.22031876181044388
2019-05-10,NH0100.NHF,0.19963678515795705
2019-05-17,000300.SH,0.17999201055754774
2019-05-17,000852.SH,0.12004216653646084
2019-05-17,CBA02701.CS,0.27997105777487663
2019-05-17,AU9999.SGE,0.22003438402947748
2019-05-17,NH0100.NHF,0.19996038010163716
2019-05-24,000300.SH,0.17999999981999998
2019-05-24,000852.SH,0.11999999987999999
2019-05-24,CBA02701.CS,0.27999999972
2019-05-24,AU9999.SGE,0.21999999977999998
2019-05-24,NH0100.NHF,0.1999999998
2019-05-31,000300.SH,0.17999999981999998
2019-05-31,000852.SH,0.11999999987999999
2019-05-31,CBA02701.CS,0.27999999972
2019-05-31,AU9999.SGE,0.21999999977999998
2019-05-31,NH0100.NHF,0.1999999998
2019-06-07,000300.SH,0.17999999981999998
2019-06-07,000852.SH,0.11999999987999999
2019-06-07,CBA02701.CS,0.27999999972
2019-06-07,AU9999.SGE,0.21999999977999998
2019-06-07,NH0100.NHF,0.1999999998
2019-06-14,000300.SH,0.17999999981999998
2019-06-14,000852.SH,0.11999999987999999
2019-06-14,CBA02701.CS,0.27999999972
2019-06-14,AU9999.SGE,0.21999999977999998
2019-06-14,NH0100.NHF,0.1999999998
2019-06-21,000300.SH,0.17959836749022376
2019-06-21,000852.SH,0.12148149574655466
2019-06-21,CBA02701.CS,0.2790525338513814
2019-06-21,AU9999.SGE,0.22138847777463377
2019-06-21,NH0100.NHF,0.19847912413720628
2019-06-28,000300.SH,0.17999999981999998
2019-06-28,000852.SH,0.11999999987999999
2019-06-28,CBA02701.CS,0.27999999972
2019-06-28,AU9999.SGE,0.21999999977999998
2019-06-28,NH0100.NHF,0.1999999998
2019-07-05,000300.SH,0.17999999981999998
2019-07-05,000852.SH,0.11999999987999999
2019-07-05,CBA02701.CS,0.27999999972
2019-07-05,AU9999.SGE,0.21999999977999998
2019-07-05,NH0100.NHF,0.1999999998
2019-07-12,000300.SH,0.17943489201819812
2019-07-12,000852.SH,0.1220011379905724
2019-07-12,CBA02701.CS,0.27863328352118855
2019-07-12,AU9999.SGE,0.22202181493185272
2019-07-12,NH0100.NHF,0.19790887053818795
2019-07-19,000300.SH,0.17999999981999998
2019-07-19,000852.SH,0.11999999987999999
2019-07-19,CBA02701.CS,0.27999999972
2019-07-19,AU9999.SGE,0.21999999977999998
2019-07-19,NH0100.NHF,0.1999999998
2019-07-26,000300.SH,0.17999999981999998
2019-07-26,000852.SH,0.11999999987999999
2019-07-26,CBA02701.CS,0.27999999972
2019-07-26,AU9999.SGE,0.21999999977999998
2019-07-26,NH0100.NHF,0.1999999998
2019-08-02,000300.SH,0.17999999981999998
2019-08-02,000852.SH,0.11999999987999999
2019-08-02,CBA02701.CS,0.27999999972
2019-08-02,AU9999.SGE,0.21999999977999998
2019-08-02,NH0100.NHF,0.1999999998
2019-08-09,000300.SH,0.17999999981999998
2019-08-09,000852.SH,0.11999999987999999
2019-08-09,CBA02701.CS,0.27999999972
2019-08-09,AU9999.SGE,0.21999999977999998
2019-08-09,NH0100.NHF,0.1999999998
2019-08-16,000300.SH,0.17999999981999998
2019-08-16,000852.SH,0.11999999987999999
2019-08-16,CBA02701.CS,0.27999999972
2019-08-16,AU9999.SGE,0.21999999977999998
2019-08-16,NH0100.NHF,0.1999999998
2019-08-23,000300.SH,0.17695248288495047
2019-08-23,000852.SH,0.12422654997561981
2019-08-23,CBA02701.CS,0.2783539898167806
2019-08-23,AU9999.SGE,0.22683662230346033
2019-08-23,NH0100.NHF,0.1936303540191888
2019-08-30,000300.SH,0.17874682664413605
2019-08-30,000852.SH,0.1230538636036603
2019-08-30,CBA02701.CS,0.27830296706373936
2019-08-30,AU9999.SGE,0.22348301235703721
2019-08-30,NH0100.NHF,0.19641332933142705
2019-09-06,000300.SH,0.17921716008338615
2019-09-06,000852.SH,0.12230698246616842
2019-09-06,CBA02701.CS,0.2785903686468783
2019-09-06,AU9999.SGE,0.22242466049059798
2019-09-06,NH0100.NHF,0.19746082731296907
2019-09-13,000300.SH,0.17986844796548168
2019-09-13,000852.SH,0.12060430766991036
2019-09-13,CBA02701.CS,0.27959500606586046
2019-09-13,AU9999.SGE,0.22051821653300416
2019-09-13,NH0100.NHF,0.19941402076574336
2019-09-20,000300.SH,0.17999999981999998
2019-09-20,000852.SH,0.11999999987999999
2019-09-20,CBA02701.CS,0.27999999972
2019-09-20,AU9999.SGE,0.21999999977999998
2019-09-20,NH0100.NHF,0.1999999998
2019-09-27,000300.SH,0.1792761618739576
2019-09-27,000852.SH,0.12286883935133901
2019-09-27,CBA02701.CS,0.2783015657613629
2019-09-27,AU9999.SGE,0.2224198061382966
2019-09-27,NH0100.NHF,0.1971336258750438
2019-10-04,000300.SH,0.17954528847609372
2019-10-04,000852.SH,0.12158781671039733
2019-10-04,CBA02701.CS,0.2788922172843914
2019-10-04,AU9999.SGE,0.22164406940907241
2019-10-04,NH0100.NHF,0.19833060712004508
2019-10-11,000300.SH,0.17968434351354062
2019-10-11,000852.SH,0.12136542336812516
2019-10-11,CBA02701.CS,0.2790626001753029
2019-10-11,AU9999.SGE,0.2212354537206534
2019-10-11,NH0100.NHF,0.19865217822237785
2019-10-18,000300.SH,0.17973850676640293
2019-10-18,000852.SH,0.12120467791379379
2019-10-18,CBA02701.CS,0.27920934394275193
2019-10-18,AU9999.SGE,0.22101262763971782
2019-10-18,NH0100.NHF,0.19883484273733357
2019-10-25,000300.SH,0.17999999981999998
2019-10-25,000852.SH,0.11999999987999999
2019-10-25,CBA02701.CS,0.27999999972
2019-10-25,AU9999.SGE,0.21999999977999998
2019-10-25,NH0100.NHF,0.1999999998
2019-11-01,000300.SH,0.17993874219228448
2019-11-01,000852.SH,0.1203023501740001
2019-11-01,CBA02701.CS,0.27979099187758455
2019-11-01,AU9999.SGE,0.2202567137233562
2019-11-01,NH0100.NHF,0.1997112010327745
2019-11-08,000300.SH,0.1772115462621176
2019-11-08,000852.SH,0.12414639855749514
2019-11-08,CBA02701.CS,0.2783032052719241
2019-11-08,AU9999.SGE,0.22636897077648999
2019-11-08,NH0100.NHF,0.1939698781319732
2019-11-15,000300.SH,0.17932920866912205
2019-11-15,000852.SH,0.12222210635961872
2019-11-15,CBA02701.CS,0.27846008541307316
2019-11-15,AU9999.SGE,0.222362753043771
2019-11-15,NH0100.NHF,0.197625845514415
2019-11-22,000300.SH,0.17892433840594543
2019-11-22,000852.SH,0.1229457244192213
2019-11-22,CBA02701.CS,0.2783210575291257
2019-11-22,AU9999.SGE,0.22312229932398497
2019-11-22,NH0100.NHF,0.19668657932172248
2019-11-29,000300.SH,0.17999999981999998
2019-11-29,000852.SH,0.11999999987999999
2019-11-29,CBA02701.CS,0.27999999972
2019-11-29,AU9999.SGE,0.21999999977999998
2019-11-29,NH0100.NHF,0.1999999998
2019-12-06,000300.SH,0.17999999981999998
2019-12-06,000852.SH,0.11999999987999999
2019-12-06,CBA02701.CS,0.27999999972
2019-12-06,AU9999.SGE,0.21999999977999998
2019-12-06,NH0100.NHF,0.1999999998
2019-12-13,000300.SH,0.17999999981999998
2019-12-13,000852.SH,0.11999999987999999
2019-12-13,CBA02701.CS,0.27999999972
2019-12-13,AU9999.SGE,0.21999999977999998
2019-12-13,NH0100.NHF,0.1999999998
2019-12-20,000300.SH,0.1799619793895989
2019-12-20,000852.SH,0.12020433013159428
2019-12-20,CBA02701.CS,0.27986098938063025
2019-12-20,AU9999.SGE,0.22016374130275
2019-12-20,NH0100.NHF,0.19980895879542634
2019-12-27,000300.SH,0.1792861238403855
2019-12-27,000852.SH,0.12218637797980789
2019-12-27,CBA02701.CS,0.27866943128462895
2019-12-27,AU9999.SGE,0.2222318871244372
2019-12-27,NH0100.NHF,0.1976261787707403
2020-01-03,000300.SH,0.17999999981999998
2020-01-03,000852.SH,0.11999999987999999
2020-01-03,CBA02701.CS,0.27999999972
2020-01-03,AU9999.SGE,0.21999999977999998
2020-01-03,NH0100.NHF,0.1999999998
2020-01-10,000300.SH,0.1798577468628719
2020-01-10,000852.SH,0.12074552725746675
2020-01-10,CBA02701.CS,0.27950573386653055
2020-01-10,AU9999.SGE,0.22059040405211278
2020-01-10,NH0100.NHF,0.19930058696101782
2020-01-17,000300.SH,0.17999999981999998
2020-01-17,000852.SH,0.11999999987999999
2020-01-17,CBA02701.CS,0.27999999972
2020-01-17,AU9999.SGE,0.21999999977999998
2020-01-17,NH0100.NHF,0.1999999998
2020-01-24,000300.SH,0.1792564769659723
2020-01-24,000852.SH,0.12224301121607806
2020-01-24,CBA02701.CS,0.2786432333280522
2020-01-24,AU9999.SGE,0.2223042366347386
2020-01-24,NH0100.NHF,0.1975530408551588
2020-01-31,000300.SH,0.17999999981999998
2020-01-31,000852.SH,0.11999999987999999
2020-01-31,CBA02701.CS,0.27999999972
2020-01-31,AU9999.SGE,0.21999999977999998
2020-01-31,NH0100.NHF,0.1999999998
2020-02-07,000300.SH,0.17980997803761853
2020-02-07,000852.SH,0.1217747255567141
2020-02-07,CBA02701.CS,0.27871823793560274
2020-02-07,AU9999.SGE,0.22120618447336612
2020-02-07,NH0100.NHF,0.1984908729966985
2020-02-14,000300.SH,0.17999999981999998
2020-02-14,000852.SH,0.11999999987999999
2020-02-14,CBA02701.CS,0.27999999972
2020-02-14,AU9999.SGE,0.21999999977999998
2020-02-14,NH0100.NHF,0.1999999998
2020-02-21,000300.SH,0.17999999981999998
2020-02-21,000852.SH,0.11999999987999999
2020-02-21,CBA02701.CS,0.27999999972
2020-02-21,AU9999.SGE,0.21999999977999998
2020-02-21,NH0100.NHF,0.1999999998
2020-02-28,000300.SH,0.17999999981999998
2020-02-28,000852.SH,0.11999999987999999
2020-02-28,CBA02701.CS,0.27999999972
2020-02-28,AU9999.SGE,0.21999999977999998
2020-02-28,NH0100.NHF,0.1999999998
2020-03-06,000300.SH,0.17999999981999998
2020-03-06,000852.SH,0.11999999987999999
2020-03-06,CBA02701.CS,0.27999999972
2020-03-06,AU9999.SGE,0.21999999977999998
2020-03-06,NH0100.NHF,0.1999999998
2020-03-13,000300.SH,0.17999999981999998
2020-03-13,000852.SH,0.11999999987999999
2020-03-13,CBA02701.CS,0.27999999972
2020-03-13,AU9999.SGE,0.21999999977999998
2020-03-13,NH0100.NHF,0.1999999998
2020-03-20,000300.SH,0.17988476948292376
2020-03-20,000852.SH,0.12053806348249753
2020-03-20,CBA02701.CS,0.2796383108196154
2020-03-20,AU9999.SGE,0.22045857400549354
2020-03-20,NH0100.NHF,0.1994802812094698
2020-03-27,000300.SH,0.17809646979261182
2020-03-27,000852.SH,0.1237344261629711
2020-03-27,CBA02701.CS,0.27796665150574273
2020-03-27,AU9999.SGE,0.2250056127551774
2020-03-27,NH0100.NHF,0.19519683878349703
2020-04-03,000300.SH,0.17999999981999998
2020-04-03,000852.SH,0.11999999987999999
2020-04-03,CBA02701.CS,0.27999999972
2020-04-03,AU9999.SGE,0.21999999977999998
2020-04-03,NH0100.NHF,0.1999999998
2020-04-10,000300.SH,0.17999999981999998
2020-04-10,000852.SH,0.11999999987999999
2020-04-10,CBA02701.CS,0.27999999972
2020-04-10,AU9999.SGE,0.21999999977999998
2020-04-10,NH0100.NHF,0.1999999998
2020-04-17,000300.SH,0.17957371541129746
2020-04-17,000852.SH,0.12150496569362211
2020-04-17,CBA02701.CS,0.27890511977558446
2020-04-17,AU9999.SGE,0.22159884720228645
2020-04-17,NH0100.NHF,0.1984173509172095
2020-04-24,000300.SH,0.17951170756612556
2020-04-24,000852.SH,0.12194952453934498
2020-04-24,CBA02701.CS,0.27878531668774953
2020-04-24,AU9999.SGE,0.22170491127520528
2020-04-24,NH0100.NHF,0.19804853893157467
2020-05-01,000300.SH,0.17789976653725342
2020-05-01,000852.SH,0.12357324369236329
2020-05-01,CBA02701.CS,0.2777986503267892
2020-05-01,AU9999.SGE,0.2256742636132736
2020-05-01,NH0100.NHF,0.19505407483032042
2020-05-08,000300.SH,0.17999999981999998
2020-05-08,000852.SH,0.11999999987999999
2020-05-08,CBA02701.CS,0.27999999972
2020-05-08,AU9999.SGE,0.21999999977999998
2020-05-08,NH0100.NHF,0.1999999998
2020-05-15,000300.SH,0.17999999981999998
2020-05-15,000852.SH,0.11999999987999999
2020-05-15,CBA02701.CS,0.27999999972
2020-05-15,AU9999.SGE,0.21999999977999998
2020-05-15,NH0100.NHF,0.1999999998
2020-05-22,000300.SH,0.17999999981999998
2020-05-22,000852.SH,0.11999999987999999
2020-05-22,CBA02701.CS,0.27999999972
2020-05-22,AU9999.SGE,0.21999999977999998
2020-05-22,NH0100.NHF,0.1999999998
2020-05-29,000300.SH,0.17999999981999998
2020-05-29,000852.SH,0.11999999987999999
2020-05-29,CBA02701.CS,0.27999999972
2020-05-29,AU9999.SGE,0.21999999977999998
2020-05-29,NH0100.NHF,0.1999999998
2020-06-05,000300.SH,0.17919473576118056
2020-06-05,000852.SH,0.12258971637953535
2020-06-05,CBA02701.CS,0.27846296736194187
2020-06-05,AU9999.SGE,0.2225134607501933
2020-06-05,NH0100.NHF,0.19723911874714878
2020-06-12,000300.SH,0.17999999981999998
2020-06-12,000852.SH,0.11999999987999999
2020-06-12,CBA02701.CS,0.27999999972
2020-06-12,AU9999.SGE,0.21999999977999998
2020-06-12,NH0100.NHF,0.1999999998
2020-06-19,000300.SH,0.17999999981999998
2020-06-19,000852.SH,0.11999999987999999
2020-06-19,CBA02701.CS,0.27999999972
2020-06-19,AU9999.SGE,0.21999999977999998
2020-06-19,NH0100.NHF,0.1999999998
2020-06-26,000300.SH,0.17999999981999998
2020-06-26,000852.SH,0.11999999987999999
2020-06-26,CBA02701.CS,0.27999999972
2020-06-26,AU9999.SGE,0.21999999977999998
2020-06-26,NH0100.NHF,0.1999999998
2020-07-03,000300.SH,0.17828743259977686
2020-07-03,000852.SH,0.12348850782788312
2020-07-03,CBA02701.CS,0.27820897049435206
2020-07-03,AU9999.SGE,0.22441344445781158
2020-07-03,NH0100.NHF,0.1956016436201763
2020-07-10,000300.SH,0.17742462832298037
2020-07-10,000852.SH,0.12412604378801927
2020-07-10,CBA02701.CS,0.27822321630111285
2020-07-10,AU9999.SGE,0.22601084108691044
2020-07-10,NH0100.NHF,0.1942152695009769
2020-07-17,000300.SH,0.17736032652189185
2020-07-17,000852.SH,0.12413012244612973
2020-07-17,CBA02701.CS,0.278247786956883
2020-07-17,AU9999.SGE,0.2261191767240571
2020-07-17,NH0100.NHF,0.19414258635103826
2020-07-24,000300.SH,0.17564525089772876
2020-07-24,000852.SH,0.12415085224857986
2020-07-24,CBA02701.CS,0.2783175314521462
2020-07-24,AU9999.SGE,0.22970090292176604
2020-07-24,NH0100.NHF,0.1921854614797792
2020-07-31,000300.SH,0.17999999981999998
2020-07-31,000852.SH,0.11999999987999999
2020-07-31,CBA02701.CS,0.27999999972
2020-07-31,AU9999.SGE,0.21999999977999998
2020-07-31,NH0100.NHF,0.1999999998
2020-08-07,000300.SH,0.17999999981999998
2020-08-07,000852.SH,0.11999999987999999
2020-08-07,CBA02701.CS,0.27999999972
2020-08-07,AU9999.SGE,0.21999999977999998
2020-08-07,NH0100.NHF,0.1999999998
2020-08-14,000300.SH,0.17999999981999998
2020-08-14,000852.SH,0.11999999987999999
2020-08-14,CBA02701.CS,0.27999999972
2020-08-14,AU9999.SGE,0.21999999977999998
2020-08-14,NH0100.NHF,0.1999999998
2020-08-21,000300.SH,0.17999999981999998
2020-08-21,000852.SH,0.11999999987999999
2020-08-21,CBA02701.CS,0.27999999972
2020-08-21,AU9999.SGE,0.21999999977999998
2020-08-21,NH0100.NHF,0.1999999998
2020-08-28,000300.SH,0.17999999981999998
2020-08-28,000852.SH,0.11999999987999999
2020-08-28,CBA02701.CS,0.27999999972
2020-08-28,AU9999.SGE,0.21999999977999998
2020-08-28,NH0100.NHF,0.1999999998
2020-09-04,000300.SH,0.17999999981999998
2020-09-04,000852.SH,0.11999999987999999
2020-09-04,CBA02701.CS,0.27999999972
2020-09-04,AU9999.SGE,0.21999999977999998
2020-09-04,NH0100.NHF,0.1999999998
2020-09-11,000300.SH,0.17999366038980388
2020-09-11,000852.SH,0.12003365874489401
2020-09-11,CBA02701.CS,0.27997620356469577
2020-09-11,AU9999.SGE,0.22002814748290836
2020-09-11,NH0100.NHF,0.19996832881769794
2020-09-18,000300.SH,0.1784832490792888
2020-09-18,000852.SH,0.12329236682150733
2020-09-18,CBA02701.CS,0.27821838765625445
2020-09-18,AU9999.SGE,0.22405535145014588
2020-09-18,NH0100.NHF,0.1959506439928035
2020-09-25,000300.SH,0.17999999981999998
2020-09-25,000852.SH,0.11999999987999999
2020-09-25,CBA02701.CS,0.27999999972
2020-09-25,AU9999.SGE,0.21999999977999998
2020-09-25,NH0100.NHF,0.1999999998
2020-10-02,000300.SH,0.17999999981999998
2020-10-02,000852.SH,0.11999999987999999
2020-10-02,CBA02701.CS,0.27999999972
2020-10-02,AU9999.SGE,0.21999999977999998
2020-10-02,NH0100.NHF,0.1999999998
2020-10-09,000300.SH,0.17999999981999998
2020-10-09,000852.SH,0.11999999987999999
2020-10-09,CBA02701.CS,0.27999999972
2020-10-09,AU9999.SGE,0.21999999977999998
2020-10-09,NH0100.NHF,0.1999999998
2020-10-16,000300.SH,0.17975330347139834
2020-10-16,000852.SH,0.1210091234200241
2020-10-16,CBA02701.CS,0.27923007259525906
2020-10-16,AU9999.SGE,0.2210287014033635
2020-10-16,NH0100.NHF,0.19897879810995495
2020-10-23,000300.SH,0.17974346252509374
2020-10-23,000852.SH,0.12106293975736283
2020-10-23,CBA02701.CS,0.279303751857139
2020-10-23,AU9999.SGE,0.2209471262129791
2020-10-23,NH0100.NHF,0.1989427186474253
2020-10-30,000300.SH,0.17999999981999998
2020-10-30,000852.SH,0.11999999987999999
2020-10-30,CBA02701.CS,0.27999999972
2020-10-30,AU9999.SGE,0.21999999977999998
2020-10-30,NH0100.NHF,0.1999999998
2020-11-06,000300.SH,0.17975083792351088
2020-11-06,000852.SH,0.12110840219153905
2020-11-06,CBA02701.CS,0.279230962673489
2020-11-06,AU9999.SGE,0.22099688226867786
2020-11-06,NH0100.NHF,0.19891291394278313
2020-11-13,000300.SH,0.17991068469652144
2020-11-13,000852.SH,0.12042082710761316
2020-11-13,CBA02701.CS,0.2796755341061467
2020-11-13,AU9999.SGE,0.22040380595177378
2020-11-13,NH0100.NHF,0.1995891471379449
2020-11-20,000300.SH,0.17999999981999998
2020-11-20,000852.SH,0.11999999987999999
2020-11-20,CBA02701.CS,0.27999999972
2020-11-20,AU9999.SGE,0.21999999977999998
2020-11-20,NH0100.NHF,0.1999999998
2020-11-27,000300.SH,0.17999999981999998
2020-11-27,000852.SH,0.11999999987999999
2020-11-27,CBA02701.CS,0.27999999972
2020-11-27,AU9999.SGE,0.21999999977999998
2020-11-27,NH0100.NHF,0.1999999998
2020-12-04,000300.SH,0.17999999981999998
2020-12-04,000852.SH,0.11999999987999999
2020-12-04,CBA02701.CS,0.27999999972
2020-12-04,AU9999.SGE,0.21999999977999998
2020-12-04,NH0100.NHF,0.1999999998
2020-12-11,000300.SH,0.17934601184328325
2020-12-11,000852.SH,0.12202321620204003
2020-12-11,CBA02701.CS,0.278582833429317
2020-12-11,AU9999.SGE,0.22226074201437854
2020-12-11,NH0100.NHF,0.19778719551098095
2020-12-18,000300.SH,0.1749547368577281
2020-12-18,000852.SH,0.12415722645289405
2020-12-18,CBA02701.CS,0.27886690859692786
2020-12-18,AU9999.SGE,0.23055601674578474
2020-12-18,NH0100.NHF,0.1914651103466652
2020-12-25,000300.SH,0.17999999981999998
2020-12-25,000852.SH,0.11999999987999999
2020-12-25,CBA02701.CS,0.27999999972
2020-12-25,AU9999.SGE,0.21999999977999998
2020-12-25,NH0100.NHF,0.1999999998
2021-01-01,000300.SH,0.17741132874117888
2021-01-01,000852.SH,0.12405980502135976
2021-01-01,CBA02701.CS,0.2782574249397178
2021-01-01,AU9999.SGE,0.22602479871880182
2021-01-01,NH0100.NHF,0.1942466415789416
2021-01-08,000300.SH,0.1776816473989903
2021-01-08,000852.SH,0.12391990502465218
2021-01-08,CBA02701.CS,0.2782135560350772
2021-01-08,AU9999.SGE,0.2255469995752963
2021-01-08,NH0100.NHF,0.19463789096598397
2021-01-15,000300.SH,0.17787365694090485
2021-01-15,000852.SH,0.1235900837066054
2021-01-15,CBA02701.CS,0.2778000445159915
2021-01-15,AU9999.SGE,0.2257224088144399
2021-01-15,NH0100.NHF,0.19501380502205826
2021-01-22,000300.SH,0.17953276004324917
2021-01-22,000852.SH,0.12164432077916117
2021-01-22,CBA02701.CS,0.278940370905912
2021-01-22,AU9999.SGE,0.22159603971803543
2021-01-22,NH0100.NHF,0.19828650755364235
2021-01-29,000300.SH,0.17822365610097332
2021-01-29,000852.SH,0.1236092393691604
2021-01-29,CBA02701.CS,0.278170866030061
2021-01-29,AU9999.SGE,0.22454890601102603
2021-01-29,NH0100.NHF,0.19544733148877907
2021-02-05,000300.SH,0.17828657175873938
2021-02-05,000852.SH,0.12348926061474144
2021-02-05,CBA02701.CS,0.27820886589228133
2021-02-05,AU9999.SGE,0.2244151297382592
2021-02-05,NH0100.NHF,0.19560017099597865
2021-02-12,000300.SH,0.17965675137855197
2021-02-12,000852.SH,0.12131208779299028
2021-02-12,CBA02701.CS,0.2790687530069269
2021-02-12,AU9999.SGE,0.22130691446196615
2021-02-12,NH0100.NHF,0.19865549235956453
2021-02-19,000300.SH,0.17999999981999998
2021-02-19,000852.SH,0.11999999987999999
2021-02-19,CBA02701.CS,0.27999999972
2021-02-19,AU9999.SGE,0.21999999977999998
2021-02-19,NH0100.NHF,0.1999999998
2021-02-26,000300.SH,0.17048533032250182
2021-02-26,000852.SH,0.12320103280489662
2021-02-26,CBA02701.CS,0.28291415276188436
2021-02-26,AU9999.SGE,0.23589948329363075
2021-02-26,NH0100.NHF,0.1874999998170864
2021-03-05,000300.SH,0.17735669916376226
2021-03-05,000852.SH,0.12391781654276794
2021-03-05,CBA02701.CS,0.2779685520991701
2021-03-05,AU9999.SGE,0.22651889011055354
2021-03-05,NH0100.NHF,0.19423804108374595
2021-03-12,000300.SH,0.1794009746722835
2021-03-12,000852.SH,0.12193381124222445
2021-03-12,CBA02701.CS,0.2787411278716152
2021-03-12,AU9999.SGE,0.2219972520663058
2021-03-12,NH0100.NHF,0.1979268331475709
2021-03-19,000300.SH,0.17061990964144028
2021-03-19,000852.SH,0.12316297134571678
2021-03-19,CBA02701.CS,0.2825602654571278
2021-03-19,AU9999.SGE,0.2360244423412477
2021-03-19,NH0100.NHF,0.18763241021446728
2021-03-26,000300.SH,0.17940066708506175
2021-03-26,000852.SH,0.12195468659476731
2021-03-26,CBA02701.CS,0.2787897429996168
2021-03-26,AU9999.SGE,0.22193551776539866
2021-03-26,NH0100.NHF,0.1979193845551555
2021-04-02,000300.SH,0.1789167706215648
2021-04-02,000852.SH,0.12270742760386967
2021-04-02,CBA02701.CS,0.27822688403075896
2021-04-02,AU9999.SGE,0.2233312682769232
2021-04-02,NH0100.NHF,0.1968176484668835
2021-04-09,000300.SH,0.17999999981999998
2021-04-09,000852.SH,0.11999999987999999
2021-04-09,CBA02701.CS,0.27999999972
2021-04-09,AU9999.SGE,0.21999999977999998
2021-04-09,NH0100.NHF,0.1999999998
2021-04-16,000300.SH,0.17999999981999998
2021-04-16,000852.SH,0.11999999987999999
2021-04-16,CBA02701.CS,0.27999999972
2021-04-16,AU9999.SGE,0.21999999977999998
2021-04-16,NH0100.NHF,0.1999999998
2021-04-23,000300.SH,0.17796080306278092
2021-04-23,000852.SH,0.12374377445595633
2021-04-23,CBA02701.CS,0.2781934229916195
2021-04-23,AU9999.SGE,0.22503671418369697
2021-04-23,NH0100.NHF,0.19506528430594633
2021-04-30,000300.SH,0.1798872507887574
2021-04-30,000852.SH,0.12052781146523159
2021-04-30,CBA02701.CS,0.27964503831360255
2021-04-30,AU9999.SGE,0.22044941024496884
2021-04-30,NH0100.NHF,0.1994904881874395
2021-05-07,000300.SH,0.17999999981999998
2021-05-07,000852.SH,0.11999999987999999
2021-05-07,CBA02701.CS,0.27999999972
2021-05-07,AU9999.SGE,0.21999999977999998
2021-05-07,NH0100.NHF,0.1999999998
2021-05-14,000300.SH,0.17999999981999998
2021-05-14,000852.SH,0.11999999987999999
2021-05-14,CBA02701.CS,0.27999999972
2021-05-14,AU9999.SGE,0.21999999977999998
2021-05-14,NH0100.NHF,0.1999999998
2021-05-21,000300.SH,0.17999999981999998
2021-05-21,000852.SH,0.11999999987999999
2021-05-21,CBA02701.CS,0.27999999972
2021-05-21,AU9999.SGE,0.21999999977999998
2021-05-21,NH0100.NHF,0.1999999998
2021-05-28,000300.SH,0.1799011980198923
2021-05-28,000852.SH,0.1204756720556595
2021-05-28,CBA02701.CS,0.2796795241806769
2021-05-28,AU9999.SGE,0.22039965971982856
2021-05-28,NH0100.NHF,0.19954394502394265
2021-06-04,000300.SH,0.17800821389417418
2021-06-04,000852.SH,0.12367874574795745
2021-06-04,CBA02701.CS,0.27804459878937704
2021-06-04,AU9999.SGE,0.22512672845537496
2021-06-04,NH0100.NHF,0.19514171211311637
2021-06-11,000300.SH,0.17999999981999998
2021-06-11,000852.SH,0.11999999987999999
2021-06-11,CBA02701.CS,0.27999999972
2021-06-11,AU9999.SGE,0.21999999977999998
2021-06-11,NH0100.NHF,0.1999999998
2021-06-18,000300.SH,0.17999999981999998
2021-06-18,000852.SH,0.11999999987999999
2021-06-18,CBA02701.CS,0.27999999972
2021-06-18,AU9999.SGE,0.21999999977999998
2021-06-18,NH0100.NHF,0.1999999998
2021-06-25,000300.SH,0.17985153663016706
2021-06-25,000852.SH,0.12066746956997838
2021-06-25,CBA02701.CS,0.27954007312610446
2021-06-25,AU9999.SGE,0.22059334932460775
2021-06-25,NH0100.NHF,0.19934757034914233
2021-07-02,000300.SH,0.17999999981999998
2021-07-02,000852.SH,0.11999999987999999
2021-07-02,CBA02701.CS,0.27999999972
2021-07-02,AU9999.SGE,0.21999999977999998
2021-07-02,NH0100.NHF,0.1999999998
2021-07-09,000300.SH,0.17999999981999998
2021-07-09,000852.SH,0.11999999987999999
2021-07-09,CBA02701.CS,0.27999999972
2021-07-09,AU9999.SGE,0.21999999977999998
2021-07-09,NH0100.NHF,0.1999999998
2021-07-16,000300.SH,0.17999999981999998
2021-07-16,000852.SH,0.11999999987999999
2021-07-16,CBA02701.CS,0.27999999972
2021-07-16,AU9999.SGE,0.21999999977999998
2021-07-16,NH0100.NHF,0.1999999998
2021-07-23,000300.SH,0.17999999981999998
2021-07-23,000852.SH,0.11999999987999999
2021-07-23,CBA02701.CS,0.27999999972
2021-07-23,AU9999.SGE,0.21999999977999998
2021-07-23,NH0100.NHF,0.1999999998
2021-07-30,000300.SH,0.1754962749686463
2021-07-30,000852.SH,0.12446599439191558
2021-07-30,CBA02701.CS,0.279033272440811
2021-07-30,AU9999.SGE,0.22909809458508917
2021-07-30,NH0100.NHF,0.19190636261353783
2021-08-06,000300.SH,0.170516010442175
2021-08-06,000852.SH,0.12317458851573952
2021-08-06,CBA02701.CS,0.2828241433763394
2021-08-06,AU9999.SGE,0.23594495050953862
2021-08-06,NH0100.NHF,0.1875403061562074
2021-08-13,000300.SH,0.17999999981999998
2021-08-13,000852.SH,0.11999999987999999
2021-08-13,CBA02701.CS,0.27999999972
2021-08-13,AU9999.SGE,0.21999999977999998
2021-08-13,NH0100.NHF,0.1999999998
2021-08-20,000300.SH,0.17999999981999998
2021-08-20,000852.SH,0.11999999987999999
2021-08-20,CBA02701.CS,0.27999999972
2021-08-20,AU9999.SGE,0.21999999977999998
2021-08-20,NH0100.NHF,0.1999999998
2021-08-27,000300.SH,0.17991261480909004
2021-08-27,000852.SH,0.12042009709722436
2021-08-27,CBA02701.CS,0.2797161269387945
2021-08-27,AU9999.SGE,0.22035418331364903
2021-08-27,NH0100.NHF,0.1995969768412419
2021-09-03,000300.SH,0.17999999981999998
2021-09-03,000852.SH,0.11999999987999999
2021-09-03,CBA02701.CS,0.27999999972
2021-09-03,AU9999.SGE,0.21999999977999998
2021-09-03,NH0100.NHF,0.1999999998
2021-09-10,000300.SH,0.17999999981999998
2021-09-10,000852.SH,0.11999999987999999
2021-09-10,CBA02701.CS,0.27999999972
2021-09-10,AU9999.SGE,0.21999999977999998
2021-09-10,NH0100.NHF,0.1999999998
2021-09-17,000300.SH,0.1712769815449882
2021-09-17,000852.SH,0.12369062495994577
2021-09-17,CBA02701.CS,0.28172449897670826
2021-09-17,AU9999.SGE,0.2353695713198519
2021-09-17,NH0100.NHF,0.18793832219850587
2021-09-24,000300.SH,0.17999999981999998
2021-09-24,000852.SH,0.11999999987999999
2021-09-24,CBA02701.CS,0.27999999972
2021-09-24,AU9999.SGE,0.21999999977999998
2021-09-24,NH0100.NHF,0.1999999998
2021-10-01,000300.SH,0.17999999981999998
2021-10-01,000852.SH,0.11999999987999999
2021-10-01,CBA02701.CS,0.27999999972
2021-10-01,AU9999.SGE,0.21999999977999998
2021-10-01,NH0100.NHF,0.1999999998
2021-10-08,000300.SH,0.17999999981999998
2021-10-08,000852.SH,0.11999999987999999
2021-10-08,CBA02701.CS,0.27999999972
2021-10-08,AU9999.SGE,0.21999999977999998
2021-10-08,NH0100.NHF,0.1999999998
2021-10-15,000300.SH,0.17999999981999998
2021-10-15,000852.SH,0.11999999987999999
2021-10-15,CBA02701.CS,0.27999999972
2021-10-15,AU9999.SGE,0.21999999977999998
2021-10-15,NH0100.NHF,0.1999999998
2021-10-22,000300.SH,0.17999999981999998
2021-10-22,000852.SH,0.11999999987999999
2021-10-22,CBA02701.CS,0.27999999972
2021-10-22,AU9999.SGE,0.21999999977999998
2021-10-22,NH0100.NHF,0.1999999998
2021-10-29,000300.SH,0.17999999981999998
2021-10-29,000852.SH,0.11999999987999999
2021-10-29,CBA02701.CS,0.27999999972
2021-10-29,AU9999.SGE,0.21999999977999998
2021-10-29,NH0100.NHF,0.1999999998
2021-11-05,000300.SH,0.17969100717015923
2021-11-05,000852.SH,0.12123527829034023
2021-11-05,CBA02701.CS,0.2791244404517062
2021-11-05,AU9999.SGE,0.22119879903308606
2021-11-05,NH0100.NHF,0.19875047405470816
2021-11-12,000300.SH,0.17999999981999998
2021-11-12,000852.SH,0.11999999987999999
2021-11-12,CBA02701.CS,0.27999999972
2021-11-12,AU9999.SGE,0.21999999977999998
2021-11-12,NH0100.NHF,0.1999999998
2021-11-19,000300.SH,0.17999999981999998
2021-11-19,000852.SH,0.11999999987999999
2021-11-19,CBA02701.CS,0.27999999972
2021-11-19,AU9999.SGE,0.21999999977999998
2021-11-19,NH0100.NHF,0.1999999998
2021-11-26,000300.SH,0.17999999981999998
2021-11-26,000852.SH,0.11999999987999999
2021-11-26,CBA02701.CS,0.27999999972
2021-11-26,AU9999.SGE,0.21999999977999998
2021-11-26,NH0100.NHF,0.1999999998
2021-12-03,000300.SH,0.17999999981999998
2021-12-03,000852.SH,0.11999999987999999
2021-12-03,CBA02701.CS,0.27999999972
2021-12-03,AU9999.SGE,0.21999999977999998
2021-12-03,NH0100.NHF,0.1999999998
2021-12-10,000300.SH,0.17986383576271747
2021-12-10,000852.SH,0.12065138137860397
2021-12-10,CBA02701.CS,0.27956506424653715
2021-12-10,AU9999.SGE,0.22054472196079172
2021-12-10,NH0100.NHF,0.19937499565134953
2021-12-17,000300.SH,0.1764997390624086
2021-12-17,000852.SH,0.12435942094901004
2021-12-17,CBA02701.CS,0.27854224897686414
2021-12-17,AU9999.SGE,0.2275443426272728
2021-12-17,NH0100.NHF,0.1930542473844444
2021-12-24,000300.SH,0.17999999981999998
2021-12-24,000852.SH,0.11999999987999999
2021-12-24,CBA02701.CS,0.27999999972
2021-12-24,AU9999.SGE,0.21999999977999998
2021-12-24,NH0100.NHF,0.1999999998
2021-12-31,000300.SH,0.17999999981999998
2021-12-31,000852.SH,0.11999999987999999
2021-12-31,CBA02701.CS,0.27999999972
2021-12-31,AU9999.SGE,0.21999999977999998
2021-12-31,NH0100.NHF,0.1999999998
2022-01-07,000300.SH,0.17999999981999998
2022-01-07,000852.SH,0.11999999987999999
2022-01-07,CBA02701.CS,0.27999999972
2022-01-07,AU9999.SGE,0.21999999977999998
2022-01-07,NH0100.NHF,0.1999999998
2022-01-14,000300.SH,0.17999999981999998
2022-01-14,000852.SH,0.11999999987999999
2022-01-14,CBA02701.CS,0.27999999972
2022-01-14,AU9999.SGE,0.21999999977999998
2022-01-14,NH0100.NHF,0.1999999998
2022-01-21,000300.SH,0.17972941587002894
2022-01-21,000852.SH,0.12112146976721633
2022-01-21,CBA02701.CS,0.27920971340660056
2022-01-21,AU9999.SGE,0.22106189986927996
2022-01-21,NH0100.NHF,0.1988775000868741
2022-01-28,000300.SH,0.17999999981999998
2022-01-28,000852.SH,0.11999999987999999
2022-01-28,CBA02701.CS,0.27999999972
2022-01-28,AU9999.SGE,0.21999999977999998
2022-01-28,NH0100.NHF,0.1999999998
2022-02-04,000300.SH,0.17999999981999998
2022-02-04,000852.SH,0.11999999987999999
2022-02-04,CBA02701.CS,0.27999999972
2022-02-04,AU9999.SGE,0.21999999977999998
2022-02-04,NH0100.NHF,0.1999999998
2022-02-11,000300.SH,0.17999999981999998
2022-02-11,000852.SH,0.11999999987999999
2022-02-11,CBA02701.CS,0.27999999972
2022-02-11,AU9999.SGE,0.21999999977999998
2022-02-11,NH0100.NHF,0.1999999998
2022-02-18,000300.SH,0.17999999981999998
2022-02-18,000852.SH,0.11999999987999999
2022-02-18,CBA02701.CS,0.27999999972
2022-02-18,AU9999.SGE,0.21999999977999998
2022-02-18,NH0100.NHF,0.1999999998
2022-02-25,000300.SH,0.17951943034155207
2022-02-25,000852.SH,0.12166739824380048
2022-02-25,CBA02701.CS,0.2788502988317047
2022-02-25,AU9999.SGE,0.22171769607404207
2022-02-25,NH0100.NHF,0.19824517550890047
2022-03-04,000300.SH,0.17999999981999998
2022-03-04,000852.SH,0.11999999987999999
2022-03-04,CBA02701.CS,0.27999999972
2022-03-04,AU9999.SGE,0.21999999977999998
2022-03-04,NH0100.NHF,0.1999999998
2022-03-11,000300.SH,0.17999999981999998
2022-03-11,000852.SH,0.11999999987999999
2022-03-11,CBA02701.CS,0.27999999972
2022-03-11,AU9999.SGE,0.21999999977999998
2022-03-11,NH0100.NHF,0.1999999998
2022-03-18,000300.SH,0.17999999981999998
2022-03-18,000852.SH,0.11999999987999999
2022-03-18,CBA02701.CS,0.27999999972
2022-03-18,AU9999.SGE,0.21999999977999998
2022-03-18,NH0100.NHF,0.1999999998
2022-03-25,000300.SH,0.1789501854008494
2022-03-25,000852.SH,0.1227053178145289
2022-03-25,CBA02701.CS,0.278340358330673
2022-03-25,AU9999.SGE,0.22313265448986624
2022-03-25,NH0100.NHF,0.1968714829640825
2022-04-01,000300.SH,0.17999999981999998
2022-04-01,000852.SH,0.11999999987999999
2022-04-01,CBA02701.CS,0.27999999972
2022-04-01,AU9999.SGE,0.21999999977999998
2022-04-01,NH0100.NHF,0.1999999998
2022-04-08,000300.SH,0.17999999981999998
2022-04-08,000852.SH,0.11999999987999999
2022-04-08,CBA02701.CS,0.27999999972
2022-04-08,AU9999.SGE,0.21999999977999998
2022-04-08,NH0100.NHF,0.1999999998
2022-04-15,000300.SH,0.17993441116545808
2022-04-15,000852.SH,0.12032280101273374
2022-04-15,CBA02701.CS,0.2797801926533578
2022-04-15,AU9999.SGE,0.22027071602705606
2022-04-15,NH0100.NHF,0.1996918781413943
2022-04-22,000300.SH,0.1792980891570692
2022-04-22,000852.SH,0.12212176284042006
2022-04-22,CBA02701.CS,0.2785839658617719
2022-04-22,AU9999.SGE,0.22232613107636656
2022-04-22,NH0100.NHF,0.19767005006437222
2022-04-29,000300.SH,0.1706611846139271
2022-04-29,000852.SH,0.12304945772039547
2022-04-29,CBA02701.CS,0.28239823115254087
2022-04-29,AU9999.SGE,0.23616009521828213
2022-04-29,NH0100.NHF,0.18773103029485436
2022-05-06,000300.SH,0.17111000793681377
2022-05-06,000852.SH,0.12288008219747353
2022-05-06,CBA02701.CS,0.2811957190574271
2022-05-06,AU9999.SGE,0.23661739477272625
2022-05-06,NH0100.NHF,0.18819679503555928
2022-05-13,000300.SH,0.17963953285042933
2022-05-13,000852.SH,0.1213684407585774
2022-05-13,CBA02701.CS,0.2791188004202344
2022-05-13,AU9999.SGE,0.22126683513234738
2022-05-13,NH0100.NHF,0.19860638983841145
2022-05-20,000300.SH,0.17999999981999998
2022-05-20,000852.SH,0.11999999987999999
2022-05-20,CBA02701.CS,0.27999999972
2022-05-20,AU9999.SGE,0.21999999977999998
2022-05-20,NH0100.NHF,0.1999999998
2022-05-27,000300.SH,0.17913846113265627
2022-05-27,000852.SH,0.12244513857599042
2022-05-27,CBA02701.CS,0.2785306625067168
2022-05-27,AU9999.SGE,0.22261005297572953
2022-05-27,NH0100.NHF,0.19727568380890684
2022-06-03,000300.SH,0.17962906819421343
2022-06-03,000852.SH,0.12139773993614164
2022-06-03,CBA02701.CS,0.2791015114278633
2022-06-03,AU9999.SGE,0.22129805436641278
2022-06-03,NH0100.NHF,0.19857362507536885
2022-06-10,000300.SH,0.17999999981999998
2022-06-10,000852.SH,0.11999999987999999
2022-06-10,CBA02701.CS,0.27999999972
2022-06-10,AU9999.SGE,0.21999999977999998
2022-06-10,NH0100.NHF,0.1999999998
2022-06-17,000300.SH,0.1797676236987767
2022-06-17,000852.SH,0.12095030313079284
2022-06-17,CBA02701.CS,0.27928560089811016
2022-06-17,AU9999.SGE,0.22095686062990383
2022-06-17,NH0100.NHF,0.1990396106424164
2022-06-24,000300.SH,0.179732373855545
2022-06-24,000852.SH,0.12109068167831093
2022-06-24,CBA02701.CS,0.279241480819622
2022-06-24,AU9999.SGE,0.22103095423500896
2022-06-24,NH0100.NHF,0.19890450841151314
2022-07-01,000300.SH,0.1795878004510533
2022-07-01,000852.SH,0.12150959858449081
2022-07-01,CBA02701.CS,0.27902719117131564
2022-07-01,AU9999.SGE,0.2214294297546742
2022-07-01,NH0100.NHF,0.198445979038466
2022-07-08,000300.SH,0.17999999981999998
2022-07-08,000852.SH,0.11999999987999999
2022-07-08,CBA02701.CS,0.27999999972
2022-07-08,AU9999.SGE,0.21999999977999998
2022-07-08,NH0100.NHF,0.1999999998
2022-07-15,000300.SH,0.17999999981999998
2022-07-15,000852.SH,0.11999999987999999
2022-07-15,CBA02701.CS,0.27999999972
2022-07-15,AU9999.SGE,0.21999999977999998
2022-07-15,NH0100.NHF,0.1999999998
2022-07-22,000300.SH,0.17871808400758982
2022-07-22,000852.SH,0.12304707880923262
2022-07-22,CBA02701.CS,0.27831284767682907
2022-07-22,AU9999.SGE,0.22353580968376033
2022-07-22,NH0100.NHF,0.19638617882258808
2022-07-29,000300.SH,0.17999999981999998
2022-07-29,000852.SH,0.11999999987999999
2022-07-29,CBA02701.CS,0.27999999972
2022-07-29,AU9999.SGE,0.21999999977999998
2022-07-29,NH0100.NHF,0.1999999998
2022-08-05,000300.SH,0.1795530561895843
2022-08-05,000852.SH,0.12159950843245017
2022-08-05,CBA02701.CS,0.27898470238017564
2022-08-05,AU9999.SGE,0.22151894893282711
2022-08-05,NH0100.NHF,0.1983437830649627
2022-08-12,000300.SH,0.1798908659109742
2022-08-12,000852.SH,0.1205224876523991
2022-08-12,CBA02701.CS,0.279648779123848
2022-08-12,AU9999.SGE,0.2204393971322964
2022-08-12,NH0100.NHF,0.19949846918048225
2022-08-19,000300.SH,0.17999999981999998
2022-08-19,000852.SH,0.11999999987999999
2022-08-19,CBA02701.CS,0.27999999972
2022-08-19,AU9999.SGE,0.21999999977999998
2022-08-19,NH0100.NHF,0.1999999998
2022-08-26,000300.SH,0.17999999981999998
2022-08-26,000852.SH,0.11999999987999999
2022-08-26,CBA02701.CS,0.27999999972
2022-08-26,AU9999.SGE,0.21999999977999998
2022-08-26,NH0100.NHF,0.1999999998
2022-09-02,000300.SH,0.17999999981999998
2022-09-02,000852.SH,0.11999999987999999
2022-09-02,CBA02701.CS,0.27999999972
2022-09-02,AU9999.SGE,0.21999999977999998
2022-09-02,NH0100.NHF,0.1999999998
2022-09-09,000300.SH,0.17999999981999998
2022-09-09,000852.SH,0.11999999987999999
2022-09-09,CBA02701.CS,0.27999999972
2022-09-09,AU9999.SGE,0.21999999977999998
2022-09-09,NH0100.NHF,0.1999999998
2022-09-16,000300.SH,0.17979736385337347
2022-09-16,000852.SH,0.12087721302803481
2022-09-16,CBA02701.CS,0.2793793181361176
2022-09-16,AU9999.SGE,0.22081417944739548
2022-09-16,NH0100.NHF,0.1991319245350786
2022-09-23,000300.SH,0.17999999981999998
2022-09-23,000852.SH,0.11999999987999999
2022-09-23,CBA02701.CS,0.27999999972
2022-09-23,AU9999.SGE,0.21999999977999998
2022-09-23,NH0100.NHF,0.1999999998
2022-09-30,000300.SH,0.17999999981999998
2022-09-30,000852.SH,0.11999999987999999
2022-09-30,CBA02701.CS,0.27999999972
2022-09-30,AU9999.SGE,0.21999999977999998
2022-09-30,NH0100.NHF,0.1999999998
2022-10-07,000300.SH,0.17999999981999998
2022-10-07,000852.SH,0.11999999987999999
2022-10-07,CBA02701.CS,0.27999999972
2022-10-07,AU9999.SGE,0.21999999977999998
2022-10-07,NH0100.NHF,0.1999999998
2022-10-14,000300.SH,0.17963257858806042
2022-10-14,000852.SH,0.12138795530156553
2022-10-14,CBA02701.CS,0.2791072768539664
2022-10-14,AU9999.SGE,0.22128760442438325
2022-10-14,NH0100.NHF,0.19858458383202424
2022-10-21,000300.SH,0.17993531927155793
2022-10-21,000852.SH,0.12032633468704682
2022-10-21,CBA02701.CS,0.2797788062783967
2022-10-21,AU9999.SGE,0.22026905227899737
2022-10-21,NH0100.NHF,0.1996904864840011
2022-10-28,000300.SH,0.17993627582152222
2022-10-28,000852.SH,0.12032808103927431
2022-10-28,CBA02701.CS,0.2797706756812938
2022-10-28,AU9999.SGE,0.22027553738482847
2022-10-28,NH0100.NHF,0.19968942907308115
2022-11-04,000300.SH,0.170814530444275
2022-11-04,000852.SH,0.12323604343855382
2022-11-04,CBA02701.CS,0.2823492948217605
2022-11-04,AU9999.SGE,0.23581948818939838
2022-11-04,NH0100.NHF,0.18778064210601217
2022-11-11,000300.SH,0.17846109622089226
2022-11-11,000852.SH,0.12324244574721607
2022-11-11,CBA02701.CS,0.2780015704587233
2022-11-11,AU9999.SGE,0.22436529224847784
2022-11-11,NH0100.NHF,0.19592959432469048
2022-11-18,000300.SH,0.17999999981999998
2022-11-18,000852.SH,0.11999999987999999
2022-11-18,CBA02701.CS,0.27999999972
2022-11-18,AU9999.SGE,0.21999999977999998
2022-11-18,NH0100.NHF,0.1999999998
2022-11-25,000300.SH,0.17999999981999998
2022-11-25,000852.SH,0.11999999987999999
2022-11-25,CBA02701.CS,0.27999999972
2022-11-25,AU9999.SGE,0.21999999977999998
2022-11-25,NH0100.NHF,0.1999999998
2022-12-02,000300.SH,0.17999371434666583
2022-12-02,000852.SH,0.12003324743174264
2022-12-02,CBA02701.CS,0.2799771716102815
2022-12-02,AU9999.SGE,0.220027090329263
2022-12-02,NH0100.NHF,0.1999687752820469
2022-12-09,000300.SH,0.17969281814864524
2022-12-09,000852.SH,0.12123421202636356
2022-12-09,CBA02701.CS,0.2791982106913842
2022-12-09,AU9999.SGE,0.2211121525682316
2022-12-09,NH0100.NHF,0.19876260556537537
2022-12-16,000300.SH,0.17999999981999998
2022-12-16,000852.SH,0.11999999987999999
2022-12-16,CBA02701.CS,0.27999999972
2022-12-16,AU9999.SGE,0.21999999977999998
2022-12-16,NH0100.NHF,0.1999999998
2022-12-23,000300.SH,0.17999999981999998
2022-12-23,000852.SH,0.11999999987999999
2022-12-23,CBA02701.CS,0.27999999972
2022-12-23,AU9999.SGE,0.21999999977999998
2022-12-23,NH0100.NHF,0.1999999998
2022-12-30,000300.SH,0.1781668886313253
2022-12-30,000852.SH,0.12358959708183907
2022-12-30,CBA02701.CS,0.27819776082351505
2022-12-30,AU9999.SGE,0.22464713137392073
2022-12-30,NH0100.NHF,0.19539862108939976
2023-01-06,000300.SH,0.17783632918641062
2023-01-06,000852.SH,0.12399714165829591
2023-01-06,CBA02701.CS,0.2781217615375423
2023-01-06,AU9999.SGE,0.22529159863768583
2023-01-06,NH0100.NHF,0.1947531679800654
2023-01-13,000300.SH,0.17999999981999998
2023-01-13,000852.SH,0.11999999987999999
2023-01-13,CBA02701.CS,0.27999999972
2023-01-13,AU9999.SGE,0.21999999977999998
2023-01-13,NH0100.NHF,0.1999999998
2023-01-20,000300.SH,0.17999999981999998
2023-01-20,000852.SH,0.11999999987999999
2023-01-20,CBA02701.CS,0.27999999972
2023-01-20,AU9999.SGE,0.21999999977999998
2023-01-20,NH0100.NHF,0.1999999998
2023-01-27,000300.SH,0.17999999981999998
2023-01-27,000852.SH,0.11999999987999999
2023-01-27,CBA02701.CS,0.27999999972
2023-01-27,AU9999.SGE,0.21999999977999998
2023-01-27,NH0100.NHF,0.1999999998
2023-02-03,000300.SH,0.17999999981999998
2023-02-03,000852.SH,0.11999999987999999
2023-02-03,CBA02701.CS,0.27999999972
2023-02-03,AU9999.SGE,0.21999999977999998
2023-02-03,NH0100.NHF,0.1999999998
2023-02-10,000300.SH,0.17972208872017964
2023-02-10,000852.SH,0.12108845565908123
2023-02-10,CBA02701.CS,0.2791651742260627
2023-02-10,AU9999.SGE,0.22113977964757078
2023-02-10,NH0100.NHF,0.1988845007471057
2023-02-17,000300.SH,0.17935285587256822
2023-02-17,000852.SH,0.12196236131347322
2023-02-17,CBA02701.CS,0.27851673358942786
2023-02-17,AU9999.SGE,0.2223427407505519
2023-02-17,NH0100.NHF,0.19782530747397875
2023-02-24,000300.SH,0.17848311005124773
2023-02-24,000852.SH,0.1233048700689382
2023-02-24,CBA02701.CS,0.27824270361742337
2023-02-24,AU9999.SGE,0.22402369240454006
2023-02-24,NH0100.NHF,0.19594562285785055
2023-03-03,000300.SH,0.17056300134705654
2023-03-03,000852.SH,0.1231340853791912
2023-03-03,CBA02701.CS,0.28268628138233004
2023-03-03,AU9999.SGE,0.23601458992557467
2023-03-03,NH0100.NHF,0.1876020409658475
2023-03-10,000300.SH,0.17852488684241902
2023-03-10,000852.SH,0.1232605344065949
2023-03-10,CBA02701.CS,0.2782159243561323
2023-03-10,AU9999.SGE,0.22398065255760957
2023-03-10,NH0100.NHF,0.19601800083724402
2023-03-17,000300.SH,0.17999999981999998
2023-03-17,000852.SH,0.11999999987999999
2023-03-17,CBA02701.CS,0.27999999972
2023-03-17,AU9999.SGE,0.21999999977999998
2023-03-17,NH0100.NHF,0.1999999998
2023-03-24,000300.SH,0.17999999981999998
2023-03-24,000852.SH,0.11999999987999999
2023-03-24,CBA02701.CS,0.27999999972
2023-03-24,AU9999.SGE,0.21999999977999998
2023-03-24,NH0100.NHF,0.1999999998
2023-03-31,000300.SH,0.17999999981999998
2023-03-31,000852.SH,0.11999999987999999
2023-03-31,CBA02701.CS,0.27999999972
2023-03-31,AU9999.SGE,0.21999999977999998
2023-03-31,NH0100.NHF,0.1999999998
2023-04-07,000300.SH,0.17999999981999998
2023-04-07,000852.SH,0.11999999987999999
2023-04-07,CBA02701.CS,0.27999999972
2023-04-07,AU9999.SGE,0.21999999977999998
2023-04-07,NH0100.NHF,0.1999999998
2023-04-14,000300.SH,0.17999999981999998
2023-04-14,000852.SH,0.11999999987999999
2023-04-14,CBA02701.CS,0.27999999972
2023-04-14,AU9999.SGE,0.21999999977999998
2023-04-14,NH0100.NHF,0.1999999998
2023-04-21,000300.SH,0.17999999981999998
2023-04-21,000852.SH,0.11999999987999999
2023-04-21,CBA02701.CS,0.27999999972
2023-04-21,AU9999.SGE,0.21999999977999998
2023-04-21,NH0100.NHF,0.1999999998
2023-04-28,000300.SH,0.17998230146235286
2023-04-28,000852.SH,0.12009063069145011
2023-04-28,CBA02701.CS,0.27992902278347315
2023-04-28,AU9999.SGE,0.22008491691809304
2023-04-28,NH0100.NHF,0.19991312714463097
2023-05-05,000300.SH,0.17999999981999998
2023-05-05,000852.SH,0.11999999987999999
2023-05-05,CBA02701.CS,0.27999999972
2023-05-05,AU9999.SGE,0.21999999977999998
2023-05-05,NH0100.NHF,0.1999999998
2023-05-12,000300.SH,0.17961093770796852
2023-05-12,000852.SH,0.12140909477575816
2023-05-12,CBA02701.CS,0.2789679960646593
2023-05-12,AU9999.SGE,0.22148321256428338
2023-05-12,NH0100.NHF,0.1985287578873307
2023-05-19,000300.SH,0.17999999981999998
2023-05-19,000852.SH,0.11999999987999999
2023-05-19,CBA02701.CS,0.27999999972
2023-05-19,AU9999.SGE,0.21999999977999998
2023-05-19,NH0100.NHF,0.1999999998
2023-05-26,000300.SH,0.17988391608787987
2023-05-26,000852.SH,0.1205415781726028
2023-05-26,CBA02701.CS,0.27963600600578636
2023-05-26,AU9999.SGE,0.22046171968381184
2023-05-26,NH0100.NHF,0.19947677904991912
2023-06-02,000300.SH,0.17999999981999998
2023-06-02,000852.SH,0.11999999987999999
2023-06-02,CBA02701.CS,0.27999999972
2023-06-02,AU9999.SGE,0.21999999977999998
2023-06-02,NH0100.NHF,0.1999999998
2023-06-09,000300.SH,0.17999999981999998
2023-06-09,000852.SH,0.11999999987999999
2023-06-09,CBA02701.CS,0.27999999972
2023-06-09,AU9999.SGE,0.21999999977999998
2023-06-09,NH0100.NHF,0.1999999998
2023-06-16,000300.SH,0.17918964640455584
2023-06-16,000852.SH,0.122360284448494
2023-06-16,CBA02701.CS,0.2785774397711292
2023-06-16,AU9999.SGE,0.22247870064180847
2023-06-16,NH0100.NHF,0.19739392773401243
2023-06-23,000300.SH,0.17048533032250182
2023-06-23,000852.SH,0.12320103280489662
2023-06-23,CBA02701.CS,0.28291415276188436
2023-06-23,AU9999.SGE,0.23589948329363075
2023-06-23,NH0100.NHF,0.1874999998170864
2023-06-30,000300.SH,0.17999999981999998
2023-06-30,000852.SH,0.11999999987999999
2023-06-30,CBA02701.CS,0.27999999972
2023-06-30,AU9999.SGE,0.21999999977999998
2023-06-30,NH0100.NHF,0.1999999998
2023-07-07,000300.SH,0.17968799242607011
2023-07-07,000852.SH,0.12123425541298068
2023-07-07,CBA02701.CS,0.2791990333306465
2023-07-07,AU9999.SGE,0.22112152979408864
2023-07-07,NH0100.NHF,0.19875718803621406
2023-07-14,000300.SH,0.17875414556497052
2023-07-14,000852.SH,0.12300337935487937
2023-07-14,CBA02701.CS,0.27832690126744886
2023-07-14,AU9999.SGE,0.22345873043805342
2023-07-14,NH0100.NHF,0.19645684237464775
2023-07-21,000300.SH,0.1785577420214998
2023-07-21,000852.SH,0.12316137502707278
2023-07-21,CBA02701.CS,0.2781288724193973
2023-07-21,AU9999.SGE,0.22404456673490084
2023-07-21,NH0100.NHF,0.1961074427971292
2023-07-28,000300.SH,0.17990236735565218
2023-07-28,000852.SH,0.12046422080945361
2023-07-28,CBA02701.CS,0.2796866923349142
2023-07-28,AU9999.SGE,0.22039324093012388
2023-07-28,NH0100.NHF,0.19955347756985595
2023-08-04,000300.SH,0.1788547260733181
2023-08-04,000852.SH,0.12287493525338541
2023-08-04,CBA02701.CS,0.27837131472860116
2023-08-04,AU9999.SGE,0.2232402507731652
2023-08-04,NH0100.NHF,0.19665877217153
2023-08-11,000300.SH,0.17935642964449672
2023-08-11,000852.SH,0.12204751943372859
2023-08-11,CBA02701.CS,0.2787413154214225
2023-08-11,AU9999.SGE,0.22205097144339297
2023-08-11,NH0100.NHF,0.197803763056959
2023-08-18,000300.SH,0.17999999981999998
2023-08-18,000852.SH,0.11999999987999999
2023-08-18,CBA02701.CS,0.27999999972
2023-08-18,AU9999.SGE,0.21999999977999998
2023-08-18,NH0100.NHF,0.1999999998
2023-08-25,000300.SH,0.17999999981999998
2023-08-25,000852.SH,0.11999999987999999
2023-08-25,CBA02701.CS,0.27999999972
2023-08-25,AU9999.SGE,0.21999999977999998
2023-08-25,NH0100.NHF,0.1999999998
2023-09-01,000300.SH,0.17702026872719626
2023-09-01,000852.SH,0.1242916440715291
2023-09-01,CBA02701.CS,0.278325373410446
2023-09-01,AU9999.SGE,0.22670025158171273
2023-09-01,NH0100.NHF,0.193662461209116
2023-09-08,000300.SH,0.17999999981999998
2023-09-08,000852.SH,0.11999999987999999
2023-09-08,CBA02701.CS,0.27999999972
2023-09-08,AU9999.SGE,0.21999999977999998
2023-09-08,NH0100.NHF,0.1999999998
2023-09-15,000300.SH,0.17999999981999998
2023-09-15,000852.SH,0.11999999987999999
2023-09-15,CBA02701.CS,0.27999999972
2023-09-15,AU9999.SGE,0.21999999977999998
2023-09-15,NH0100.NHF,0.1999999998
2023-09-22,000300.SH,0.17999999981999998
2023-09-22,000852.SH,0.11999999987999999
2023-09-22,CBA02701.CS,0.27999999972
2023-09-22,AU9999.SGE,0.21999999977999998
2023-09-22,NH0100.NHF,0.1999999998
2023-09-29,000300.SH,0.17999999981999998
2023-09-29,000852.SH,0.11999999987999999
2023-09-29,CBA02701.CS,0.27999999972
2023-09-29,AU9999.SGE,0.21999999977999998
2023-09-29,NH0100.NHF,0.1999999998
2023-10-06,000300.SH,0.17999999981999998
2023-10-06,000852.SH,0.11999999987999999
2023-10-06,CBA02701.CS,0.27999999972
2023-10-06,AU9999.SGE,0.21999999977999998
2023-10-06,NH0100.NHF,0.1999999998
2023-10-13,000300.SH,0.17999999981999998
2023-10-13,000852.SH,0.11999999987999999
2023-10-13,CBA02701.CS,0.27999999972
2023-10-13,AU9999.SGE,0.21999999977999998
2023-10-13,NH0100.NHF,0.1999999998
2023-10-20,000300.SH,0.17999999981999998
2023-10-20,000852.SH,0.11999999987999999
2023-10-20,CBA02701.CS,0.27999999972
2023-10-20,AU9999.SGE,0.21999999977999998
2023-10-20,NH0100.NHF,0.1999999998
2023-10-27,000300.SH,0.17999999981999998
2023-10-27,000852.SH,0.11999999987999999
2023-10-27,CBA02701.CS,0.27999999972
2023-10-27,AU9999.SGE,0.21999999977999998
2023-10-27,NH0100.NHF,0.1999999998
2023-11-03,000300.SH,0.17946298438522038
2023-11-03,000852.SH,0.12193529576014536
2023-11-03,CBA02701.CS,0.27877442796379476
2023-11-03,AU9999.SGE,0.22182655845876223
2023-11-03,NH0100.NHF,0.19800073243207714
2023-11-10,000300.SH,0.17999999981999998
2023-11-10,000852.SH,0.11999999987999999
2023-11-10,CBA02701.CS,0.27999999972
2023-11-10,AU9999.SGE,0.21999999977999998
2023-11-10,NH0100.NHF,0.1999999998
2023-11-17,000300.SH,0.17999999981999998
2023-11-17,000852.SH,0.11999999987999999
2023-11-17,CBA02701.CS,0.27999999972
2023-11-17,AU9999.SGE,0.21999999977999998
2023-11-17,NH0100.NHF,0.1999999998
2023-11-24,000300.SH,0.17999999981999998
2023-11-24,000852.SH,0.11999999987999999
2023-11-24,CBA02701.CS,0.27999999972
2023-11-24,AU9999.SGE,0.21999999977999998
2023-11-24,NH0100.NHF,0.1999999998
2023-12-01,000300.SH,0.17999999981999998
2023-12-01,000852.SH,0.11999999987999999
2023-12-01,CBA02701.CS,0.27999999972
2023-12-01,AU9999.SGE,0.21999999977999998
2023-12-01,NH0100.NHF,0.1999999998
2023-12-08,000300.SH,0.17999999981999998
2023-12-08,000852.SH,0.11999999987999999
2023-12-08,CBA02701.CS,0.27999999972
2023-12-08,AU9999.SGE,0.21999999977999998
2023-12-08,NH0100.NHF,0.1999999998
2023-12-15,000300.SH,0.17999999981999998
2023-12-15,000852.SH,0.11999999987999999
2023-12-15,CBA02701.CS,0.27999999972
2023-12-15,AU9999.SGE,0.21999999977999998
2023-12-15,NH0100.NHF,0.1999999998
2023-12-22,000300.SH,0.17999999981999998
2023-12-22,000852.SH,0.11999999987999999
2023-12-22,CBA02701.CS,0.27999999972
2023-12-22,AU9999.SGE,0.21999999977999998
2023-12-22,NH0100.NHF,0.1999999998
2023-12-29,000300.SH,0.17964232546099565
2023-12-29,000852.SH,0.12136055589180583
2023-12-29,CBA02701.CS,0.2791234691625012
2023-12-29,AU9999.SGE,0.22125846596119822
2023-12-29,NH0100.NHF,0.19861518252349927
2024-01-05,000300.SH,0.17998591700916028
2024-01-05,000852.SH,0.12007374894567144
2024-01-05,CBA02701.CS,0.2799494434690873
2024-01-05,AU9999.SGE,0.22006030109837266
2024-01-05,NH0100.NHF,0.19993058847770828
2024-01-12,000300.SH,0.17726012507894157
2024-01-12,000852.SH,0.12412656031185634
2024-01-12,CBA02701.CS,0.2782911052116723
2024-01-12,AU9999.SGE,0.22628593118117446
2024-01-12,NH0100.NHF,0.19403627721635522
2024-01-19,000300.SH,0.17822174642803248
2024-01-19,000852.SH,0.12347784130673362
2024-01-19,CBA02701.CS,0.2780740001061344
2024-01-19,AU9999.SGE,0.22470995108726327
2024-01-19,NH0100.NHF,0.1955164600718361
2024-01-26,000300.SH,0.17048533032250182
2024-01-26,000852.SH,0.12320103280489662
2024-01-26,CBA02701.CS,0.28291415276188436
2024-01-26,AU9999.SGE,0.23589948329363075
2024-01-26,NH0100.NHF,0.1874999998170864
2024-02-02,000300.SH,0.17801644165123467
2024-02-02,000852.SH,0.1237043232363929
2024-02-02,CBA02701.CS,0.27819286616461847
2024-02-02,AU9999.SGE,0.2249326932626297
2024-02-02,NH0100.NHF,0.1951536746851241
2024-02-09,000300.SH,0.17412225213618232
2024-02-09,000852.SH,0.12436665492580568
2024-02-09,CBA02701.CS,0.27990566859296334
2024-02-09,AU9999.SGE,0.23108925870419847
2024-02-09,NH0100.NHF,0.19051616464084994
2024-02-16,000300.SH,0.17412225213618232
2024-02-16,000852.SH,0.12436665492580568
2024-02-16,CBA02701.CS,0.27990566859296334
2024-02-16,AU9999.SGE,0.23108925870419847
2024-02-16,NH0100.NHF,0.19051616464084994
2024-02-23,000300.SH,0.1796893674144408
2024-02-23,000852.SH,0.12122327627105356
2024-02-23,CBA02701.CS,0.2792056264286635
2024-02-23,AU9999.SGE,0.22111514783926434
2024-02-23,NH0100.NHF,0.19876658104657777
2024-03-01,000300.SH,0.17091472039764324
2024-03-01,000852.SH,0.12320235915133074
2024-03-01,CBA02701.CS,0.28223944046558214
2024-03-01,AU9999.SGE,0.23574130371160176
2024-03-01,NH0100.NHF,0.1879021752738421
2024-03-08,000300.SH,0.17999999981999998
2024-03-08,000852.SH,0.11999999987999999
2024-03-08,CBA02701.CS,0.27999999972
2024-03-08,AU9999.SGE,0.21999999977999998
2024-03-08,NH0100.NHF,0.1999999998
2024-03-15,000300.SH,0.17999999981999998
2024-03-15,000852.SH,0.11999999987999999
2024-03-15,CBA02701.CS,0.27999999972
2024-03-15,AU9999.SGE,0.21999999977999998
2024-03-15,NH0100.NHF,0.1999999998
2024-03-22,000300.SH,0.17999999981999998
2024-03-22,000852.SH,0.11999999987999999
2024-03-22,CBA02701.CS,0.27999999972
2024-03-22,AU9999.SGE,0.21999999977999998
2024-03-22,NH0100.NHF,0.1999999998
2024-03-29,000300.SH,0.17999999981999998
2024-03-29,000852.SH,0.11999999987999999
2024-03-29,CBA02701.CS,0.27999999972
2024-03-29,AU9999.SGE,0.21999999977999998
2024-03-29,NH0100.NHF,0.1999999998
2024-04-05,000300.SH,0.17921157286256598
2024-04-05,000852.SH,0.12230714094182099
2024-04-05,CBA02701.CS,0.2785632765044039
2024-04-05,AU9999.SGE,0.22246709272141757
2024-04-05,NH0100.NHF,0.19745091596979142
2024-04-12,000300.SH,0.17925767926096137
2024-04-12,000852.SH,0.12212708401869134
2024-04-12,CBA02701.CS,0.27833936167223916
2024-04-12,AU9999.SGE,0.22268635987291086
2024-04-12,NH0100.NHF,0.19758951417519705
2024-04-19,000300.SH,0.17999999981999998
2024-04-19,000852.SH,0.11999999987999999
2024-04-19,CBA02701.CS,0.27999999972
2024-04-19,AU9999.SGE,0.21999999977999998
2024-04-19,NH0100.NHF,0.1999999998
2024-04-26,000300.SH,0.17999999981999998
2024-04-26,000852.SH,0.11999999987999999
2024-04-26,CBA02701.CS,0.27999999972
2024-04-26,AU9999.SGE,0.21999999977999998
2024-04-26,NH0100.NHF,0.1999999998
2024-05-03,000300.SH,0.17999999981999998
2024-05-03,000852.SH,0.11999999987999999
2024-05-03,CBA02701.CS,0.27999999972
2024-05-03,AU9999.SGE,0.21999999977999998
2024-05-03,NH0100.NHF,0.1999999998
2024-05-10,000300.SH,0.17999999981999998
2024-05-10,000852.SH,0.11999999987999999
2024-05-10,CBA02701.CS,0.27999999972
2024-05-10,AU9999.SGE,0.21999999977999998
2024-05-10,NH0100.NHF,0.1999999998
2024-05-17,000300.SH,0.1799086174883291
2024-05-17,000852.SH,0.12044052730637306
2024-05-17,CBA02701.CS,0.2796817003291503
2024-05-17,AU9999.SGE,0.22039411456276634
2024-05-17,NH0100.NHF,0.19957503931338128
2024-05-24,000300.SH,0.17999999981999998
2024-05-24,000852.SH,0.11999999987999999
2024-05-24,CBA02701.CS,0.27999999972
2024-05-24,AU9999.SGE,0.21999999977999998
2024-05-24,NH0100.NHF,0.1999999998
2024-05-31,000300.SH,0.17999999981999998
2024-05-31,000852.SH,0.11999999987999999
2024-05-31,CBA02701.CS,0.27999999972
2024-05-31,AU9999.SGE,0.21999999977999998
2024-05-31,NH0100.NHF,0.1999999998
2024-06-07,000300.SH,0.17999999981999998
2024-06-07,000852.SH,0.11999999987999999
2024-06-07,CBA02701.CS,0.27999999972
2024-06-07,AU9999.SGE,0.21999999977999998
2024-06-07,NH0100.NHF,0.1999999998
2024-06-14,000300.SH,0.17999999981999998
2024-06-14,000852.SH,0.11999999987999999
2024-06-14,CBA02701.CS,0.27999999972
2024-06-14,AU9999.SGE,0.21999999977999998
2024-06-14,NH0100.NHF,0.1999999998
2024-06-21,000300.SH,0.17999999981999998
2024-06-21,000852.SH,0.11999999987999999
2024-06-21,CBA02701.CS,0.27999999972
2024-06-21,AU9999.SGE,0.21999999977999998
2024-06-21,NH0100.NHF,0.1999999998
2024-06-28,000300.SH,0.17999999981999998
2024-06-28,000852.SH,0.11999999987999999
2024-06-28,CBA02701.CS,0.27999999972
2024-06-28,AU9999.SGE,0.21999999977999998
2024-06-28,NH0100.NHF,0.1999999998
2024-07-05,000300.SH,0.17999999981999998
2024-07-05,000852.SH,0.11999999987999999
2024-07-05,CBA02701.CS,0.27999999972
2024-07-05,AU9999.SGE,0.21999999977999998
2024-07-05,NH0100.NHF,0.1999999998
2024-07-12,000300.SH,0.17310434125858476
2024-07-12,000852.SH,0.12427917855466449
2024-07-12,CBA02701.CS,0.28062196397376504
2024-07-12,AU9999.SGE,0.2324904966897882
2024-07-12,NH0100.NHF,0.18950401852319743
2024-07-19,000300.SH,0.17999999981999998
2024-07-19,000852.SH,0.11999999987999999
2024-07-19,CBA02701.CS,0.27999999972
2024-07-19,AU9999.SGE,0.21999999977999998
2024-07-19,NH0100.NHF,0.1999999998
2024-07-26,000300.SH,0.17910171220144194
2024-07-26,000852.SH,0.12250921999431176
2024-07-26,CBA02701.CS,0.2784433416024455
2024-07-26,AU9999.SGE,0.2227637873748693
2024-07-26,NH0100.NHF,0.19718193782693152
2024-08-02,000300.SH,0.1795387423197348
2024-08-02,000852.SH,0.12162593562866501
2024-08-02,CBA02701.CS,0.2789279167698427
2024-08-02,AU9999.SGE,0.22160396861206405
2024-08-02,NH0100.NHF,0.19830343566969325
2024-08-09,000300.SH,0.17999999981999998
2024-08-09,000852.SH,0.11999999987999999
2024-08-09,CBA02701.CS,0.27999999972
2024-08-09,AU9999.SGE,0.21999999977999998
2024-08-09,NH0100.NHF,0.1999999998
2024-08-16,000300.SH,0.17999999981999998
2024-08-16,000852.SH,0.11999999987999999
2024-08-16,CBA02701.CS,0.27999999972
2024-08-16,AU9999.SGE,0.21999999977999998
2024-08-16,NH0100.NHF,0.1999999998
2024-08-23,000300.SH,0.17999999981999998
2024-08-23,000852.SH,0.11999999987999999
2024-08-23,CBA02701.CS,0.27999999972
2024-08-23,AU9999.SGE,0.21999999977999998
2024-08-23,NH0100.NHF,0.1999999998
2024-08-30,000300.SH,0.17999999981999998
2024-08-30,000852.SH,0.11999999987999999
2024-08-30,CBA02701.CS,0.27999999972
2024-08-30,AU9999.SGE,0.21999999977999998
2024-08-30,NH0100.NHF,0.1999999998
2024-09-06,000300.SH,0.17999999981999998
2024-09-06,000852.SH,0.11999999987999999
2024-09-06,CBA02701.CS,0.27999999972
2024-09-06,AU9999.SGE,0.21999999977999998
2024-09-06,NH0100.NHF,0.1999999998
2024-09-13,000300.SH,0.17999999981999998
2024-09-13,000852.SH,0.11999999987999999
2024-09-13,CBA02701.CS,0.27999999972
2024-09-13,AU9999.SGE,0.21999999977999998
2024-09-13,NH0100.NHF,0.1999999998
2024-09-20,000300.SH,0.17999999981999998
2024-09-20,000852.SH,0.11999999987999999
2024-09-20,CBA02701.CS,0.27999999972
2024-09-20,AU9999.SGE,0.21999999977999998
2024-09-20,NH0100.NHF,0.1999999998
2024-09-27,000300.SH,0.1707318367874237
2024-09-27,000852.SH,0.12371382663461425
2024-09-27,CBA02701.CS,0.28257194613914965
2024-09-27,AU9999.SGE,0.2355716655979026
2024-09-27,NH0100.NHF,0.1874107238409097
2024-10-04,000300.SH,0.17306192852984195
2024-10-04,000852.SH,0.12412484088740572
2024-10-04,CBA02701.CS,0.2807012735937107
2024-10-04,AU9999.SGE,0.2325478984709027
2024-10-04,NH0100.NHF,0.1895640575181389
2024-10-11,000300.SH,0.170563439901591
2024-10-11,000852.SH,0.12336351986263551
2024-10-11,CBA02701.CS,0.2828057190326846
2024-10-11,AU9999.SGE,0.23579560892977
2024-10-11,NH0100.NHF,0.1874717112733188
2024-10-18,000300.SH,0.1788525735294389
2024-10-18,000852.SH,0.12285969625684659
2024-10-18,CBA02701.CS,0.2783325737957519
2024-10-18,AU9999.SGE,0.22329406632045898
2024-10-18,NH0100.NHF,0.1966610890975036
2024-10-25,000300.SH,0.17999999981999998
2024-10-25,000852.SH,0.11999999987999999
2024-10-25,CBA02701.CS,0.27999999972
2024-10-25,AU9999.SGE,0.21999999977999998
2024-10-25,NH0100.NHF,0.1999999998
2024-11-01,000300.SH,0.17999999981999998
2024-11-01,000852.SH,0.11999999987999999
2024-11-01,CBA02701.CS,0.27999999972
2024-11-01,AU9999.SGE,0.21999999977999998
2024-11-01,NH0100.NHF,0.1999999998
2024-11-08,000300.SH,0.1795000496091083
2024-11-08,000852.SH,0.1216632141145741
2024-11-08,CBA02701.CS,0.2787419562748828
2024-11-08,AU9999.SGE,0.22188279933635238
2024-11-08,NH0100.NHF,0.19821197966508242
2024-11-15,000300.SH,0.17406377949937815
2024-11-15,000852.SH,0.1242878788838218
2024-11-15,CBA02701.CS,0.2798573678345775
2024-11-15,AU9999.SGE,0.23129739416964584
2024-11-15,NH0100.NHF,0.19049357861257651
2024-11-22,000300.SH,0.17999999981999998
2024-11-22,000852.SH,0.11999999987999999
2024-11-22,CBA02701.CS,0.27999999972
2024-11-22,AU9999.SGE,0.21999999977999998
2024-11-22,NH0100.NHF,0.1999999998
2024-11-29,000300.SH,0.17999999981999998
2024-11-29,000852.SH,0.11999999987999999
2024-11-29,CBA02701.CS,0.27999999972
2024-11-29,AU9999.SGE,0.21999999977999998
2024-11-29,NH0100.NHF,0.1999999998
2024-12-06,000300.SH,0.17999999981999998
2024-12-06,000852.SH,0.11999999987999999
2024-12-06,CBA02701.CS,0.27999999972
2024-12-06,AU9999.SGE,0.21999999977999998
2024-12-06,NH0100.NHF,0.1999999998
2024-12-13,000300.SH,0.17999999981999998
2024-12-13,000852.SH,0.11999999987999999
2024-12-13,CBA02701.CS,0.27999999972
2024-12-13,AU9999.SGE,0.21999999977999998
2024-12-13,NH0100.NHF,0.1999999998
2024-12-20,000300.SH,0.17999999981999998
2024-12-20,000852.SH,0.11999999987999999
2024-12-20,CBA02701.CS,0.27999999972
2024-12-20,AU9999.SGE,0.21999999977999998
2024-12-20,NH0100.NHF,0.1999999998
2024-12-27,000300.SH,0.17999999981999998
2024-12-27,000852.SH,0.11999999987999999
2024-12-27,CBA02701.CS,0.27999999972
2024-12-27,AU9999.SGE,0.21999999977999998
2024-12-27,NH0100.NHF,0.1999999998
2025-01-03,000300.SH,0.17999999981999998
2025-01-03,000852.SH,0.11999999987999999
2025-01-03,CBA02701.CS,0.27999999972
2025-01-03,AU9999.SGE,0.21999999977999998
2025-01-03,NH0100.NHF,0.1999999998
2025-01-10,000300.SH,0.17999999981999998
2025-01-10,000852.SH,0.11999999987999999
2025-01-10,CBA02701.CS,0.27999999972
2025-01-10,AU9999.SGE,0.21999999977999998
2025-01-10,NH0100.NHF,0.1999999998
2025-01-17,000300.SH,0.17999999981999998
2025-01-17,000852.SH,0.11999999987999999
2025-01-17,CBA02701.CS,0.27999999972
2025-01-17,AU9999.SGE,0.21999999977999998
2025-01-17,NH0100.NHF,0.1999999998
2025-01-24,000300.SH,0.17979220235671198
2025-01-24,000852.SH,0.12090459275138946
2025-01-24,CBA02701.CS,0.2794027373587903
2025-01-24,AU9999.SGE,0.22078886469998368
2025-01-24,NH0100.NHF,0.1991116018331245
2025-01-31,000300.SH,0.17999999981999998
2025-01-31,000852.SH,0.11999999987999999
2025-01-31,CBA02701.CS,0.27999999972
2025-01-31,AU9999.SGE,0.21999999977999998
2025-01-31,NH0100.NHF,0.1999999998
2025-02-07,000300.SH,0.1798149823084016
2025-02-07,000852.SH,0.1208168989769173
2025-02-07,CBA02701.CS,0.27934127255837093
2025-02-07,AU9999.SGE,0.22084131372264124
2025-02-07,NH0100.NHF,0.19918553143366882
2025-02-14,000300.SH,0.17999999981999998
2025-02-14,000852.SH,0.11999999987999999
2025-02-14,CBA02701.CS,0.27999999972
2025-02-14,AU9999.SGE,0.21999999977999998
2025-02-14,NH0100.NHF,0.1999999998
2025-02-21,000300.SH,0.17999999981999998
2025-02-21,000852.SH,0.11999999987999999
2025-02-21,CBA02701.CS,0.27999999972
2025-02-21,AU9999.SGE,0.21999999977999998
2025-02-21,NH0100.NHF,0.1999999998
2025-02-28,000300.SH,0.17999999981999998
2025-02-28,000852.SH,0.11999999987999999
2025-02-28,CBA02701.CS,0.27999999972
2025-02-28,AU9999.SGE,0.21999999977999998
2025-02-28,NH0100.NHF,0.1999999998
2025-03-07,000300.SH,0.17999999981999998
2025-03-07,000852.SH,0.11999999987999999
2025-03-07,CBA02701.CS,0.27999999972
2025-03-07,AU9999.SGE,0.21999999977999998
2025-03-07,NH0100.NHF,0.1999999998
2025-03-14,000300.SH,0.17999999981999998
2025-03-14,000852.SH,0.11999999987999999
2025-03-14,CBA02701.CS,0.27999999972
2025-03-14,AU9999.SGE,0.21999999977999998
2025-03-14,NH0100.NHF,0.1999999998
2025-03-21,000300.SH,0.17999999981999998
2025-03-21,000852.SH,0.11999999987999999
2025-03-21,CBA02701.CS,0.27999999972
2025-03-21,AU9999.SGE,0.21999999977999998
2025-03-21,NH0100.NHF,0.1999999998
2025-03-28,000300.SH,0.17999999981999998
2025-03-28,000852.SH,0.11999999987999999
2025-03-28,CBA02701.CS,0.27999999972
2025-03-28,AU9999.SGE,0.21999999977999998
2025-03-28,NH0100.NHF,0.1999999998
2025-04-04,000300.SH,0.17999999981999998
2025-04-04,000852.SH,0.11999999987999999
2025-04-04,CBA02701.CS,0.27999999972
2025-04-04,AU9999.SGE,0.21999999977999998
2025-04-04,NH0100.NHF,0.1999999998
2025-04-11,000300.SH,0.17971666570826883
2025-04-11,000852.SH,0.12128571394212556
2025-04-11,CBA02701.CS,0.27900753719826465
2025-04-11,AU9999.SGE,0.22125737643175983
2025-04-11,NH0100.NHF,0.198732705719581
2025-04-18,000300.SH,0.17999999981999998
2025-04-18,000852.SH,0.11999999987999999
2025-04-18,CBA02701.CS,0.27999999972
2025-04-18,AU9999.SGE,0.21999999977999998
2025-04-18,NH0100.NHF,0.1999999998
2025-04-25,000300.SH,0.17999999981999998
2025-04-25,000852.SH,0.11999999987999999
2025-04-25,CBA02701.CS,0.27999999972
2025-04-25,AU9999.SGE,0.21999999977999998
2025-04-25,NH0100.NHF,0.1999999998
2025-05-02,000300.SH,0.17999999981999998
2025-05-02,000852.SH,0.11999999987999999
2025-05-02,CBA02701.CS,0.27999999972
2025-05-02,AU9999.SGE,0.21999999977999998
2025-05-02,NH0100.NHF,0.1999999998
2025-05-09,000300.SH,0.17999999981999998
2025-05-09,000852.SH,0.11999999987999999
2025-05-09,CBA02701.CS,0.27999999972
2025-05-09,AU9999.SGE,0.21999999977999998
2025-05-09,NH0100.NHF,0.1999999998
2025-05-16,000300.SH,0.17999999981999998
2025-05-16,000852.SH,0.11999999987999999
2025-05-16,CBA02701.CS,0.27999999972
2025-05-16,AU9999.SGE,0.21999999977999998
2025-05-16,NH0100.NHF,0.1999999998
2025-05-23,000300.SH,0.17999999981999998
2025-05-23,000852.SH,0.11999999987999999
2025-05-23,CBA02701.CS,0.27999999972
2025-05-23,AU9999.SGE,0.21999999977999998
2025-05-23,NH0100.NHF,0.1999999998
2025-05-30,000300.SH,0.17999999981999998
2025-05-30,000852.SH,0.11999999987999999
2025-05-30,CBA02701.CS,0.27999999972
2025-05-30,AU9999.SGE,0.21999999977999998
2025-05-30,NH0100.NHF,0.1999999998
2025-06-06,000300.SH,0.17999999981999998
2025-06-06,000852.SH,0.11999999987999999
2025-06-06,CBA02701.CS,0.27999999972
2025-06-06,AU9999.SGE,0.21999999977999998
2025-06-06,NH0100.NHF,0.1999999998
2025-06-13,000300.SH,0.17999999981999998
2025-06-13,000852.SH,0.11999999987999999
2025-06-13,CBA02701.CS,0.27999999972
2025-06-13,AU9999.SGE,0.21999999977999998
2025-06-13,NH0100.NHF,0.1999999998
2025-06-20,000300.SH,0.17999999981999998
2025-06-20,000852.SH,0.11999999987999999
2025-06-20,CBA02701.CS,0.27999999972
2025-06-20,AU9999.SGE,0.21999999977999998
2025-06-20,NH0100.NHF,0.1999999998
2025-06-27,000300.SH,0.1779217842415679
2025-06-27,000852.SH,0.1237705345353279
2025-06-27,CBA02701.CS,0.27819453438330694
2025-06-27,AU9999.SGE,0.22510918000845043
2025-06-27,NH0100.NHF,0.19500396583134685
2025-07-04,000300.SH,0.17999999981999998
2025-07-04,000852.SH,0.11999999987999999
2025-07-04,CBA02701.CS,0.27999999972
2025-07-04,AU9999.SGE,0.21999999977999998
2025-07-04,NH0100.NHF,0.1999999998
2025-07-11,000300.SH,0.17999999981999998
2025-07-11,000852.SH,0.11999999987999999
2025-07-11,CBA02701.CS,0.27999999972
2025-07-11,AU9999.SGE,0.21999999977999998
2025-07-11,NH0100.NHF,0.1999999998
2025-07-18,000300.SH,0.17999999981999998
2025-07-18,000852.SH,0.11999999987999999
2025-07-18,CBA02701.CS,0.27999999972
2025-07-18,AU9999.SGE,0.21999999977999998
2025-07-18,NH0100.NHF,0.1999999998
2025-07-25,000300.SH,0.17999999981999998
2025-07-25,000852.SH,0.11999999987999999
2025-07-25,CBA02701.CS,0.27999999972
2025-07-25,AU9999.SGE,0.21999999977999998
2025-07-25,NH0100.NHF,0.1999999998
2025-08-01,000300.SH,0.17999999981999998
2025-08-01,000852.SH,0.11999999987999999
2025-08-01,CBA02701.CS,0.27999999972
2025-08-01,AU9999.SGE,0.21999999977999998
2025-08-01,NH0100.NHF,0.1999999998
2025-08-08,000300.SH,0.17999999981999998
2025-08-08,000852.SH,0.11999999987999999
2025-08-08,CBA02701.CS,0.27999999972
2025-08-08,AU9999.SGE,0.21999999977999998
2025-08-08,NH0100.NHF,0.1999999998
2025-08-15,000300.SH,0.17999999981999998
2025-08-15,000852.SH,0.11999999987999999
2025-08-15,CBA02701.CS,0.27999999972
2025-08-15,AU9999.SGE,0.21999999977999998
2025-08-15,NH0100.NHF,0.1999999998
2025-08-22,000300.SH,0.17999999981999998
2025-08-22,000852.SH,0.11999999987999999
2025-08-22,CBA02701.CS,0.27999999972
2025-08-22,AU9999.SGE,0.21999999977999998
2025-08-22,NH0100.NHF,0.1999999998
2025-08-29,000300.SH,0.17999999981999998
2025-08-29,000852.SH,0.11999999987999999
2025-08-29,CBA02701.CS,0.27999999972
2025-08-29,AU9999.SGE,0.21999999977999998
2025-08-29,NH0100.NHF,0.1999999998
2025-09-05,000300.SH,0.17964319500903284
2025-09-05,000852.SH,0.12136216293793643
2025-09-05,CBA02701.CS,0.2790633333288743
2025-09-05,AU9999.SGE,0.22132381319162622
2025-09-05,NH0100.NHF,0.19860749453253004
2025-09-12,000300.SH,0.17880331129949678
2025-09-12,000852.SH,0.12294183570367241
2025-09-12,CBA02701.CS,0.27834762366704097
2025-09-12,AU9999.SGE,0.2233525951838548
2025-09-12,NH0100.NHF,0.19655463314593496
2025-09-19,000300.SH,0.17999999981999998
2025-09-19,000852.SH,0.11999999987999999
2025-09-19,CBA02701.CS,0.27999999972
2025-09-19,AU9999.SGE,0.21999999977999998
2025-09-19,NH0100.NHF,0.1999999998
2025-09-26,000300.SH,0.17999999981999998
2025-09-26,000852.SH,0.11999999987999999
2025-09-26,CBA02701.CS,0.27999999972
2025-09-26,AU9999.SGE,0.21999999977999998
2025-09-26,NH0100.NHF,0.1999999998
2025-10-03,000300.SH,0.17999999981999998
2025-10-03,000852.SH,0.11999999987999999
2025-10-03,CBA02701.CS,0.27999999972
2025-10-03,AU9999.SGE,0.21999999977999998
2025-10-03,NH0100.NHF,0.1999999998
2025-10-10,000300.SH,0.17999999981999998
2025-10-10,000852.SH,0.11999999987999999
2025-10-10,CBA02701.CS,0.27999999972
2025-10-10,AU9999.SGE,0.21999999977999998
2025-10-10,NH0100.NHF,0.1999999998
2025-10-17,000300.SH,0.17999999981999998
2025-10-17,000852.SH,0.11999999987999999
2025-10-17,CBA02701.CS,0.27999999972
2025-10-17,AU9999.SGE,0.21999999977999998
2025-10-17,NH0100.NHF,0.1999999998
2025-10-24,000300.SH,0.17999999981999998
2025-10-24,000852.SH,0.11999999987999999
2025-10-24,CBA02701.CS,0.27999999972
2025-10-24,AU9999.SGE,0.21999999977999998
2025-10-24,NH0100.NHF,0.1999999998
2025-10-31,000300.SH,0.17999999981999998
2025-10-31,000852.SH,0.11999999987999999
2025-10-31,CBA02701.CS,0.27999999972
2025-10-31,AU9999.SGE,0.21999999977999998
2025-10-31,NH0100.NHF,0.1999999998
2025-11-07,000300.SH,0.17999999981999998
2025-11-07,000852.SH,0.11999999987999999
2025-11-07,CBA02701.CS,0.27999999972
2025-11-07,AU9999.SGE,0.21999999977999998
2025-11-07,NH0100.NHF,0.1999999998
2025-11-14,000300.SH,0.17999999981999998
2025-11-14,000852.SH,0.11999999987999999
2025-11-14,CBA02701.CS,0.27999999972
2025-11-14,AU9999.SGE,0.21999999977999998
2025-11-14,NH0100.NHF,0.1999999998
2025-11-21,000300.SH,0.17999999981999998
2025-11-21,000852.SH,0.11999999987999999
2025-11-21,CBA02701.CS,0.27999999972
2025-11-21,AU9999.SGE,0.21999999977999998
2025-11-21,NH0100.NHF,0.1999999998
2025-11-28,000300.SH,0.17989537805778819
2025-11-28,000852.SH,0.12048201563238772
2025-11-28,CBA02701.CS,0.2796230920427269
2025-11-28,AU9999.SGE,0.22047341629327746
2025-11-28,NH0100.NHF,0.1995260969738196
2025-12-05,000300.SH,0.17922111540771732
2025-12-05,000852.SH,0.12223252304368804
2025-12-05,CBA02701.CS,0.278440112275688
2025-12-05,AU9999.SGE,0.22261265193193824
2025-12-05,NH0100.NHF,0.19749359634096852
2025-12-12,000300.SH,0.17980620090002827
2025-12-12,000852.SH,0.12146812752875123
2025-12-12,CBA02701.CS,0.2790612547460866
2025-12-12,AU9999.SGE,0.22093903076370183
2025-12-12,NH0100.NHF,0.1987253850614321
2025-12-19,000300.SH,0.17445218383732664
2025-12-19,000852.SH,0.1243719246957864
2025-12-19,CBA02701.CS,0.2793428624574997
2025-12-19,AU9999.SGE,0.23101619707329252
2025-12-19,NH0100.NHF,0.1908168309360948
2025-12-26,000300.SH,0.1795852317824261
2025-12-26,000852.SH,0.12149272896753281
2025-12-26,CBA02701.CS,0.27896942517996526
2025-12-26,AU9999.SGE,0.22150617489417737
2025-12-26,NH0100.NHF,0.19844643817589835
2026-01-02,000300.SH,0.17999999981999998
2026-01-02,000852.SH,0.11999999987999999
2026-01-02,CBA02701.CS,0.27999999972
2026-01-02,AU9999.SGE,0.21999999977999998
2026-01-02,NH0100.NHF,0.1999999998
2026-01-09,000300.SH,0.17999999981999998
2026-01-09,000852.SH,0.11999999987999999
2026-01-09,CBA02701.CS,0.27999999972
2026-01-09,AU9999.SGE,0.21999999977999998
2026-01-09,NH0100.NHF,0.1999999998
2026-01-16,000300.SH,0.17784983712561697
2026-01-16,000852.SH,0.1238353077612858
2026-01-16,CBA02701.CS,0.27819021391612475
2026-01-16,AU9999.SGE,0.22524437199231284
2026-01-16,NH0100.NHF,0.19488026820465953
2026-01-23,000300.SH,0.17945028055331574
2026-01-23,000852.SH,0.12180309251489022
2026-01-23,CBA02701.CS,0.27874321146746406
2026-01-23,AU9999.SGE,0.22193697426561665
2026-01-23,NH0100.NHF,0.19806644019871336
2026-01-30,000300.SH,0.1799728452290737
2026-01-30,000852.SH,0.12013587868446768
2026-01-30,CBA02701.CS,0.27988615568870157
2026-01-30,AU9999.SGE,0.22013701616143894
2026-01-30,NH0100.NHF,0.1998681032363183
2026-02-06,000300.SH,0.17999999981999998
2026-02-06,000852.SH,0.11999999987999999
2026-02-06,CBA02701.CS,0.27999999972
2026-02-06,AU9999.SGE,0.21999999977999998
2026-02-06,NH0100.NHF,0.1999999998
2026-02-13,000300.SH,0.17999999981999998
2026-02-13,000852.SH,0.11999999987999999
2026-02-13,CBA02701.CS,0.27999999972
2026-02-13,AU9999.SGE,0.21999999977999998
2026-02-13,NH0100.NHF,0.1999999998
2026-02-20,000300.SH,0.17999999981999998
2026-02-20,000852.SH,0.11999999987999999
2026-02-20,CBA02701.CS,0.27999999972
2026-02-20,AU9999.SGE,0.21999999977999998
2026-02-20,NH0100.NHF,0.1999999998
2026-02-27,000300.SH,0.17999999981999998
2026-02-27,000852.SH,0.11999999987999999
2026-02-27,CBA02701.CS,0.27999999972
2026-02-27,AU9999.SGE,0.21999999977999998
2026-02-27,NH0100.NHF,0.1999999998
2026-03-06,000300.SH,0.17964245299970827
2026-03-06,000852.SH,0.1213292418771224
2026-03-06,CBA02701.CS,0.2790380046079176
2026-03-06,AU9999.SGE,0.22136592015248976
2026-03-06,NH0100.NHF,0.19862437936276187
2026-03-13,000300.SH,0.17824948126473356
2026-03-13,000852.SH,0.12346351456950277
2026-03-13,CBA02701.CS,0.2780937740011254
2026-03-13,AU9999.SGE,0.22463355378042954
2026-03-13,NH0100.NHF,0.1955596753842087
2026-03-20,000300.SH,0.17974787004960116
2026-03-20,000852.SH,0.1210697180124557
2026-03-20,CBA02701.CS,0.2792197081236776
2026-03-20,AU9999.SGE,0.2210299786414863
2026-03-20,NH0100.NHF,0.19893272417277916
2026-03-27,000300.SH,0.17999999981999998
2026-03-27,000852.SH,0.11999999987999999
2026-03-27,CBA02701.CS,0.27999999972
2026-03-27,AU9999.SGE,0.21999999977999998
2026-03-27,NH0100.NHF,0.1999999998
2026-04-03,000300.SH,0.17999999981999998
2026-04-03,000852.SH,0.11999999987999999
2026-04-03,CBA02701.CS,0.27999999972
2026-04-03,AU9999.SGE,0.21999999977999998
2026-04-03,NH0100.NHF,0.1999999998
2026-04-10,000300.SH,0.17543331906008766
2026-04-10,000852.SH,0.12423976079433903
2026-04-10,CBA02701.CS,0.27865933990246977
2026-04-10,AU9999.SGE,0.22973650420513966
2026-04-10,NH0100.NHF,0.1919310750379636
2026-04-17,000300.SH,0.1707972290199043
2026-04-17,000852.SH,0.12293219619572766
2026-04-17,CBA02701.CS,0.2819991038505849
2026-04-17,AU9999.SGE,0.23636170982883511
2026-04-17,NH0100.NHF,0.18790976010494786
2026-04-24,000300.SH,0.1707972290199043
2026-04-24,000852.SH,0.12293219619572766
2026-04-24,CBA02701.CS,0.2819991038505849
2026-04-24,AU9999.SGE,0.23636170982883511
2026-04-24,NH0100.NHF,0.18790976010494786
